id,sq1,sq1h,sq2,sq3_1,sq3h,q1_1,q2_1,q3_1,q4_1,q5_1,q6_1,q7_1,q8_1,q9_1,q10,q10k1_1,q10k1_2,q10k1_3,q10k1_4,q10k1_5,q10k1_6,q10k1_7,q10k1_8,q10k1_9,q10k1_10,q10k1_11,q10k1_12,q10k1_13,q10k1_14,q10k1_15,q10k1_9997,q10k1_9997et,q11,q12,q12k1_1,q12k1_2,q12k1_3,q12k1_4,q12k1_5,q12k1_9997,q12k1_9997et,q13_1,q14k1_1,q14k1_2,q14k1_3,q14k1_4,q14k1_5,q14k1_6,q14k1_7,q14k1_8,q14k1_9,q14k1_10,q14k1_11,q14k1_12,q14k1_13,q14k1_14,q14k1_15,q14k2_1,q14k2_2,q14k2_3,q14k2_4,q14k2_5,q14k2_6,q14k2_7,q14k2_8,q14k2_9,q14k2_10,q14k2_11,q14k2_12,q14k2_13,q14k2_14,q14k2_15,q14k3_1,q14k3_2,q14k3_3,q14k3_4,q14k3_5,q14k3_6,q14k3_7,q14k3_8,q14k3_9,q14k3_10,q14k3_11,q14k3_12,q14k3_13,q14k3_14,q14k3_15,q14k4_1,q14k4_2,q14k4_3,q14k4_4,q14k4_5,q14k4_6,q14k4_7,q14k4_8,q14k4_9,q14k4_10,q14k4_11,q14k4_12,q14k4_13,q14k4_14,q14k4_15,q15_1,q15_2,q15_3,q15_4,q15_5,q15_6,q15_7,q15_8,q15_9,q15_10,q15_11,q15_12,q15_13,q15_14,q15_15,q15_16,q16_1,q17_1,q18_1,q19_1,q20,q21_1,q22_1,q23,q23_9997et,q24_1,q24_2,q24_3,q25,q26_1,q27_1,q27_2,q27_3,q27_4,q27_5,q27_6,q27_7,q28_1,q28_2,q28_3,q28_4,q28_5,q29_1,q29_2,q29_3,q29_4,q29_5,q29_6,q29_7,q29_8,q29_9,q29_10,q29_11,q29_12,q29_13,q29_14,q29_15,q30_1,q31_1,q32_1,q33_1,q33_2,q33_3,q33_4,dq1,dq2,dq3,dq3_9997et,dq4,tdq1,tdq2,tdq3,tdq4,wt,consent,manage_trust,risk,trust,safety_perception
57.0,2.0,6.0,2.0,51.0,4.0,5.0,5.0,5.0,5.0,4.0,4.0,3.0,3.0,3.0,2.0,,,,,,,,,,,,,,,,,,2.0,1.0,,,3.0,,,,,2.0,4.0,4.0,3.0,3.0,3.0,3.0,2.0,3.0,3.0,3.0,3.0,4.0,4.0,4.0,5.0,2.0,2.0,3.0,2.0,2.0,3.0,2.0,3.0,3.0,3.0,3.0,3.0,3.0,3.0,2.0,3.0,3.0,3.0,3.0,3.0,3.0,3.0,3.0,3.0,3.0,3.0,3.0,3.0,3.0,2.0,3.0,3.0,3.0,3.0,3.0,3.0,2.0,2.0,3.0,2.0,3.0,3.0,4.0,4.0,3.0,4.0,4.0,3.0,4.0,4.0,2.0,3.0,3.0,4.0,4.0,4.0,4.0,4.0,4.0,4.0,4.0,6.0,2.0,3.0,4.0,1.0,4.0,4.0,1.0,,5.0,5.0,5.0,1.0,4.0,3.0,4.0,4.0,4.0,4.0,4.0,4.0,2.0,2.0,1.0,2.0,2.0,3.0,4.0,3.0,3.0,2.0,3.0,3.0,1.0,1.0,1.0,3.0,3.0,3.0,2.0,1.0,3.0,5.0,5.0,2.0,2.0,1.0,1.0,1.0,,7.0,,4.0,1.0,2.0,6.0,3.0,1.142237,3.0,4.0,4.0,4.0,1.0
92.0,9.0,2.0,1.0,43.0,3.0,4.0,5.0,4.0,4.0,4.0,4.0,4.0,3.0,3.0,2.0,,,,,,,,,,,,,,,,,,2.0,1.0,1.0,,3.0,4.0,5.0,,,2.0,4.0,4.0,3.0,3.0,3.0,4.0,3.0,4.0,4.0,4.0,4.0,5.0,3.0,3.0,4.0,3.0,3.0,3.0,3.0,3.0,3.0,3.0,3.0,3.0,3.0,3.0,3.0,4.0,3.0,4.0,3.0,3.0,3.0,3.0,3.0,3.0,3.0,4.0,3.0,4.0,3.0,3.0,3.0,4.0,3.0,4.0,4.0,4.0,4.0,4.0,4.0,4.0,4.0,4.0,4.0,5.0,5.0,5.0,4.0,4.0,3.0,2.0,2.0,3.0,3.0,2.0,3.0,2.0,4.0,4.0,3.0,3.0,3.0,4.0,3.0,3.0,6.0,3.0,3.0,3.0,1.0,3.0,3.0,1.0,,3.0,3.0,3.0,2.0,3.0,3.0,3.0,3.0,3.0,3.0,3.0,3.0,1.0,2.0,1.0,1.0,2.0,3.0,3.0,2.0,2.0,1.0,2.0,2.0,1.0,1.0,1.0,1.0,1.0,1.0,1.0,2.0,3.0,6.0,6.0,2.0,2.0,2.0,2.0,2.0,1.0,4.0,,3.0,2.0,1.0,3.0,2.0,1.065336,3.3333333333333335,4.0,3.0,3.0,2.0
100.0,9.0,2.0,1.0,47.0,3.0,4.0,4.0,4.0,4.0,4.0,4.0,4.0,4.0,4.0,2.0,,,,,,,,,,,,,,,,,,2.0,2.0,,,,,,,,3.0,3.0,3.0,3.0,3.0,2.0,3.0,3.0,3.0,2.0,3.0,3.0,3.0,3.0,4.0,3.0,2.0,3.0,3.0,3.0,3.0,3.0,3.0,3.0,4.0,3.0,3.0,3.0,4.0,3.0,2.0,3.0,2.0,3.0,3.0,3.0,3.0,3.0,2.0,2.0,3.0,3.0,3.0,3.0,4.0,3.0,2.0,3.0,3.0,3.0,4.0,4.0,3.0,3.0,3.0,3.0,3.0,3.0,4.0,3.0,2.0,3.0,3.0,2.0,2.0,3.0,3.0,3.0,4.0,4.0,3.0,4.0,3.0,2.0,3.0,3.0,3.0,7.0,3.0,3.0,3.0,1.0,3.0,3.0,3.0,,3.0,3.0,3.0,1.0,3.0,1.0,2.0,2.0,2.0,2.0,3.0,3.0,1.0,2.0,1.0,1.0,2.0,3.0,3.0,3.0,4.0,3.0,3.0,3.0,3.0,3.0,4.0,3.0,3.0,4.0,3.0,4.0,3.0,6.0,7.0,1.0,1.0,1.0,1.0,2.0,1.0,4.0,,2.0,2.0,1.0,3.0,1.0,1.065336,4.0,4.0,3.0,3.0,1.0
110.0,9.0,2.0,1.0,51.0,4.0,5.0,5.0,3.0,3.0,4.0,3.0,3.0,3.0,3.0,2.0,,,,,,,,,,,,,,,,,,2.0,2.0,,,,,,,,2.0,3.0,3.0,3.0,3.0,3.0,4.0,2.0,4.0,4.0,3.0,2.0,4.0,3.0,3.0,5.0,3.0,3.0,3.0,3.0,2.0,2.0,1.0,3.0,3.0,2.0,2.0,2.0,4.0,2.0,3.0,3.0,3.0,3.0,3.0,2.0,2.0,1.0,3.0,3.0,2.0,2.0,2.0,4.0,3.0,3.0,2.0,2.0,2.0,2.0,2.0,2.0,2.0,2.0,2.0,2.0,2.0,2.0,3.0,2.0,2.0,4.0,3.0,3.0,4.0,4.0,2.0,3.0,3.0,2.0,3.0,4.0,4.0,4.0,3.0,4.0,3.0,8.0,5.0,1.0,4.0,1.0,5.0,5.0,1.0,,2.0,2.0,4.0,2.0,2.0,1.0,1.0,4.0,3.0,3.0,4.0,2.0,2.0,2.0,2.0,1.0,2.0,4.0,4.0,2.0,2.0,2.0,3.0,2.0,2.0,2.0,1.0,1.0,2.0,1.0,1.0,1.0,3.0,9.0,4.0,2.0,2.0,2.0,2.0,2.0,1.0,4.0,,3.0,2.0,1.0,3.0,2.0,1.048518,3.0,3.5,5.0,2.0,2.0
129.0,2.0,6.0,1.0,57.0,4.0,4.0,4.0,4.0,4.0,4.0,4.0,3.0,3.0,4.0,1.0,1.0,2.0,3.0,4.0,5.0,6.0,7.0,8.0,9.0,10.0,11.0,12.0,13.0,14.0,,,,1.0,1.0,1.0,,,4.0,5.0,,,3.0,4.0,3.0,3.0,3.0,4.0,3.0,4.0,3.0,4.0,4.0,4.0,3.0,4.0,3.0,3.0,4.0,4.0,3.0,3.0,4.0,3.0,3.0,4.0,4.0,4.0,3.0,4.0,4.0,4.0,3.0,4.0,4.0,4.0,3.0,4.0,4.0,3.0,4.0,4.0,4.0,3.0,4.0,4.0,4.0,3.0,4.0,3.0,4.0,3.0,4.0,4.0,3.0,4.0,4.0,3.0,4.0,4.0,3.0,4.0,4.0,4.0,3.0,4.0,4.0,4.0,4.0,3.0,3.0,4.0,4.0,3.0,4.0,4.0,3.0,4.0,3.0,7.0,4.0,4.0,4.0,1.0,4.0,4.0,1.0,,3.0,4.0,3.0,2.0,2.0,3.0,2.0,3.0,3.0,4.0,3.0,3.0,1.0,1.0,1.0,1.0,1.0,3.0,4.0,3.0,3.0,4.0,3.0,3.0,3.0,4.0,3.0,4.0,4.0,4.0,4.0,4.0,4.0,7.0,7.0,1.0,1.0,1.0,1.0,2.0,1.0,4.0,,4.0,2.0,1.0,3.0,3.0,1.044509,3.3333333333333335,4.0,4.0,2.0,2.0
151.0,14.0,4.0,2.0,40.0,3.0,5.0,5.0,5.0,5.0,4.0,3.0,3.0,1.0,1.0,2.0,,,,,,,,,,,,,,,,,,2.0,2.0,,,,,,,,3.0,3.0,3.0,5.0,3.0,3.0,5.0,4.0,5.0,4.0,4.0,5.0,5.0,5.0,5.0,5.0,3.0,3.0,3.0,3.0,3.0,3.0,3.0,3.0,3.0,3.0,3.0,3.0,4.0,3.0,4.0,3.0,3.0,3.0,3.0,3.0,3.0,3.0,3.0,4.0,3.0,4.0,3.0,4.0,3.0,3.0,3.0,3.0,4.0,3.0,3.0,3.0,3.0,3.0,3.0,3.0,4.0,3.0,4.0,3.0,3.0,3.0,4.0,4.0,4.0,4.0,2.0,3.0,3.0,3.0,3.0,2.0,3.0,4.0,3.0,4.0,3.0,6.0,4.0,2.0,4.0,1.0,5.0,5.0,4.0,,2.0,2.0,2.0,2.0,2.0,1.0,1.0,3.0,3.0,3.0,4.0,1.0,2.0,2.0,2.0,2.0,2.0,1.0,1.0,1.0,1.0,1.0,1.0,1.0,1.0,1.0,1.0,1.0,1.0,1.0,1.0,1.0,1.0,11.0,11.0,2.0,2.0,2.0,2.0,2.0,1.0,4.0,,5.0,2.0,1.0,3.0,3.0,0.826771,1.6666666666666667,3.5,5.0,2.0,2.0
275.0,9.0,2.0,1.0,47.0,3.0,4.0,5.0,2.0,2.0,2.0,2.0,2.0,2.0,2.0,2.0,,,,,,,,,,,,,,,,,,2.0,1.0,,,,4.0,,,,2.0,4.0,4.0,3.0,2.0,2.0,4.0,2.0,3.0,4.0,3.0,3.0,4.0,3.0,3.0,4.0,2.0,2.0,2.0,2.0,2.0,2.0,2.0,2.0,2.0,2.0,2.0,2.0,2.0,2.0,2.0,2.0,2.0,2.0,2.0,2.0,2.0,2.0,2.0,2.0,2.0,2.0,2.0,2.0,2.0,2.0,1.0,1.0,2.0,2.0,1.0,1.0,1.0,1.0,1.0,1.0,1.0,1.0,1.0,2.0,2.0,3.0,3.0,4.0,4.0,3.0,3.0,3.0,2.0,3.0,4.0,4.0,3.0,3.0,4.0,3.0,3.0,4.0,2.0,3.0,3.0,1.0,4.0,4.0,2.0,,2.0,2.0,2.0,2.0,2.0,1.0,1.0,4.0,3.0,3.0,2.0,2.0,1.0,2.0,2.0,2.0,2.0,2.0,2.0,2.0,2.0,2.0,2.0,2.0,2.0,2.0,1.0,2.0,3.0,4.0,1.0,1.0,2.0,3.0,3.0,2.0,2.0,2.0,2.0,1.0,,4.0,,4.0,1.0,2.0,3.0,3.0,1.065336,2.0,2.0,4.0,2.0,2.0
301.0,5.0,4.0,1.0,59.0,4.0,5.0,4.0,4.0,3.0,4.0,4.0,4.0,4.0,4.0,2.0,,,,,,,,,,,,,,,,,,2.0,2.0,,,,,,,,4.0,3.0,3.0,3.0,4.0,3.0,4.0,2.0,3.0,3.0,2.0,2.0,3.0,3.0,3.0,3.0,4.0,4.0,4.0,3.0,4.0,3.0,4.0,4.0,4.0,4.0,4.0,4.0,3.0,3.0,3.0,4.0,4.0,4.0,4.0,3.0,2.0,3.0,4.0,4.0,3.0,3.0,2.0,2.0,2.0,2.0,4.0,4.0,4.0,3.0,3.0,2.0,2.0,3.0,3.0,3.0,2.0,2.0,2.0,2.0,2.0,4.0,4.0,4.0,4.0,4.0,2.0,2.0,2.0,3.0,3.0,4.0,4.0,4.0,4.0,4.0,3.0,8.0,4.0,2.0,4.0,1.0,4.0,4.0,4.0,,3.0,3.0,3.0,1.0,3.0,2.0,2.0,4.0,3.0,3.0,4.0,3.0,2.0,2.0,2.0,2.0,2.0,4.0,4.0,3.0,4.0,3.0,4.0,3.0,2.0,2.0,2.0,1.0,2.0,3.0,2.0,2.0,4.0,5.0,5.0,1.0,2.0,1.0,2.0,2.0,1.0,4.0,,3.0,2.0,1.0,3.0,2.0,1.073801,4.0,4.0,4.0,3.0,1.0
306.0,1.0,1.0,1.0,53.0,4.0,5.0,5.0,5.0,5.0,5.0,4.0,4.0,4.0,5.0,2.0,,,,,,,,,,,,,,,,,,2.0,2.0,,,,,,,,3.0,5.0,5.0,5.0,4.0,4.0,4.0,5.0,5.0,4.0,4.0,4.0,5.0,4.0,5.0,5.0,5.0,5.0,4.0,5.0,5.0,5.0,5.0,4.0,4.0,5.0,4.0,4.0,5.0,4.0,5.0,5.0,4.0,5.0,5.0,4.0,4.0,5.0,5.0,4.0,5.0,5.0,5.0,4.0,5.0,5.0,4.0,5.0,4.0,5.0,5.0,4.0,5.0,5.0,5.0,4.0,5.0,4.0,4.0,5.0,5.0,4.0,5.0,4.0,3.0,3.0,4.0,5.0,4.0,3.0,4.0,3.0,4.0,3.0,5.0,4.0,5.0,10.0,4.0,4.0,4.0,1.0,4.0,4.0,1.0,,4.0,4.0,4.0,2.0,4.0,4.0,3.0,4.0,4.0,3.0,4.0,4.0,2.0,2.0,2.0,2.0,2.0,4.0,5.0,4.0,4.0,5.0,4.0,5.0,4.0,4.0,5.0,5.0,4.0,4.0,4.0,4.0,4.0,10.0,9.0,1.0,2.0,1.0,2.0,2.0,1.0,4.0,,3.0,2.0,1.0,3.0,2.0,1.101675,4.333333333333333,4.5,4.0,4.0,2.0
330.0,17.0,4.0,1.0,43.0,3.0,4.0,4.0,5.0,5.0,4.0,4.0,4.0,4.0,4.0,2.0,,,,,,,,,,,,,,,,,,2.0,2.0,,,,,,,,3.0,4.0,4.0,2.0,4.0,2.0,3.0,2.0,4.0,3.0,2.0,2.0,5.0,4.0,3.0,4.0,4.0,4.0,4.0,4.0,4.0,4.0,4.0,3.0,3.0,4.0,4.0,4.0,4.0,3.0,2.0,4.0,4.0,4.0,4.0,4.0,4.0,3.0,4.0,3.0,4.0,4.0,4.0,4.0,3.0,4.0,4.0,4.0,4.0,4.0,4.0,4.0,3.0,4.0,3.0,4.0,4.0,4.0,4.0,3.0,4.0,3.0,3.0,3.0,3.0,3.0,2.0,3.0,2.0,2.0,3.0,4.0,4.0,5.0,4.0,4.0,4.0,10.0,4.0,4.0,4.0,1.0,4.0,4.0,3.0,,3.0,3.0,3.0,1.0,3.0,3.0,3.0,4.0,4.0,3.0,3.0,3.0,2.0,2.0,2.0,2.0,2.0,4.0,4.0,4.0,4.0,4.0,2.0,2.0,2.0,2.0,2.0,2.0,2.0,4.0,2.0,2.0,4.0,10.0,10.0,2.0,2.0,2.0,2.0,2.0,1.0,4.0,,3.0,2.0,1.0,3.0,2.0,0.826158,4.0,4.0,4.0,3.0,1.0
346.0,9.0,2.0,1.0,39.0,2.0,4.0,5.0,4.0,4.0,4.0,3.0,4.0,4.0,4.0,2.0,,,,,,,,,,,,,,,,,,2.0,2.0,,,,,,,,4.0,4.0,4.0,3.0,3.0,3.0,4.0,2.0,4.0,3.0,2.0,2.0,3.0,4.0,4.0,5.0,3.0,3.0,4.0,4.0,3.0,4.0,2.0,3.0,4.0,2.0,2.0,2.0,4.0,3.0,3.0,3.0,3.0,3.0,4.0,3.0,3.0,3.0,3.0,4.0,2.0,2.0,3.0,4.0,3.0,3.0,3.0,4.0,3.0,3.0,4.0,4.0,3.0,3.0,4.0,3.0,3.0,3.0,4.0,3.0,3.0,3.0,4.0,4.0,4.0,3.0,2.0,3.0,2.0,4.0,4.0,4.0,3.0,4.0,4.0,3.0,3.0,6.0,3.0,4.0,4.0,1.0,4.0,3.0,3.0,,3.0,4.0,4.0,1.0,4.0,4.0,4.0,4.0,3.0,2.0,4.0,4.0,1.0,2.0,2.0,1.0,2.0,4.0,4.0,4.0,4.0,3.0,3.0,2.0,2.0,2.0,2.0,3.0,3.0,3.0,4.0,2.0,4.0,9.0,4.0,1.0,1.0,1.0,1.0,2.0,1.0,4.0,,3.0,2.0,1.0,3.0,2.0,0.921551,4.0,3.5,3.5,4.0,1.0
353.0,9.0,2.0,1.0,55.0,4.0,4.0,5.0,4.0,3.0,3.0,3.0,2.0,3.0,3.0,2.0,,,,,,,,,,,,,,,,,,2.0,1.0,,,3.0,4.0,5.0,,,2.0,4.0,4.0,3.0,3.0,3.0,4.0,3.0,4.0,3.0,3.0,3.0,4.0,3.0,3.0,5.0,2.0,2.0,2.0,2.0,2.0,2.0,2.0,3.0,3.0,3.0,3.0,2.0,2.0,2.0,2.0,2.0,2.0,2.0,3.0,2.0,2.0,3.0,3.0,3.0,3.0,2.0,2.0,2.0,2.0,2.0,3.0,3.0,3.0,3.0,3.0,4.0,3.0,3.0,3.0,3.0,3.0,3.0,4.0,3.0,2.0,3.0,2.0,2.0,3.0,3.0,2.0,3.0,2.0,3.0,4.0,4.0,4.0,4.0,4.0,4.0,4.0,6.0,2.0,2.0,4.0,1.0,5.0,5.0,4.0,,3.0,3.0,4.0,2.0,2.0,2.0,2.0,3.0,3.0,2.0,3.0,2.0,2.0,2.0,2.0,2.0,2.0,3.0,3.0,2.0,2.0,1.0,2.0,3.0,1.0,2.0,1.0,1.0,1.0,2.0,1.0,3.0,2.0,10.0,7.0,2.0,2.0,2.0,2.0,3.0,1.0,4.0,,3.0,3.0,1.0,3.0,2.0,1.048518,2.6666666666666665,3.0,5.0,2.0,2.0
373.0,2.0,6.0,1.0,42.0,3.0,4.0,5.0,4.0,3.0,4.0,4.0,4.0,4.0,4.0,2.0,,,,,,,,,,,,,,,,,,2.0,1.0,,,,4.0,5.0,,,3.0,4.0,4.0,4.0,4.0,3.0,4.0,3.0,4.0,4.0,3.0,3.0,4.0,3.0,3.0,4.0,4.0,4.0,4.0,4.0,4.0,3.0,4.0,4.0,4.0,4.0,4.0,4.0,4.0,3.0,3.0,2.0,2.0,2.0,2.0,2.0,2.0,2.0,2.0,2.0,2.0,2.0,2.0,3.0,3.0,2.0,4.0,4.0,4.0,4.0,4.0,4.0,4.0,4.0,4.0,4.0,4.0,4.0,4.0,4.0,3.0,5.0,4.0,4.0,5.0,4.0,2.0,2.0,3.0,3.0,3.0,3.0,3.0,4.0,3.0,3.0,2.0,4.0,2.0,2.0,4.0,1.0,5.0,5.0,1.0,,2.0,2.0,4.0,2.0,2.0,1.0,2.0,4.0,3.0,1.0,4.0,2.0,2.0,2.0,2.0,1.0,2.0,2.0,4.0,4.0,4.0,4.0,4.0,3.0,2.0,2.0,2.0,2.0,3.0,4.0,4.0,2.0,4.0,8.0,4.0,2.0,2.0,2.0,2.0,1.0,,4.0,,4.0,1.0,2.0,3.0,3.0,0.846161,4.0,4.0,5.0,2.0,2.0
375.0,4.0,2.0,1.0,53.0,4.0,5.0,5.0,5.0,5.0,4.0,4.0,4.0,4.0,3.0,2.0,,,,,,,,,,,,,,,,,,2.0,2.0,,,,,,,,3.0,3.0,4.0,3.0,4.0,3.0,4.0,3.0,4.0,3.0,3.0,3.0,3.0,3.0,4.0,4.0,4.0,4.0,3.0,4.0,3.0,4.0,3.0,4.0,4.0,3.0,3.0,3.0,4.0,4.0,4.0,4.0,4.0,3.0,4.0,3.0,4.0,3.0,4.0,3.0,3.0,3.0,3.0,4.0,4.0,3.0,3.0,3.0,3.0,3.0,3.0,3.0,3.0,4.0,4.0,3.0,3.0,3.0,4.0,4.0,3.0,4.0,4.0,4.0,5.0,3.0,3.0,3.0,3.0,4.0,4.0,3.0,4.0,4.0,4.0,4.0,4.0,7.0,4.0,3.0,3.0,1.0,3.0,3.0,2.0,,3.0,3.0,4.0,1.0,4.0,3.0,4.0,4.0,3.0,3.0,3.0,3.0,2.0,2.0,2.0,2.0,2.0,3.0,4.0,3.0,4.0,3.0,4.0,3.0,3.0,3.0,2.0,3.0,2.0,3.0,3.0,4.0,4.0,8.0,4.0,2.0,2.0,2.0,2.0,1.0,,2.0,,3.0,1.0,2.0,1.0,2.0,1.048518,3.6666666666666665,4.0,3.0,4.0,1.0
379.0,9.0,2.0,1.0,37.0,2.0,5.0,5.0,4.0,3.0,4.0,4.0,4.0,4.0,4.0,2.0,,,,,,,,,,,,,,,,,,2.0,2.0,,,,,,,,3.0,3.0,3.0,3.0,2.0,3.0,3.0,2.0,4.0,3.0,2.0,2.0,3.0,3.0,3.0,4.0,4.0,4.0,4.0,4.0,4.0,4.0,4.0,4.0,4.0,4.0,4.0,4.0,4.0,4.0,3.0,3.0,3.0,3.0,3.0,3.0,3.0,3.0,3.0,3.0,3.0,3.0,3.0,3.0,3.0,3.0,4.0,4.0,4.0,4.0,4.0,4.0,4.0,4.0,4.0,4.0,4.0,4.0,4.0,4.0,3.0,4.0,3.0,4.0,4.0,4.0,3.0,4.0,3.0,2.0,3.0,3.0,3.0,4.0,4.0,4.0,3.0,9.0,3.0,4.0,3.0,2.0,5.0,4.0,2.0,,3.0,2.0,4.0,2.0,2.0,2.0,2.0,3.0,2.0,1.0,2.0,2.0,2.0,2.0,2.0,1.0,2.0,4.0,4.0,4.0,4.0,4.0,2.0,4.0,2.0,2.0,4.0,4.0,4.0,4.0,4.0,3.0,4.0,6.0,3.0,2.0,2.0,2.0,2.0,1.0,,4.0,,3.0,1.0,2.0,3.0,2.0,0.921551,4.0,4.0,4.5,2.0,2.0
395.0,7.0,6.0,1.0,59.0,4.0,5.0,5.0,4.0,3.0,4.0,4.0,3.0,3.0,3.0,1.0,1.0,,3.0,4.0,5.0,,,,,,,,,,,,,2.0,2.0,,,,,,,,2.0,4.0,4.0,3.0,3.0,3.0,3.0,2.0,5.0,4.0,3.0,3.0,4.0,3.0,3.0,4.0,4.0,4.0,4.0,4.0,3.0,2.0,3.0,4.0,4.0,4.0,4.0,3.0,4.0,2.0,3.0,3.0,3.0,3.0,3.0,3.0,3.0,3.0,3.0,3.0,3.0,3.0,3.0,3.0,3.0,3.0,4.0,4.0,4.0,4.0,3.0,3.0,3.0,4.0,4.0,4.0,4.0,3.0,4.0,2.0,3.0,4.0,3.0,2.0,5.0,4.0,4.0,4.0,4.0,4.0,4.0,3.0,4.0,3.0,5.0,5.0,4.0,9.0,4.0,3.0,5.0,1.0,4.0,3.0,4.0,,3.0,4.0,4.0,1.0,4.0,3.0,3.0,4.0,4.0,4.0,5.0,4.0,2.0,2.0,2.0,2.0,2.0,4.0,4.0,4.0,3.0,3.0,4.0,4.0,1.0,2.0,2.0,1.0,3.0,3.0,2.0,1.0,4.0,8.0,3.0,2.0,2.0,2.0,2.0,2.0,1.0,4.0,,4.0,2.0,1.0,3.0,3.0,1.044509,3.0,4.0,3.5,4.0,1.0
399.0,4.0,2.0,2.0,52.0,4.0,5.0,5.0,3.0,4.0,4.0,4.0,3.0,3.0,3.0,1.0,1.0,2.0,3.0,4.0,5.0,,,,,,,,,,,,,2.0,2.0,,,,,,,,2.0,4.0,4.0,5.0,4.0,4.0,4.0,3.0,4.0,4.0,4.0,4.0,4.0,4.0,4.0,5.0,4.0,4.0,5.0,4.0,4.0,4.0,4.0,4.0,4.0,4.0,4.0,4.0,4.0,4.0,4.0,4.0,4.0,5.0,4.0,4.0,4.0,4.0,4.0,4.0,4.0,4.0,4.0,4.0,4.0,4.0,4.0,4.0,5.0,4.0,4.0,4.0,4.0,4.0,4.0,4.0,4.0,4.0,4.0,4.0,4.0,4.0,3.0,4.0,4.0,3.0,2.0,3.0,3.0,3.0,4.0,4.0,4.0,5.0,4.0,4.0,4.0,9.0,2.0,4.0,4.0,1.0,5.0,4.0,4.0,,4.0,4.0,4.0,1.0,4.0,1.0,2.0,3.0,3.0,3.0,4.0,2.0,1.0,2.0,2.0,2.0,1.0,3.0,4.0,4.0,4.0,2.0,2.0,1.0,1.0,1.0,1.0,1.0,4.0,1.0,1.0,1.0,4.0,10.0,3.0,2.0,2.0,2.0,2.0,2.0,1.0,5.0,,3.0,2.0,1.0,4.0,2.0,1.05617,3.0,4.0,4.5,4.0,1.0
410.0,9.0,2.0,2.0,57.0,4.0,5.0,5.0,4.0,3.0,4.0,3.0,3.0,3.0,4.0,2.0,,,,,,,,,,,,,,,,,,2.0,2.0,,,,,,,,1.0,3.0,4.0,3.0,3.0,3.0,3.0,3.0,4.0,3.0,3.0,4.0,3.0,4.0,3.0,4.0,3.0,4.0,4.0,3.0,3.0,4.0,3.0,4.0,3.0,3.0,3.0,3.0,5.0,3.0,3.0,3.0,4.0,4.0,3.0,3.0,3.0,3.0,4.0,3.0,3.0,3.0,3.0,5.0,3.0,3.0,3.0,4.0,4.0,3.0,3.0,3.0,3.0,4.0,3.0,3.0,3.0,3.0,5.0,3.0,3.0,5.0,5.0,5.0,5.0,4.0,3.0,4.0,3.0,3.0,3.0,1.0,3.0,3.0,1.0,1.0,2.0,6.0,4.0,4.0,3.0,1.0,5.0,5.0,4.0,,3.0,2.0,2.0,2.0,1.0,1.0,1.0,2.0,2.0,2.0,3.0,2.0,1.0,2.0,2.0,1.0,2.0,3.0,3.0,3.0,2.0,1.0,2.0,1.0,1.0,1.0,1.0,2.0,1.0,1.0,1.0,2.0,2.0,8.0,8.0,2.0,2.0,2.0,2.0,1.0,,4.0,,3.0,1.0,2.0,3.0,2.0,1.05617,3.3333333333333335,3.5,5.0,1.0,2.0
414.0,4.0,2.0,1.0,41.0,3.0,3.0,3.0,3.0,3.0,3.0,3.0,3.0,3.0,3.0,2.0,,,,,,,,,,,,,,,,,,2.0,2.0,,,,,,,,3.0,3.0,3.0,3.0,3.0,3.0,3.0,3.0,3.0,3.0,3.0,3.0,3.0,3.0,3.0,3.0,1.0,1.0,1.0,1.0,3.0,1.0,1.0,1.0,3.0,3.0,3.0,1.0,1.0,1.0,1.0,1.0,1.0,3.0,1.0,1.0,1.0,1.0,3.0,3.0,3.0,1.0,1.0,3.0,3.0,1.0,1.0,1.0,1.0,1.0,1.0,3.0,3.0,1.0,3.0,3.0,1.0,1.0,1.0,3.0,1.0,3.0,3.0,3.0,3.0,1.0,5.0,1.0,5.0,3.0,3.0,3.0,3.0,5.0,5.0,5.0,1.0,6.0,3.0,3.0,3.0,2.0,3.0,3.0,3.0,,3.0,3.0,3.0,2.0,1.0,1.0,1.0,1.0,1.0,1.0,1.0,1.0,2.0,2.0,2.0,2.0,2.0,3.0,2.0,1.0,1.0,1.0,1.0,1.0,1.0,1.0,1.0,1.0,1.0,1.0,1.0,1.0,3.0,7.0,6.0,2.0,2.0,2.0,2.0,1.0,,4.0,,3.0,1.0,2.0,3.0,2.0,1.065336,3.0,3.0,3.0,1.0,2.0
428.0,12.0,3.0,2.0,44.0,3.0,5.0,5.0,4.0,3.0,4.0,4.0,3.0,4.0,4.0,2.0,,,,,,,,,,,,,,,,,,2.0,1.0,,,3.0,,5.0,,,3.0,4.0,5.0,3.0,4.0,3.0,4.0,3.0,5.0,5.0,4.0,4.0,5.0,5.0,4.0,5.0,4.0,4.0,4.0,4.0,4.0,4.0,3.0,4.0,4.0,4.0,4.0,4.0,4.0,3.0,4.0,3.0,4.0,4.0,4.0,3.0,4.0,3.0,3.0,3.0,3.0,3.0,3.0,3.0,3.0,4.0,4.0,4.0,4.0,4.0,4.0,4.0,3.0,4.0,4.0,4.0,4.0,4.0,3.0,3.0,4.0,2.0,2.0,2.0,4.0,3.0,2.0,3.0,4.0,3.0,4.0,3.0,4.0,4.0,3.0,3.0,3.0,6.0,3.0,4.0,4.0,1.0,4.0,4.0,2.0,,4.0,4.0,4.0,1.0,4.0,4.0,4.0,4.0,4.0,3.0,4.0,3.0,2.0,2.0,2.0,1.0,2.0,3.0,4.0,3.0,2.0,2.0,4.0,2.0,2.0,3.0,2.0,2.0,3.0,2.0,2.0,2.0,2.0,6.0,6.0,1.0,2.0,2.0,2.0,1.0,,2.0,,4.0,1.0,2.0,1.0,3.0,0.951541,3.6666666666666665,4.0,4.0,4.0,1.0
438.0,15.0,5.0,1.0,59.0,4.0,5.0,5.0,4.0,4.0,4.0,3.0,3.0,3.0,3.0,2.0,,,,,,,,,,,,,,,,,,2.0,2.0,,,,,,,,3.0,4.0,4.0,3.0,3.0,3.0,4.0,3.0,3.0,3.0,3.0,3.0,3.0,4.0,4.0,5.0,2.0,2.0,2.0,2.0,2.0,2.0,2.0,2.0,2.0,2.0,2.0,2.0,3.0,2.0,2.0,2.0,2.0,2.0,2.0,2.0,2.0,2.0,2.0,2.0,2.0,2.0,2.0,3.0,2.0,2.0,3.0,3.0,3.0,3.0,3.0,3.0,3.0,3.0,3.0,3.0,3.0,3.0,4.0,3.0,3.0,5.0,3.0,3.0,5.0,4.0,3.0,5.0,5.0,1.0,4.0,1.0,3.0,1.0,1.0,1.0,1.0,6.0,4.0,1.0,4.0,1.0,5.0,5.0,4.0,,3.0,3.0,3.0,2.0,2.0,1.0,1.0,3.0,2.0,3.0,3.0,2.0,2.0,2.0,2.0,2.0,2.0,3.0,3.0,2.0,2.0,2.0,2.0,2.0,1.0,1.0,1.0,1.0,1.0,1.0,1.0,1.0,3.0,6.0,6.0,2.0,2.0,2.0,2.0,2.0,1.0,4.0,,4.0,2.0,1.0,3.0,3.0,0.92937,3.0,3.5,5.0,2.0,2.0
445.0,3.0,5.0,2.0,44.0,3.0,5.0,5.0,4.0,4.0,4.0,4.0,4.0,4.0,4.0,2.0,,,,,,,,,,,,,,,,,,2.0,2.0,,,,,,,,1.0,5.0,5.0,5.0,5.0,5.0,5.0,5.0,5.0,5.0,5.0,5.0,5.0,5.0,5.0,5.0,5.0,5.0,5.0,5.0,5.0,5.0,5.0,5.0,5.0,5.0,5.0,5.0,5.0,5.0,5.0,5.0,5.0,5.0,5.0,5.0,5.0,5.0,5.0,5.0,5.0,5.0,5.0,5.0,5.0,5.0,5.0,5.0,5.0,5.0,5.0,5.0,5.0,5.0,5.0,5.0,5.0,5.0,5.0,5.0,5.0,1.0,3.0,3.0,4.0,3.0,1.0,1.0,1.0,3.0,3.0,2.0,3.0,3.0,4.0,3.0,1.0,6.0,2.0,2.0,3.0,1.0,5.0,5.0,2.0,,2.0,3.0,3.0,2.0,3.0,1.0,1.0,1.0,1.0,1.0,1.0,1.0,2.0,2.0,2.0,2.0,2.0,3.0,3.0,3.0,3.0,1.0,1.0,1.0,1.0,1.0,1.0,1.0,1.0,1.0,1.0,1.0,2.0,6.0,6.0,2.0,2.0,2.0,2.0,1.0,,4.0,,4.0,1.0,2.0,3.0,3.0,0.871396,4.0,4.0,5.0,3.0,2.0
448.0,9.0,2.0,2.0,41.0,3.0,4.0,5.0,5.0,4.0,5.0,5.0,5.0,5.0,5.0,2.0,,,,,,,,,,,,,,,,,,2.0,2.0,,,,,,,,2.0,4.0,4.0,4.0,4.0,4.0,4.0,3.0,5.0,4.0,4.0,3.0,4.0,5.0,4.0,5.0,2.0,1.0,2.0,2.0,2.0,2.0,2.0,2.0,2.0,2.0,2.0,1.0,4.0,3.0,2.0,2.0,2.0,2.0,2.0,2.0,2.0,2.0,2.0,2.0,2.0,2.0,1.0,4.0,3.0,1.0,4.0,4.0,4.0,4.0,4.0,2.0,4.0,4.0,4.0,4.0,3.0,2.0,4.0,3.0,1.0,4.0,4.0,4.0,4.0,3.0,2.0,3.0,3.0,3.0,4.0,2.0,4.0,3.0,3.0,3.0,3.0,8.0,4.0,2.0,4.0,2.0,2.0,4.0,1.0,,3.0,3.0,4.0,1.0,4.0,1.0,2.0,4.0,2.0,3.0,3.0,3.0,1.0,1.0,1.0,2.0,1.0,4.0,4.0,4.0,4.0,4.0,4.0,1.0,1.0,2.0,1.0,3.0,1.0,1.0,1.0,1.0,1.0,11.0,3.0,1.0,1.0,1.0,1.0,1.0,,7.0,,5.0,1.0,2.0,6.0,3.0,0.965456,5.0,5.0,3.0,4.0,1.0
509.0,13.0,4.0,2.0,49.0,3.0,5.0,5.0,4.0,3.0,3.0,3.0,3.0,4.0,4.0,2.0,,,,,,,,,,,,,,,,,,2.0,1.0,,,,4.0,5.0,,,3.0,3.0,4.0,3.0,3.0,3.0,3.0,3.0,4.0,4.0,3.0,3.0,3.0,4.0,3.0,4.0,4.0,4.0,4.0,4.0,3.0,4.0,3.0,4.0,4.0,4.0,3.0,3.0,4.0,3.0,4.0,4.0,4.0,4.0,4.0,3.0,4.0,3.0,4.0,4.0,4.0,3.0,3.0,4.0,3.0,4.0,4.0,4.0,4.0,4.0,4.0,4.0,3.0,4.0,4.0,4.0,3.0,3.0,4.0,3.0,4.0,4.0,4.0,4.0,3.0,3.0,3.0,3.0,3.0,3.0,3.0,3.0,3.0,3.0,4.0,4.0,4.0,8.0,3.0,3.0,2.0,1.0,4.0,4.0,4.0,,3.0,3.0,4.0,2.0,3.0,1.0,1.0,3.0,2.0,3.0,3.0,3.0,2.0,2.0,2.0,2.0,2.0,4.0,4.0,3.0,3.0,3.0,3.0,3.0,2.0,2.0,2.0,2.0,3.0,4.0,3.0,2.0,4.0,8.0,4.0,2.0,2.0,2.0,2.0,1.0,,4.0,,5.0,1.0,2.0,3.0,3.0,0.826771,3.6666666666666665,3.0,4.0,3.0,2.0
519.0,9.0,2.0,1.0,47.0,3.0,3.0,3.0,3.0,3.0,3.0,3.0,2.0,3.0,4.0,2.0,,,,,,,,,,,,,,,,,,2.0,1.0,,2.0,3.0,,,,,3.0,3.0,3.0,3.0,3.0,3.0,3.0,2.0,4.0,2.0,3.0,3.0,4.0,3.0,2.0,3.0,3.0,3.0,2.0,3.0,4.0,3.0,3.0,3.0,3.0,3.0,4.0,4.0,3.0,2.0,3.0,3.0,3.0,2.0,3.0,3.0,4.0,3.0,2.0,3.0,4.0,3.0,3.0,2.0,3.0,4.0,3.0,2.0,3.0,3.0,3.0,2.0,4.0,3.0,3.0,4.0,3.0,2.0,3.0,3.0,4.0,3.0,2.0,4.0,3.0,3.0,2.0,3.0,3.0,4.0,3.0,3.0,2.0,4.0,3.0,4.0,3.0,7.0,3.0,3.0,4.0,1.0,3.0,3.0,3.0,,2.0,3.0,4.0,2.0,3.0,3.0,3.0,2.0,4.0,4.0,3.0,3.0,1.0,2.0,2.0,1.0,1.0,3.0,2.0,4.0,2.0,3.0,3.0,3.0,2.0,4.0,4.0,3.0,3.0,3.0,2.0,3.0,3.0,6.0,7.0,1.0,2.0,2.0,1.0,2.0,1.0,4.0,,4.0,2.0,1.0,3.0,3.0,1.065336,3.0,3.0,3.0,3.0,2.0
532.0,5.0,4.0,2.0,48.0,3.0,5.0,5.0,3.0,3.0,4.0,4.0,4.0,4.0,3.0,2.0,,,,,,,,,,,,,,,,,,2.0,1.0,,,,,5.0,,,3.0,4.0,4.0,4.0,3.0,4.0,4.0,3.0,4.0,5.0,3.0,3.0,4.0,4.0,4.0,3.0,3.0,3.0,3.0,2.0,2.0,2.0,3.0,3.0,3.0,3.0,3.0,3.0,4.0,2.0,2.0,4.0,4.0,4.0,3.0,4.0,2.0,4.0,4.0,4.0,4.0,3.0,3.0,3.0,2.0,2.0,4.0,4.0,4.0,2.0,4.0,2.0,3.0,4.0,4.0,4.0,2.0,2.0,3.0,2.0,2.0,4.0,4.0,5.0,4.0,2.0,1.0,3.0,2.0,3.0,3.0,2.0,3.0,3.0,4.0,3.0,3.0,6.0,3.0,2.0,4.0,1.0,4.0,3.0,3.0,,4.0,4.0,3.0,1.0,4.0,2.0,2.0,3.0,3.0,3.0,3.0,3.0,2.0,2.0,2.0,2.0,2.0,4.0,4.0,4.0,4.0,3.0,4.0,2.0,1.0,1.0,2.0,1.0,1.0,1.0,1.0,1.0,4.0,8.0,5.0,1.0,2.0,2.0,2.0,2.0,2.0,2.0,,4.0,2.0,2.0,1.0,3.0,0.826771,3.6666666666666665,4.0,3.5,4.0,1.0
540.0,9.0,2.0,2.0,37.0,2.0,5.0,4.0,5.0,5.0,3.0,3.0,3.0,3.0,4.0,2.0,,,,,,,,,,,,,,,,,,2.0,1.0,,,,4.0,,,,4.0,3.0,4.0,3.0,3.0,2.0,4.0,2.0,3.0,2.0,2.0,2.0,4.0,3.0,3.0,5.0,2.0,3.0,2.0,2.0,2.0,2.0,1.0,3.0,2.0,2.0,2.0,1.0,4.0,3.0,1.0,3.0,4.0,4.0,1.0,2.0,1.0,4.0,4.0,3.0,4.0,3.0,1.0,4.0,2.0,1.0,4.0,4.0,4.0,1.0,2.0,1.0,4.0,4.0,3.0,4.0,4.0,1.0,4.0,2.0,1.0,5.0,4.0,4.0,5.0,4.0,2.0,4.0,3.0,4.0,4.0,3.0,4.0,3.0,3.0,2.0,3.0,6.0,5.0,2.0,4.0,1.0,4.0,4.0,2.0,,3.0,2.0,3.0,2.0,2.0,1.0,2.0,5.0,4.0,3.0,4.0,3.0,2.0,2.0,2.0,1.0,2.0,3.0,3.0,2.0,2.0,1.0,3.0,2.0,2.0,2.0,1.0,1.0,2.0,1.0,2.0,1.0,2.0,10.0,4.0,1.0,2.0,2.0,2.0,1.0,,4.0,,3.0,1.0,2.0,3.0,2.0,1.051499,3.3333333333333335,3.0,4.0,2.0,2.0
570.0,9.0,2.0,1.0,27.0,1.0,5.0,5.0,3.0,2.0,5.0,4.0,3.0,4.0,3.0,2.0,,,,,,,,,,,,,,,,,,1.0,2.0,,,,,,,,3.0,3.0,5.0,4.0,4.0,4.0,3.0,4.0,5.0,5.0,4.0,2.0,4.0,4.0,3.0,4.0,3.0,3.0,4.0,4.0,5.0,5.0,5.0,4.0,4.0,3.0,3.0,4.0,5.0,4.0,4.0,3.0,4.0,5.0,5.0,5.0,4.0,4.0,3.0,3.0,4.0,4.0,5.0,3.0,4.0,4.0,4.0,4.0,4.0,5.0,5.0,5.0,4.0,4.0,3.0,3.0,4.0,5.0,4.0,4.0,3.0,4.0,4.0,5.0,5.0,2.0,3.0,3.0,3.0,4.0,3.0,3.0,3.0,4.0,4.0,4.0,2.0,8.0,3.0,4.0,4.0,1.0,3.0,2.0,3.0,,4.0,5.0,3.0,1.0,4.0,3.0,3.0,4.0,3.0,4.0,4.0,4.0,1.0,2.0,1.0,1.0,2.0,4.0,4.0,1.0,2.0,1.0,3.0,4.0,1.0,1.0,2.0,2.0,3.0,2.0,3.0,4.0,3.0,6.0,8.0,1.0,2.0,1.0,1.0,1.0,,6.0,,3.0,1.0,2.0,5.0,2.0,1.051424,3.3333333333333335,4.5,2.5,4.0,1.0
587.0,1.0,1.0,1.0,53.0,4.0,5.0,5.0,4.0,3.0,5.0,4.0,4.0,4.0,4.0,1.0,1.0,2.0,3.0,4.0,5.0,6.0,,,,10.0,,12.0,,,,,,2.0,2.0,,,,,,,,3.0,4.0,4.0,4.0,4.0,3.0,5.0,3.0,3.0,3.0,3.0,3.0,4.0,4.0,4.0,5.0,4.0,4.0,4.0,4.0,4.0,4.0,4.0,4.0,4.0,4.0,4.0,4.0,4.0,4.0,3.0,5.0,5.0,4.0,4.0,5.0,3.0,5.0,5.0,5.0,5.0,5.0,4.0,4.0,3.0,4.0,5.0,5.0,5.0,5.0,5.0,4.0,5.0,5.0,5.0,5.0,5.0,5.0,5.0,5.0,3.0,4.0,4.0,4.0,5.0,4.0,2.0,3.0,2.0,4.0,5.0,4.0,4.0,4.0,5.0,5.0,3.0,4.0,4.0,3.0,4.0,1.0,4.0,4.0,4.0,,4.0,4.0,5.0,1.0,4.0,1.0,2.0,5.0,4.0,4.0,5.0,4.0,1.0,1.0,1.0,1.0,1.0,5.0,5.0,5.0,5.0,3.0,4.0,2.0,2.0,1.0,4.0,2.0,3.0,4.0,4.0,1.0,5.0,9.0,2.0,1.0,1.0,1.0,1.0,2.0,1.0,4.0,,4.0,2.0,1.0,3.0,3.0,1.101675,4.0,4.5,4.0,4.0,1.0
636.0,14.0,4.0,1.0,49.0,3.0,5.0,5.0,3.0,3.0,4.0,3.0,2.0,2.0,2.0,2.0,,,,,,,,,,,,,,,,,,2.0,1.0,,2.0,,4.0,,,,3.0,4.0,4.0,3.0,4.0,4.0,3.0,2.0,4.0,5.0,4.0,3.0,5.0,5.0,5.0,5.0,2.0,2.0,3.0,2.0,2.0,2.0,2.0,2.0,3.0,3.0,3.0,2.0,4.0,2.0,2.0,2.0,2.0,2.0,2.0,2.0,2.0,2.0,2.0,3.0,3.0,2.0,3.0,4.0,2.0,2.0,2.0,2.0,2.0,2.0,2.0,2.0,2.0,2.0,3.0,3.0,2.0,2.0,4.0,2.0,2.0,4.0,3.0,3.0,4.0,4.0,2.0,4.0,3.0,3.0,4.0,4.0,4.0,4.0,4.0,3.0,4.0,6.0,3.0,2.0,4.0,1.0,4.0,4.0,2.0,,2.0,2.0,3.0,2.0,2.0,1.0,1.0,3.0,3.0,2.0,3.0,3.0,2.0,2.0,2.0,2.0,2.0,2.0,4.0,2.0,3.0,2.0,2.0,2.0,1.0,1.0,2.0,2.0,3.0,3.0,2.0,2.0,2.0,9.0,9.0,2.0,2.0,2.0,2.0,2.0,1.0,4.0,,3.0,2.0,1.0,3.0,2.0,0.826158,2.0,3.5,4.0,2.0,2.0
639.0,4.0,2.0,1.0,42.0,3.0,5.0,5.0,5.0,5.0,4.0,4.0,3.0,3.0,3.0,2.0,,,,,,,,,,,,,,,,,,2.0,2.0,,,,,,,,2.0,4.0,4.0,3.0,4.0,4.0,4.0,4.0,4.0,4.0,4.0,4.0,4.0,4.0,4.0,4.0,3.0,3.0,3.0,3.0,3.0,3.0,3.0,3.0,3.0,3.0,3.0,3.0,3.0,3.0,3.0,3.0,3.0,3.0,3.0,3.0,3.0,3.0,3.0,3.0,3.0,3.0,3.0,3.0,3.0,3.0,3.0,3.0,3.0,3.0,3.0,3.0,3.0,3.0,3.0,3.0,3.0,3.0,3.0,3.0,3.0,2.0,4.0,4.0,4.0,3.0,3.0,3.0,3.0,2.0,3.0,3.0,3.0,4.0,4.0,4.0,3.0,6.0,3.0,3.0,3.0,1.0,3.0,3.0,3.0,,3.0,3.0,3.0,2.0,3.0,3.0,3.0,3.0,3.0,3.0,3.0,3.0,2.0,2.0,2.0,1.0,2.0,3.0,3.0,2.0,3.0,3.0,3.0,2.0,2.0,2.0,1.0,3.0,3.0,3.0,2.0,3.0,3.0,6.0,6.0,2.0,2.0,2.0,2.0,1.0,,3.0,,3.0,1.0,2.0,2.0,2.0,1.065336,3.0,4.0,3.0,3.0,2.0
648.0,3.0,5.0,2.0,49.0,3.0,4.0,4.0,3.0,2.0,4.0,3.0,2.0,2.0,2.0,2.0,,,,,,,,,,,,,,,,,,2.0,2.0,,,,,,,,4.0,4.0,4.0,4.0,2.0,3.0,4.0,3.0,3.0,3.0,3.0,3.0,4.0,4.0,4.0,5.0,3.0,3.0,3.0,3.0,3.0,3.0,2.0,3.0,2.0,3.0,3.0,3.0,3.0,2.0,3.0,3.0,3.0,4.0,3.0,2.0,3.0,2.0,3.0,3.0,3.0,3.0,3.0,3.0,2.0,3.0,3.0,3.0,3.0,3.0,3.0,3.0,2.0,3.0,3.0,3.0,3.0,3.0,4.0,2.0,3.0,2.0,4.0,2.0,4.0,4.0,2.0,3.0,2.0,3.0,3.0,3.0,4.0,4.0,3.0,3.0,4.0,6.0,2.0,3.0,4.0,1.0,3.0,5.0,1.0,,3.0,2.0,2.0,2.0,1.0,1.0,1.0,4.0,2.0,2.0,2.0,2.0,2.0,2.0,2.0,2.0,2.0,4.0,4.0,3.0,2.0,2.0,4.0,4.0,1.0,1.0,2.0,2.0,3.0,4.0,3.0,2.0,3.0,7.0,6.0,2.0,2.0,2.0,2.0,1.0,,4.0,,4.0,1.0,2.0,3.0,3.0,0.871396,2.0,3.5,4.0,1.0,2.0
693.0,1.0,1.0,1.0,35.0,2.0,5.0,5.0,5.0,5.0,4.0,5.0,5.0,5.0,5.0,1.0,1.0,2.0,3.0,4.0,,6.0,,8.0,,,,12.0,,14.0,15.0,,,1.0,1.0,,,3.0,4.0,,,,5.0,5.0,5.0,5.0,5.0,4.0,5.0,4.0,5.0,5.0,4.0,5.0,5.0,5.0,4.0,3.0,4.0,5.0,5.0,3.0,5.0,5.0,4.0,5.0,5.0,5.0,5.0,5.0,5.0,4.0,5.0,5.0,5.0,5.0,5.0,5.0,4.0,5.0,5.0,4.0,5.0,5.0,5.0,5.0,4.0,5.0,5.0,5.0,5.0,3.0,5.0,5.0,5.0,4.0,4.0,4.0,3.0,4.0,2.0,5.0,3.0,5.0,3.0,5.0,5.0,5.0,5.0,4.0,5.0,5.0,5.0,5.0,4.0,5.0,5.0,4.0,4.0,11.0,5.0,4.0,5.0,1.0,5.0,5.0,5.0,,5.0,5.0,4.0,1.0,5.0,5.0,5.0,5.0,5.0,5.0,4.0,4.0,1.0,1.0,1.0,2.0,1.0,5.0,2.0,5.0,5.0,4.0,4.0,3.0,5.0,5.0,4.0,3.0,5.0,2.0,5.0,5.0,5.0,10.0,8.0,1.0,1.0,2.0,2.0,2.0,1.0,4.0,,3.0,2.0,1.0,3.0,2.0,1.080947,5.0,4.5,5.0,5.0,1.0
695.0,1.0,1.0,1.0,38.0,2.0,5.0,5.0,4.0,3.0,3.0,4.0,4.0,4.0,4.0,2.0,,,,,,,,,,,,,,,,,,2.0,2.0,,,,,,,,4.0,4.0,4.0,3.0,4.0,3.0,4.0,2.0,4.0,3.0,2.0,2.0,4.0,4.0,3.0,5.0,5.0,5.0,5.0,5.0,4.0,5.0,4.0,5.0,5.0,5.0,4.0,5.0,5.0,4.0,4.0,5.0,4.0,5.0,4.0,5.0,4.0,5.0,4.0,5.0,5.0,5.0,4.0,5.0,5.0,5.0,5.0,5.0,5.0,5.0,5.0,4.0,4.0,5.0,5.0,5.0,5.0,4.0,5.0,4.0,5.0,3.0,2.0,3.0,4.0,5.0,2.0,4.0,4.0,4.0,4.0,4.0,5.0,5.0,4.0,3.0,4.0,7.0,4.0,4.0,3.0,1.0,3.0,3.0,1.0,,4.0,3.0,4.0,1.0,4.0,3.0,3.0,4.0,3.0,4.0,4.0,3.0,1.0,2.0,2.0,2.0,1.0,4.0,4.0,3.0,4.0,3.0,4.0,3.0,2.0,2.0,2.0,2.0,3.0,3.0,4.0,4.0,4.0,8.0,7.0,1.0,2.0,1.0,1.0,2.0,1.0,4.0,,2.0,2.0,1.0,3.0,1.0,1.080947,4.0,3.5,3.0,4.0,1.0
711.0,3.0,5.0,1.0,51.0,4.0,4.0,4.0,3.0,3.0,4.0,3.0,2.0,2.0,3.0,2.0,,,,,,,,,,,,,,,,,,2.0,2.0,,,,,,,,2.0,4.0,4.0,2.0,3.0,3.0,4.0,3.0,3.0,3.0,2.0,2.0,4.0,4.0,3.0,5.0,2.0,2.0,2.0,3.0,3.0,2.0,3.0,3.0,2.0,2.0,2.0,4.0,4.0,3.0,2.0,3.0,3.0,3.0,3.0,3.0,2.0,2.0,3.0,3.0,2.0,2.0,3.0,4.0,3.0,4.0,3.0,3.0,3.0,3.0,3.0,2.0,3.0,4.0,4.0,3.0,3.0,4.0,4.0,3.0,4.0,4.0,4.0,3.0,4.0,3.0,2.0,3.0,2.0,3.0,3.0,3.0,3.0,4.0,3.0,3.0,2.0,7.0,3.0,3.0,4.0,2.0,4.0,4.0,3.0,,2.0,2.0,4.0,2.0,3.0,1.0,1.0,4.0,2.0,2.0,4.0,2.0,2.0,2.0,2.0,2.0,2.0,4.0,4.0,4.0,2.0,3.0,3.0,3.0,1.0,1.0,3.0,2.0,3.0,3.0,2.0,2.0,3.0,6.0,8.0,1.0,2.0,2.0,2.0,2.0,2.0,3.0,,2.0,2.0,2.0,2.0,1.0,0.92937,2.3333333333333335,3.5,4.0,3.0,2.0
725.0,10.0,3.0,1.0,49.0,3.0,5.0,5.0,4.0,4.0,4.0,4.0,4.0,4.0,4.0,2.0,,,,,,,,,,,,,,,,,,2.0,2.0,,,,,,,,2.0,4.0,2.0,2.0,4.0,2.0,4.0,2.0,5.0,4.0,2.0,2.0,2.0,4.0,4.0,5.0,5.0,4.0,5.0,5.0,4.0,5.0,4.0,4.0,4.0,4.0,4.0,4.0,5.0,4.0,5.0,5.0,4.0,5.0,5.0,4.0,5.0,4.0,4.0,4.0,4.0,4.0,4.0,5.0,4.0,4.0,5.0,4.0,5.0,4.0,4.0,5.0,4.0,4.0,4.0,4.0,4.0,4.0,5.0,4.0,4.0,5.0,5.0,5.0,4.0,4.0,3.0,4.0,4.0,2.0,3.0,2.0,2.0,4.0,4.0,3.0,3.0,9.0,4.0,2.0,4.0,1.0,4.0,2.0,3.0,,4.0,5.0,4.0,1.0,4.0,4.0,4.0,3.0,3.0,3.0,4.0,4.0,1.0,2.0,2.0,1.0,2.0,4.0,5.0,4.0,5.0,4.0,4.0,4.0,1.0,1.0,2.0,4.0,1.0,4.0,1.0,2.0,4.0,9.0,3.0,2.0,2.0,2.0,2.0,1.0,,4.0,,4.0,1.0,2.0,3.0,3.0,0.776027,4.0,4.0,3.0,4.0,1.0
743.0,2.0,6.0,2.0,53.0,4.0,4.0,5.0,5.0,3.0,4.0,3.0,4.0,4.0,4.0,2.0,,,,,,,,,,,,,,,,,,2.0,2.0,,,,,,,,3.0,3.0,3.0,2.0,2.0,2.0,4.0,1.0,4.0,2.0,2.0,3.0,4.0,3.0,3.0,5.0,3.0,3.0,3.0,2.0,3.0,2.0,2.0,4.0,4.0,4.0,3.0,3.0,5.0,2.0,3.0,3.0,3.0,4.0,2.0,3.0,3.0,3.0,3.0,4.0,4.0,5.0,5.0,5.0,4.0,5.0,4.0,4.0,5.0,3.0,4.0,2.0,3.0,4.0,5.0,4.0,3.0,3.0,5.0,2.0,3.0,4.0,3.0,5.0,4.0,4.0,3.0,4.0,5.0,3.0,2.0,3.0,4.0,3.0,2.0,3.0,3.0,6.0,4.0,4.0,2.0,1.0,4.0,5.0,1.0,,3.0,2.0,4.0,2.0,2.0,1.0,2.0,3.0,1.0,2.0,3.0,2.0,1.0,2.0,2.0,1.0,2.0,4.0,4.0,4.0,4.0,4.0,4.0,4.0,2.0,3.0,3.0,3.0,3.0,4.0,4.0,3.0,3.0,8.0,5.0,2.0,2.0,1.0,1.0,2.0,1.0,4.0,,3.0,2.0,1.0,3.0,2.0,1.142237,4.0,3.5,4.5,2.0,2.0
751.0,1.0,1.0,1.0,55.0,4.0,5.0,5.0,5.0,4.0,4.0,4.0,5.0,5.0,5.0,1.0,1.0,2.0,3.0,4.0,5.0,6.0,,,,,,,,14.0,,,,2.0,2.0,,,,,,,,4.0,3.0,3.0,1.0,2.0,2.0,3.0,1.0,2.0,2.0,2.0,1.0,1.0,3.0,2.0,4.0,3.0,3.0,2.0,2.0,2.0,2.0,1.0,3.0,2.0,2.0,2.0,2.0,4.0,1.0,1.0,2.0,2.0,1.0,2.0,2.0,2.0,1.0,2.0,2.0,2.0,1.0,1.0,5.0,1.0,1.0,5.0,5.0,5.0,3.0,5.0,3.0,2.0,4.0,5.0,5.0,5.0,5.0,5.0,1.0,1.0,5.0,3.0,4.0,5.0,5.0,5.0,5.0,5.0,3.0,3.0,4.0,4.0,4.0,5.0,5.0,4.0,11.0,2.0,2.0,4.0,2.0,2.0,1.0,5.0,,4.0,4.0,5.0,1.0,5.0,3.0,3.0,5.0,4.0,4.0,5.0,4.0,1.0,2.0,2.0,1.0,2.0,5.0,5.0,5.0,5.0,5.0,5.0,5.0,2.0,2.0,5.0,5.0,5.0,5.0,5.0,5.0,5.0,11.0,1.0,2.0,2.0,2.0,2.0,2.0,1.0,2.0,,3.0,2.0,1.0,1.0,2.0,1.101675,5.0,4.0,1.5,5.0,1.0
767.0,15.0,5.0,1.0,51.0,4.0,5.0,5.0,4.0,3.0,4.0,4.0,3.0,3.0,3.0,2.0,,,,,,,,,,,,,,,,,,2.0,1.0,,,,,5.0,,,3.0,3.0,3.0,3.0,3.0,3.0,4.0,3.0,4.0,3.0,3.0,3.0,3.0,4.0,4.0,4.0,3.0,3.0,3.0,3.0,3.0,3.0,3.0,3.0,3.0,3.0,3.0,3.0,4.0,2.0,2.0,3.0,3.0,3.0,3.0,3.0,3.0,3.0,3.0,3.0,3.0,3.0,2.0,4.0,2.0,2.0,5.0,5.0,5.0,5.0,5.0,5.0,5.0,5.0,5.0,5.0,5.0,5.0,5.0,5.0,5.0,4.0,4.0,4.0,5.0,4.0,2.0,3.0,2.0,3.0,3.0,4.0,4.0,4.0,4.0,4.0,4.0,9.0,2.0,3.0,4.0,1.0,5.0,5.0,5.0,,3.0,3.0,4.0,2.0,3.0,1.0,2.0,4.0,3.0,3.0,4.0,3.0,2.0,2.0,2.0,2.0,2.0,4.0,4.0,3.0,3.0,3.0,3.0,3.0,2.0,2.0,3.0,2.0,3.0,3.0,2.0,1.0,4.0,6.0,4.0,2.0,2.0,2.0,2.0,1.0,,4.0,,4.0,1.0,2.0,3.0,3.0,0.92937,3.0,4.0,5.0,3.0,2.0
777.0,9.0,2.0,1.0,48.0,3.0,5.0,5.0,4.0,4.0,4.0,4.0,3.0,3.0,3.0,2.0,,,,,,,,,,,,,,,,,,2.0,2.0,,,,,,,,3.0,5.0,3.0,3.0,5.0,3.0,5.0,2.0,5.0,5.0,4.0,3.0,3.0,5.0,5.0,4.0,4.0,3.0,4.0,3.0,3.0,3.0,2.0,4.0,5.0,5.0,3.0,2.0,4.0,4.0,2.0,4.0,4.0,3.0,4.0,4.0,4.0,1.0,5.0,5.0,5.0,3.0,2.0,4.0,4.0,2.0,3.0,3.0,3.0,4.0,4.0,4.0,1.0,4.0,5.0,5.0,2.0,3.0,3.0,5.0,2.0,3.0,3.0,4.0,3.0,3.0,2.0,5.0,2.0,3.0,3.0,4.0,4.0,5.0,4.0,4.0,4.0,2.0,3.0,3.0,3.0,1.0,4.0,4.0,4.0,,3.0,3.0,2.0,1.0,4.0,4.0,2.0,5.0,2.0,3.0,5.0,3.0,2.0,2.0,1.0,1.0,2.0,1.0,4.0,1.0,3.0,1.0,1.0,2.0,1.0,1.0,1.0,2.0,3.0,1.0,1.0,4.0,3.0,8.0,8.0,2.0,2.0,1.0,2.0,2.0,1.0,4.0,,3.0,2.0,1.0,3.0,2.0,1.065336,3.0,4.0,4.0,4.0,1.0
818.0,5.0,4.0,1.0,44.0,3.0,4.0,3.0,4.0,3.0,4.0,3.0,3.0,4.0,3.0,2.0,,,,,,,,,,,,,,,,,,2.0,2.0,,,,,,,,4.0,3.0,4.0,4.0,3.0,3.0,3.0,4.0,4.0,4.0,3.0,4.0,3.0,4.0,4.0,3.0,4.0,3.0,3.0,4.0,4.0,4.0,3.0,4.0,3.0,3.0,4.0,4.0,3.0,4.0,3.0,3.0,4.0,4.0,3.0,3.0,4.0,4.0,4.0,4.0,3.0,3.0,4.0,4.0,3.0,4.0,4.0,4.0,4.0,3.0,4.0,4.0,3.0,4.0,4.0,3.0,3.0,3.0,4.0,4.0,4.0,4.0,4.0,4.0,3.0,3.0,3.0,4.0,4.0,4.0,3.0,3.0,4.0,4.0,3.0,4.0,3.0,8.0,3.0,4.0,3.0,1.0,4.0,3.0,3.0,,4.0,4.0,3.0,2.0,4.0,1.0,2.0,3.0,3.0,4.0,3.0,3.0,2.0,2.0,1.0,2.0,1.0,4.0,4.0,4.0,4.0,3.0,3.0,3.0,3.0,3.0,3.0,3.0,3.0,3.0,2.0,2.0,3.0,8.0,6.0,2.0,2.0,2.0,1.0,1.0,,3.0,,4.0,1.0,2.0,2.0,3.0,0.826158,3.3333333333333335,3.5,3.5,4.0,2.0
845.0,9.0,2.0,1.0,38.0,2.0,5.0,5.0,5.0,3.0,4.0,4.0,4.0,4.0,4.0,2.0,,,,,,,,,,,,,,,,,,2.0,2.0,,,,,,,,3.0,3.0,3.0,3.0,3.0,3.0,4.0,3.0,3.0,3.0,3.0,3.0,4.0,4.0,3.0,5.0,3.0,3.0,3.0,3.0,3.0,3.0,3.0,3.0,3.0,3.0,3.0,3.0,5.0,3.0,4.0,3.0,3.0,3.0,3.0,3.0,3.0,3.0,3.0,3.0,4.0,4.0,3.0,5.0,5.0,3.0,3.0,3.0,3.0,3.0,3.0,3.0,3.0,3.0,3.0,3.0,3.0,3.0,5.0,5.0,3.0,5.0,5.0,5.0,5.0,3.0,2.0,3.0,3.0,3.0,3.0,1.0,3.0,3.0,1.0,3.0,3.0,1.0,3.0,3.0,3.0,1.0,5.0,5.0,3.0,,3.0,3.0,3.0,2.0,4.0,2.0,2.0,3.0,3.0,3.0,3.0,4.0,1.0,1.0,1.0,1.0,1.0,4.0,3.0,4.0,4.0,4.0,4.0,3.0,4.0,2.0,3.0,2.0,2.0,1.0,2.0,2.0,4.0,8.0,8.0,1.0,1.0,2.0,2.0,1.0,,4.0,,4.0,1.0,2.0,3.0,3.0,0.921551,4.0,4.0,5.0,4.0,2.0
866.0,13.0,4.0,1.0,51.0,4.0,5.0,5.0,5.0,5.0,4.0,5.0,4.0,4.0,5.0,2.0,,,,,,,,,,,,,,,,,,1.0,2.0,,,,,,,,3.0,4.0,3.0,3.0,5.0,4.0,4.0,2.0,5.0,3.0,3.0,3.0,4.0,3.0,4.0,5.0,4.0,4.0,5.0,5.0,4.0,5.0,3.0,5.0,4.0,4.0,3.0,4.0,5.0,5.0,5.0,5.0,4.0,5.0,5.0,4.0,5.0,3.0,5.0,4.0,4.0,4.0,4.0,5.0,4.0,5.0,4.0,5.0,5.0,5.0,3.0,4.0,5.0,4.0,5.0,5.0,3.0,4.0,5.0,4.0,5.0,3.0,4.0,3.0,4.0,4.0,2.0,4.0,4.0,5.0,3.0,4.0,4.0,4.0,5.0,4.0,3.0,9.0,3.0,4.0,3.0,1.0,4.0,4.0,3.0,,3.0,4.0,3.0,1.0,4.0,1.0,3.0,4.0,2.0,4.0,4.0,3.0,1.0,2.0,1.0,1.0,1.0,4.0,4.0,2.0,3.0,1.0,4.0,3.0,1.0,1.0,3.0,1.0,3.0,1.0,1.0,1.0,3.0,7.0,5.0,1.0,2.0,1.0,1.0,2.0,1.0,2.0,,3.0,2.0,1.0,1.0,2.0,1.073801,4.333333333333333,4.5,4.0,4.0,1.0
868.0,14.0,4.0,1.0,38.0,2.0,5.0,5.0,5.0,5.0,4.0,4.0,5.0,5.0,5.0,2.0,,,,,,,,,,,,,,,,,,2.0,1.0,1.0,,3.0,4.0,5.0,,,3.0,3.0,3.0,2.0,3.0,3.0,4.0,3.0,4.0,4.0,4.0,3.0,4.0,2.0,3.0,4.0,4.0,4.0,4.0,4.0,4.0,4.0,4.0,3.0,3.0,4.0,5.0,3.0,4.0,3.0,4.0,1.0,1.0,1.0,1.0,1.0,1.0,1.0,1.0,1.0,1.0,1.0,1.0,4.0,4.0,1.0,4.0,4.0,4.0,3.0,3.0,3.0,3.0,4.0,3.0,4.0,5.0,3.0,5.0,5.0,2.0,5.0,4.0,4.0,5.0,2.0,1.0,2.0,1.0,4.0,4.0,2.0,4.0,5.0,5.0,5.0,2.0,9.0,5.0,2.0,4.0,1.0,4.0,4.0,2.0,,2.0,2.0,4.0,2.0,2.0,1.0,2.0,4.0,4.0,2.0,4.0,1.0,1.0,2.0,2.0,1.0,2.0,4.0,4.0,3.0,4.0,2.0,1.0,3.0,1.0,1.0,2.0,1.0,2.0,3.0,2.0,1.0,4.0,8.0,4.0,1.0,1.0,1.0,1.0,2.0,1.0,4.0,,3.0,2.0,1.0,3.0,2.0,1.028782,5.0,4.0,4.0,2.0,2.0
880.0,9.0,2.0,1.0,42.0,3.0,5.0,5.0,3.0,3.0,4.0,3.0,3.0,3.0,3.0,2.0,,,,,,,,,,,,,,,,,,2.0,2.0,,,,,,,,3.0,3.0,3.0,2.0,3.0,2.0,3.0,3.0,3.0,3.0,2.0,2.0,2.0,3.0,3.0,4.0,4.0,4.0,4.0,4.0,3.0,4.0,3.0,4.0,4.0,3.0,4.0,3.0,4.0,4.0,4.0,2.0,2.0,2.0,2.0,2.0,2.0,2.0,2.0,2.0,2.0,2.0,2.0,2.0,2.0,2.0,4.0,4.0,4.0,4.0,3.0,4.0,3.0,4.0,4.0,3.0,4.0,3.0,4.0,4.0,4.0,3.0,3.0,4.0,4.0,3.0,2.0,3.0,2.0,3.0,3.0,2.0,3.0,5.0,4.0,4.0,3.0,6.0,3.0,1.0,3.0,1.0,3.0,3.0,4.0,,3.0,3.0,5.0,1.0,3.0,3.0,3.0,4.0,3.0,3.0,4.0,3.0,2.0,2.0,2.0,2.0,2.0,4.0,4.0,4.0,4.0,2.0,4.0,3.0,2.0,2.0,2.0,3.0,3.0,2.0,2.0,4.0,3.0,9.0,6.0,2.0,2.0,2.0,2.0,1.0,,3.0,,4.0,1.0,2.0,2.0,3.0,1.065336,3.0,3.5,3.0,3.0,1.0
909.0,3.0,5.0,1.0,55.0,4.0,4.0,4.0,4.0,4.0,5.0,4.0,4.0,4.0,4.0,2.0,,,,,,,,,,,,,,,,,,2.0,2.0,,,,,,,,3.0,3.0,3.0,3.0,4.0,3.0,4.0,3.0,4.0,4.0,3.0,4.0,4.0,3.0,3.0,5.0,3.0,4.0,4.0,3.0,3.0,3.0,4.0,4.0,3.0,4.0,5.0,4.0,5.0,3.0,2.0,3.0,4.0,4.0,3.0,3.0,2.0,3.0,4.0,5.0,4.0,5.0,3.0,4.0,3.0,2.0,3.0,3.0,4.0,3.0,4.0,2.0,3.0,4.0,4.0,4.0,4.0,3.0,4.0,2.0,2.0,4.0,2.0,3.0,4.0,4.0,2.0,4.0,4.0,4.0,4.0,4.0,4.0,4.0,4.0,4.0,5.0,9.0,2.0,4.0,4.0,1.0,4.0,3.0,2.0,,4.0,2.0,4.0,1.0,4.0,1.0,1.0,2.0,2.0,2.0,4.0,2.0,2.0,2.0,1.0,1.0,2.0,4.0,4.0,3.0,1.0,2.0,2.0,1.0,1.0,1.0,1.0,1.0,1.0,2.0,1.0,2.0,4.0,9.0,4.0,1.0,2.0,1.0,1.0,2.0,1.0,4.0,,3.0,2.0,1.0,3.0,2.0,0.92937,4.0,4.5,3.5,4.0,1.0
925.0,1.0,1.0,1.0,59.0,4.0,5.0,5.0,3.0,1.0,3.0,3.0,3.0,4.0,4.0,2.0,,,,,,,,,,,,,,,,,,1.0,2.0,,,,,,,,4.0,3.0,3.0,3.0,3.0,3.0,3.0,3.0,4.0,4.0,3.0,3.0,4.0,4.0,4.0,5.0,4.0,4.0,4.0,3.0,4.0,4.0,3.0,4.0,4.0,4.0,4.0,3.0,5.0,3.0,5.0,3.0,4.0,4.0,4.0,4.0,4.0,3.0,3.0,4.0,4.0,4.0,3.0,4.0,3.0,5.0,3.0,4.0,3.0,3.0,4.0,4.0,3.0,3.0,4.0,4.0,3.0,3.0,4.0,4.0,4.0,4.0,4.0,3.0,5.0,4.0,3.0,4.0,3.0,4.0,4.0,3.0,5.0,4.0,3.0,4.0,4.0,10.0,4.0,4.0,4.0,1.0,5.0,5.0,4.0,,4.0,3.0,4.0,1.0,3.0,4.0,3.0,3.0,2.0,1.0,2.0,3.0,1.0,1.0,1.0,1.0,1.0,2.0,2.0,2.0,2.0,1.0,3.0,3.0,3.0,3.0,1.0,1.0,3.0,3.0,2.0,3.0,4.0,10.0,6.0,1.0,1.0,2.0,2.0,2.0,1.0,4.0,,2.0,2.0,1.0,3.0,1.0,1.101675,3.6666666666666665,3.0,5.0,3.0,1.0
935.0,3.0,5.0,1.0,56.0,4.0,4.0,5.0,3.0,3.0,4.0,4.0,4.0,4.0,3.0,2.0,,,,,,,,,,,,,,,,,,2.0,2.0,,,,,,,,4.0,4.0,4.0,3.0,4.0,3.0,4.0,3.0,4.0,3.0,3.0,3.0,3.0,5.0,5.0,5.0,4.0,3.0,3.0,3.0,2.0,3.0,2.0,3.0,2.0,2.0,3.0,3.0,5.0,3.0,4.0,4.0,3.0,3.0,3.0,2.0,3.0,2.0,2.0,2.0,2.0,2.0,3.0,5.0,4.0,5.0,4.0,3.0,3.0,3.0,2.0,3.0,2.0,3.0,2.0,2.0,2.0,3.0,5.0,4.0,4.0,4.0,4.0,3.0,5.0,4.0,2.0,4.0,2.0,3.0,3.0,4.0,4.0,5.0,5.0,4.0,3.0,8.0,4.0,3.0,4.0,2.0,4.0,4.0,5.0,,3.0,4.0,4.0,2.0,4.0,4.0,3.0,4.0,4.0,3.0,5.0,4.0,2.0,2.0,2.0,1.0,2.0,5.0,5.0,5.0,3.0,3.0,4.0,3.0,3.0,3.0,4.0,4.0,4.0,3.0,3.0,3.0,3.0,5.0,4.0,1.0,2.0,1.0,2.0,2.0,1.0,4.0,,3.0,2.0,1.0,3.0,2.0,0.92937,3.6666666666666665,4.0,4.0,4.0,2.0
943.0,2.0,6.0,1.0,29.0,1.0,4.0,5.0,4.0,4.0,3.0,3.0,3.0,3.0,2.0,2.0,,,,,,,,,,,,,,,,,,2.0,2.0,,,,,,,,2.0,4.0,3.0,3.0,4.0,3.0,4.0,3.0,4.0,3.0,3.0,2.0,3.0,3.0,4.0,5.0,3.0,3.0,3.0,3.0,3.0,2.0,3.0,4.0,3.0,3.0,3.0,3.0,4.0,3.0,2.0,3.0,3.0,3.0,4.0,3.0,3.0,3.0,3.0,4.0,3.0,4.0,3.0,4.0,2.0,2.0,4.0,4.0,2.0,4.0,3.0,4.0,3.0,4.0,4.0,4.0,3.0,3.0,4.0,2.0,3.0,3.0,3.0,4.0,4.0,3.0,2.0,3.0,3.0,3.0,4.0,3.0,4.0,4.0,3.0,4.0,4.0,9.0,3.0,2.0,4.0,1.0,4.0,4.0,3.0,,2.0,2.0,4.0,2.0,2.0,1.0,1.0,3.0,1.0,2.0,3.0,2.0,1.0,2.0,2.0,2.0,2.0,3.0,4.0,2.0,2.0,1.0,2.0,2.0,2.0,1.0,1.0,1.0,2.0,1.0,1.0,2.0,3.0,8.0,4.0,2.0,2.0,2.0,2.0,1.0,,7.0,,4.0,1.0,2.0,6.0,3.0,1.00476,2.6666666666666665,3.0,4.0,2.0,2.0
978.0,1.0,1.0,2.0,51.0,4.0,5.0,5.0,4.0,4.0,4.0,3.0,4.0,2.0,3.0,2.0,,,,,,,,,,,,,,,,,,2.0,2.0,,,,,,,,3.0,2.0,2.0,1.0,2.0,2.0,2.0,1.0,1.0,1.0,1.0,1.0,4.0,3.0,1.0,5.0,1.0,1.0,1.0,1.0,1.0,1.0,1.0,1.0,1.0,1.0,1.0,1.0,1.0,1.0,1.0,1.0,1.0,1.0,1.0,1.0,1.0,1.0,1.0,1.0,1.0,1.0,1.0,1.0,1.0,1.0,1.0,1.0,1.0,1.0,1.0,1.0,1.0,1.0,1.0,1.0,1.0,1.0,1.0,1.0,2.0,4.0,5.0,4.0,4.0,3.0,1.0,4.0,2.0,3.0,3.0,3.0,3.0,2.0,3.0,1.0,2.0,9.0,3.0,2.0,3.0,2.0,4.0,4.0,4.0,,3.0,2.0,2.0,2.0,3.0,3.0,3.0,3.0,2.0,2.0,2.0,2.0,2.0,2.0,2.0,2.0,2.0,4.0,4.0,4.0,2.0,3.0,3.0,3.0,1.0,1.0,3.0,4.0,4.0,3.0,2.0,3.0,3.0,8.0,9.0,2.0,2.0,2.0,2.0,1.0,,4.0,,3.0,1.0,2.0,3.0,2.0,1.053567,3.0,3.5,4.0,3.0,2.0
1016.0,7.0,6.0,1.0,58.0,4.0,4.0,4.0,5.0,5.0,3.0,2.0,3.0,3.0,2.0,1.0,,2.0,3.0,,,,,,,,,,,,,,,2.0,1.0,,,3.0,4.0,5.0,,,2.0,4.0,4.0,4.0,4.0,3.0,4.0,3.0,4.0,3.0,3.0,3.0,3.0,4.0,3.0,4.0,2.0,3.0,4.0,3.0,3.0,3.0,2.0,4.0,3.0,3.0,3.0,2.0,4.0,1.0,1.0,3.0,3.0,4.0,3.0,3.0,3.0,3.0,3.0,3.0,3.0,3.0,4.0,4.0,1.0,2.0,3.0,3.0,4.0,3.0,3.0,3.0,2.0,4.0,3.0,3.0,3.0,3.0,4.0,2.0,2.0,4.0,4.0,2.0,3.0,4.0,3.0,4.0,3.0,4.0,4.0,4.0,4.0,5.0,5.0,4.0,4.0,4.0,4.0,2.0,4.0,1.0,4.0,4.0,4.0,,2.0,2.0,3.0,2.0,2.0,3.0,3.0,4.0,2.0,3.0,4.0,4.0,1.0,2.0,2.0,1.0,2.0,2.0,4.0,2.0,2.0,2.0,2.0,2.0,1.0,1.0,2.0,2.0,2.0,4.0,2.0,2.0,2.0,9.0,6.0,2.0,2.0,2.0,2.0,2.0,1.0,4.0,,4.0,2.0,1.0,3.0,3.0,1.044509,2.6666666666666665,2.5,4.0,2.0,2.0
1023.0,9.0,2.0,2.0,55.0,4.0,5.0,5.0,4.0,2.0,3.0,2.0,3.0,2.0,2.0,2.0,,,,,,,,,,,,,,,,,,2.0,2.0,,,,,,,,2.0,3.0,3.0,2.0,2.0,2.0,4.0,2.0,3.0,4.0,2.0,2.0,4.0,3.0,4.0,3.0,2.0,2.0,2.0,2.0,2.0,2.0,2.0,2.0,2.0,2.0,2.0,2.0,2.0,2.0,2.0,2.0,2.0,2.0,2.0,2.0,2.0,2.0,2.0,2.0,2.0,2.0,2.0,2.0,2.0,2.0,2.0,2.0,2.0,2.0,2.0,2.0,2.0,2.0,2.0,2.0,2.0,2.0,2.0,2.0,2.0,2.0,4.0,4.0,5.0,4.0,1.0,4.0,3.0,2.0,3.0,3.0,3.0,3.0,4.0,3.0,3.0,2.0,4.0,2.0,3.0,1.0,4.0,4.0,4.0,,2.0,3.0,2.0,2.0,2.0,1.0,1.0,3.0,1.0,2.0,2.0,2.0,1.0,2.0,2.0,1.0,2.0,4.0,4.0,1.0,2.0,1.0,4.0,4.0,1.0,2.0,1.0,1.0,1.0,1.0,1.0,3.0,2.0,10.0,10.0,1.0,1.0,2.0,2.0,2.0,1.0,4.0,,4.0,2.0,1.0,3.0,3.0,1.05617,2.3333333333333335,2.5,4.0,2.0,2.0
1040.0,6.0,3.0,2.0,52.0,4.0,4.0,5.0,4.0,5.0,4.0,3.0,4.0,4.0,4.0,2.0,,,,,,,,,,,,,,,,,,2.0,1.0,,,,4.0,,,,3.0,2.0,3.0,4.0,3.0,2.0,4.0,2.0,4.0,3.0,2.0,4.0,4.0,4.0,3.0,4.0,3.0,3.0,5.0,4.0,4.0,4.0,4.0,5.0,5.0,4.0,4.0,5.0,5.0,3.0,4.0,4.0,4.0,4.0,4.0,5.0,4.0,4.0,5.0,5.0,5.0,4.0,4.0,5.0,4.0,5.0,4.0,4.0,5.0,4.0,4.0,4.0,4.0,5.0,4.0,4.0,4.0,4.0,5.0,3.0,4.0,5.0,2.0,3.0,5.0,4.0,2.0,3.0,3.0,4.0,4.0,1.0,3.0,4.0,5.0,3.0,4.0,6.0,3.0,2.0,3.0,1.0,3.0,3.0,5.0,,3.0,4.0,4.0,1.0,4.0,4.0,4.0,4.0,4.0,3.0,4.0,4.0,2.0,2.0,2.0,1.0,2.0,3.0,4.0,2.0,3.0,2.0,3.0,3.0,1.0,3.0,1.0,2.0,3.0,4.0,3.0,3.0,4.0,6.0,6.0,2.0,2.0,2.0,2.0,2.0,1.0,4.0,,3.0,2.0,1.0,3.0,2.0,0.976223,4.0,3.5,3.0,4.0,1.0
1057.0,3.0,5.0,1.0,28.0,1.0,5.0,4.0,5.0,3.0,3.0,3.0,3.0,3.0,4.0,2.0,,,,,,,,,,,,,,,,,,1.0,2.0,,,,,,,,1.0,4.0,3.0,3.0,2.0,3.0,4.0,3.0,4.0,3.0,3.0,3.0,4.0,4.0,4.0,5.0,4.0,4.0,3.0,3.0,3.0,4.0,3.0,4.0,3.0,4.0,4.0,4.0,4.0,2.0,3.0,3.0,3.0,3.0,3.0,3.0,3.0,3.0,4.0,5.0,4.0,3.0,3.0,4.0,3.0,4.0,4.0,4.0,3.0,3.0,3.0,4.0,4.0,5.0,5.0,4.0,3.0,3.0,5.0,3.0,3.0,3.0,4.0,4.0,3.0,3.0,1.0,4.0,3.0,3.0,3.0,3.0,3.0,3.0,3.0,3.0,3.0,3.0,3.0,3.0,4.0,1.0,3.0,3.0,4.0,,3.0,3.0,4.0,2.0,3.0,2.0,3.0,4.0,3.0,2.0,3.0,3.0,1.0,1.0,1.0,1.0,1.0,4.0,4.0,4.0,4.0,3.0,3.0,3.0,2.0,2.0,3.0,2.0,1.0,3.0,2.0,2.0,3.0,9.0,9.0,1.0,1.0,1.0,1.0,1.0,,7.0,,5.0,1.0,2.0,6.0,3.0,0.98424,3.3333333333333335,3.0,3.0,3.0,2.0
1129.0,6.0,3.0,1.0,53.0,4.0,4.0,5.0,3.0,2.0,4.0,4.0,4.0,4.0,3.0,2.0,,,,,,,,,,,,,,,,,,2.0,1.0,,,3.0,,5.0,,,2.0,4.0,4.0,3.0,2.0,2.0,4.0,2.0,3.0,3.0,3.0,2.0,4.0,4.0,4.0,5.0,3.0,3.0,3.0,3.0,3.0,2.0,3.0,3.0,3.0,3.0,3.0,2.0,4.0,2.0,3.0,3.0,3.0,3.0,3.0,3.0,2.0,3.0,3.0,3.0,3.0,3.0,2.0,4.0,3.0,2.0,3.0,3.0,3.0,3.0,3.0,2.0,3.0,3.0,3.0,3.0,2.0,2.0,4.0,2.0,2.0,4.0,4.0,3.0,4.0,4.0,2.0,4.0,3.0,3.0,4.0,4.0,4.0,4.0,4.0,4.0,4.0,8.0,2.0,2.0,4.0,1.0,4.0,4.0,1.0,,4.0,3.0,4.0,1.0,4.0,3.0,3.0,4.0,4.0,3.0,4.0,4.0,2.0,1.0,1.0,1.0,2.0,4.0,4.0,4.0,3.0,2.0,3.0,3.0,1.0,1.0,2.0,1.0,1.0,2.0,1.0,1.0,2.0,8.0,4.0,2.0,2.0,1.0,2.0,2.0,1.0,4.0,,4.0,2.0,1.0,3.0,3.0,0.875187,3.6666666666666665,4.0,4.0,4.0,1.0
1149.0,1.0,1.0,2.0,41.0,3.0,3.0,3.0,3.0,4.0,3.0,3.0,3.0,3.0,3.0,2.0,,,,,,,,,,,,,,,,,,2.0,2.0,,,,,,,,3.0,3.0,3.0,3.0,3.0,3.0,3.0,3.0,3.0,3.0,4.0,3.0,3.0,3.0,3.0,3.0,3.0,3.0,4.0,3.0,3.0,3.0,3.0,3.0,4.0,4.0,3.0,3.0,3.0,3.0,4.0,4.0,3.0,3.0,3.0,4.0,3.0,3.0,3.0,3.0,4.0,3.0,3.0,3.0,3.0,3.0,3.0,3.0,4.0,3.0,3.0,3.0,3.0,4.0,3.0,4.0,3.0,3.0,4.0,3.0,3.0,3.0,4.0,3.0,3.0,3.0,3.0,4.0,3.0,4.0,4.0,3.0,4.0,3.0,2.0,4.0,3.0,5.0,3.0,4.0,4.0,2.0,4.0,4.0,4.0,,3.0,4.0,3.0,2.0,3.0,4.0,2.0,3.0,3.0,4.0,3.0,3.0,2.0,2.0,2.0,2.0,1.0,4.0,3.0,3.0,4.0,2.0,2.0,4.0,3.0,4.0,3.0,3.0,4.0,4.0,3.0,4.0,4.0,4.0,7.0,2.0,1.0,2.0,2.0,2.0,1.0,5.0,,3.0,2.0,1.0,4.0,2.0,1.098998,3.0,3.0,4.0,3.0,2.0
1154.0,10.0,3.0,1.0,31.0,2.0,4.0,4.0,4.0,3.0,5.0,4.0,4.0,5.0,4.0,2.0,,,,,,,,,,,,,,,,,,2.0,1.0,,,3.0,4.0,,,,4.0,3.0,3.0,2.0,3.0,3.0,4.0,1.0,4.0,2.0,2.0,1.0,1.0,4.0,4.0,5.0,3.0,4.0,5.0,3.0,3.0,2.0,3.0,3.0,4.0,4.0,3.0,2.0,5.0,4.0,2.0,4.0,4.0,4.0,3.0,4.0,3.0,5.0,4.0,5.0,5.0,5.0,3.0,5.0,2.0,1.0,4.0,4.0,4.0,2.0,4.0,3.0,5.0,5.0,5.0,5.0,3.0,2.0,4.0,5.0,1.0,5.0,5.0,5.0,5.0,5.0,4.0,5.0,5.0,1.0,1.0,3.0,4.0,3.0,4.0,4.0,4.0,9.0,2.0,2.0,3.0,1.0,4.0,2.0,4.0,,3.0,4.0,2.0,1.0,4.0,4.0,2.0,3.0,2.0,2.0,2.0,3.0,1.0,1.0,1.0,1.0,2.0,3.0,5.0,2.0,4.0,1.0,4.0,1.0,1.0,4.0,2.0,1.0,4.0,3.0,2.0,3.0,4.0,10.0,2.0,1.0,1.0,1.0,2.0,1.0,,4.0,,3.0,1.0,2.0,3.0,2.0,0.865768,4.333333333333333,4.5,3.0,4.0,1.0
1163.0,9.0,2.0,2.0,52.0,4.0,4.0,5.0,3.0,3.0,3.0,3.0,2.0,4.0,2.0,2.0,,,,,,,,,,,,,,,,,,2.0,2.0,,,,,,,,4.0,3.0,3.0,4.0,3.0,3.0,4.0,3.0,3.0,3.0,3.0,3.0,3.0,4.0,4.0,4.0,3.0,3.0,3.0,3.0,3.0,3.0,3.0,3.0,3.0,3.0,3.0,3.0,3.0,3.0,3.0,3.0,3.0,3.0,3.0,3.0,3.0,3.0,4.0,4.0,4.0,4.0,3.0,4.0,3.0,3.0,3.0,3.0,3.0,3.0,3.0,3.0,3.0,3.0,3.0,3.0,3.0,3.0,3.0,2.0,2.0,4.0,4.0,4.0,4.0,3.0,3.0,4.0,3.0,4.0,4.0,4.0,4.0,4.0,4.0,3.0,4.0,4.0,2.0,4.0,3.0,1.0,4.0,4.0,4.0,,4.0,4.0,4.0,1.0,3.0,3.0,3.0,4.0,3.0,3.0,4.0,3.0,1.0,2.0,2.0,1.0,2.0,4.0,4.0,4.0,4.0,4.0,4.0,4.0,3.0,3.0,4.0,3.0,3.0,3.0,3.0,3.0,3.0,9.0,9.0,1.0,1.0,1.0,1.0,2.0,2.0,5.0,,4.0,2.0,2.0,4.0,3.0,1.05617,2.6666666666666665,3.0,4.0,3.0,1.0
1258.0,4.0,2.0,2.0,40.0,3.0,5.0,5.0,4.0,3.0,4.0,4.0,4.0,4.0,4.0,1.0,1.0,2.0,,4.0,5.0,,7.0,,,,,,,,,,,2.0,1.0,1.0,,,,5.0,,,4.0,3.0,3.0,3.0,3.0,3.0,4.0,3.0,3.0,3.0,3.0,3.0,4.0,3.0,3.0,4.0,3.0,3.0,4.0,3.0,3.0,4.0,3.0,4.0,4.0,4.0,3.0,4.0,4.0,3.0,3.0,2.0,2.0,2.0,2.0,2.0,2.0,2.0,3.0,3.0,3.0,2.0,2.0,4.0,2.0,2.0,3.0,3.0,3.0,3.0,3.0,3.0,3.0,4.0,4.0,4.0,3.0,3.0,4.0,3.0,3.0,4.0,4.0,4.0,5.0,2.0,2.0,3.0,3.0,4.0,4.0,3.0,4.0,3.0,3.0,2.0,2.0,6.0,4.0,2.0,4.0,1.0,4.0,4.0,3.0,,3.0,2.0,3.0,2.0,3.0,2.0,3.0,4.0,2.0,3.0,4.0,3.0,1.0,1.0,1.0,1.0,1.0,2.0,3.0,2.0,3.0,3.0,3.0,2.0,1.0,1.0,2.0,1.0,2.0,3.0,1.0,1.0,2.0,7.0,6.0,1.0,2.0,1.0,2.0,2.0,1.0,4.0,,2.0,2.0,1.0,3.0,1.0,0.965456,4.0,4.0,4.0,3.0,2.0
1261.0,12.0,3.0,1.0,39.0,2.0,5.0,5.0,4.0,3.0,4.0,4.0,4.0,3.0,4.0,2.0,,,,,,,,,,,,,,,,,,2.0,1.0,,,,,5.0,,,3.0,3.0,3.0,4.0,3.0,3.0,4.0,3.0,4.0,3.0,3.0,3.0,3.0,3.0,3.0,5.0,3.0,3.0,4.0,3.0,3.0,3.0,4.0,3.0,4.0,4.0,4.0,3.0,3.0,3.0,3.0,3.0,4.0,3.0,3.0,4.0,3.0,3.0,4.0,4.0,4.0,3.0,3.0,3.0,3.0,3.0,3.0,4.0,4.0,3.0,4.0,3.0,3.0,4.0,4.0,4.0,3.0,3.0,3.0,3.0,3.0,3.0,4.0,3.0,3.0,3.0,3.0,3.0,2.0,3.0,3.0,3.0,3.0,4.0,4.0,4.0,3.0,6.0,4.0,3.0,4.0,1.0,4.0,3.0,1.0,,3.0,3.0,4.0,1.0,3.0,1.0,1.0,4.0,3.0,3.0,4.0,3.0,1.0,2.0,2.0,1.0,2.0,4.0,4.0,3.0,3.0,3.0,3.0,2.0,1.0,1.0,3.0,3.0,3.0,3.0,3.0,1.0,3.0,10.0,3.0,1.0,2.0,1.0,2.0,1.0,,7.0,,5.0,1.0,2.0,6.0,3.0,0.865768,3.6666666666666665,4.0,3.5,3.0,1.0
1273.0,14.0,4.0,1.0,46.0,3.0,5.0,5.0,4.0,4.0,5.0,5.0,4.0,4.0,4.0,1.0,1.0,,3.0,4.0,,,,,,,,,,,,,,2.0,2.0,,,,,,,,2.0,4.0,4.0,4.0,4.0,3.0,4.0,3.0,5.0,5.0,4.0,4.0,5.0,5.0,4.0,4.0,4.0,4.0,4.0,4.0,4.0,3.0,3.0,5.0,4.0,4.0,4.0,4.0,5.0,4.0,3.0,4.0,4.0,4.0,4.0,4.0,3.0,4.0,4.0,4.0,4.0,4.0,5.0,5.0,4.0,3.0,5.0,5.0,5.0,5.0,5.0,4.0,5.0,5.0,5.0,5.0,5.0,5.0,5.0,4.0,4.0,4.0,3.0,4.0,4.0,4.0,3.0,4.0,4.0,3.0,4.0,3.0,4.0,5.0,5.0,5.0,4.0,10.0,1.0,2.0,4.0,1.0,3.0,2.0,4.0,,4.0,3.0,5.0,1.0,4.0,3.0,4.0,5.0,4.0,4.0,4.0,4.0,2.0,2.0,2.0,1.0,2.0,4.0,4.0,4.0,4.0,4.0,4.0,2.0,2.0,4.0,4.0,2.0,3.0,4.0,3.0,3.0,4.0,10.0,2.0,2.0,2.0,2.0,2.0,2.0,2.0,3.0,,3.0,2.0,2.0,2.0,2.0,0.826158,4.0,5.0,2.5,4.0,1.0
1283.0,9.0,2.0,2.0,43.0,3.0,5.0,5.0,3.0,2.0,3.0,3.0,3.0,3.0,2.0,2.0,,,,,,,,,,,,,,,,,,2.0,1.0,,,,,5.0,,,2.0,3.0,3.0,3.0,3.0,3.0,4.0,3.0,4.0,4.0,3.0,3.0,4.0,4.0,3.0,5.0,3.0,3.0,3.0,3.0,3.0,3.0,3.0,3.0,3.0,3.0,3.0,3.0,3.0,3.0,3.0,3.0,3.0,3.0,3.0,3.0,3.0,3.0,3.0,3.0,3.0,3.0,3.0,4.0,3.0,3.0,3.0,3.0,3.0,3.0,3.0,3.0,3.0,3.0,3.0,3.0,3.0,3.0,3.0,3.0,3.0,3.0,3.0,3.0,5.0,3.0,3.0,3.0,3.0,3.0,3.0,3.0,3.0,4.0,3.0,3.0,3.0,6.0,4.0,3.0,4.0,1.0,5.0,5.0,2.0,,2.0,2.0,2.0,2.0,3.0,1.0,2.0,3.0,2.0,2.0,4.0,2.0,1.0,2.0,2.0,1.0,2.0,1.0,2.0,1.0,1.0,1.0,1.0,1.0,1.0,1.0,1.0,1.0,1.0,1.0,1.0,2.0,2.0,6.0,6.0,2.0,2.0,2.0,2.0,1.0,,4.0,,4.0,1.0,2.0,3.0,3.0,0.965456,2.6666666666666665,3.0,5.0,3.0,2.0
1292.0,2.0,6.0,2.0,45.0,3.0,3.0,4.0,3.0,5.0,4.0,5.0,3.0,4.0,1.0,2.0,,,,,,,,,,,,,,,,,,2.0,1.0,,,,4.0,,,,1.0,4.0,3.0,4.0,4.0,5.0,4.0,4.0,5.0,3.0,4.0,3.0,3.0,4.0,3.0,5.0,4.0,4.0,4.0,5.0,5.0,3.0,3.0,4.0,2.0,3.0,5.0,4.0,4.0,5.0,3.0,4.0,4.0,3.0,3.0,5.0,4.0,5.0,5.0,4.0,5.0,3.0,3.0,4.0,3.0,5.0,4.0,3.0,4.0,4.0,3.0,5.0,4.0,5.0,3.0,3.0,4.0,3.0,5.0,3.0,3.0,3.0,5.0,4.0,4.0,5.0,3.0,4.0,2.0,3.0,5.0,4.0,4.0,5.0,3.0,3.0,4.0,7.0,3.0,4.0,3.0,1.0,4.0,5.0,3.0,,4.0,3.0,3.0,2.0,2.0,3.0,4.0,4.0,3.0,5.0,4.0,5.0,1.0,2.0,2.0,1.0,2.0,3.0,4.0,4.0,3.0,5.0,4.0,5.0,5.0,3.0,4.0,3.0,5.0,4.0,5.0,3.0,4.0,6.0,7.0,1.0,2.0,2.0,1.0,1.0,,7.0,,5.0,1.0,2.0,6.0,3.0,1.115818,2.6666666666666665,4.5,4.5,2.0,2.0
1301.0,2.0,6.0,1.0,29.0,1.0,4.0,5.0,3.0,4.0,2.0,3.0,5.0,3.0,4.0,1.0,1.0,2.0,3.0,,,,,8.0,,10.0,11.0,,,,,,,1.0,1.0,,,3.0,,5.0,,,3.0,4.0,2.0,2.0,4.0,5.0,3.0,4.0,5.0,4.0,4.0,4.0,2.0,3.0,4.0,3.0,4.0,5.0,4.0,5.0,3.0,2.0,4.0,4.0,4.0,3.0,3.0,2.0,4.0,3.0,3.0,3.0,4.0,5.0,4.0,4.0,2.0,3.0,3.0,4.0,4.0,3.0,2.0,4.0,4.0,5.0,2.0,1.0,3.0,4.0,5.0,4.0,4.0,5.0,4.0,5.0,2.0,3.0,4.0,3.0,4.0,3.0,2.0,4.0,4.0,4.0,3.0,5.0,2.0,3.0,4.0,4.0,4.0,3.0,5.0,5.0,2.0,10.0,3.0,4.0,2.0,2.0,3.0,2.0,5.0,,2.0,3.0,3.0,2.0,4.0,2.0,3.0,4.0,4.0,3.0,4.0,2.0,1.0,2.0,2.0,1.0,2.0,4.0,3.0,4.0,2.0,3.0,4.0,3.0,3.0,4.0,5.0,4.0,2.0,3.0,2.0,4.0,4.0,7.0,10.0,1.0,2.0,1.0,1.0,2.0,1.0,4.0,,4.0,2.0,1.0,3.0,3.0,1.00476,4.0,2.5,2.5,4.0,2.0
1317.0,1.0,1.0,1.0,29.0,1.0,4.0,4.0,4.0,4.0,4.0,4.0,4.0,4.0,3.0,2.0,,,,,,,,,,,,,,,,,,2.0,2.0,,,,,,,,3.0,4.0,4.0,4.0,3.0,3.0,4.0,3.0,4.0,3.0,3.0,3.0,4.0,4.0,4.0,5.0,4.0,4.0,4.0,3.0,3.0,3.0,3.0,4.0,3.0,3.0,3.0,3.0,4.0,3.0,3.0,3.0,3.0,3.0,3.0,3.0,2.0,2.0,3.0,3.0,3.0,3.0,3.0,4.0,2.0,2.0,3.0,3.0,4.0,2.0,2.0,2.0,2.0,3.0,3.0,3.0,3.0,3.0,4.0,3.0,3.0,4.0,4.0,4.0,5.0,4.0,3.0,4.0,3.0,3.0,3.0,3.0,4.0,4.0,4.0,4.0,3.0,4.0,4.0,3.0,4.0,1.0,4.0,3.0,4.0,,4.0,3.0,3.0,1.0,3.0,2.0,3.0,3.0,3.0,3.0,4.0,4.0,1.0,2.0,2.0,1.0,2.0,4.0,4.0,4.0,4.0,3.0,3.0,4.0,2.0,2.0,3.0,2.0,2.0,2.0,2.0,2.0,4.0,9.0,6.0,1.0,2.0,2.0,2.0,1.0,,4.0,,3.0,1.0,2.0,3.0,2.0,1.112248,3.6666666666666665,4.0,3.5,3.0,1.0
1349.0,1.0,1.0,1.0,35.0,2.0,5.0,5.0,5.0,5.0,2.0,2.0,2.0,3.0,3.0,1.0,1.0,2.0,3.0,4.0,5.0,,,8.0,,,,,,,,,,2.0,1.0,1.0,2.0,3.0,4.0,,,,1.0,4.0,4.0,4.0,3.0,4.0,5.0,4.0,5.0,4.0,3.0,2.0,3.0,5.0,3.0,4.0,2.0,2.0,1.0,1.0,1.0,1.0,1.0,2.0,2.0,2.0,1.0,1.0,1.0,2.0,2.0,2.0,2.0,2.0,1.0,1.0,2.0,1.0,1.0,2.0,2.0,2.0,1.0,2.0,2.0,2.0,2.0,2.0,2.0,1.0,2.0,2.0,3.0,2.0,2.0,2.0,1.0,1.0,2.0,2.0,3.0,4.0,4.0,4.0,3.0,2.0,4.0,4.0,3.0,4.0,3.0,3.0,4.0,4.0,3.0,2.0,4.0,8.0,3.0,4.0,3.0,2.0,3.0,4.0,3.0,,3.0,4.0,4.0,2.0,3.0,3.0,3.0,2.0,2.0,3.0,2.0,2.0,1.0,2.0,1.0,2.0,1.0,3.0,3.0,4.0,3.0,3.0,4.0,3.0,3.0,4.0,3.0,3.0,4.0,4.0,3.0,3.0,4.0,8.0,8.0,1.0,2.0,2.0,1.0,2.0,1.0,4.0,,3.0,2.0,1.0,3.0,2.0,1.080947,2.6666666666666665,2.0,3.5,3.0,2.0
1408.0,4.0,2.0,1.0,39.0,2.0,5.0,5.0,3.0,2.0,3.0,3.0,2.0,2.0,2.0,2.0,,,,,,,,,,,,,,,,,,2.0,1.0,,,3.0,,,,,3.0,3.0,3.0,3.0,2.0,2.0,3.0,2.0,3.0,2.0,2.0,2.0,3.0,4.0,2.0,4.0,4.0,2.0,2.0,2.0,2.0,2.0,4.0,2.0,2.0,2.0,2.0,2.0,4.0,4.0,2.0,4.0,4.0,4.0,2.0,2.0,2.0,3.0,4.0,4.0,2.0,2.0,2.0,5.0,4.0,3.0,4.0,4.0,4.0,3.0,2.0,3.0,3.0,3.0,2.0,2.0,2.0,2.0,4.0,4.0,3.0,4.0,4.0,4.0,4.0,3.0,2.0,3.0,2.0,2.0,2.0,4.0,4.0,4.0,3.0,4.0,3.0,8.0,4.0,3.0,3.0,1.0,3.0,4.0,3.0,,3.0,3.0,4.0,1.0,3.0,1.0,1.0,3.0,4.0,4.0,4.0,3.0,1.0,1.0,1.0,1.0,1.0,5.0,5.0,4.0,2.0,1.0,3.0,2.0,1.0,1.0,4.0,4.0,3.0,4.0,3.0,1.0,3.0,6.0,6.0,1.0,2.0,1.0,2.0,2.0,1.0,4.0,,2.0,2.0,1.0,3.0,1.0,0.921551,2.0,3.0,3.5,3.0,1.0
1410.0,9.0,2.0,1.0,51.0,4.0,4.0,4.0,4.0,3.0,4.0,4.0,4.0,4.0,4.0,2.0,,,,,,,,,,,,,,,,,,1.0,2.0,,,,,,,,4.0,3.0,3.0,3.0,3.0,2.0,4.0,2.0,3.0,3.0,3.0,2.0,2.0,3.0,3.0,4.0,4.0,4.0,4.0,4.0,4.0,4.0,4.0,4.0,4.0,4.0,5.0,4.0,5.0,4.0,4.0,4.0,4.0,5.0,4.0,4.0,4.0,5.0,4.0,4.0,4.0,5.0,4.0,5.0,4.0,4.0,4.0,4.0,5.0,4.0,4.0,4.0,5.0,4.0,4.0,4.0,5.0,3.0,4.0,4.0,4.0,4.0,3.0,4.0,4.0,4.0,2.0,4.0,3.0,4.0,4.0,3.0,4.0,4.0,4.0,4.0,4.0,10.0,4.0,4.0,4.0,1.0,3.0,3.0,1.0,,4.0,3.0,5.0,1.0,2.0,1.0,1.0,4.0,3.0,4.0,4.0,4.0,1.0,2.0,2.0,2.0,2.0,4.0,4.0,4.0,4.0,4.0,4.0,4.0,2.0,2.0,2.0,2.0,2.0,3.0,2.0,2.0,4.0,6.0,2.0,1.0,1.0,1.0,2.0,2.0,1.0,4.0,,4.0,2.0,1.0,3.0,3.0,1.048518,4.0,4.0,3.0,2.0,1.0
1475.0,9.0,2.0,1.0,58.0,4.0,5.0,5.0,3.0,3.0,3.0,3.0,1.0,1.0,1.0,1.0,,,3.0,,,,,,,,,,,,,,,2.0,2.0,,,,,,,,2.0,4.0,4.0,4.0,3.0,2.0,4.0,3.0,4.0,3.0,3.0,3.0,4.0,3.0,3.0,4.0,1.0,1.0,1.0,1.0,1.0,1.0,1.0,1.0,1.0,1.0,1.0,1.0,1.0,1.0,1.0,1.0,1.0,1.0,1.0,1.0,1.0,1.0,2.0,1.0,1.0,1.0,1.0,1.0,1.0,1.0,1.0,1.0,1.0,1.0,1.0,2.0,3.0,2.0,1.0,1.0,1.0,1.0,1.0,1.0,1.0,5.0,3.0,3.0,5.0,5.0,1.0,3.0,1.0,5.0,5.0,5.0,5.0,5.0,5.0,5.0,3.0,1.0,1.0,1.0,3.0,2.0,5.0,5.0,2.0,,3.0,3.0,3.0,2.0,2.0,1.0,1.0,3.0,3.0,3.0,3.0,3.0,1.0,2.0,2.0,1.0,2.0,3.0,3.0,3.0,3.0,3.0,3.0,3.0,3.0,3.0,3.0,3.0,3.0,3.0,3.0,3.0,1.0,6.0,6.0,1.0,2.0,2.0,2.0,2.0,1.0,4.0,,3.0,2.0,1.0,3.0,2.0,1.048518,1.0,3.0,5.0,2.0,2.0
1476.0,9.0,2.0,1.0,58.0,4.0,3.0,5.0,3.0,3.0,3.0,3.0,3.0,3.0,3.0,2.0,,,,,,,,,,,,,,,,,,2.0,2.0,,,,,,,,1.0,5.0,5.0,5.0,5.0,5.0,5.0,5.0,5.0,5.0,5.0,5.0,5.0,5.0,5.0,5.0,3.0,3.0,3.0,3.0,3.0,2.0,2.0,2.0,2.0,2.0,2.0,2.0,2.0,2.0,3.0,3.0,3.0,2.0,3.0,2.0,2.0,2.0,3.0,2.0,3.0,2.0,3.0,2.0,3.0,2.0,3.0,3.0,3.0,3.0,3.0,2.0,3.0,2.0,3.0,2.0,3.0,3.0,2.0,3.0,3.0,3.0,3.0,3.0,3.0,3.0,3.0,3.0,3.0,3.0,3.0,3.0,3.0,3.0,3.0,3.0,3.0,6.0,3.0,3.0,3.0,1.0,5.0,5.0,1.0,,3.0,3.0,3.0,1.0,3.0,1.0,1.0,1.0,1.0,3.0,1.0,1.0,2.0,2.0,2.0,2.0,2.0,3.0,3.0,2.0,2.0,2.0,2.0,2.0,2.0,2.0,2.0,2.0,2.0,2.0,2.0,2.0,3.0,6.0,6.0,2.0,2.0,2.0,2.0,2.0,1.0,4.0,,3.0,2.0,1.0,3.0,2.0,1.048518,3.0,3.0,5.0,3.0,1.0
1495.0,3.0,5.0,1.0,57.0,4.0,4.0,5.0,4.0,4.0,4.0,5.0,4.0,4.0,5.0,2.0,,,,,,,,,,,,,,,,,,2.0,2.0,,,,,,,,4.0,3.0,3.0,3.0,3.0,2.0,3.0,2.0,3.0,2.0,2.0,3.0,4.0,4.0,4.0,4.0,3.0,3.0,2.0,3.0,3.0,2.0,3.0,3.0,3.0,3.0,2.0,3.0,4.0,3.0,3.0,3.0,2.0,3.0,3.0,3.0,2.0,2.0,3.0,3.0,3.0,2.0,2.0,3.0,3.0,3.0,3.0,3.0,3.0,3.0,3.0,3.0,2.0,3.0,2.0,3.0,3.0,2.0,4.0,3.0,4.0,3.0,3.0,4.0,3.0,3.0,3.0,2.0,4.0,3.0,3.0,4.0,3.0,4.0,3.0,3.0,3.0,8.0,4.0,3.0,4.0,1.0,4.0,3.0,2.0,,4.0,3.0,4.0,1.0,4.0,4.0,4.0,5.0,4.0,3.0,4.0,4.0,1.0,2.0,1.0,2.0,1.0,4.0,4.0,5.0,4.0,5.0,4.0,4.0,5.0,5.0,5.0,4.0,4.0,3.0,4.0,3.0,4.0,8.0,9.0,1.0,1.0,1.0,1.0,2.0,1.0,2.0,,4.0,2.0,1.0,1.0,3.0,0.92937,4.333333333333333,4.5,3.5,4.0,1.0
1509.0,16.0,6.0,1.0,52.0,4.0,4.0,4.0,5.0,4.0,4.0,4.0,4.0,4.0,4.0,1.0,1.0,2.0,3.0,4.0,5.0,,,,,,,,,,,,,1.0,2.0,,,,,,,,4.0,4.0,4.0,3.0,4.0,4.0,4.0,2.0,3.0,4.0,2.0,2.0,4.0,4.0,4.0,4.0,4.0,4.0,5.0,4.0,4.0,4.0,5.0,5.0,5.0,4.0,4.0,4.0,5.0,4.0,3.0,4.0,4.0,5.0,4.0,5.0,4.0,5.0,5.0,5.0,5.0,4.0,4.0,5.0,4.0,4.0,4.0,4.0,4.0,4.0,4.0,4.0,4.0,4.0,4.0,4.0,4.0,4.0,4.0,4.0,4.0,4.0,4.0,4.0,4.0,5.0,2.0,3.0,4.0,2.0,4.0,2.0,3.0,2.0,4.0,4.0,4.0,9.0,4.0,2.0,4.0,1.0,4.0,4.0,2.0,,3.0,4.0,3.0,2.0,2.0,1.0,1.0,4.0,4.0,4.0,4.0,4.0,2.0,2.0,2.0,1.0,1.0,4.0,4.0,4.0,4.0,2.0,2.0,2.0,1.0,1.0,2.0,2.0,1.0,3.0,1.0,1.0,3.0,9.0,6.0,1.0,1.0,1.0,2.0,2.0,1.0,4.0,,4.0,2.0,1.0,3.0,3.0,1.044509,4.0,4.0,4.0,2.0,2.0
1520.0,16.0,6.0,1.0,52.0,4.0,5.0,5.0,5.0,4.0,4.0,4.0,4.0,5.0,4.0,1.0,1.0,2.0,3.0,4.0,,,,,,,,,13.0,,,,,1.0,1.0,,,,4.0,5.0,,,4.0,3.0,4.0,4.0,5.0,4.0,3.0,4.0,5.0,4.0,4.0,3.0,4.0,5.0,5.0,4.0,4.0,3.0,4.0,4.0,4.0,5.0,4.0,3.0,4.0,5.0,4.0,3.0,4.0,5.0,4.0,4.0,5.0,4.0,4.0,4.0,3.0,4.0,5.0,4.0,3.0,4.0,5.0,4.0,4.0,3.0,4.0,3.0,4.0,5.0,4.0,5.0,4.0,3.0,4.0,5.0,4.0,4.0,3.0,4.0,5.0,4.0,3.0,4.0,5.0,5.0,4.0,3.0,4.0,5.0,4.0,4.0,3.0,4.0,5.0,4.0,4.0,9.0,4.0,4.0,4.0,1.0,3.0,4.0,4.0,,4.0,4.0,5.0,1.0,4.0,3.0,4.0,4.0,3.0,4.0,4.0,3.0,1.0,1.0,1.0,1.0,1.0,4.0,3.0,4.0,5.0,4.0,3.0,4.0,4.0,3.0,4.0,4.0,4.0,3.0,4.0,4.0,4.0,9.0,8.0,1.0,1.0,1.0,1.0,2.0,1.0,4.0,,3.0,2.0,1.0,3.0,2.0,1.044509,4.333333333333333,4.0,3.5,4.0,1.0
1528.0,9.0,2.0,1.0,49.0,3.0,5.0,5.0,5.0,5.0,4.0,4.0,4.0,4.0,4.0,2.0,,,,,,,,,,,,,,,,,,1.0,1.0,1.0,,,,,9997.0,상업용 사이트 계정해킹,2.0,3.0,3.0,3.0,3.0,2.0,3.0,1.0,2.0,2.0,1.0,1.0,3.0,4.0,4.0,4.0,4.0,3.0,3.0,3.0,3.0,1.0,1.0,2.0,1.0,1.0,1.0,2.0,5.0,3.0,2.0,3.0,1.0,3.0,2.0,5.0,1.0,3.0,3.0,2.0,2.0,3.0,2.0,1.0,1.0,1.0,2.0,2.0,4.0,2.0,2.0,2.0,1.0,3.0,3.0,4.0,5.0,3.0,4.0,2.0,1.0,4.0,5.0,5.0,5.0,2.0,3.0,4.0,4.0,4.0,4.0,1.0,2.0,4.0,5.0,4.0,3.0,9.0,2.0,4.0,2.0,1.0,4.0,3.0,3.0,,4.0,4.0,4.0,1.0,4.0,4.0,3.0,5.0,4.0,1.0,4.0,3.0,1.0,2.0,1.0,1.0,1.0,4.0,3.0,5.0,5.0,3.0,5.0,3.0,1.0,1.0,4.0,4.0,5.0,3.0,1.0,1.0,4.0,5.0,1.0,1.0,1.0,1.0,1.0,1.0,,4.0,,4.0,1.0,2.0,3.0,3.0,1.065336,4.0,4.0,3.5,4.0,1.0
1544.0,1.0,1.0,1.0,34.0,2.0,4.0,4.0,4.0,4.0,4.0,4.0,5.0,4.0,4.0,1.0,1.0,2.0,3.0,4.0,5.0,,,,,,,,,,,,,2.0,2.0,,,,,,,,4.0,4.0,4.0,3.0,4.0,4.0,4.0,4.0,4.0,4.0,4.0,4.0,4.0,4.0,4.0,5.0,4.0,4.0,4.0,4.0,5.0,4.0,4.0,5.0,4.0,4.0,5.0,4.0,5.0,4.0,4.0,4.0,4.0,4.0,4.0,4.0,5.0,5.0,4.0,5.0,4.0,5.0,4.0,4.0,4.0,5.0,5.0,4.0,4.0,5.0,4.0,5.0,4.0,4.0,4.0,5.0,4.0,5.0,4.0,4.0,4.0,5.0,5.0,5.0,5.0,5.0,5.0,5.0,5.0,4.0,3.0,5.0,5.0,5.0,5.0,5.0,5.0,10.0,4.0,4.0,4.0,1.0,4.0,4.0,3.0,,4.0,4.0,4.0,1.0,4.0,5.0,5.0,4.0,5.0,4.0,4.0,4.0,1.0,1.0,1.0,1.0,1.0,4.0,4.0,4.0,4.0,3.0,4.0,4.0,3.0,3.0,3.0,3.0,4.0,4.0,4.0,4.0,4.0,10.0,10.0,1.0,1.0,1.0,1.0,1.0,,4.0,,3.0,1.0,2.0,3.0,2.0,1.080947,4.333333333333333,4.0,4.0,4.0,1.0
1550.0,1.0,1.0,2.0,59.0,4.0,5.0,5.0,3.0,2.0,4.0,4.0,4.0,4.0,4.0,2.0,,,,,,,,,,,,,,,,,,2.0,2.0,,,,,,,,3.0,3.0,3.0,2.0,3.0,3.0,3.0,2.0,3.0,3.0,2.0,3.0,3.0,3.0,3.0,4.0,3.0,3.0,3.0,3.0,3.0,3.0,2.0,4.0,3.0,2.0,3.0,3.0,3.0,2.0,4.0,3.0,3.0,3.0,3.0,3.0,3.0,2.0,3.0,3.0,2.0,3.0,3.0,3.0,2.0,4.0,3.0,3.0,3.0,3.0,3.0,3.0,2.0,4.0,3.0,2.0,4.0,3.0,4.0,2.0,4.0,3.0,3.0,2.0,3.0,3.0,3.0,4.0,2.0,3.0,3.0,3.0,3.0,4.0,4.0,3.0,3.0,6.0,3.0,3.0,3.0,1.0,4.0,4.0,4.0,,3.0,3.0,4.0,1.0,3.0,3.0,3.0,4.0,4.0,3.0,4.0,3.0,2.0,2.0,2.0,2.0,2.0,4.0,4.0,3.0,3.0,3.0,3.0,3.0,1.0,1.0,1.0,1.0,1.0,1.0,1.0,3.0,4.0,6.0,6.0,1.0,2.0,2.0,2.0,2.0,1.0,5.0,,4.0,2.0,1.0,4.0,3.0,1.053567,4.0,4.0,4.0,3.0,1.0
1554.0,9.0,2.0,1.0,48.0,3.0,4.0,4.0,4.0,4.0,4.0,4.0,4.0,4.0,4.0,2.0,,,,,,,,,,,,,,,,,,2.0,2.0,,,,,,,,3.0,3.0,3.0,3.0,3.0,3.0,3.0,2.0,4.0,3.0,3.0,3.0,3.0,4.0,3.0,4.0,3.0,3.0,4.0,3.0,4.0,2.0,2.0,4.0,4.0,4.0,3.0,3.0,3.0,3.0,2.0,3.0,3.0,4.0,3.0,4.0,3.0,3.0,4.0,4.0,4.0,3.0,3.0,4.0,3.0,3.0,3.0,3.0,4.0,3.0,3.0,2.0,2.0,4.0,4.0,4.0,4.0,4.0,4.0,3.0,2.0,4.0,4.0,4.0,3.0,3.0,2.0,4.0,2.0,3.0,3.0,2.0,3.0,3.0,3.0,2.0,4.0,6.0,2.0,2.0,4.0,1.0,4.0,4.0,5.0,,3.0,4.0,4.0,2.0,3.0,3.0,3.0,3.0,3.0,3.0,4.0,2.0,1.0,2.0,2.0,2.0,2.0,4.0,4.0,3.0,3.0,2.0,2.0,2.0,1.0,1.0,2.0,2.0,2.0,3.0,3.0,2.0,4.0,9.0,3.0,1.0,2.0,2.0,2.0,1.0,,4.0,,4.0,1.0,2.0,3.0,3.0,1.065336,4.0,4.0,4.0,3.0,2.0
1572.0,9.0,2.0,1.0,39.0,2.0,5.0,5.0,3.0,2.0,4.0,4.0,4.0,4.0,4.0,1.0,1.0,,3.0,,,,,,,,,,,,,,,2.0,2.0,,,,,,,,1.0,2.0,2.0,3.0,1.0,4.0,4.0,2.0,4.0,4.0,2.0,2.0,5.0,2.0,4.0,5.0,4.0,4.0,5.0,5.0,5.0,2.0,5.0,5.0,5.0,5.0,5.0,4.0,4.0,4.0,2.0,2.0,1.0,2.0,2.0,2.0,2.0,2.0,2.0,2.0,2.0,2.0,2.0,2.0,2.0,2.0,4.0,4.0,5.0,5.0,5.0,2.0,5.0,5.0,5.0,5.0,5.0,4.0,3.0,3.0,4.0,4.0,4.0,5.0,5.0,4.0,2.0,4.0,3.0,4.0,3.0,4.0,4.0,4.0,4.0,4.0,4.0,4.0,3.0,3.0,4.0,1.0,4.0,4.0,2.0,,3.0,3.0,4.0,2.0,2.0,2.0,2.0,4.0,3.0,2.0,3.0,3.0,2.0,2.0,1.0,2.0,1.0,4.0,3.0,4.0,2.0,1.0,2.0,1.0,1.0,1.0,1.0,1.0,1.0,1.0,1.0,1.0,1.0,11.0,10.0,2.0,2.0,2.0,2.0,1.0,,4.0,,3.0,1.0,2.0,3.0,2.0,0.921551,4.0,4.0,4.0,2.0,2.0
1588.0,3.0,5.0,2.0,29.0,1.0,5.0,5.0,3.0,3.0,4.0,4.0,4.0,2.0,3.0,1.0,1.0,,3.0,4.0,,,,,,,,,,,,,,2.0,1.0,,,,4.0,,,,2.0,3.0,4.0,3.0,3.0,3.0,5.0,3.0,5.0,4.0,4.0,3.0,3.0,3.0,2.0,5.0,3.0,4.0,4.0,3.0,3.0,2.0,4.0,5.0,5.0,5.0,2.0,1.0,3.0,1.0,1.0,3.0,3.0,4.0,3.0,2.0,4.0,4.0,5.0,5.0,5.0,2.0,1.0,3.0,1.0,1.0,3.0,4.0,4.0,3.0,3.0,4.0,4.0,5.0,4.0,4.0,2.0,1.0,3.0,1.0,1.0,1.0,2.0,3.0,2.0,5.0,2.0,3.0,4.0,4.0,4.0,4.0,3.0,2.0,4.0,3.0,4.0,1.0,4.0,3.0,3.0,1.0,4.0,3.0,3.0,,3.0,2.0,3.0,2.0,3.0,4.0,3.0,5.0,3.0,3.0,4.0,3.0,1.0,2.0,2.0,1.0,2.0,4.0,4.0,2.0,3.0,1.0,2.0,1.0,1.0,1.0,1.0,1.0,2.0,1.0,1.0,2.0,3.0,9.0,10.0,2.0,2.0,1.0,2.0,1.0,,4.0,,4.0,1.0,2.0,3.0,3.0,0.976825,3.0,4.0,3.5,3.0,2.0
1594.0,9.0,2.0,2.0,48.0,3.0,5.0,4.0,4.0,4.0,4.0,4.0,4.0,4.0,4.0,1.0,1.0,2.0,3.0,4.0,,,,,,,,,,,,,,2.0,2.0,,,,,,,,4.0,4.0,4.0,5.0,4.0,4.0,4.0,4.0,4.0,4.0,4.0,4.0,4.0,5.0,5.0,5.0,4.0,5.0,5.0,4.0,5.0,4.0,5.0,5.0,5.0,5.0,5.0,5.0,5.0,4.0,4.0,5.0,5.0,5.0,5.0,5.0,4.0,5.0,5.0,5.0,5.0,5.0,5.0,5.0,4.0,4.0,5.0,5.0,5.0,4.0,5.0,4.0,5.0,5.0,5.0,5.0,5.0,5.0,5.0,4.0,5.0,4.0,4.0,4.0,5.0,4.0,3.0,4.0,4.0,3.0,4.0,4.0,4.0,5.0,4.0,4.0,4.0,7.0,4.0,3.0,3.0,1.0,4.0,4.0,3.0,,4.0,4.0,4.0,1.0,4.0,4.0,4.0,4.0,4.0,4.0,4.0,4.0,2.0,2.0,2.0,2.0,2.0,4.0,4.0,4.0,4.0,3.0,4.0,3.0,3.0,3.0,3.0,3.0,3.0,3.0,3.0,3.0,3.0,7.0,7.0,2.0,2.0,2.0,2.0,2.0,1.0,4.0,,3.0,2.0,1.0,3.0,2.0,0.965456,4.0,4.0,4.0,4.0,1.0
1602.0,4.0,2.0,2.0,42.0,3.0,3.0,4.0,4.0,3.0,4.0,3.0,4.0,3.0,4.0,2.0,,,,,,,,,,,,,,,,,,2.0,1.0,,2.0,,,,,,3.0,3.0,4.0,4.0,3.0,4.0,4.0,3.0,4.0,4.0,3.0,4.0,4.0,3.0,4.0,4.0,4.0,4.0,4.0,3.0,4.0,4.0,4.0,3.0,4.0,4.0,4.0,3.0,4.0,3.0,4.0,3.0,4.0,3.0,4.0,4.0,3.0,4.0,3.0,4.0,3.0,4.0,3.0,4.0,3.0,4.0,3.0,4.0,4.0,3.0,4.0,4.0,3.0,4.0,4.0,3.0,4.0,4.0,3.0,4.0,4.0,4.0,3.0,4.0,4.0,3.0,4.0,4.0,3.0,4.0,4.0,3.0,4.0,4.0,3.0,4.0,3.0,9.0,3.0,4.0,4.0,1.0,4.0,4.0,1.0,,4.0,3.0,4.0,1.0,4.0,4.0,3.0,4.0,4.0,3.0,4.0,4.0,1.0,2.0,1.0,1.0,1.0,4.0,3.0,4.0,3.0,4.0,4.0,3.0,4.0,4.0,3.0,4.0,4.0,4.0,4.0,3.0,4.0,9.0,8.0,1.0,2.0,1.0,1.0,3.0,1.0,4.0,,4.0,3.0,1.0,3.0,3.0,0.965456,3.6666666666666665,3.5,4.0,4.0,1.0
1607.0,7.0,6.0,2.0,50.0,4.0,5.0,5.0,3.0,2.0,5.0,4.0,4.0,4.0,4.0,2.0,,,,,,,,,,,,,,,,,,2.0,2.0,,,,,,,,4.0,3.0,3.0,2.0,3.0,3.0,3.0,2.0,4.0,3.0,3.0,2.0,3.0,3.0,3.0,4.0,3.0,4.0,4.0,4.0,4.0,3.0,4.0,4.0,4.0,4.0,3.0,3.0,4.0,2.0,2.0,4.0,4.0,4.0,4.0,4.0,3.0,4.0,4.0,4.0,4.0,4.0,4.0,4.0,3.0,3.0,4.0,4.0,4.0,4.0,4.0,4.0,4.0,4.0,4.0,4.0,4.0,4.0,4.0,3.0,3.0,4.0,3.0,4.0,4.0,3.0,3.0,4.0,3.0,4.0,3.0,3.0,4.0,4.0,4.0,3.0,4.0,9.0,5.0,2.0,2.0,1.0,3.0,3.0,4.0,,4.0,4.0,4.0,1.0,4.0,2.0,2.0,4.0,3.0,3.0,4.0,3.0,2.0,2.0,2.0,2.0,2.0,4.0,4.0,1.0,2.0,1.0,1.0,2.0,1.0,1.0,1.0,1.0,1.0,4.0,2.0,1.0,4.0,11.0,1.0,2.0,2.0,1.0,2.0,2.0,1.0,5.0,,4.0,2.0,1.0,4.0,3.0,1.142237,4.0,4.5,3.0,4.0,1.0
1612.0,9.0,2.0,2.0,32.0,2.0,4.0,4.0,4.0,1.0,2.0,2.0,2.0,3.0,3.0,1.0,1.0,2.0,3.0,4.0,5.0,6.0,7.0,,,,11.0,12.0,,,,,,2.0,1.0,1.0,,3.0,4.0,,,,2.0,4.0,4.0,4.0,4.0,4.0,4.0,4.0,4.0,4.0,4.0,4.0,4.0,4.0,4.0,5.0,4.0,4.0,4.0,4.0,4.0,4.0,3.0,4.0,4.0,4.0,3.0,3.0,4.0,4.0,4.0,4.0,3.0,4.0,3.0,3.0,3.0,3.0,3.0,3.0,4.0,3.0,3.0,4.0,4.0,4.0,4.0,4.0,3.0,3.0,3.0,3.0,3.0,3.0,3.0,3.0,3.0,3.0,3.0,3.0,3.0,3.0,3.0,4.0,4.0,2.0,1.0,3.0,2.0,4.0,4.0,4.0,4.0,4.0,3.0,3.0,3.0,6.0,3.0,3.0,3.0,1.0,5.0,5.0,4.0,,2.0,2.0,2.0,2.0,3.0,2.0,2.0,4.0,4.0,3.0,4.0,2.0,1.0,2.0,2.0,2.0,2.0,2.0,2.0,2.0,2.0,2.0,2.0,2.0,1.0,1.0,1.0,1.0,1.0,1.0,1.0,1.0,1.0,6.0,6.0,2.0,2.0,2.0,2.0,1.0,,6.0,,3.0,1.0,2.0,5.0,2.0,1.051499,2.6666666666666665,2.0,5.0,3.0,2.0
1634.0,8.0,3.0,1.0,36.0,2.0,5.0,5.0,5.0,4.0,5.0,4.0,4.0,4.0,4.0,2.0,,,,,,,,,,,,,,,,,,2.0,2.0,,,,,,,,2.0,3.0,3.0,3.0,3.0,3.0,3.0,2.0,3.0,2.0,2.0,2.0,2.0,5.0,4.0,5.0,4.0,4.0,4.0,4.0,4.0,4.0,4.0,4.0,4.0,4.0,5.0,5.0,5.0,4.0,5.0,4.0,4.0,4.0,4.0,4.0,4.0,4.0,4.0,4.0,4.0,4.0,5.0,5.0,4.0,5.0,4.0,4.0,4.0,4.0,4.0,4.0,3.0,4.0,4.0,5.0,4.0,5.0,5.0,4.0,5.0,3.0,4.0,3.0,4.0,3.0,3.0,4.0,4.0,3.0,3.0,3.0,4.0,3.0,4.0,3.0,4.0,6.0,3.0,4.0,4.0,1.0,4.0,4.0,2.0,,4.0,3.0,4.0,2.0,3.0,4.0,3.0,3.0,1.0,1.0,2.0,3.0,1.0,1.0,2.0,1.0,2.0,4.0,5.0,4.0,3.0,2.0,4.0,1.0,1.0,2.0,1.0,1.0,1.0,1.0,1.0,3.0,3.0,7.0,6.0,1.0,2.0,1.0,1.0,1.0,,4.0,,4.0,1.0,2.0,3.0,3.0,0.865768,4.0,4.5,4.0,3.0,2.0
1646.0,9.0,2.0,2.0,26.0,1.0,4.0,5.0,3.0,3.0,4.0,4.0,4.0,4.0,4.0,2.0,,,,,,,,,,,,,,,,,,2.0,2.0,,,,,,,,3.0,3.0,4.0,2.0,2.0,2.0,2.0,1.0,3.0,2.0,1.0,2.0,3.0,4.0,2.0,5.0,4.0,4.0,4.0,3.0,4.0,2.0,4.0,4.0,4.0,4.0,3.0,3.0,4.0,2.0,2.0,4.0,4.0,4.0,3.0,4.0,2.0,4.0,4.0,4.0,4.0,2.0,2.0,2.0,2.0,1.0,3.0,4.0,4.0,3.0,4.0,2.0,4.0,4.0,4.0,4.0,4.0,3.0,3.0,2.0,1.0,2.0,3.0,2.0,2.0,4.0,4.0,3.0,4.0,2.0,2.0,3.0,3.0,4.0,1.0,2.0,3.0,10.0,3.0,1.0,4.0,2.0,3.0,2.0,3.0,,3.0,4.0,4.0,1.0,4.0,3.0,3.0,4.0,4.0,3.0,4.0,3.0,2.0,2.0,2.0,2.0,2.0,4.0,4.0,4.0,4.0,4.0,2.0,2.0,1.0,1.0,3.0,4.0,1.0,1.0,1.0,1.0,4.0,2.0,2.0,2.0,2.0,2.0,2.0,1.0,,7.0,,4.0,1.0,2.0,6.0,3.0,1.026542,4.0,4.0,2.5,4.0,1.0
1648.0,9.0,2.0,1.0,43.0,3.0,4.0,4.0,3.0,3.0,3.0,3.0,3.0,3.0,3.0,2.0,,,,,,,,,,,,,,,,,,2.0,1.0,,,,4.0,5.0,,,2.0,3.0,3.0,3.0,3.0,3.0,3.0,3.0,4.0,4.0,3.0,3.0,4.0,4.0,3.0,4.0,3.0,3.0,3.0,3.0,3.0,3.0,3.0,3.0,3.0,3.0,3.0,4.0,3.0,4.0,4.0,4.0,4.0,3.0,3.0,3.0,3.0,3.0,4.0,4.0,4.0,3.0,3.0,4.0,4.0,3.0,4.0,4.0,4.0,4.0,4.0,3.0,4.0,4.0,4.0,4.0,3.0,4.0,4.0,4.0,3.0,4.0,4.0,4.0,5.0,4.0,3.0,3.0,3.0,3.0,3.0,3.0,3.0,3.0,3.0,3.0,3.0,5.0,4.0,4.0,3.0,1.0,4.0,4.0,2.0,,3.0,2.0,4.0,2.0,2.0,1.0,1.0,3.0,3.0,3.0,3.0,2.0,1.0,2.0,1.0,1.0,1.0,3.0,3.0,2.0,2.0,2.0,2.0,2.0,2.0,2.0,2.0,1.0,2.0,2.0,2.0,2.0,3.0,5.0,6.0,1.0,1.0,1.0,1.0,2.0,1.0,2.0,,3.0,2.0,1.0,1.0,2.0,1.065336,3.0,3.0,4.0,2.0,2.0
1679.0,9.0,2.0,1.0,50.0,4.0,5.0,5.0,4.0,4.0,3.0,3.0,3.0,4.0,3.0,2.0,,,,,,,,,,,,,,,,,,1.0,2.0,,,,,,,,3.0,3.0,2.0,2.0,3.0,3.0,4.0,3.0,4.0,2.0,1.0,2.0,3.0,4.0,2.0,4.0,3.0,3.0,4.0,3.0,2.0,3.0,5.0,5.0,4.0,5.0,3.0,3.0,4.0,2.0,3.0,3.0,3.0,5.0,3.0,3.0,3.0,3.0,5.0,4.0,3.0,3.0,3.0,4.0,3.0,4.0,3.0,4.0,5.0,4.0,3.0,4.0,4.0,5.0,4.0,5.0,5.0,4.0,5.0,4.0,3.0,2.0,3.0,4.0,4.0,3.0,1.0,4.0,2.0,4.0,4.0,4.0,4.0,5.0,4.0,4.0,4.0,7.0,3.0,2.0,4.0,1.0,4.0,4.0,1.0,,3.0,4.0,3.0,2.0,3.0,1.0,2.0,4.0,2.0,3.0,5.0,3.0,1.0,2.0,2.0,1.0,1.0,5.0,5.0,4.0,4.0,3.0,4.0,3.0,1.0,1.0,3.0,2.0,1.0,3.0,1.0,2.0,4.0,6.0,5.0,1.0,2.0,1.0,2.0,2.0,1.0,4.0,,3.0,2.0,1.0,3.0,2.0,1.048518,3.3333333333333335,3.0,4.0,3.0,2.0
1684.0,15.0,5.0,2.0,38.0,2.0,5.0,5.0,3.0,2.0,4.0,4.0,4.0,4.0,3.0,2.0,,,,,,,,,,,,,,,,,,2.0,2.0,,,,,,,,4.0,4.0,4.0,4.0,4.0,4.0,5.0,4.0,5.0,5.0,5.0,4.0,5.0,4.0,4.0,4.0,4.0,4.0,4.0,4.0,4.0,4.0,4.0,4.0,4.0,4.0,4.0,4.0,4.0,4.0,4.0,4.0,4.0,4.0,3.0,3.0,4.0,3.0,3.0,3.0,4.0,4.0,3.0,3.0,3.0,3.0,3.0,4.0,4.0,3.0,4.0,4.0,3.0,4.0,4.0,4.0,4.0,4.0,4.0,3.0,3.0,4.0,4.0,4.0,4.0,3.0,2.0,4.0,3.0,3.0,4.0,2.0,3.0,5.0,4.0,5.0,4.0,5.0,4.0,4.0,4.0,1.0,4.0,4.0,4.0,,4.0,3.0,3.0,2.0,3.0,3.0,3.0,4.0,3.0,3.0,4.0,3.0,2.0,2.0,2.0,2.0,2.0,3.0,3.0,2.0,2.0,2.0,2.0,3.0,2.0,2.0,2.0,2.0,3.0,3.0,3.0,2.0,3.0,4.0,4.0,2.0,2.0,2.0,2.0,2.0,1.0,5.0,,4.0,2.0,1.0,4.0,3.0,1.024093,3.6666666666666665,4.0,4.0,3.0,2.0
1699.0,7.0,6.0,1.0,39.0,2.0,5.0,5.0,5.0,5.0,3.0,3.0,3.0,4.0,2.0,1.0,1.0,2.0,3.0,4.0,,,,,,,,,,,,,,2.0,1.0,,,,4.0,,,,3.0,4.0,3.0,3.0,3.0,3.0,3.0,3.0,3.0,4.0,3.0,3.0,4.0,3.0,3.0,4.0,3.0,3.0,3.0,3.0,3.0,3.0,3.0,3.0,3.0,3.0,3.0,3.0,3.0,3.0,3.0,2.0,2.0,2.0,2.0,2.0,2.0,2.0,2.0,2.0,2.0,2.0,1.0,2.0,2.0,2.0,2.0,2.0,2.0,2.0,3.0,3.0,2.0,2.0,2.0,3.0,2.0,2.0,2.0,2.0,1.0,4.0,3.0,4.0,3.0,3.0,3.0,4.0,3.0,4.0,3.0,4.0,4.0,3.0,3.0,3.0,4.0,6.0,4.0,3.0,3.0,1.0,4.0,4.0,3.0,,3.0,3.0,4.0,2.0,3.0,3.0,3.0,3.0,3.0,2.0,2.0,2.0,1.0,2.0,2.0,2.0,2.0,4.0,4.0,3.0,4.0,1.0,3.0,1.0,1.0,1.0,1.0,1.0,1.0,3.0,1.0,1.0,3.0,7.0,7.0,2.0,2.0,2.0,2.0,2.0,1.0,4.0,,4.0,2.0,1.0,3.0,3.0,0.80892,3.0,3.0,4.0,3.0,2.0
1711.0,1.0,1.0,1.0,33.0,2.0,5.0,5.0,4.0,3.0,5.0,5.0,4.0,4.0,4.0,2.0,,,,,,,,,,,,,,,,,,2.0,2.0,,,,,,,,4.0,3.0,3.0,3.0,3.0,3.0,4.0,3.0,3.0,3.0,3.0,4.0,4.0,5.0,4.0,5.0,3.0,3.0,4.0,3.0,4.0,3.0,3.0,4.0,4.0,4.0,5.0,3.0,5.0,3.0,3.0,2.0,2.0,2.0,2.0,2.0,2.0,2.0,3.0,2.0,2.0,3.0,2.0,4.0,3.0,2.0,4.0,4.0,4.0,4.0,4.0,4.0,4.0,4.0,4.0,4.0,5.0,5.0,5.0,4.0,3.0,2.0,2.0,3.0,4.0,1.0,1.0,3.0,2.0,2.0,3.0,2.0,3.0,4.0,4.0,2.0,2.0,8.0,4.0,3.0,4.0,1.0,4.0,4.0,2.0,,3.0,3.0,4.0,1.0,4.0,4.0,3.0,4.0,2.0,3.0,4.0,3.0,1.0,1.0,2.0,1.0,2.0,4.0,4.0,4.0,4.0,3.0,4.0,3.0,2.0,1.0,3.0,3.0,4.0,4.0,4.0,1.0,3.0,8.0,3.0,1.0,1.0,1.0,2.0,2.0,2.0,4.0,,3.0,2.0,2.0,3.0,2.0,1.080947,4.0,5.0,4.0,4.0,1.0
1739.0,9.0,2.0,2.0,53.0,4.0,4.0,5.0,3.0,4.0,3.0,2.0,3.0,3.0,3.0,2.0,,,,,,,,,,,,,,,,,,2.0,2.0,,,,,,,,1.0,4.0,4.0,4.0,3.0,3.0,3.0,2.0,4.0,4.0,3.0,3.0,4.0,4.0,4.0,5.0,3.0,4.0,4.0,3.0,2.0,3.0,3.0,4.0,3.0,3.0,3.0,3.0,4.0,4.0,3.0,3.0,4.0,4.0,3.0,3.0,3.0,2.0,3.0,3.0,3.0,2.0,3.0,5.0,4.0,3.0,4.0,4.0,3.0,3.0,2.0,3.0,3.0,3.0,3.0,2.0,3.0,4.0,4.0,4.0,3.0,4.0,5.0,4.0,4.0,5.0,3.0,4.0,3.0,4.0,3.0,2.0,1.0,5.0,4.0,4.0,3.0,2.0,3.0,3.0,3.0,1.0,3.0,3.0,2.0,,4.0,3.0,3.0,2.0,3.0,2.0,1.0,3.0,1.0,2.0,4.0,2.0,1.0,2.0,2.0,1.0,2.0,2.0,2.0,1.0,1.0,1.0,2.0,1.0,1.0,1.0,1.0,1.0,2.0,3.0,1.0,1.0,3.0,8.0,7.0,2.0,2.0,2.0,2.0,1.0,,3.0,,5.0,1.0,2.0,2.0,3.0,1.05617,3.0,2.5,3.0,3.0,2.0
1747.0,14.0,4.0,1.0,54.0,4.0,4.0,4.0,3.0,3.0,4.0,4.0,3.0,3.0,3.0,2.0,,,,,,,,,,,,,,,,,,2.0,2.0,,,,,,,,2.0,3.0,3.0,2.0,2.0,3.0,3.0,2.0,4.0,4.0,3.0,3.0,4.0,4.0,3.0,4.0,3.0,3.0,3.0,3.0,3.0,3.0,3.0,4.0,4.0,4.0,2.0,2.0,4.0,1.0,3.0,3.0,3.0,3.0,3.0,3.0,3.0,3.0,4.0,4.0,4.0,2.0,2.0,4.0,1.0,3.0,3.0,3.0,3.0,3.0,3.0,3.0,3.0,4.0,4.0,4.0,2.0,2.0,4.0,2.0,3.0,4.0,4.0,3.0,3.0,3.0,2.0,3.0,3.0,3.0,3.0,3.0,4.0,3.0,4.0,4.0,3.0,5.0,2.0,3.0,3.0,1.0,4.0,4.0,1.0,,2.0,3.0,4.0,2.0,2.0,1.0,1.0,1.0,1.0,1.0,5.0,1.0,1.0,2.0,1.0,1.0,2.0,4.0,4.0,2.0,2.0,2.0,4.0,2.0,2.0,2.0,3.0,2.0,2.0,4.0,2.0,3.0,3.0,10.0,4.0,2.0,2.0,2.0,2.0,2.0,1.0,4.0,,3.0,2.0,1.0,3.0,2.0,1.073801,3.0,4.0,4.0,2.0,2.0
1751.0,12.0,3.0,2.0,52.0,4.0,5.0,5.0,3.0,1.0,3.0,3.0,3.0,3.0,4.0,2.0,,,,,,,,,,,,,,,,,,2.0,2.0,,,,,,,,3.0,2.0,2.0,2.0,2.0,2.0,3.0,2.0,2.0,1.0,1.0,1.0,2.0,3.0,2.0,2.0,1.0,1.0,1.0,1.0,1.0,1.0,1.0,1.0,1.0,1.0,1.0,3.0,3.0,2.0,2.0,1.0,1.0,1.0,1.0,1.0,1.0,1.0,1.0,1.0,1.0,1.0,2.0,2.0,2.0,2.0,1.0,1.0,1.0,1.0,1.0,1.0,1.0,1.0,1.0,1.0,1.0,3.0,3.0,3.0,3.0,5.0,3.0,3.0,4.0,4.0,2.0,4.0,3.0,4.0,4.0,5.0,4.0,5.0,3.0,4.0,5.0,9.0,5.0,3.0,3.0,1.0,2.0,3.0,1.0,,3.0,3.0,3.0,2.0,2.0,1.0,2.0,4.0,3.0,3.0,4.0,2.0,2.0,2.0,2.0,1.0,2.0,1.0,3.0,1.0,1.0,1.0,1.0,1.0,1.0,1.0,1.0,1.0,1.0,1.0,1.0,1.0,2.0,11.0,8.0,2.0,2.0,2.0,2.0,2.0,2.0,5.0,,4.0,2.0,2.0,4.0,3.0,0.976223,3.3333333333333335,3.0,2.5,2.0,2.0
1760.0,15.0,5.0,2.0,50.0,4.0,5.0,5.0,4.0,3.0,4.0,2.0,4.0,4.0,4.0,2.0,,,,,,,,,,,,,,,,,,2.0,2.0,,,,,,,,2.0,4.0,3.0,4.0,3.0,3.0,3.0,3.0,4.0,3.0,3.0,2.0,4.0,3.0,3.0,4.0,3.0,4.0,5.0,3.0,2.0,3.0,5.0,4.0,5.0,4.0,2.0,3.0,5.0,2.0,2.0,5.0,4.0,5.0,4.0,2.0,2.0,2.0,4.0,5.0,5.0,3.0,2.0,5.0,2.0,3.0,4.0,4.0,5.0,3.0,2.0,3.0,2.0,5.0,5.0,5.0,2.0,2.0,5.0,2.0,3.0,4.0,3.0,5.0,5.0,4.0,2.0,3.0,2.0,4.0,3.0,4.0,4.0,2.0,2.0,2.0,4.0,10.0,2.0,2.0,2.0,1.0,4.0,2.0,4.0,,4.0,4.0,4.0,1.0,3.0,2.0,3.0,4.0,2.0,2.0,4.0,4.0,1.0,2.0,1.0,1.0,1.0,4.0,4.0,4.0,4.0,3.0,2.0,4.0,2.0,4.0,4.0,3.0,2.0,4.0,3.0,2.0,4.0,9.0,2.0,1.0,1.0,1.0,1.0,2.0,1.0,4.0,,4.0,2.0,1.0,3.0,3.0,1.111192,4.0,3.0,3.0,3.0,1.0
1766.0,1.0,1.0,2.0,51.0,4.0,3.0,3.0,3.0,4.0,4.0,4.0,3.0,3.0,3.0,2.0,,,,,,,,,,,,,,,,,,2.0,1.0,1.0,,,,5.0,,,2.0,3.0,3.0,3.0,3.0,3.0,4.0,3.0,3.0,3.0,3.0,2.0,3.0,4.0,4.0,4.0,4.0,4.0,4.0,4.0,4.0,4.0,4.0,4.0,4.0,4.0,4.0,4.0,5.0,3.0,3.0,4.0,3.0,4.0,3.0,4.0,4.0,4.0,3.0,4.0,4.0,4.0,4.0,5.0,4.0,4.0,4.0,4.0,4.0,4.0,3.0,4.0,3.0,4.0,4.0,4.0,4.0,4.0,5.0,3.0,4.0,4.0,3.0,3.0,4.0,3.0,3.0,3.0,3.0,4.0,3.0,4.0,3.0,5.0,3.0,3.0,3.0,8.0,3.0,2.0,2.0,1.0,4.0,3.0,1.0,,3.0,3.0,2.0,2.0,3.0,1.0,2.0,3.0,2.0,2.0,4.0,3.0,2.0,2.0,2.0,2.0,2.0,4.0,4.0,3.0,4.0,4.0,3.0,3.0,4.0,4.0,4.0,4.0,4.0,3.0,4.0,4.0,3.0,6.0,6.0,2.0,2.0,2.0,2.0,2.0,2.0,3.0,,4.0,2.0,2.0,2.0,3.0,1.053567,3.0,4.0,3.5,3.0,2.0
1771.0,9.0,2.0,1.0,43.0,3.0,5.0,5.0,4.0,4.0,3.0,3.0,2.0,3.0,3.0,1.0,1.0,2.0,3.0,4.0,5.0,,,,,,,12.0,13.0,,,,,2.0,2.0,,,,,,,,3.0,4.0,4.0,3.0,4.0,4.0,5.0,3.0,5.0,4.0,4.0,4.0,4.0,4.0,4.0,5.0,3.0,3.0,4.0,3.0,3.0,3.0,3.0,3.0,4.0,3.0,3.0,3.0,4.0,4.0,3.0,3.0,4.0,3.0,3.0,4.0,3.0,4.0,4.0,4.0,3.0,4.0,4.0,4.0,4.0,3.0,3.0,3.0,4.0,3.0,4.0,4.0,3.0,4.0,4.0,4.0,4.0,4.0,4.0,4.0,3.0,3.0,3.0,4.0,4.0,3.0,2.0,4.0,3.0,2.0,3.0,3.0,3.0,4.0,3.0,3.0,3.0,9.0,3.0,4.0,3.0,1.0,4.0,3.0,1.0,,3.0,2.0,3.0,1.0,3.0,3.0,4.0,3.0,3.0,2.0,3.0,3.0,2.0,2.0,2.0,2.0,2.0,3.0,4.0,3.0,3.0,2.0,2.0,2.0,1.0,2.0,1.0,1.0,3.0,3.0,1.0,2.0,3.0,11.0,3.0,1.0,2.0,1.0,2.0,2.0,1.0,3.0,,4.0,2.0,1.0,2.0,3.0,1.065336,2.6666666666666665,3.0,3.5,3.0,1.0
1777.0,1.0,1.0,2.0,45.0,3.0,4.0,5.0,3.0,2.0,3.0,2.0,1.0,1.0,1.0,2.0,,,,,,,,,,,,,,,,,,2.0,2.0,,,,,,,,3.0,4.0,3.0,2.0,4.0,3.0,4.0,2.0,4.0,4.0,3.0,2.0,4.0,3.0,3.0,4.0,1.0,1.0,1.0,1.0,1.0,1.0,2.0,2.0,1.0,1.0,1.0,2.0,3.0,2.0,1.0,1.0,1.0,1.0,1.0,1.0,1.0,1.0,2.0,1.0,1.0,1.0,2.0,2.0,1.0,1.0,2.0,2.0,2.0,2.0,3.0,2.0,2.0,3.0,3.0,2.0,2.0,2.0,3.0,2.0,1.0,4.0,3.0,4.0,5.0,2.0,1.0,2.0,2.0,3.0,2.0,1.0,3.0,3.0,1.0,1.0,3.0,6.0,3.0,2.0,3.0,1.0,5.0,5.0,2.0,,3.0,3.0,3.0,2.0,2.0,1.0,1.0,3.0,2.0,2.0,3.0,2.0,2.0,2.0,2.0,1.0,2.0,3.0,2.0,3.0,2.0,3.0,1.0,1.0,1.0,1.0,1.0,1.0,1.0,1.0,1.0,1.0,1.0,10.0,6.0,1.0,2.0,2.0,2.0,1.0,,4.0,,4.0,1.0,2.0,3.0,3.0,1.098998,1.0,2.5,5.0,2.0,2.0
1787.0,10.0,3.0,2.0,48.0,3.0,5.0,5.0,5.0,4.0,4.0,4.0,1.0,3.0,1.0,2.0,,,,,,,,,,,,,,,,,,2.0,1.0,,,,,5.0,,,1.0,4.0,4.0,3.0,4.0,3.0,4.0,3.0,5.0,4.0,3.0,3.0,2.0,3.0,4.0,4.0,5.0,4.0,4.0,3.0,5.0,5.0,4.0,4.0,3.0,3.0,2.0,3.0,3.0,3.0,4.0,1.0,2.0,2.0,1.0,2.0,2.0,2.0,2.0,3.0,2.0,2.0,1.0,1.0,1.0,1.0,1.0,1.0,1.0,1.0,2.0,1.0,1.0,1.0,1.0,1.0,2.0,1.0,1.0,1.0,2.0,3.0,2.0,4.0,4.0,3.0,3.0,4.0,4.0,2.0,3.0,3.0,4.0,3.0,3.0,4.0,3.0,6.0,2.0,2.0,3.0,2.0,5.0,3.0,4.0,,1.0,1.0,1.0,2.0,1.0,3.0,2.0,1.0,2.0,1.0,3.0,2.0,2.0,2.0,2.0,2.0,2.0,2.0,1.0,1.0,2.0,2.0,2.0,1.0,1.0,2.0,2.0,2.0,1.0,2.0,2.0,2.0,3.0,11.0,11.0,2.0,2.0,2.0,2.0,1.0,,7.0,,3.0,1.0,2.0,6.0,2.0,0.951541,1.6666666666666667,4.0,4.0,1.0,2.0
1801.0,4.0,2.0,2.0,40.0,3.0,3.0,3.0,3.0,3.0,3.0,3.0,3.0,3.0,2.0,2.0,,,,,,,,,,,,,,,,,,1.0,2.0,,,,,,,,3.0,2.0,2.0,2.0,2.0,3.0,3.0,3.0,3.0,3.0,3.0,3.0,2.0,2.0,2.0,2.0,2.0,2.0,2.0,2.0,3.0,3.0,3.0,3.0,3.0,3.0,3.0,2.0,2.0,2.0,2.0,2.0,2.0,2.0,2.0,3.0,3.0,3.0,3.0,3.0,3.0,2.0,2.0,2.0,2.0,2.0,2.0,2.0,2.0,2.0,2.0,2.0,2.0,2.0,2.0,3.0,3.0,3.0,3.0,3.0,3.0,1.0,1.0,1.0,1.0,2.0,2.0,2.0,2.0,2.0,2.0,2.0,2.0,2.0,2.0,2.0,2.0,7.0,3.0,3.0,3.0,2.0,3.0,3.0,4.0,,1.0,1.0,2.0,2.0,2.0,1.0,1.0,1.0,2.0,2.0,2.0,2.0,2.0,2.0,2.0,2.0,1.0,2.0,2.0,2.0,2.0,2.0,2.0,2.0,2.0,3.0,3.0,3.0,3.0,3.0,3.0,3.0,3.0,6.0,6.0,1.0,1.0,1.0,1.0,2.0,2.0,3.0,,3.0,2.0,2.0,2.0,2.0,0.965456,2.6666666666666665,3.0,3.0,2.0,2.0
1815.0,9.0,2.0,2.0,41.0,3.0,5.0,5.0,3.0,1.0,3.0,3.0,3.0,2.0,2.0,2.0,,,,,,,,,,,,,,,,,,2.0,2.0,,,,,,,,1.0,4.0,4.0,3.0,4.0,3.0,4.0,3.0,4.0,4.0,2.0,3.0,4.0,4.0,4.0,5.0,4.0,4.0,3.0,4.0,3.0,3.0,3.0,4.0,3.0,3.0,3.0,3.0,3.0,3.0,3.0,3.0,3.0,4.0,3.0,3.0,3.0,3.0,4.0,4.0,3.0,3.0,3.0,4.0,4.0,3.0,3.0,3.0,3.0,3.0,3.0,3.0,3.0,3.0,3.0,3.0,3.0,3.0,3.0,3.0,3.0,3.0,2.0,2.0,4.0,3.0,2.0,3.0,2.0,3.0,3.0,2.0,3.0,4.0,3.0,2.0,3.0,7.0,4.0,3.0,3.0,1.0,5.0,4.0,5.0,,3.0,3.0,3.0,2.0,3.0,2.0,2.0,3.0,3.0,2.0,3.0,2.0,2.0,2.0,2.0,2.0,2.0,3.0,4.0,2.0,2.0,1.0,2.0,1.0,1.0,1.0,1.0,1.0,3.0,2.0,1.0,1.0,3.0,6.0,7.0,2.0,2.0,2.0,2.0,2.0,1.0,5.0,,4.0,2.0,1.0,4.0,3.0,0.965456,2.3333333333333335,3.0,4.5,3.0,2.0
1853.0,12.0,3.0,1.0,43.0,3.0,5.0,5.0,4.0,4.0,4.0,4.0,4.0,4.0,4.0,1.0,1.0,2.0,3.0,,5.0,,,,,,,,,,,,,2.0,1.0,1.0,,3.0,,5.0,,,2.0,4.0,4.0,5.0,4.0,4.0,4.0,4.0,5.0,5.0,5.0,3.0,4.0,5.0,4.0,5.0,5.0,5.0,5.0,5.0,5.0,5.0,5.0,5.0,5.0,5.0,3.0,5.0,5.0,3.0,5.0,2.0,2.0,2.0,2.0,2.0,2.0,2.0,2.0,2.0,2.0,1.0,1.0,2.0,1.0,1.0,5.0,5.0,5.0,5.0,5.0,5.0,5.0,5.0,5.0,5.0,4.0,4.0,5.0,4.0,4.0,4.0,2.0,1.0,3.0,4.0,4.0,4.0,3.0,3.0,3.0,2.0,2.0,3.0,3.0,4.0,3.0,7.0,4.0,2.0,2.0,1.0,4.0,4.0,2.0,,3.0,2.0,4.0,2.0,3.0,2.0,3.0,4.0,3.0,2.0,4.0,3.0,2.0,2.0,2.0,2.0,2.0,4.0,4.0,4.0,4.0,3.0,1.0,1.0,1.0,1.0,3.0,1.0,3.0,4.0,4.0,1.0,4.0,7.0,5.0,2.0,2.0,2.0,2.0,2.0,1.0,3.0,,4.0,2.0,1.0,2.0,3.0,0.776027,4.0,4.0,4.0,3.0,2.0
1857.0,2.0,6.0,1.0,48.0,3.0,5.0,5.0,4.0,4.0,4.0,4.0,4.0,4.0,4.0,2.0,,,,,,,,,,,,,,,,,,1.0,1.0,1.0,2.0,,4.0,,,,2.0,3.0,3.0,3.0,3.0,3.0,4.0,3.0,3.0,3.0,3.0,3.0,4.0,4.0,3.0,4.0,3.0,3.0,4.0,3.0,3.0,4.0,3.0,4.0,3.0,3.0,3.0,4.0,4.0,3.0,3.0,4.0,4.0,3.0,3.0,3.0,3.0,3.0,3.0,3.0,4.0,3.0,4.0,4.0,3.0,3.0,3.0,4.0,4.0,4.0,3.0,3.0,3.0,3.0,3.0,4.0,4.0,4.0,4.0,4.0,3.0,3.0,3.0,4.0,4.0,3.0,2.0,3.0,3.0,3.0,4.0,3.0,3.0,3.0,3.0,4.0,3.0,6.0,2.0,3.0,4.0,1.0,4.0,4.0,3.0,,3.0,4.0,3.0,2.0,3.0,2.0,3.0,4.0,3.0,2.0,2.0,2.0,1.0,2.0,1.0,2.0,1.0,4.0,4.0,3.0,4.0,4.0,3.0,3.0,3.0,4.0,3.0,3.0,3.0,4.0,3.0,3.0,4.0,6.0,6.0,1.0,1.0,1.0,2.0,3.0,1.0,4.0,,4.0,3.0,1.0,3.0,3.0,0.846161,4.0,4.0,4.0,3.0,2.0
1878.0,16.0,6.0,2.0,59.0,4.0,4.0,4.0,4.0,3.0,4.0,3.0,4.0,4.0,3.0,2.0,,,,,,,,,,,,,,,,,,2.0,2.0,,,,,,,,2.0,4.0,4.0,4.0,3.0,3.0,4.0,3.0,4.0,4.0,4.0,4.0,5.0,5.0,4.0,5.0,4.0,4.0,4.0,4.0,4.0,4.0,4.0,4.0,4.0,4.0,4.0,5.0,5.0,3.0,5.0,5.0,5.0,4.0,3.0,4.0,5.0,4.0,4.0,5.0,5.0,5.0,5.0,5.0,3.0,5.0,5.0,5.0,4.0,3.0,4.0,3.0,5.0,5.0,5.0,5.0,5.0,5.0,5.0,2.0,5.0,4.0,3.0,3.0,4.0,4.0,3.0,4.0,3.0,4.0,4.0,3.0,4.0,4.0,3.0,4.0,4.0,6.0,2.0,2.0,5.0,1.0,5.0,5.0,4.0,,2.0,2.0,4.0,2.0,4.0,1.0,1.0,4.0,2.0,3.0,4.0,3.0,2.0,2.0,2.0,1.0,2.0,3.0,4.0,3.0,3.0,3.0,3.0,3.0,2.0,2.0,3.0,2.0,2.0,4.0,1.0,2.0,3.0,6.0,6.0,2.0,2.0,2.0,2.0,2.0,1.0,5.0,,4.0,2.0,1.0,4.0,3.0,1.142237,3.6666666666666665,3.5,5.0,4.0,2.0
1909.0,9.0,2.0,2.0,57.0,4.0,5.0,4.0,4.0,5.0,4.0,3.0,3.0,4.0,3.0,2.0,,,,,,,,,,,,,,,,,,2.0,2.0,,,,,,,,2.0,4.0,5.0,3.0,3.0,2.0,4.0,2.0,5.0,4.0,3.0,2.0,5.0,4.0,3.0,5.0,4.0,5.0,3.0,4.0,3.0,5.0,3.0,5.0,4.0,2.0,3.0,5.0,4.0,3.0,5.0,4.0,5.0,3.0,4.0,3.0,5.0,2.0,3.0,4.0,5.0,3.0,5.0,4.0,3.0,5.0,4.0,5.0,3.0,4.0,3.0,5.0,4.0,5.0,5.0,3.0,2.0,5.0,4.0,3.0,5.0,2.0,3.0,5.0,4.0,5.0,2.0,4.0,3.0,2.0,3.0,5.0,3.0,5.0,5.0,4.0,3.0,6.0,2.0,2.0,3.0,1.0,4.0,5.0,4.0,,3.0,2.0,4.0,2.0,3.0,3.0,4.0,3.0,2.0,3.0,4.0,3.0,2.0,2.0,2.0,1.0,2.0,3.0,4.0,3.0,2.0,2.0,3.0,2.0,1.0,1.0,3.0,1.0,2.0,5.0,3.0,2.0,4.0,5.0,7.0,2.0,2.0,1.0,2.0,2.0,1.0,4.0,,4.0,2.0,1.0,3.0,3.0,1.05617,3.3333333333333335,3.5,4.5,3.0,2.0
1915.0,16.0,6.0,1.0,38.0,2.0,5.0,5.0,5.0,5.0,5.0,5.0,5.0,5.0,5.0,2.0,,,,,,,,,,,,,,,,,,2.0,1.0,,,,4.0,,,,3.0,5.0,5.0,4.0,4.0,4.0,5.0,4.0,4.0,4.0,1.0,1.0,3.0,3.0,3.0,3.0,5.0,5.0,5.0,5.0,5.0,5.0,5.0,5.0,5.0,5.0,5.0,5.0,5.0,5.0,5.0,5.0,5.0,5.0,5.0,5.0,5.0,5.0,5.0,5.0,5.0,5.0,5.0,5.0,5.0,5.0,5.0,5.0,5.0,5.0,5.0,5.0,5.0,5.0,5.0,5.0,5.0,5.0,5.0,5.0,5.0,5.0,5.0,3.0,5.0,5.0,3.0,5.0,5.0,3.0,3.0,5.0,3.0,5.0,5.0,5.0,5.0,11.0,5.0,1.0,3.0,2.0,3.0,3.0,1.0,,3.0,3.0,3.0,2.0,3.0,1.0,1.0,3.0,3.0,1.0,1.0,1.0,1.0,2.0,2.0,1.0,2.0,5.0,5.0,5.0,5.0,5.0,5.0,5.0,1.0,1.0,5.0,5.0,5.0,5.0,1.0,1.0,3.0,6.0,6.0,2.0,2.0,2.0,2.0,2.0,1.0,4.0,,4.0,2.0,1.0,3.0,3.0,0.80892,5.0,5.0,3.0,3.0,2.0
1940.0,4.0,2.0,2.0,57.0,4.0,5.0,5.0,3.0,3.0,3.0,3.0,3.0,3.0,3.0,2.0,,,,,,,,,,,,,,,,,,2.0,1.0,,,,4.0,5.0,,,2.0,4.0,4.0,4.0,3.0,4.0,4.0,2.0,3.0,3.0,2.0,3.0,4.0,3.0,4.0,5.0,4.0,5.0,5.0,3.0,4.0,4.0,4.0,5.0,3.0,4.0,3.0,4.0,5.0,5.0,5.0,4.0,5.0,5.0,3.0,3.0,3.0,3.0,3.0,3.0,3.0,3.0,4.0,5.0,5.0,5.0,4.0,4.0,5.0,3.0,4.0,3.0,4.0,4.0,3.0,3.0,3.0,4.0,5.0,5.0,5.0,4.0,2.0,3.0,4.0,3.0,2.0,4.0,2.0,3.0,4.0,3.0,4.0,4.0,4.0,4.0,4.0,7.0,3.0,3.0,4.0,1.0,4.0,4.0,2.0,,3.0,3.0,4.0,2.0,3.0,1.0,2.0,3.0,2.0,2.0,3.0,3.0,2.0,2.0,1.0,2.0,2.0,3.0,4.0,3.0,3.0,3.0,3.0,3.0,2.0,2.0,2.0,2.0,2.0,3.0,3.0,3.0,3.0,6.0,6.0,2.0,2.0,2.0,2.0,2.0,1.0,5.0,,4.0,2.0,1.0,4.0,3.0,1.05617,3.0,3.0,4.0,3.0,2.0
1949.0,3.0,5.0,2.0,47.0,3.0,5.0,4.0,5.0,4.0,5.0,5.0,4.0,5.0,5.0,1.0,1.0,2.0,3.0,4.0,5.0,6.0,7.0,8.0,9.0,,,,,,,,,1.0,1.0,,2.0,3.0,4.0,,,,5.0,4.0,4.0,4.0,3.0,3.0,3.0,4.0,4.0,3.0,4.0,4.0,4.0,4.0,3.0,4.0,4.0,5.0,5.0,4.0,5.0,5.0,5.0,4.0,4.0,5.0,5.0,4.0,4.0,5.0,4.0,5.0,5.0,5.0,5.0,4.0,4.0,4.0,5.0,5.0,4.0,4.0,5.0,5.0,4.0,4.0,4.0,5.0,5.0,5.0,4.0,4.0,4.0,5.0,5.0,5.0,4.0,4.0,4.0,5.0,4.0,4.0,4.0,5.0,5.0,5.0,4.0,4.0,5.0,5.0,5.0,4.0,4.0,4.0,5.0,5.0,4.0,10.0,5.0,5.0,4.0,1.0,5.0,4.0,2.0,,4.0,5.0,5.0,1.0,5.0,4.0,4.0,5.0,5.0,5.0,4.0,4.0,1.0,1.0,2.0,2.0,1.0,5.0,4.0,4.0,5.0,5.0,5.0,5.0,4.0,5.0,4.0,4.0,5.0,5.0,4.0,4.0,5.0,9.0,10.0,1.0,1.0,2.0,2.0,2.0,1.0,4.0,,3.0,2.0,1.0,3.0,2.0,0.871396,4.666666666666667,5.0,4.5,5.0,1.0
1955.0,9.0,2.0,1.0,50.0,4.0,3.0,3.0,3.0,3.0,3.0,3.0,3.0,3.0,3.0,2.0,,,,,,,,,,,,,,,,,,2.0,2.0,,,,,,,,2.0,4.0,4.0,2.0,3.0,4.0,4.0,2.0,4.0,3.0,3.0,2.0,3.0,3.0,3.0,3.0,4.0,3.0,3.0,3.0,4.0,3.0,3.0,3.0,4.0,3.0,3.0,3.0,4.0,3.0,3.0,3.0,4.0,3.0,3.0,3.0,3.0,3.0,3.0,4.0,3.0,3.0,3.0,4.0,3.0,3.0,4.0,3.0,4.0,3.0,3.0,3.0,3.0,4.0,4.0,3.0,3.0,3.0,4.0,3.0,3.0,3.0,3.0,4.0,3.0,3.0,2.0,2.0,2.0,3.0,4.0,4.0,3.0,3.0,4.0,4.0,3.0,6.0,3.0,3.0,3.0,1.0,4.0,4.0,1.0,,3.0,3.0,3.0,2.0,3.0,2.0,2.0,3.0,3.0,3.0,3.0,3.0,2.0,2.0,2.0,2.0,2.0,3.0,3.0,3.0,2.0,3.0,2.0,3.0,2.0,2.0,2.0,2.0,2.0,3.0,2.0,2.0,3.0,6.0,6.0,2.0,2.0,2.0,2.0,2.0,1.0,2.0,,5.0,2.0,1.0,1.0,3.0,1.048518,3.0,3.0,4.0,3.0,2.0
1960.0,4.0,2.0,1.0,29.0,1.0,5.0,5.0,3.0,2.0,4.0,3.0,2.0,4.0,3.0,2.0,,,,,,,,,,,,,,,,,,1.0,2.0,,,,,,,,4.0,4.0,4.0,2.0,4.0,3.0,5.0,1.0,4.0,3.0,2.0,1.0,3.0,4.0,5.0,5.0,5.0,4.0,5.0,5.0,5.0,4.0,4.0,5.0,5.0,5.0,5.0,4.0,5.0,5.0,5.0,5.0,5.0,4.0,3.0,3.0,4.0,5.0,4.0,4.0,5.0,5.0,5.0,5.0,4.0,5.0,4.0,4.0,4.0,5.0,5.0,5.0,4.0,4.0,4.0,4.0,5.0,4.0,4.0,3.0,3.0,5.0,4.0,2.0,5.0,2.0,1.0,2.0,1.0,4.0,4.0,4.0,5.0,5.0,3.0,3.0,3.0,4.0,2.0,3.0,3.0,1.0,3.0,4.0,1.0,,4.0,3.0,3.0,1.0,4.0,3.0,4.0,4.0,4.0,5.0,5.0,4.0,1.0,2.0,1.0,1.0,1.0,4.0,4.0,2.0,2.0,1.0,3.0,4.0,1.0,1.0,1.0,2.0,3.0,3.0,2.0,4.0,4.0,9.0,10.0,1.0,1.0,1.0,2.0,1.0,,3.0,,2.0,1.0,2.0,2.0,1.0,1.051424,3.0,3.5,3.5,4.0,1.0
1973.0,5.0,4.0,2.0,54.0,4.0,5.0,5.0,4.0,3.0,4.0,4.0,3.0,3.0,3.0,2.0,,,,,,,,,,,,,,,,,,2.0,2.0,,,,,,,,4.0,4.0,4.0,3.0,3.0,3.0,4.0,4.0,3.0,3.0,3.0,3.0,4.0,3.0,3.0,4.0,4.0,4.0,4.0,4.0,4.0,4.0,4.0,4.0,4.0,4.0,4.0,4.0,4.0,3.0,3.0,4.0,4.0,4.0,4.0,4.0,3.0,4.0,4.0,4.0,4.0,4.0,3.0,3.0,3.0,3.0,4.0,5.0,5.0,4.0,4.0,4.0,4.0,4.0,4.0,4.0,4.0,4.0,4.0,4.0,3.0,3.0,3.0,4.0,4.0,4.0,2.0,4.0,3.0,3.0,4.0,4.0,3.0,4.0,3.0,3.0,4.0,6.0,3.0,3.0,3.0,1.0,4.0,3.0,3.0,,3.0,3.0,4.0,2.0,3.0,2.0,3.0,3.0,3.0,3.0,3.0,3.0,1.0,2.0,1.0,1.0,1.0,4.0,4.0,2.0,3.0,2.0,4.0,3.0,2.0,2.0,2.0,2.0,2.0,2.0,2.0,2.0,4.0,6.0,6.0,1.0,1.0,1.0,1.0,1.0,,4.0,,3.0,1.0,2.0,3.0,2.0,1.055948,3.0,4.0,3.5,3.0,2.0
2002.0,1.0,1.0,2.0,52.0,4.0,4.0,5.0,4.0,5.0,4.0,5.0,4.0,3.0,4.0,1.0,1.0,2.0,3.0,4.0,5.0,6.0,,,,,,,,,,,,1.0,1.0,1.0,2.0,,,,,,4.0,4.0,5.0,4.0,4.0,5.0,4.0,4.0,5.0,4.0,4.0,3.0,4.0,5.0,4.0,4.0,4.0,3.0,4.0,4.0,4.0,3.0,4.0,3.0,4.0,3.0,5.0,4.0,3.0,4.0,3.0,4.0,4.0,3.0,4.0,5.0,4.0,4.0,3.0,4.0,5.0,4.0,3.0,4.0,4.0,3.0,3.0,4.0,5.0,4.0,3.0,4.0,4.0,3.0,4.0,4.0,5.0,4.0,3.0,4.0,4.0,4.0,3.0,5.0,4.0,4.0,3.0,4.0,5.0,4.0,4.0,3.0,4.0,5.0,4.0,3.0,4.0,4.0,4.0,3.0,4.0,1.0,4.0,3.0,1.0,,4.0,5.0,4.0,1.0,4.0,4.0,5.0,4.0,4.0,5.0,4.0,3.0,1.0,1.0,2.0,1.0,1.0,4.0,3.0,4.0,5.0,4.0,4.0,3.0,4.0,5.0,4.0,4.0,3.0,4.0,5.0,4.0,4.0,9.0,11.0,1.0,1.0,1.0,1.0,2.0,1.0,5.0,,3.0,2.0,1.0,4.0,2.0,1.053567,3.6666666666666665,4.5,3.5,4.0,1.0
2013.0,3.0,5.0,1.0,50.0,4.0,4.0,4.0,4.0,3.0,4.0,4.0,4.0,4.0,4.0,2.0,,,,,,,,,,,,,,,,,,2.0,2.0,,,,,,,,3.0,4.0,4.0,2.0,3.0,2.0,3.0,2.0,3.0,3.0,2.0,2.0,3.0,3.0,3.0,5.0,4.0,4.0,3.0,3.0,2.0,3.0,2.0,2.0,2.0,2.0,2.0,2.0,4.0,2.0,4.0,4.0,4.0,3.0,2.0,2.0,2.0,4.0,4.0,3.0,4.0,3.0,3.0,2.0,2.0,2.0,4.0,3.0,3.0,3.0,3.0,3.0,2.0,2.0,2.0,2.0,2.0,2.0,4.0,2.0,3.0,4.0,3.0,3.0,3.0,3.0,2.0,2.0,2.0,3.0,3.0,3.0,3.0,4.0,3.0,3.0,3.0,7.0,3.0,2.0,3.0,1.0,4.0,2.0,4.0,,4.0,4.0,3.0,1.0,4.0,1.0,1.0,4.0,3.0,3.0,4.0,3.0,1.0,2.0,2.0,1.0,2.0,4.0,4.0,4.0,4.0,4.0,4.0,3.0,2.0,2.0,3.0,3.0,3.0,4.0,3.0,3.0,4.0,6.0,4.0,1.0,1.0,1.0,1.0,1.0,,4.0,,4.0,1.0,2.0,3.0,3.0,0.92937,4.0,4.0,3.0,4.0,1.0
2027.0,9.0,2.0,2.0,33.0,2.0,5.0,5.0,4.0,3.0,4.0,5.0,4.0,4.0,3.0,1.0,1.0,2.0,,,,,,,,,,,,,,,,1.0,2.0,,,,,,,,3.0,2.0,2.0,3.0,4.0,1.0,4.0,1.0,4.0,2.0,1.0,1.0,5.0,5.0,4.0,4.0,5.0,5.0,5.0,5.0,5.0,5.0,4.0,3.0,5.0,3.0,5.0,4.0,4.0,5.0,5.0,4.0,4.0,5.0,4.0,3.0,4.0,5.0,5.0,5.0,5.0,5.0,4.0,4.0,3.0,5.0,4.0,4.0,5.0,4.0,4.0,4.0,5.0,3.0,4.0,5.0,4.0,4.0,5.0,4.0,4.0,1.0,4.0,5.0,5.0,2.0,1.0,3.0,1.0,3.0,2.0,4.0,2.0,4.0,5.0,4.0,4.0,9.0,2.0,4.0,3.0,1.0,4.0,3.0,3.0,,2.0,3.0,4.0,2.0,3.0,3.0,2.0,3.0,3.0,4.0,3.0,3.0,1.0,1.0,1.0,1.0,2.0,4.0,3.0,3.0,4.0,5.0,5.0,5.0,4.0,4.0,4.0,4.0,5.0,5.0,3.0,3.0,3.0,6.0,8.0,1.0,2.0,2.0,1.0,1.0,,6.0,,3.0,1.0,2.0,5.0,2.0,1.051499,3.6666666666666665,4.5,3.5,3.0,2.0
2028.0,15.0,5.0,1.0,52.0,4.0,5.0,5.0,4.0,3.0,4.0,4.0,4.0,4.0,4.0,2.0,,,,,,,,,,,,,,,,,,2.0,2.0,,,,,,,,4.0,3.0,2.0,3.0,2.0,2.0,3.0,2.0,4.0,2.0,2.0,2.0,2.0,3.0,3.0,4.0,4.0,4.0,4.0,4.0,4.0,3.0,4.0,4.0,4.0,3.0,4.0,4.0,4.0,3.0,3.0,4.0,4.0,4.0,4.0,4.0,4.0,4.0,4.0,4.0,3.0,4.0,4.0,3.0,3.0,3.0,4.0,4.0,4.0,3.0,4.0,3.0,4.0,4.0,3.0,4.0,4.0,4.0,4.0,4.0,3.0,4.0,4.0,4.0,5.0,4.0,3.0,5.0,3.0,4.0,4.0,4.0,4.0,3.0,4.0,4.0,3.0,4.0,3.0,2.0,3.0,1.0,2.0,2.0,4.0,,4.0,3.0,4.0,1.0,4.0,4.0,4.0,4.0,3.0,3.0,4.0,4.0,1.0,1.0,1.0,2.0,2.0,4.0,4.0,3.0,4.0,3.0,4.0,4.0,2.0,2.0,3.0,3.0,3.0,2.0,2.0,2.0,4.0,8.0,4.0,2.0,2.0,2.0,2.0,1.0,,3.0,,4.0,1.0,2.0,2.0,3.0,0.92937,4.0,4.0,2.0,4.0,1.0
2083.0,8.0,3.0,1.0,44.0,3.0,4.0,4.0,4.0,2.0,4.0,4.0,4.0,4.0,4.0,2.0,,,,,,,,,,,,,,,,,,2.0,1.0,1.0,,3.0,4.0,5.0,,,3.0,3.0,3.0,3.0,3.0,3.0,3.0,2.0,3.0,4.0,3.0,3.0,4.0,2.0,2.0,5.0,3.0,3.0,3.0,3.0,3.0,3.0,4.0,4.0,3.0,3.0,4.0,4.0,4.0,3.0,4.0,3.0,3.0,3.0,3.0,3.0,3.0,3.0,3.0,3.0,3.0,4.0,4.0,4.0,3.0,5.0,3.0,3.0,3.0,3.0,3.0,3.0,3.0,3.0,3.0,3.0,4.0,4.0,4.0,3.0,3.0,4.0,4.0,4.0,4.0,3.0,2.0,2.0,2.0,3.0,3.0,3.0,3.0,3.0,3.0,3.0,3.0,9.0,3.0,3.0,4.0,2.0,3.0,3.0,4.0,,3.0,4.0,3.0,2.0,3.0,2.0,3.0,3.0,3.0,3.0,3.0,3.0,1.0,1.0,1.0,1.0,1.0,2.0,3.0,3.0,2.0,2.0,2.0,3.0,2.0,3.0,2.0,2.0,2.0,3.0,3.0,2.0,4.0,8.0,6.0,1.0,1.0,1.0,1.0,1.0,,4.0,,5.0,1.0,2.0,3.0,3.0,0.776027,4.0,4.0,3.0,3.0,2.0
2097.0,6.0,3.0,2.0,42.0,3.0,4.0,4.0,4.0,4.0,4.0,3.0,4.0,4.0,4.0,2.0,,,,,,,,,,,,,,,,,,2.0,2.0,,,,,,,,2.0,3.0,4.0,3.0,4.0,4.0,3.0,3.0,4.0,4.0,4.0,3.0,4.0,4.0,3.0,4.0,3.0,3.0,3.0,3.0,3.0,3.0,3.0,4.0,3.0,4.0,4.0,3.0,4.0,3.0,3.0,3.0,3.0,3.0,3.0,3.0,3.0,3.0,4.0,4.0,4.0,4.0,4.0,4.0,3.0,3.0,3.0,3.0,3.0,3.0,3.0,4.0,4.0,4.0,4.0,3.0,4.0,4.0,4.0,3.0,3.0,3.0,3.0,3.0,3.0,3.0,2.0,3.0,3.0,3.0,3.0,2.0,3.0,3.0,2.0,3.0,4.0,5.0,1.0,4.0,2.0,1.0,5.0,4.0,2.0,,3.0,3.0,3.0,2.0,3.0,2.0,2.0,2.0,2.0,2.0,2.0,3.0,2.0,2.0,2.0,2.0,2.0,4.0,4.0,2.0,2.0,2.0,2.0,2.0,1.0,2.0,2.0,2.0,2.0,2.0,2.0,3.0,3.0,7.0,8.0,2.0,2.0,2.0,2.0,1.0,,4.0,,4.0,1.0,2.0,3.0,3.0,0.951541,4.0,3.5,4.5,3.0,2.0
2188.0,3.0,5.0,1.0,39.0,2.0,5.0,5.0,4.0,4.0,5.0,4.0,4.0,4.0,4.0,2.0,,,,,,,,,,,,,,,,,,2.0,1.0,,,3.0,4.0,,,,2.0,3.0,3.0,3.0,3.0,3.0,3.0,3.0,4.0,4.0,4.0,2.0,3.0,3.0,3.0,4.0,4.0,4.0,4.0,4.0,4.0,4.0,4.0,5.0,5.0,4.0,3.0,4.0,4.0,4.0,5.0,3.0,3.0,3.0,3.0,3.0,3.0,3.0,3.0,3.0,3.0,3.0,4.0,4.0,4.0,4.0,4.0,4.0,4.0,4.0,4.0,4.0,4.0,5.0,5.0,5.0,4.0,4.0,4.0,4.0,5.0,4.0,3.0,4.0,4.0,3.0,2.0,4.0,2.0,3.0,3.0,4.0,4.0,4.0,3.0,3.0,4.0,8.0,2.0,4.0,3.0,1.0,3.0,4.0,4.0,,3.0,4.0,3.0,1.0,4.0,3.0,4.0,4.0,3.0,3.0,4.0,4.0,1.0,2.0,1.0,1.0,2.0,4.0,4.0,4.0,4.0,2.0,4.0,3.0,1.0,2.0,3.0,2.0,4.0,4.0,3.0,4.0,4.0,4.0,8.0,1.0,1.0,1.0,2.0,1.0,,7.0,,4.0,1.0,2.0,6.0,3.0,0.96424,4.0,4.5,3.5,4.0,1.0
2189.0,9.0,2.0,1.0,47.0,3.0,5.0,5.0,3.0,3.0,4.0,3.0,3.0,4.0,2.0,2.0,,,,,,,,,,,,,,,,,,2.0,2.0,,,,,,,,3.0,4.0,4.0,4.0,4.0,4.0,5.0,4.0,5.0,5.0,5.0,4.0,5.0,5.0,3.0,5.0,3.0,3.0,5.0,3.0,3.0,2.0,3.0,5.0,3.0,5.0,4.0,3.0,5.0,2.0,1.0,2.0,2.0,5.0,2.0,3.0,2.0,4.0,5.0,5.0,4.0,5.0,2.0,5.0,1.0,1.0,4.0,5.0,4.0,3.0,4.0,1.0,4.0,5.0,4.0,5.0,4.0,2.0,5.0,2.0,1.0,3.0,4.0,5.0,4.0,4.0,2.0,4.0,4.0,3.0,4.0,3.0,3.0,5.0,5.0,5.0,3.0,8.0,4.0,3.0,4.0,1.0,4.0,3.0,2.0,,3.0,4.0,5.0,1.0,4.0,5.0,5.0,5.0,4.0,3.0,5.0,4.0,1.0,2.0,2.0,1.0,1.0,4.0,4.0,4.0,2.0,2.0,2.0,2.0,2.0,2.0,4.0,2.0,2.0,4.0,3.0,1.0,2.0,9.0,3.0,1.0,1.0,1.0,1.0,2.0,1.0,4.0,,3.0,2.0,1.0,3.0,2.0,1.065336,3.0,3.5,3.5,4.0,1.0
2193.0,3.0,5.0,2.0,58.0,4.0,5.0,5.0,4.0,4.0,4.0,4.0,4.0,4.0,4.0,1.0,1.0,2.0,3.0,4.0,5.0,6.0,7.0,,,,11.0,,13.0,,,,,2.0,2.0,,,,,,,,4.0,5.0,4.0,3.0,4.0,4.0,5.0,4.0,4.0,4.0,3.0,3.0,4.0,4.0,4.0,4.0,5.0,4.0,4.0,4.0,4.0,4.0,4.0,5.0,4.0,4.0,4.0,4.0,5.0,5.0,4.0,5.0,5.0,4.0,4.0,4.0,4.0,4.0,4.0,5.0,4.0,5.0,4.0,5.0,5.0,4.0,5.0,4.0,4.0,4.0,4.0,5.0,4.0,5.0,5.0,5.0,4.0,4.0,5.0,5.0,4.0,4.0,4.0,4.0,5.0,4.0,2.0,4.0,3.0,4.0,4.0,4.0,4.0,3.0,5.0,3.0,4.0,7.0,4.0,3.0,4.0,1.0,4.0,4.0,3.0,,2.0,2.0,4.0,2.0,3.0,1.0,1.0,3.0,1.0,1.0,3.0,1.0,1.0,1.0,1.0,1.0,1.0,4.0,4.0,4.0,4.0,4.0,4.0,4.0,2.0,2.0,4.0,3.0,2.0,4.0,3.0,2.0,4.0,6.0,4.0,1.0,1.0,1.0,1.0,2.0,1.0,4.0,,2.0,2.0,1.0,3.0,1.0,1.111192,4.0,4.0,4.0,3.0,2.0
2195.0,5.0,4.0,2.0,49.0,3.0,4.0,5.0,5.0,5.0,5.0,4.0,5.0,5.0,4.0,2.0,,,,,,,,,,,,,,,,,,2.0,1.0,,,,,5.0,,,4.0,4.0,4.0,4.0,4.0,2.0,1.0,4.0,4.0,3.0,4.0,3.0,4.0,3.0,3.0,4.0,4.0,2.0,3.0,3.0,3.0,4.0,4.0,2.0,4.0,4.0,4.0,4.0,4.0,2.0,5.0,3.0,3.0,3.0,5.0,3.0,4.0,3.0,3.0,3.0,3.0,3.0,1.0,3.0,4.0,3.0,4.0,3.0,5.0,4.0,3.0,5.0,4.0,3.0,3.0,3.0,3.0,3.0,4.0,4.0,4.0,4.0,4.0,4.0,3.0,4.0,4.0,4.0,4.0,4.0,4.0,4.0,4.0,3.0,3.0,3.0,5.0,7.0,4.0,4.0,5.0,1.0,3.0,4.0,5.0,,3.0,5.0,3.0,1.0,4.0,4.0,3.0,3.0,3.0,5.0,3.0,5.0,2.0,1.0,2.0,2.0,1.0,3.0,4.0,4.0,4.0,5.0,2.0,3.0,3.0,3.0,5.0,3.0,4.0,4.0,5.0,4.0,4.0,7.0,9.0,1.0,2.0,2.0,1.0,2.0,1.0,5.0,,3.0,2.0,1.0,4.0,2.0,0.826771,4.666666666666667,4.5,3.5,4.0,1.0
2201.0,5.0,4.0,2.0,38.0,2.0,5.0,5.0,4.0,4.0,4.0,4.0,4.0,4.0,4.0,2.0,,,,,,,,,,,,,,,,,,1.0,2.0,,,,,,,,3.0,3.0,3.0,3.0,3.0,3.0,3.0,3.0,3.0,3.0,3.0,2.0,4.0,4.0,4.0,4.0,4.0,4.0,4.0,4.0,4.0,3.0,3.0,4.0,4.0,4.0,4.0,4.0,5.0,4.0,2.0,4.0,4.0,4.0,4.0,4.0,4.0,4.0,4.0,4.0,4.0,4.0,4.0,4.0,4.0,3.0,4.0,4.0,4.0,4.0,4.0,3.0,3.0,4.0,4.0,4.0,4.0,4.0,4.0,3.0,4.0,3.0,2.0,3.0,4.0,3.0,2.0,3.0,2.0,4.0,4.0,4.0,4.0,5.0,5.0,5.0,3.0,6.0,3.0,2.0,4.0,1.0,3.0,3.0,3.0,,4.0,4.0,4.0,1.0,4.0,3.0,3.0,4.0,4.0,3.0,3.0,4.0,2.0,2.0,2.0,1.0,1.0,4.0,4.0,4.0,3.0,4.0,3.0,3.0,2.0,2.0,3.0,4.0,4.0,4.0,1.0,1.0,3.0,6.0,6.0,1.0,2.0,1.0,2.0,2.0,1.0,4.0,,4.0,2.0,1.0,3.0,3.0,0.880586,4.0,4.0,3.0,4.0,1.0
2202.0,1.0,1.0,1.0,28.0,1.0,4.0,4.0,3.0,3.0,3.0,4.0,4.0,4.0,4.0,2.0,,,,,,,,,,,,,,,,,,2.0,2.0,,,,,,,,5.0,2.0,2.0,1.0,2.0,2.0,2.0,1.0,2.0,2.0,2.0,1.0,2.0,1.0,2.0,4.0,2.0,2.0,3.0,2.0,3.0,1.0,3.0,3.0,3.0,3.0,4.0,1.0,4.0,3.0,1.0,1.0,1.0,1.0,1.0,1.0,1.0,1.0,1.0,1.0,1.0,1.0,1.0,2.0,2.0,1.0,1.0,1.0,1.0,1.0,1.0,1.0,1.0,2.0,1.0,1.0,2.0,1.0,4.0,4.0,1.0,4.0,5.0,2.0,3.0,4.0,2.0,5.0,1.0,3.0,3.0,3.0,3.0,3.0,4.0,2.0,3.0,7.0,2.0,2.0,4.0,1.0,2.0,2.0,3.0,,4.0,4.0,4.0,1.0,4.0,3.0,4.0,4.0,4.0,3.0,4.0,4.0,1.0,1.0,2.0,2.0,2.0,5.0,5.0,5.0,5.0,5.0,5.0,5.0,3.0,3.0,4.0,3.0,3.0,4.0,3.0,1.0,3.0,8.0,2.0,2.0,2.0,2.0,2.0,1.0,,6.0,,3.0,1.0,2.0,5.0,2.0,1.112248,4.0,3.5,2.0,4.0,1.0
2208.0,12.0,3.0,1.0,32.0,2.0,5.0,4.0,3.0,3.0,3.0,3.0,2.0,3.0,3.0,2.0,,,,,,,,,,,,,,,,,,2.0,2.0,,,,,,,,1.0,4.0,5.0,3.0,4.0,4.0,4.0,3.0,5.0,5.0,5.0,3.0,5.0,5.0,3.0,5.0,4.0,3.0,4.0,4.0,3.0,4.0,4.0,5.0,5.0,4.0,3.0,4.0,5.0,4.0,4.0,5.0,4.0,3.0,4.0,3.0,4.0,4.0,4.0,3.0,4.0,4.0,3.0,4.0,4.0,4.0,5.0,4.0,4.0,4.0,5.0,4.0,5.0,3.0,4.0,5.0,4.0,4.0,4.0,5.0,4.0,4.0,3.0,4.0,5.0,3.0,1.0,1.0,1.0,5.0,5.0,5.0,5.0,3.0,2.0,3.0,3.0,6.0,3.0,3.0,3.0,1.0,3.0,3.0,3.0,,3.0,3.0,4.0,2.0,3.0,1.0,1.0,5.0,3.0,3.0,5.0,3.0,2.0,2.0,2.0,2.0,2.0,2.0,2.0,3.0,3.0,2.0,4.0,2.0,4.0,3.0,3.0,2.0,3.0,2.0,3.0,4.0,3.0,6.0,6.0,2.0,2.0,2.0,2.0,1.0,,7.0,,5.0,1.0,2.0,6.0,3.0,0.865768,2.6666666666666665,3.0,3.0,3.0,2.0
2213.0,16.0,6.0,2.0,37.0,2.0,4.0,3.0,3.0,3.0,3.0,3.0,3.0,4.0,3.0,2.0,,,,,,,,,,,,,,,,,,2.0,1.0,1.0,2.0,,,,,,2.0,3.0,3.0,4.0,3.0,3.0,3.0,3.0,3.0,3.0,3.0,3.0,4.0,5.0,3.0,5.0,3.0,3.0,3.0,3.0,3.0,3.0,3.0,3.0,3.0,3.0,3.0,3.0,3.0,3.0,3.0,3.0,3.0,3.0,3.0,3.0,3.0,3.0,3.0,3.0,3.0,3.0,3.0,4.0,3.0,3.0,3.0,3.0,3.0,3.0,3.0,3.0,3.0,3.0,3.0,3.0,3.0,3.0,4.0,3.0,3.0,2.0,2.0,3.0,4.0,3.0,3.0,3.0,2.0,3.0,4.0,4.0,4.0,4.0,4.0,4.0,4.0,6.0,3.0,3.0,3.0,1.0,3.0,4.0,2.0,,3.0,3.0,3.0,2.0,3.0,2.0,2.0,4.0,3.0,3.0,3.0,3.0,2.0,2.0,2.0,2.0,1.0,3.0,3.0,3.0,3.0,3.0,3.0,3.0,3.0,3.0,3.0,3.0,3.0,3.0,3.0,3.0,3.0,6.0,6.0,2.0,2.0,2.0,2.0,2.0,1.0,5.0,,4.0,2.0,1.0,4.0,3.0,0.910786,3.3333333333333335,3.0,3.5,3.0,2.0
2228.0,1.0,1.0,2.0,45.0,3.0,5.0,5.0,5.0,1.0,2.0,2.0,2.0,2.0,2.0,2.0,,,,,,,,,,,,,,,,,,2.0,1.0,1.0,2.0,3.0,4.0,5.0,,,1.0,3.0,3.0,2.0,2.0,3.0,3.0,3.0,2.0,3.0,3.0,3.0,3.0,3.0,3.0,3.0,1.0,1.0,1.0,1.0,1.0,1.0,1.0,1.0,1.0,3.0,1.0,1.0,1.0,1.0,1.0,1.0,1.0,1.0,1.0,1.0,1.0,1.0,1.0,1.0,3.0,1.0,1.0,1.0,1.0,1.0,1.0,1.0,1.0,1.0,1.0,1.0,1.0,1.0,1.0,3.0,1.0,1.0,1.0,1.0,1.0,3.0,3.0,3.0,5.0,3.0,3.0,1.0,3.0,3.0,3.0,3.0,3.0,5.0,5.0,3.0,3.0,6.0,3.0,3.0,3.0,2.0,5.0,3.0,1.0,,3.0,3.0,3.0,2.0,3.0,3.0,3.0,3.0,3.0,2.0,4.0,3.0,2.0,2.0,2.0,2.0,2.0,1.0,1.0,1.0,1.0,1.0,1.0,1.0,1.0,1.0,1.0,1.0,1.0,1.0,1.0,1.0,3.0,6.0,6.0,2.0,2.0,2.0,2.0,2.0,1.0,4.0,,3.0,2.0,1.0,3.0,2.0,1.098998,2.0,2.0,4.0,3.0,2.0
2233.0,1.0,1.0,1.0,34.0,2.0,5.0,5.0,3.0,2.0,3.0,3.0,3.0,3.0,3.0,2.0,,,,,,,,,,,,,,,,,,2.0,1.0,,,3.0,,5.0,,,5.0,3.0,3.0,2.0,3.0,3.0,3.0,2.0,3.0,3.0,3.0,2.0,3.0,3.0,2.0,4.0,3.0,3.0,3.0,3.0,3.0,3.0,3.0,3.0,3.0,3.0,3.0,3.0,3.0,2.0,2.0,2.0,2.0,2.0,2.0,2.0,2.0,2.0,2.0,2.0,2.0,2.0,2.0,3.0,2.0,2.0,2.0,2.0,2.0,2.0,2.0,2.0,2.0,2.0,2.0,2.0,2.0,2.0,3.0,2.0,2.0,3.0,4.0,4.0,4.0,4.0,2.0,3.0,3.0,4.0,4.0,4.0,4.0,4.0,4.0,4.0,4.0,7.0,4.0,3.0,4.0,1.0,4.0,4.0,4.0,,4.0,3.0,4.0,2.0,3.0,3.0,3.0,3.0,3.0,2.0,2.0,3.0,2.0,2.0,2.0,2.0,2.0,4.0,4.0,4.0,4.0,4.0,2.0,2.0,2.0,1.0,2.0,2.0,1.0,3.0,2.0,1.0,3.0,7.0,7.0,2.0,2.0,2.0,2.0,1.0,,4.0,,2.0,1.0,2.0,3.0,1.0,1.080947,3.0,3.0,4.0,3.0,2.0
2250.0,8.0,3.0,1.0,41.0,3.0,4.0,3.0,4.0,4.0,4.0,3.0,5.0,4.0,4.0,1.0,1.0,,3.0,,5.0,,,,,,,,,,,,,1.0,2.0,,,,,,,,4.0,3.0,3.0,2.0,3.0,3.0,4.0,1.0,4.0,3.0,3.0,2.0,3.0,3.0,3.0,5.0,3.0,3.0,4.0,3.0,3.0,2.0,3.0,4.0,4.0,4.0,3.0,4.0,3.0,3.0,4.0,4.0,5.0,4.0,3.0,3.0,4.0,3.0,3.0,4.0,3.0,4.0,4.0,3.0,4.0,4.0,4.0,4.0,5.0,4.0,3.0,3.0,4.0,4.0,3.0,4.0,5.0,4.0,4.0,3.0,3.0,4.0,4.0,4.0,3.0,4.0,2.0,4.0,4.0,4.0,4.0,3.0,4.0,5.0,4.0,3.0,4.0,9.0,4.0,3.0,4.0,1.0,4.0,3.0,4.0,,4.0,3.0,4.0,1.0,4.0,4.0,4.0,5.0,4.0,3.0,4.0,4.0,1.0,1.0,1.0,1.0,1.0,5.0,5.0,5.0,4.0,4.0,5.0,4.0,1.0,1.0,2.0,3.0,4.0,3.0,2.0,1.0,4.0,3.0,4.0,1.0,1.0,2.0,1.0,2.0,1.0,4.0,,2.0,2.0,1.0,3.0,1.0,0.776027,4.333333333333333,3.5,3.5,4.0,1.0
2260.0,9.0,2.0,1.0,34.0,2.0,5.0,5.0,3.0,3.0,3.0,3.0,3.0,3.0,3.0,2.0,,,,,,,,,,,,,,,,,,1.0,1.0,,,3.0,4.0,5.0,,,2.0,4.0,4.0,4.0,4.0,3.0,4.0,3.0,4.0,3.0,3.0,3.0,4.0,4.0,4.0,4.0,3.0,3.0,3.0,3.0,3.0,3.0,3.0,3.0,3.0,3.0,3.0,3.0,3.0,3.0,3.0,3.0,3.0,3.0,3.0,3.0,3.0,3.0,3.0,3.0,3.0,3.0,3.0,3.0,3.0,3.0,3.0,3.0,3.0,3.0,3.0,3.0,3.0,3.0,3.0,3.0,3.0,3.0,3.0,3.0,3.0,3.0,3.0,3.0,3.0,3.0,3.0,3.0,3.0,3.0,3.0,3.0,3.0,3.0,3.0,3.0,3.0,6.0,3.0,3.0,3.0,1.0,3.0,3.0,3.0,,3.0,3.0,3.0,2.0,3.0,2.0,2.0,4.0,2.0,2.0,4.0,2.0,1.0,1.0,1.0,1.0,1.0,3.0,3.0,3.0,3.0,3.0,3.0,3.0,3.0,3.0,3.0,3.0,3.0,3.0,3.0,3.0,3.0,6.0,6.0,1.0,1.0,1.0,1.0,1.0,,3.0,,4.0,1.0,2.0,2.0,3.0,0.921551,3.0,3.0,3.0,3.0,2.0
2264.0,2.0,6.0,2.0,56.0,4.0,5.0,5.0,3.0,2.0,4.0,4.0,4.0,3.0,3.0,2.0,,,,,,,,,,,,,,,,,,2.0,2.0,,,,,,,,2.0,4.0,4.0,3.0,4.0,3.0,4.0,2.0,3.0,2.0,2.0,2.0,3.0,4.0,4.0,5.0,3.0,4.0,4.0,3.0,3.0,3.0,4.0,3.0,3.0,3.0,3.0,3.0,4.0,2.0,2.0,4.0,4.0,4.0,3.0,3.0,3.0,4.0,3.0,3.0,3.0,3.0,3.0,5.0,2.0,2.0,3.0,3.0,3.0,2.0,2.0,2.0,4.0,3.0,3.0,3.0,3.0,3.0,4.0,3.0,1.0,4.0,3.0,4.0,4.0,3.0,1.0,3.0,1.0,3.0,3.0,4.0,4.0,5.0,5.0,5.0,4.0,7.0,3.0,2.0,3.0,1.0,4.0,4.0,1.0,,4.0,3.0,4.0,1.0,4.0,1.0,2.0,5.0,3.0,2.0,4.0,3.0,2.0,2.0,2.0,2.0,2.0,5.0,5.0,1.0,2.0,1.0,2.0,2.0,1.0,1.0,1.0,2.0,2.0,3.0,1.0,1.0,3.0,7.0,6.0,2.0,2.0,2.0,2.0,2.0,1.0,5.0,,5.0,2.0,1.0,4.0,3.0,1.142237,3.3333333333333335,4.0,4.0,4.0,1.0
2265.0,4.0,2.0,2.0,43.0,3.0,5.0,5.0,3.0,2.0,3.0,3.0,3.0,3.0,3.0,2.0,,,,,,,,,,,,,,,,,,2.0,2.0,,,,,,,,3.0,4.0,4.0,4.0,4.0,4.0,4.0,3.0,4.0,4.0,4.0,3.0,3.0,4.0,3.0,4.0,4.0,3.0,4.0,3.0,3.0,2.0,4.0,4.0,4.0,3.0,3.0,3.0,4.0,3.0,2.0,3.0,3.0,3.0,3.0,4.0,2.0,3.0,4.0,4.0,3.0,3.0,3.0,3.0,3.0,2.0,2.0,3.0,3.0,3.0,3.0,3.0,2.0,3.0,3.0,3.0,2.0,2.0,3.0,3.0,3.0,4.0,3.0,2.0,5.0,5.0,5.0,5.0,4.0,3.0,3.0,3.0,3.0,4.0,3.0,3.0,3.0,3.0,4.0,3.0,3.0,1.0,5.0,5.0,5.0,,3.0,4.0,3.0,2.0,3.0,3.0,3.0,2.0,3.0,2.0,3.0,3.0,1.0,1.0,1.0,2.0,1.0,4.0,3.0,4.0,4.0,3.0,4.0,3.0,3.0,3.0,3.0,3.0,3.0,3.0,3.0,3.0,3.0,11.0,11.0,1.0,2.0,1.0,1.0,2.0,1.0,4.0,,2.0,2.0,1.0,3.0,1.0,0.965456,3.0,3.0,5.0,3.0,2.0
2301.0,12.0,3.0,1.0,27.0,1.0,5.0,5.0,5.0,5.0,5.0,4.0,4.0,4.0,4.0,1.0,1.0,2.0,3.0,4.0,,6.0,,8.0,9.0,,,12.0,,14.0,,,,2.0,1.0,,,,,,9997.0,게임계정,3.0,4.0,3.0,3.0,4.0,4.0,4.0,3.0,4.0,3.0,3.0,3.0,4.0,4.0,4.0,5.0,5.0,5.0,5.0,4.0,4.0,4.0,4.0,5.0,5.0,5.0,5.0,5.0,5.0,5.0,5.0,5.0,5.0,5.0,5.0,4.0,5.0,5.0,4.0,5.0,4.0,5.0,5.0,5.0,5.0,5.0,5.0,5.0,5.0,4.0,4.0,4.0,5.0,5.0,5.0,5.0,4.0,4.0,5.0,5.0,5.0,4.0,5.0,4.0,5.0,5.0,3.0,4.0,3.0,4.0,4.0,3.0,4.0,4.0,4.0,4.0,4.0,9.0,4.0,4.0,3.0,1.0,4.0,4.0,2.0,,4.0,3.0,4.0,2.0,3.0,3.0,3.0,3.0,3.0,3.0,4.0,4.0,1.0,2.0,2.0,1.0,1.0,4.0,4.0,4.0,4.0,3.0,3.0,3.0,3.0,3.0,2.0,3.0,4.0,4.0,3.0,3.0,4.0,9.0,9.0,2.0,1.0,1.0,2.0,1.0,,7.0,,3.0,1.0,2.0,6.0,2.0,0.984842,4.0,4.5,4.0,3.0,2.0
2338.0,2.0,6.0,1.0,44.0,3.0,5.0,5.0,1.0,1.0,1.0,3.0,1.0,1.0,1.0,1.0,1.0,2.0,3.0,4.0,5.0,6.0,,,9.0,,11.0,12.0,,14.0,,,,2.0,1.0,,2.0,3.0,4.0,5.0,,,1.0,4.0,4.0,3.0,4.0,3.0,3.0,4.0,3.0,4.0,4.0,4.0,4.0,5.0,3.0,5.0,2.0,1.0,2.0,3.0,2.0,2.0,2.0,1.0,2.0,2.0,1.0,2.0,1.0,2.0,2.0,1.0,2.0,1.0,1.0,2.0,2.0,2.0,1.0,2.0,2.0,1.0,2.0,1.0,2.0,2.0,2.0,2.0,1.0,2.0,2.0,2.0,2.0,1.0,1.0,2.0,1.0,2.0,1.0,2.0,2.0,1.0,2.0,2.0,1.0,2.0,1.0,2.0,2.0,3.0,2.0,2.0,3.0,2.0,2.0,3.0,2.0,1.0,1.0,3.0,2.0,2.0,3.0,3.0,5.0,,3.0,3.0,3.0,1.0,3.0,3.0,3.0,2.0,3.0,2.0,3.0,2.0,1.0,1.0,2.0,1.0,1.0,3.0,3.0,2.0,3.0,2.0,3.0,2.0,3.0,3.0,2.0,3.0,2.0,3.0,3.0,3.0,3.0,6.0,6.0,1.0,2.0,1.0,1.0,1.0,,4.0,,5.0,1.0,2.0,3.0,3.0,0.846161,1.0,2.0,3.0,3.0,1.0
2348.0,2.0,6.0,2.0,56.0,4.0,5.0,5.0,4.0,3.0,3.0,4.0,3.0,3.0,3.0,2.0,,,,,,,,,,,,,,,,,,2.0,1.0,1.0,,3.0,4.0,5.0,,,2.0,5.0,5.0,5.0,5.0,5.0,5.0,5.0,5.0,5.0,5.0,5.0,5.0,5.0,5.0,5.0,5.0,5.0,5.0,5.0,5.0,5.0,5.0,5.0,5.0,5.0,3.0,3.0,5.0,5.0,5.0,4.0,4.0,4.0,4.0,4.0,3.0,4.0,5.0,5.0,5.0,5.0,4.0,3.0,2.0,2.0,4.0,4.0,5.0,3.0,4.0,2.0,3.0,5.0,5.0,5.0,5.0,4.0,3.0,2.0,2.0,4.0,2.0,3.0,4.0,4.0,4.0,4.0,4.0,2.0,3.0,3.0,3.0,3.0,3.0,3.0,3.0,3.0,2.0,2.0,4.0,1.0,4.0,4.0,4.0,,3.0,3.0,4.0,2.0,3.0,3.0,3.0,3.0,3.0,3.0,3.0,3.0,2.0,2.0,2.0,2.0,2.0,4.0,4.0,4.0,4.0,1.0,3.0,2.0,1.0,1.0,1.0,2.0,1.0,1.0,1.0,1.0,4.0,4.0,2.0,2.0,2.0,2.0,2.0,2.0,1.0,5.0,,4.0,2.0,1.0,4.0,3.0,1.142237,3.0,3.5,4.0,3.0,2.0
2353.0,1.0,1.0,2.0,53.0,4.0,5.0,5.0,3.0,2.0,3.0,4.0,2.0,3.0,3.0,2.0,,,,,,,,,,,,,,,,,,2.0,2.0,,,,,,,,3.0,3.0,3.0,3.0,3.0,3.0,4.0,2.0,4.0,3.0,2.0,2.0,3.0,3.0,4.0,4.0,3.0,3.0,3.0,2.0,3.0,4.0,2.0,3.0,3.0,2.0,2.0,3.0,4.0,3.0,3.0,3.0,3.0,3.0,3.0,2.0,3.0,2.0,3.0,3.0,2.0,2.0,3.0,4.0,2.0,3.0,3.0,3.0,3.0,3.0,2.0,3.0,2.0,3.0,3.0,2.0,2.0,3.0,4.0,2.0,3.0,4.0,3.0,2.0,4.0,4.0,3.0,4.0,3.0,3.0,3.0,3.0,3.0,4.0,3.0,4.0,3.0,5.0,2.0,4.0,4.0,1.0,5.0,5.0,2.0,,3.0,2.0,3.0,2.0,3.0,3.0,3.0,3.0,2.0,2.0,4.0,3.0,1.0,2.0,2.0,1.0,2.0,4.0,4.0,3.0,3.0,3.0,3.0,3.0,1.0,1.0,2.0,2.0,2.0,1.0,2.0,2.0,3.0,6.0,7.0,1.0,2.0,1.0,2.0,2.0,1.0,4.0,,3.0,2.0,1.0,3.0,2.0,1.053567,2.6666666666666665,3.5,5.0,3.0,2.0
2402.0,5.0,4.0,1.0,27.0,1.0,5.0,5.0,5.0,5.0,5.0,5.0,5.0,5.0,5.0,2.0,,,,,,,,,,,,,,,,,,2.0,2.0,,,,,,,,5.0,4.0,3.0,3.0,3.0,3.0,3.0,3.0,3.0,3.0,3.0,3.0,3.0,3.0,4.0,3.0,4.0,3.0,4.0,2.0,2.0,4.0,4.0,4.0,4.0,4.0,4.0,3.0,3.0,3.0,4.0,3.0,5.0,2.0,3.0,4.0,4.0,3.0,4.0,4.0,4.0,4.0,3.0,4.0,4.0,4.0,3.0,5.0,3.0,3.0,4.0,4.0,4.0,4.0,5.0,4.0,4.0,4.0,4.0,4.0,4.0,5.0,2.0,3.0,4.0,3.0,4.0,4.0,3.0,3.0,3.0,3.0,3.0,4.0,4.0,5.0,4.0,11.0,5.0,5.0,5.0,2.0,3.0,3.0,5.0,,3.0,4.0,2.0,2.0,4.0,5.0,5.0,5.0,5.0,3.0,5.0,4.0,1.0,1.0,1.0,1.0,1.0,5.0,4.0,3.0,5.0,5.0,4.0,4.0,4.0,4.0,3.0,3.0,4.0,4.0,5.0,5.0,5.0,6.0,6.0,2.0,2.0,2.0,2.0,1.0,,6.0,,3.0,1.0,2.0,5.0,2.0,1.158012,5.0,5.0,3.0,4.0,2.0
2407.0,1.0,1.0,2.0,43.0,3.0,5.0,5.0,5.0,4.0,4.0,4.0,5.0,4.0,4.0,2.0,,,,,,,,,,,,,,,,,,2.0,2.0,,,,,,,,4.0,3.0,4.0,4.0,4.0,4.0,4.0,5.0,4.0,4.0,5.0,3.0,4.0,4.0,3.0,4.0,3.0,5.0,4.0,5.0,4.0,4.0,4.0,4.0,4.0,5.0,3.0,4.0,4.0,5.0,4.0,3.0,5.0,4.0,3.0,5.0,4.0,4.0,5.0,4.0,4.0,5.0,4.0,3.0,5.0,4.0,4.0,3.0,4.0,4.0,3.0,3.0,4.0,4.0,3.0,3.0,4.0,5.0,4.0,3.0,4.0,4.0,5.0,4.0,3.0,4.0,4.0,3.0,3.0,4.0,4.0,3.0,4.0,5.0,3.0,4.0,3.0,6.0,3.0,4.0,3.0,1.0,4.0,4.0,3.0,,4.0,3.0,4.0,2.0,3.0,3.0,4.0,3.0,3.0,3.0,4.0,3.0,1.0,1.0,1.0,1.0,1.0,3.0,4.0,3.0,3.0,4.0,2.0,3.0,3.0,2.0,3.0,4.0,3.0,3.0,2.0,3.0,4.0,7.0,7.0,1.0,1.0,1.0,2.0,2.0,1.0,4.0,,4.0,2.0,1.0,3.0,3.0,1.098998,4.333333333333333,4.0,4.0,3.0,2.0
2408.0,1.0,1.0,1.0,38.0,2.0,4.0,5.0,4.0,3.0,4.0,4.0,4.0,4.0,4.0,2.0,,,,,,,,,,,,,,,,,,2.0,1.0,,,3.0,,5.0,,,2.0,3.0,3.0,3.0,2.0,3.0,4.0,1.0,3.0,2.0,3.0,2.0,3.0,4.0,3.0,4.0,4.0,4.0,4.0,3.0,3.0,2.0,4.0,3.0,4.0,3.0,3.0,3.0,4.0,3.0,1.0,4.0,5.0,5.0,3.0,4.0,2.0,3.0,4.0,5.0,5.0,5.0,5.0,5.0,3.0,1.0,5.0,5.0,5.0,3.0,4.0,2.0,4.0,4.0,5.0,5.0,5.0,5.0,5.0,4.0,1.0,3.0,4.0,4.0,4.0,2.0,1.0,2.0,2.0,3.0,3.0,3.0,3.0,4.0,3.0,3.0,3.0,7.0,3.0,3.0,3.0,1.0,4.0,3.0,3.0,,3.0,2.0,3.0,2.0,3.0,2.0,2.0,4.0,3.0,2.0,3.0,3.0,1.0,2.0,2.0,1.0,2.0,3.0,4.0,2.0,2.0,1.0,4.0,4.0,2.0,2.0,2.0,2.0,4.0,1.0,1.0,4.0,2.0,6.0,9.0,2.0,2.0,2.0,2.0,1.0,,4.0,,3.0,1.0,2.0,3.0,2.0,1.080947,4.0,4.0,3.5,3.0,2.0
2411.0,3.0,5.0,2.0,57.0,4.0,4.0,5.0,3.0,3.0,3.0,3.0,3.0,3.0,3.0,2.0,,,,,,,,,,,,,,,,,,2.0,2.0,,,,,,,,2.0,4.0,4.0,2.0,2.0,3.0,4.0,3.0,4.0,4.0,4.0,4.0,3.0,3.0,3.0,3.0,3.0,3.0,3.0,4.0,4.0,3.0,3.0,4.0,3.0,3.0,3.0,4.0,4.0,3.0,4.0,2.0,3.0,3.0,2.0,3.0,4.0,4.0,3.0,3.0,3.0,3.0,3.0,3.0,4.0,3.0,3.0,4.0,3.0,2.0,3.0,4.0,3.0,3.0,3.0,3.0,3.0,4.0,3.0,3.0,2.0,3.0,4.0,3.0,2.0,3.0,3.0,3.0,3.0,4.0,3.0,3.0,4.0,3.0,3.0,4.0,4.0,7.0,3.0,4.0,3.0,2.0,3.0,3.0,3.0,,4.0,4.0,3.0,2.0,3.0,2.0,3.0,3.0,3.0,4.0,3.0,3.0,2.0,2.0,2.0,2.0,2.0,4.0,3.0,2.0,3.0,4.0,3.0,3.0,3.0,2.0,3.0,3.0,4.0,3.0,4.0,4.0,4.0,7.0,5.0,2.0,2.0,2.0,2.0,2.0,1.0,4.0,,3.0,2.0,1.0,3.0,2.0,1.111192,3.0,3.0,3.0,3.0,2.0
2430.0,3.0,5.0,1.0,51.0,4.0,5.0,5.0,5.0,4.0,4.0,4.0,4.0,5.0,4.0,2.0,,,,,,,,,,,,,,,,,,1.0,2.0,,,,,,,,4.0,4.0,4.0,4.0,4.0,4.0,5.0,3.0,5.0,4.0,4.0,3.0,5.0,5.0,5.0,5.0,4.0,4.0,5.0,4.0,4.0,4.0,3.0,5.0,4.0,4.0,4.0,4.0,5.0,4.0,3.0,4.0,4.0,5.0,5.0,4.0,4.0,4.0,4.0,5.0,4.0,4.0,4.0,5.0,5.0,4.0,4.0,4.0,5.0,4.0,4.0,4.0,3.0,5.0,4.0,4.0,4.0,4.0,5.0,5.0,4.0,4.0,4.0,5.0,4.0,4.0,2.0,4.0,4.0,4.0,4.0,4.0,5.0,4.0,4.0,5.0,4.0,3.0,3.0,4.0,4.0,1.0,4.0,4.0,3.0,,4.0,4.0,5.0,1.0,4.0,3.0,3.0,4.0,3.0,3.0,4.0,3.0,1.0,2.0,2.0,1.0,1.0,4.0,4.0,4.0,5.0,4.0,4.0,4.0,3.0,3.0,4.0,4.0,3.0,4.0,4.0,2.0,4.0,10.0,9.0,1.0,1.0,1.0,1.0,2.0,1.0,4.0,,4.0,2.0,1.0,3.0,3.0,0.92937,4.333333333333333,4.0,4.0,4.0,1.0
2431.0,4.0,2.0,2.0,35.0,2.0,4.0,4.0,5.0,4.0,4.0,4.0,4.0,4.0,4.0,1.0,1.0,2.0,3.0,4.0,,,,,,,,,,,,,,2.0,2.0,,,,,,,,3.0,5.0,5.0,5.0,4.0,5.0,5.0,5.0,5.0,5.0,4.0,4.0,5.0,5.0,5.0,5.0,4.0,4.0,5.0,4.0,4.0,5.0,4.0,5.0,5.0,4.0,4.0,5.0,5.0,4.0,4.0,4.0,5.0,5.0,4.0,4.0,4.0,4.0,5.0,5.0,4.0,4.0,3.0,5.0,4.0,4.0,5.0,5.0,4.0,4.0,4.0,4.0,4.0,4.0,4.0,4.0,4.0,4.0,4.0,4.0,4.0,4.0,4.0,5.0,4.0,5.0,2.0,4.0,4.0,2.0,3.0,3.0,4.0,5.0,5.0,5.0,4.0,9.0,3.0,2.0,4.0,1.0,4.0,4.0,3.0,,4.0,3.0,4.0,2.0,3.0,3.0,3.0,5.0,3.0,3.0,4.0,3.0,2.0,2.0,2.0,2.0,2.0,4.0,4.0,3.0,4.0,2.0,3.0,2.0,1.0,2.0,2.0,1.0,3.0,2.0,2.0,1.0,4.0,8.0,3.0,2.0,2.0,1.0,2.0,1.0,,4.0,,4.0,1.0,2.0,3.0,3.0,1.051499,4.0,4.0,4.0,3.0,2.0
2445.0,16.0,6.0,2.0,48.0,3.0,4.0,4.0,4.0,5.0,4.0,4.0,4.0,4.0,3.0,1.0,1.0,2.0,3.0,4.0,5.0,6.0,,8.0,,,11.0,,,,,,,1.0,1.0,1.0,2.0,3.0,4.0,5.0,,,1.0,4.0,4.0,4.0,4.0,3.0,4.0,4.0,4.0,4.0,2.0,2.0,5.0,5.0,4.0,5.0,4.0,4.0,4.0,4.0,4.0,4.0,4.0,4.0,4.0,2.0,2.0,3.0,4.0,2.0,4.0,4.0,4.0,4.0,4.0,4.0,4.0,3.0,4.0,4.0,4.0,3.0,4.0,4.0,3.0,4.0,4.0,4.0,4.0,4.0,4.0,4.0,3.0,4.0,4.0,4.0,3.0,4.0,4.0,3.0,4.0,4.0,3.0,4.0,4.0,4.0,3.0,4.0,4.0,2.0,3.0,2.0,2.0,4.0,4.0,3.0,4.0,8.0,5.0,4.0,4.0,1.0,4.0,5.0,4.0,,3.0,3.0,3.0,2.0,3.0,2.0,2.0,3.0,3.0,3.0,3.0,2.0,2.0,2.0,2.0,2.0,2.0,4.0,4.0,4.0,4.0,2.0,4.0,2.0,2.0,2.0,2.0,2.0,2.0,2.0,2.0,2.0,3.0,8.0,8.0,2.0,2.0,2.0,2.0,2.0,1.0,5.0,,4.0,2.0,1.0,4.0,3.0,1.115818,3.6666666666666665,4.0,4.5,3.0,2.0
2467.0,1.0,1.0,2.0,38.0,2.0,3.0,4.0,4.0,3.0,4.0,4.0,4.0,4.0,4.0,2.0,,,,,,,,,,,,,,,,,,2.0,1.0,,,3.0,,5.0,,,2.0,3.0,3.0,2.0,5.0,3.0,5.0,3.0,3.0,2.0,2.0,2.0,4.0,4.0,4.0,5.0,4.0,3.0,3.0,4.0,3.0,4.0,3.0,4.0,5.0,4.0,4.0,4.0,5.0,3.0,4.0,4.0,4.0,4.0,3.0,3.0,4.0,4.0,3.0,4.0,4.0,4.0,4.0,3.0,3.0,4.0,4.0,5.0,4.0,5.0,3.0,5.0,4.0,3.0,3.0,5.0,4.0,4.0,4.0,4.0,5.0,4.0,4.0,4.0,4.0,5.0,3.0,4.0,3.0,3.0,4.0,3.0,4.0,3.0,4.0,4.0,3.0,8.0,5.0,2.0,4.0,1.0,4.0,4.0,1.0,,3.0,4.0,3.0,2.0,3.0,3.0,3.0,3.0,3.0,3.0,3.0,3.0,2.0,2.0,2.0,2.0,2.0,4.0,4.0,3.0,4.0,2.0,3.0,2.0,2.0,2.0,2.0,3.0,2.0,3.0,3.0,3.0,3.0,9.0,8.0,2.0,2.0,2.0,2.0,2.0,2.0,2.0,,2.0,2.0,2.0,1.0,1.0,1.036816,4.0,4.0,4.0,3.0,2.0
2492.0,16.0,6.0,1.0,42.0,3.0,5.0,5.0,4.0,4.0,5.0,4.0,4.0,4.0,4.0,1.0,,2.0,3.0,,,,,,,,,12.0,13.0,14.0,,,,2.0,2.0,,,,,,,,4.0,4.0,5.0,2.0,4.0,4.0,3.0,4.0,5.0,3.0,4.0,4.0,3.0,4.0,2.0,5.0,2.0,2.0,2.0,2.0,2.0,2.0,3.0,4.0,3.0,4.0,3.0,2.0,5.0,2.0,2.0,3.0,2.0,2.0,2.0,2.0,2.0,3.0,5.0,2.0,3.0,2.0,3.0,5.0,2.0,2.0,4.0,3.0,2.0,3.0,3.0,4.0,2.0,3.0,3.0,4.0,3.0,3.0,5.0,2.0,3.0,4.0,5.0,4.0,2.0,3.0,1.0,4.0,1.0,3.0,2.0,2.0,3.0,5.0,3.0,3.0,2.0,10.0,4.0,2.0,4.0,1.0,4.0,5.0,4.0,,4.0,3.0,5.0,1.0,4.0,2.0,5.0,3.0,4.0,2.0,3.0,2.0,2.0,1.0,1.0,1.0,2.0,2.0,4.0,4.0,2.0,2.0,4.0,2.0,1.0,2.0,2.0,2.0,4.0,3.0,2.0,1.0,4.0,9.0,10.0,1.0,2.0,1.0,1.0,2.0,1.0,4.0,,4.0,2.0,1.0,3.0,3.0,0.846161,4.0,4.5,4.5,4.0,1.0
2521.0,1.0,1.0,1.0,41.0,3.0,3.0,4.0,3.0,4.0,3.0,4.0,3.0,3.0,4.0,1.0,,2.0,3.0,,5.0,,,,,,11.0,,,,,,,2.0,2.0,,,,,,,,3.0,3.0,4.0,3.0,3.0,2.0,3.0,3.0,3.0,3.0,4.0,3.0,3.0,3.0,3.0,3.0,3.0,2.0,3.0,4.0,4.0,3.0,2.0,3.0,3.0,4.0,4.0,2.0,3.0,3.0,3.0,3.0,2.0,3.0,4.0,4.0,3.0,3.0,3.0,2.0,3.0,3.0,3.0,2.0,2.0,3.0,3.0,4.0,4.0,3.0,2.0,3.0,3.0,4.0,3.0,3.0,2.0,3.0,4.0,3.0,2.0,3.0,4.0,3.0,2.0,3.0,3.0,4.0,3.0,2.0,3.0,4.0,3.0,3.0,2.0,3.0,4.0,8.0,3.0,4.0,3.0,1.0,3.0,4.0,3.0,,4.0,3.0,3.0,2.0,3.0,3.0,4.0,3.0,2.0,2.0,3.0,3.0,1.0,2.0,2.0,1.0,2.0,3.0,4.0,3.0,2.0,3.0,3.0,4.0,3.0,3.0,2.0,3.0,3.0,3.0,4.0,3.0,4.0,8.0,7.0,1.0,2.0,2.0,2.0,2.0,1.0,4.0,,4.0,2.0,1.0,3.0,3.0,1.074504,3.3333333333333335,3.5,3.5,3.0,2.0
2522.0,9.0,2.0,2.0,44.0,3.0,4.0,5.0,3.0,3.0,3.0,3.0,2.0,3.0,2.0,2.0,,,,,,,,,,,,,,,,,,2.0,1.0,,,,4.0,,,,2.0,3.0,3.0,3.0,2.0,2.0,5.0,2.0,3.0,3.0,3.0,3.0,5.0,5.0,3.0,3.0,3.0,3.0,4.0,2.0,3.0,2.0,4.0,3.0,4.0,4.0,4.0,4.0,4.0,3.0,3.0,2.0,2.0,3.0,2.0,2.0,2.0,2.0,2.0,2.0,2.0,2.0,2.0,3.0,2.0,2.0,2.0,2.0,3.0,2.0,3.0,2.0,3.0,2.0,3.0,2.0,3.0,3.0,3.0,2.0,2.0,4.0,4.0,4.0,5.0,5.0,2.0,2.0,2.0,3.0,3.0,3.0,3.0,5.0,4.0,3.0,4.0,8.0,2.0,4.0,3.0,1.0,4.0,4.0,3.0,,3.0,3.0,4.0,1.0,3.0,1.0,1.0,4.0,3.0,3.0,3.0,3.0,1.0,2.0,2.0,1.0,2.0,1.0,3.0,2.0,2.0,2.0,2.0,2.0,2.0,1.0,1.0,1.0,3.0,3.0,2.0,1.0,3.0,8.0,3.0,1.0,1.0,1.0,1.0,2.0,1.0,5.0,,2.0,2.0,1.0,4.0,1.0,0.965456,2.3333333333333335,3.0,4.0,3.0,1.0
2537.0,15.0,5.0,2.0,49.0,3.0,4.0,5.0,4.0,5.0,4.0,4.0,5.0,4.0,5.0,1.0,1.0,2.0,3.0,,,,,,,,,,,,,,,1.0,2.0,,,,,,,,3.0,2.0,2.0,2.0,3.0,2.0,2.0,2.0,3.0,3.0,2.0,2.0,2.0,3.0,3.0,2.0,4.0,4.0,5.0,5.0,4.0,4.0,4.0,5.0,5.0,4.0,4.0,4.0,5.0,5.0,5.0,4.0,4.0,5.0,5.0,4.0,4.0,4.0,5.0,5.0,5.0,4.0,4.0,5.0,5.0,4.0,4.0,4.0,4.0,5.0,4.0,4.0,5.0,5.0,4.0,4.0,4.0,5.0,5.0,5.0,4.0,4.0,5.0,5.0,4.0,4.0,4.0,5.0,5.0,4.0,4.0,4.0,5.0,5.0,4.0,4.0,5.0,9.0,3.0,4.0,5.0,1.0,4.0,3.0,2.0,,5.0,4.0,4.0,2.0,4.0,5.0,4.0,4.0,5.0,5.0,4.0,4.0,1.0,1.0,1.0,1.0,1.0,4.0,5.0,5.0,4.0,4.0,4.0,5.0,5.0,4.0,4.0,5.0,5.0,4.0,4.0,4.0,4.0,8.0,9.0,1.0,1.0,1.0,1.0,2.0,1.0,4.0,,3.0,2.0,1.0,3.0,2.0,0.871396,4.666666666666667,4.0,3.5,4.0,2.0
2538.0,1.0,1.0,1.0,34.0,2.0,5.0,5.0,4.0,2.0,4.0,4.0,4.0,4.0,4.0,1.0,1.0,2.0,3.0,,,,,,,,,,,,,,,2.0,2.0,,,,,,,,3.0,1.0,2.0,1.0,1.0,1.0,2.0,1.0,2.0,1.0,1.0,1.0,1.0,2.0,1.0,2.0,2.0,2.0,2.0,2.0,2.0,2.0,2.0,2.0,2.0,2.0,2.0,2.0,2.0,2.0,2.0,2.0,2.0,2.0,2.0,2.0,2.0,2.0,2.0,2.0,2.0,2.0,2.0,2.0,2.0,2.0,3.0,3.0,3.0,3.0,3.0,3.0,3.0,3.0,3.0,3.0,3.0,3.0,3.0,3.0,3.0,5.0,3.0,3.0,5.0,3.0,2.0,2.0,2.0,4.0,3.0,4.0,4.0,5.0,5.0,4.0,3.0,4.0,3.0,2.0,3.0,1.0,2.0,2.0,3.0,,5.0,5.0,5.0,1.0,5.0,4.0,4.0,4.0,4.0,4.0,4.0,4.0,1.0,2.0,2.0,2.0,2.0,3.0,4.0,4.0,3.0,3.0,4.0,2.0,1.0,1.0,1.0,2.0,1.0,1.0,1.0,1.0,2.0,8.0,7.0,2.0,2.0,2.0,2.0,1.0,,4.0,,3.0,1.0,2.0,3.0,2.0,1.080947,4.0,4.0,2.0,5.0,1.0
2624.0,14.0,4.0,1.0,36.0,2.0,4.0,5.0,3.0,2.0,3.0,2.0,3.0,3.0,3.0,2.0,,,,,,,,,,,,,,,,,,2.0,2.0,,,,,,,,3.0,4.0,4.0,5.0,4.0,3.0,3.0,2.0,4.0,4.0,3.0,1.0,3.0,4.0,3.0,3.0,4.0,4.0,4.0,4.0,4.0,4.0,5.0,4.0,3.0,4.0,4.0,3.0,3.0,2.0,3.0,4.0,4.0,5.0,4.0,4.0,3.0,4.0,4.0,4.0,5.0,4.0,3.0,4.0,3.0,3.0,4.0,4.0,4.0,4.0,4.0,3.0,4.0,4.0,5.0,5.0,3.0,3.0,4.0,3.0,3.0,3.0,3.0,3.0,4.0,3.0,3.0,3.0,3.0,3.0,3.0,3.0,3.0,4.0,4.0,4.0,3.0,6.0,4.0,3.0,3.0,1.0,4.0,4.0,3.0,,3.0,3.0,3.0,2.0,3.0,1.0,3.0,4.0,4.0,3.0,3.0,3.0,2.0,2.0,2.0,2.0,2.0,3.0,3.0,3.0,3.0,3.0,3.0,3.0,2.0,2.0,1.0,2.0,3.0,3.0,2.0,2.0,3.0,8.0,6.0,2.0,2.0,2.0,2.0,1.0,,3.0,,4.0,1.0,2.0,2.0,3.0,1.028782,3.0,2.5,4.0,3.0,2.0
2648.0,1.0,1.0,1.0,57.0,4.0,4.0,5.0,5.0,5.0,4.0,3.0,3.0,4.0,3.0,2.0,,,,,,,,,,,,,,,,,,2.0,1.0,,,,4.0,5.0,,,2.0,5.0,5.0,5.0,5.0,4.0,5.0,4.0,5.0,5.0,4.0,4.0,5.0,5.0,5.0,5.0,5.0,5.0,5.0,4.0,4.0,3.0,3.0,5.0,5.0,5.0,4.0,4.0,5.0,4.0,4.0,3.0,3.0,4.0,3.0,3.0,2.0,2.0,4.0,3.0,4.0,3.0,4.0,4.0,3.0,3.0,4.0,5.0,5.0,4.0,4.0,3.0,3.0,4.0,5.0,4.0,4.0,4.0,5.0,4.0,4.0,4.0,3.0,3.0,4.0,4.0,2.0,4.0,3.0,3.0,3.0,3.0,4.0,5.0,5.0,4.0,4.0,7.0,5.0,2.0,3.0,1.0,5.0,5.0,4.0,,2.0,2.0,4.0,2.0,1.0,1.0,1.0,4.0,1.0,2.0,3.0,1.0,1.0,2.0,1.0,2.0,2.0,4.0,4.0,4.0,2.0,1.0,3.0,2.0,1.0,1.0,2.0,1.0,1.0,1.0,1.0,1.0,3.0,8.0,4.0,1.0,2.0,1.0,2.0,3.0,1.0,4.0,,4.0,3.0,1.0,3.0,3.0,1.101675,3.3333333333333335,3.5,5.0,1.0,2.0
2657.0,4.0,2.0,2.0,31.0,2.0,4.0,3.0,4.0,3.0,3.0,3.0,2.0,3.0,3.0,2.0,,,,,,,,,,,,,,,,,,2.0,2.0,,,,,,,,3.0,4.0,3.0,4.0,4.0,4.0,4.0,3.0,5.0,4.0,3.0,3.0,4.0,5.0,3.0,5.0,2.0,2.0,2.0,2.0,2.0,2.0,2.0,2.0,2.0,2.0,2.0,2.0,2.0,2.0,2.0,3.0,3.0,3.0,3.0,3.0,3.0,3.0,3.0,3.0,3.0,3.0,3.0,3.0,3.0,3.0,3.0,3.0,3.0,3.0,3.0,3.0,3.0,3.0,3.0,3.0,3.0,3.0,3.0,3.0,3.0,2.0,2.0,3.0,3.0,3.0,2.0,3.0,3.0,2.0,3.0,2.0,3.0,2.0,3.0,3.0,3.0,6.0,4.0,3.0,3.0,1.0,3.0,4.0,1.0,,2.0,2.0,2.0,2.0,3.0,1.0,1.0,1.0,1.0,1.0,1.0,1.0,1.0,2.0,2.0,2.0,2.0,3.0,3.0,3.0,3.0,2.0,3.0,2.0,2.0,2.0,2.0,2.0,2.0,2.0,2.0,2.0,3.0,6.0,6.0,2.0,2.0,2.0,2.0,2.0,1.0,5.0,,5.0,2.0,1.0,4.0,3.0,1.051499,2.6666666666666665,3.0,3.5,3.0,2.0
2668.0,15.0,5.0,2.0,26.0,1.0,5.0,5.0,4.0,4.0,4.0,4.0,4.0,3.0,4.0,2.0,,,,,,,,,,,,,,,,,,2.0,2.0,,,,,,,,3.0,3.0,4.0,4.0,3.0,2.0,4.0,3.0,3.0,2.0,2.0,2.0,2.0,2.0,2.0,4.0,2.0,2.0,2.0,2.0,2.0,2.0,2.0,2.0,2.0,2.0,1.0,1.0,3.0,2.0,1.0,1.0,1.0,1.0,1.0,1.0,1.0,1.0,1.0,1.0,1.0,1.0,1.0,1.0,1.0,1.0,3.0,3.0,4.0,3.0,3.0,2.0,3.0,3.0,3.0,3.0,2.0,1.0,2.0,2.0,1.0,4.0,4.0,4.0,5.0,5.0,5.0,4.0,4.0,3.0,4.0,2.0,2.0,4.0,4.0,2.0,3.0,8.0,4.0,2.0,4.0,1.0,4.0,4.0,3.0,,4.0,3.0,3.0,2.0,3.0,3.0,3.0,4.0,2.0,4.0,4.0,4.0,1.0,2.0,2.0,2.0,2.0,5.0,5.0,5.0,5.0,3.0,4.0,2.0,2.0,3.0,2.0,3.0,2.0,3.0,3.0,3.0,1.0,11.0,9.0,1.0,2.0,2.0,2.0,1.0,,4.0,,4.0,1.0,2.0,3.0,3.0,0.976825,3.6666666666666665,4.0,4.0,3.0,2.0
2701.0,4.0,2.0,2.0,33.0,2.0,3.0,4.0,3.0,3.0,4.0,4.0,4.0,4.0,4.0,2.0,,,,,,,,,,,,,,,,,,2.0,2.0,,,,,,,,2.0,3.0,4.0,3.0,4.0,3.0,3.0,3.0,4.0,3.0,3.0,3.0,4.0,4.0,3.0,4.0,3.0,3.0,3.0,4.0,3.0,3.0,2.0,3.0,3.0,2.0,2.0,3.0,3.0,3.0,2.0,3.0,3.0,2.0,2.0,2.0,2.0,2.0,2.0,2.0,2.0,2.0,2.0,2.0,2.0,2.0,3.0,2.0,2.0,3.0,2.0,3.0,2.0,3.0,2.0,2.0,3.0,2.0,2.0,2.0,2.0,3.0,2.0,3.0,2.0,2.0,2.0,3.0,2.0,2.0,3.0,2.0,2.0,2.0,2.0,2.0,2.0,6.0,4.0,3.0,4.0,1.0,4.0,4.0,4.0,,3.0,3.0,2.0,2.0,3.0,3.0,2.0,3.0,3.0,3.0,2.0,3.0,2.0,2.0,2.0,2.0,2.0,3.0,3.0,2.0,3.0,3.0,3.0,2.0,3.0,4.0,3.0,3.0,3.0,2.0,3.0,3.0,3.0,6.0,6.0,2.0,2.0,2.0,2.0,1.0,,4.0,,3.0,1.0,2.0,3.0,2.0,1.051499,4.0,4.0,4.0,3.0,2.0
2715.0,9.0,2.0,2.0,45.0,3.0,4.0,3.0,4.0,3.0,4.0,3.0,4.0,3.0,4.0,1.0,,,,,,6.0,,8.0,,,,,,,,,,1.0,1.0,,,,,5.0,,,4.0,3.0,3.0,4.0,5.0,4.0,3.0,3.0,3.0,4.0,4.0,5.0,5.0,4.0,4.0,4.0,3.0,3.0,4.0,4.0,5.0,3.0,3.0,4.0,3.0,3.0,4.0,4.0,5.0,4.0,3.0,4.0,5.0,3.0,4.0,3.0,4.0,4.0,4.0,3.0,3.0,4.0,4.0,4.0,4.0,4.0,3.0,4.0,4.0,4.0,5.0,3.0,4.0,3.0,3.0,4.0,5.0,4.0,4.0,4.0,4.0,3.0,3.0,4.0,5.0,4.0,4.0,3.0,3.0,2.0,4.0,3.0,2.0,3.0,4.0,3.0,3.0,9.0,4.0,4.0,3.0,1.0,3.0,4.0,4.0,,4.0,4.0,3.0,1.0,3.0,3.0,3.0,3.0,4.0,3.0,4.0,4.0,1.0,1.0,1.0,2.0,2.0,4.0,3.0,4.0,5.0,4.0,3.0,4.0,4.0,3.0,5.0,4.0,4.0,3.0,4.0,3.0,4.0,11.0,9.0,1.0,1.0,1.0,2.0,2.0,1.0,4.0,,3.0,2.0,1.0,3.0,2.0,0.965456,3.6666666666666665,3.5,3.5,3.0,1.0
2717.0,15.0,5.0,2.0,45.0,3.0,2.0,3.0,4.0,3.0,3.0,2.0,4.0,3.0,2.0,2.0,,,,,,,,,,,,,,,,,,2.0,2.0,,,,,,,,2.0,4.0,3.0,2.0,2.0,2.0,3.0,4.0,3.0,3.0,2.0,2.0,3.0,3.0,3.0,4.0,3.0,3.0,2.0,4.0,4.0,3.0,4.0,3.0,2.0,2.0,3.0,3.0,4.0,4.0,3.0,3.0,3.0,4.0,3.0,2.0,2.0,4.0,3.0,4.0,4.0,3.0,2.0,2.0,2.0,2.0,2.0,4.0,3.0,2.0,2.0,3.0,3.0,4.0,2.0,2.0,3.0,3.0,4.0,3.0,3.0,3.0,4.0,3.0,3.0,2.0,2.0,2.0,3.0,4.0,4.0,3.0,3.0,3.0,2.0,2.0,2.0,8.0,3.0,4.0,3.0,1.0,3.0,4.0,4.0,,3.0,2.0,4.0,2.0,3.0,3.0,2.0,2.0,2.0,3.0,3.0,4.0,2.0,2.0,1.0,1.0,2.0,2.0,3.0,4.0,3.0,3.0,4.0,3.0,3.0,2.0,2.0,2.0,3.0,4.0,4.0,3.0,3.0,8.0,5.0,1.0,2.0,2.0,1.0,2.0,1.0,5.0,,4.0,2.0,1.0,4.0,3.0,0.871396,3.0,2.5,3.5,3.0,2.0
2856.0,9.0,2.0,1.0,59.0,4.0,5.0,5.0,3.0,1.0,3.0,3.0,1.0,3.0,1.0,2.0,,,,,,,,,,,,,,,,,,2.0,2.0,,,,,,,,3.0,3.0,3.0,2.0,3.0,2.0,4.0,2.0,3.0,2.0,2.0,2.0,4.0,3.0,3.0,4.0,2.0,2.0,2.0,2.0,2.0,2.0,2.0,2.0,2.0,2.0,2.0,2.0,2.0,2.0,2.0,2.0,2.0,2.0,2.0,2.0,2.0,2.0,2.0,3.0,2.0,2.0,2.0,2.0,2.0,2.0,2.0,2.0,2.0,2.0,2.0,2.0,1.0,2.0,2.0,2.0,2.0,2.0,3.0,1.0,2.0,4.0,4.0,4.0,5.0,3.0,3.0,3.0,3.0,3.0,4.0,4.0,4.0,4.0,4.0,4.0,3.0,1.0,2.0,4.0,3.0,1.0,4.0,4.0,1.0,,3.0,3.0,4.0,2.0,3.0,2.0,2.0,3.0,2.0,2.0,2.0,2.0,2.0,2.0,2.0,2.0,2.0,4.0,4.0,2.0,3.0,2.0,2.0,2.0,1.0,1.0,1.0,1.0,1.0,1.0,1.0,1.0,4.0,2.0,6.0,2.0,2.0,2.0,2.0,2.0,1.0,4.0,,4.0,2.0,1.0,3.0,3.0,1.048518,1.6666666666666667,3.0,4.0,3.0,2.0
2860.0,2.0,6.0,1.0,29.0,1.0,4.0,5.0,4.0,4.0,3.0,3.0,4.0,4.0,4.0,1.0,1.0,,3.0,,,,,,,,,,,,,,,1.0,1.0,,,,,5.0,,,4.0,3.0,4.0,5.0,4.0,3.0,3.0,5.0,4.0,5.0,4.0,2.0,4.0,5.0,4.0,5.0,4.0,5.0,3.0,3.0,5.0,3.0,4.0,4.0,5.0,4.0,2.0,3.0,2.0,5.0,4.0,5.0,4.0,5.0,4.0,5.0,3.0,4.0,4.0,5.0,5.0,2.0,4.0,3.0,3.0,4.0,4.0,5.0,3.0,4.0,4.0,5.0,3.0,5.0,4.0,4.0,5.0,4.0,5.0,5.0,3.0,4.0,3.0,4.0,3.0,3.0,5.0,4.0,4.0,4.0,5.0,3.0,3.0,3.0,4.0,4.0,5.0,9.0,4.0,4.0,4.0,1.0,4.0,3.0,2.0,,3.0,2.0,5.0,1.0,4.0,3.0,3.0,5.0,4.0,2.0,5.0,3.0,1.0,2.0,1.0,1.0,2.0,3.0,2.0,5.0,4.0,3.0,4.0,5.0,3.0,2.0,5.0,3.0,3.0,4.0,5.0,3.0,3.0,10.0,7.0,1.0,2.0,1.0,1.0,1.0,,4.0,,2.0,1.0,2.0,3.0,1.0,1.00476,4.0,3.0,3.5,4.0,1.0
2869.0,6.0,3.0,2.0,27.0,1.0,5.0,5.0,5.0,5.0,5.0,5.0,5.0,5.0,5.0,2.0,,,,,,,,,,,,,,,,,,2.0,2.0,,,,,,,,1.0,3.0,5.0,3.0,5.0,1.0,5.0,1.0,3.0,3.0,3.0,3.0,3.0,5.0,3.0,5.0,3.0,3.0,3.0,3.0,3.0,3.0,3.0,3.0,3.0,3.0,5.0,5.0,5.0,5.0,5.0,1.0,1.0,1.0,1.0,1.0,1.0,1.0,3.0,3.0,3.0,5.0,5.0,5.0,5.0,1.0,3.0,3.0,3.0,3.0,3.0,3.0,3.0,3.0,3.0,3.0,5.0,5.0,5.0,5.0,3.0,5.0,5.0,5.0,5.0,3.0,3.0,1.0,1.0,5.0,3.0,1.0,1.0,3.0,1.0,1.0,1.0,6.0,3.0,3.0,5.0,1.0,5.0,5.0,4.0,,3.0,2.0,1.0,1.0,3.0,1.0,1.0,3.0,1.0,1.0,3.0,3.0,1.0,1.0,1.0,1.0,1.0,3.0,3.0,1.0,3.0,1.0,1.0,1.0,1.0,1.0,1.0,1.0,1.0,3.0,3.0,1.0,3.0,7.0,5.0,2.0,2.0,2.0,2.0,1.0,,3.0,,5.0,1.0,2.0,2.0,3.0,0.987061,5.0,5.0,5.0,3.0,1.0
2873.0,3.0,5.0,1.0,44.0,3.0,4.0,4.0,4.0,4.0,3.0,4.0,3.0,3.0,3.0,2.0,,,,,,,,,,,,,,,,,,2.0,2.0,,,,,,,,4.0,4.0,4.0,3.0,2.0,3.0,3.0,2.0,3.0,3.0,3.0,3.0,3.0,3.0,3.0,4.0,3.0,3.0,3.0,3.0,4.0,2.0,3.0,3.0,3.0,3.0,3.0,3.0,4.0,2.0,3.0,4.0,4.0,3.0,3.0,3.0,2.0,3.0,4.0,4.0,4.0,3.0,3.0,4.0,2.0,3.0,4.0,4.0,4.0,4.0,4.0,3.0,4.0,3.0,4.0,4.0,4.0,4.0,4.0,2.0,3.0,3.0,3.0,4.0,4.0,4.0,3.0,3.0,3.0,2.0,2.0,4.0,4.0,4.0,3.0,4.0,4.0,6.0,3.0,3.0,3.0,1.0,4.0,3.0,1.0,,3.0,3.0,4.0,2.0,3.0,3.0,3.0,4.0,3.0,2.0,3.0,2.0,2.0,2.0,2.0,2.0,2.0,3.0,3.0,2.0,3.0,2.0,3.0,3.0,1.0,1.0,2.0,2.0,2.0,2.0,1.0,3.0,3.0,6.0,6.0,2.0,2.0,2.0,2.0,1.0,,3.0,,4.0,1.0,2.0,2.0,3.0,0.956937,3.0,3.5,3.5,3.0,2.0
2881.0,4.0,2.0,2.0,46.0,3.0,4.0,5.0,4.0,3.0,4.0,3.0,3.0,3.0,4.0,2.0,,,,,,,,,,,,,,,,,,2.0,2.0,,,,,,,,3.0,3.0,3.0,2.0,2.0,2.0,2.0,2.0,4.0,2.0,2.0,2.0,3.0,3.0,3.0,3.0,2.0,2.0,3.0,2.0,2.0,1.0,2.0,2.0,2.0,2.0,1.0,2.0,4.0,2.0,2.0,3.0,4.0,4.0,3.0,3.0,3.0,3.0,4.0,4.0,3.0,3.0,3.0,4.0,2.0,2.0,4.0,4.0,4.0,4.0,3.0,3.0,3.0,4.0,3.0,3.0,3.0,3.0,4.0,3.0,2.0,5.0,3.0,4.0,5.0,3.0,2.0,3.0,3.0,3.0,4.0,4.0,3.0,4.0,4.0,4.0,4.0,11.0,4.0,2.0,4.0,1.0,3.0,4.0,3.0,,3.0,3.0,5.0,1.0,4.0,3.0,4.0,4.0,4.0,3.0,4.0,3.0,2.0,2.0,2.0,2.0,2.0,4.0,4.0,4.0,2.0,4.0,3.0,2.0,2.0,2.0,1.0,1.0,4.0,2.0,3.0,2.0,3.0,10.0,2.0,1.0,2.0,2.0,2.0,2.0,1.0,4.0,,3.0,2.0,1.0,3.0,2.0,0.965456,3.3333333333333335,3.5,3.5,4.0,1.0
2924.0,16.0,6.0,1.0,59.0,4.0,5.0,5.0,3.0,3.0,4.0,4.0,3.0,3.0,3.0,1.0,1.0,2.0,3.0,4.0,5.0,6.0,,,,,,,,,,,,2.0,1.0,1.0,,,4.0,,,,2.0,4.0,4.0,4.0,4.0,4.0,4.0,3.0,4.0,3.0,3.0,3.0,4.0,3.0,4.0,4.0,3.0,3.0,3.0,4.0,4.0,3.0,3.0,4.0,3.0,3.0,2.0,3.0,4.0,3.0,4.0,4.0,3.0,4.0,4.0,4.0,3.0,4.0,4.0,4.0,4.0,3.0,3.0,4.0,3.0,4.0,4.0,4.0,4.0,3.0,4.0,3.0,4.0,4.0,4.0,4.0,4.0,4.0,4.0,3.0,3.0,4.0,3.0,3.0,3.0,3.0,2.0,2.0,3.0,3.0,3.0,3.0,4.0,4.0,4.0,3.0,3.0,8.0,2.0,3.0,3.0,1.0,5.0,5.0,2.0,,2.0,2.0,3.0,2.0,2.0,1.0,2.0,2.0,2.0,1.0,2.0,2.0,2.0,2.0,2.0,2.0,2.0,4.0,4.0,3.0,4.0,3.0,3.0,3.0,2.0,2.0,2.0,2.0,2.0,2.0,2.0,2.0,4.0,4.0,4.0,2.0,2.0,2.0,2.0,2.0,1.0,2.0,,4.0,2.0,1.0,1.0,3.0,1.044509,3.0,4.0,5.0,2.0,2.0
2938.0,9.0,2.0,1.0,38.0,2.0,5.0,5.0,3.0,3.0,3.0,3.0,3.0,3.0,3.0,1.0,1.0,2.0,3.0,,,,,,,,,,,,,,,1.0,1.0,,2.0,,4.0,,,,2.0,3.0,3.0,3.0,3.0,3.0,3.0,3.0,4.0,3.0,3.0,3.0,4.0,3.0,3.0,5.0,3.0,3.0,3.0,2.0,2.0,2.0,2.0,3.0,2.0,2.0,2.0,3.0,4.0,4.0,2.0,1.0,1.0,1.0,1.0,1.0,1.0,1.0,3.0,1.0,1.0,1.0,1.0,4.0,4.0,1.0,2.0,2.0,2.0,2.0,2.0,2.0,2.0,2.0,2.0,2.0,4.0,4.0,4.0,4.0,2.0,4.0,3.0,4.0,4.0,4.0,4.0,3.0,3.0,3.0,4.0,3.0,3.0,3.0,4.0,4.0,4.0,10.0,3.0,3.0,3.0,1.0,4.0,3.0,2.0,,3.0,3.0,4.0,1.0,3.0,4.0,4.0,4.0,4.0,4.0,4.0,4.0,1.0,1.0,1.0,1.0,1.0,4.0,4.0,3.0,3.0,1.0,1.0,1.0,1.0,1.0,1.0,1.0,1.0,1.0,1.0,1.0,2.0,11.0,9.0,1.0,1.0,1.0,1.0,2.0,1.0,4.0,,3.0,2.0,1.0,3.0,2.0,0.921551,3.0,3.0,3.5,3.0,1.0
2953.0,1.0,1.0,1.0,39.0,2.0,5.0,5.0,2.0,4.0,5.0,4.0,4.0,4.0,4.0,2.0,,,,,,,,,,,,,,,,,,2.0,2.0,,,,,,,,4.0,2.0,2.0,2.0,2.0,2.0,2.0,2.0,2.0,2.0,1.0,1.0,4.0,2.0,4.0,5.0,3.0,3.0,2.0,3.0,3.0,3.0,3.0,4.0,4.0,2.0,2.0,5.0,4.0,5.0,2.0,2.0,2.0,2.0,4.0,2.0,2.0,2.0,2.0,2.0,2.0,2.0,4.0,4.0,4.0,2.0,2.0,4.0,2.0,4.0,2.0,3.0,2.0,4.0,4.0,4.0,2.0,5.0,4.0,5.0,2.0,5.0,3.0,4.0,4.0,3.0,1.0,4.0,2.0,4.0,4.0,4.0,4.0,4.0,4.0,4.0,5.0,8.0,4.0,2.0,4.0,1.0,4.0,4.0,5.0,,2.0,2.0,4.0,2.0,3.0,1.0,2.0,5.0,4.0,3.0,5.0,2.0,1.0,2.0,2.0,2.0,2.0,5.0,5.0,2.0,4.0,3.0,5.0,2.0,2.0,1.0,2.0,2.0,2.0,2.0,1.0,1.0,4.0,10.0,3.0,2.0,2.0,2.0,2.0,1.0,,4.0,,3.0,1.0,2.0,3.0,2.0,1.080947,4.0,4.5,4.0,3.0,2.0
2971.0,12.0,3.0,2.0,29.0,1.0,4.0,4.0,3.0,4.0,3.0,4.0,3.0,3.0,4.0,2.0,,,,,,,,,,,,,,,,,,2.0,2.0,,,,,,,,3.0,3.0,4.0,3.0,3.0,3.0,3.0,2.0,4.0,3.0,3.0,2.0,3.0,4.0,3.0,3.0,3.0,3.0,4.0,3.0,3.0,3.0,3.0,4.0,3.0,3.0,2.0,2.0,4.0,2.0,3.0,3.0,3.0,2.0,3.0,2.0,2.0,2.0,4.0,2.0,2.0,2.0,2.0,4.0,2.0,3.0,3.0,2.0,2.0,3.0,3.0,2.0,2.0,4.0,2.0,2.0,2.0,2.0,4.0,3.0,3.0,2.0,4.0,3.0,3.0,2.0,2.0,3.0,2.0,3.0,3.0,3.0,4.0,3.0,3.0,3.0,2.0,4.0,3.0,3.0,3.0,2.0,3.0,3.0,1.0,,3.0,2.0,3.0,2.0,3.0,2.0,2.0,3.0,3.0,3.0,4.0,3.0,2.0,2.0,2.0,2.0,2.0,2.0,3.0,3.0,3.0,2.0,2.0,2.0,2.0,2.0,2.0,2.0,3.0,2.0,2.0,2.0,3.0,6.0,5.0,2.0,2.0,2.0,2.0,1.0,,6.0,,4.0,1.0,2.0,5.0,3.0,0.987061,3.3333333333333335,3.5,3.0,3.0,2.0
2979.0,9.0,2.0,1.0,26.0,1.0,4.0,5.0,3.0,1.0,3.0,3.0,3.0,3.0,3.0,1.0,,,3.0,4.0,,,,,,,,,,,,,,2.0,2.0,,,,,,,,3.0,3.0,3.0,3.0,3.0,3.0,3.0,3.0,3.0,3.0,3.0,3.0,3.0,3.0,3.0,3.0,3.0,3.0,3.0,3.0,3.0,3.0,3.0,3.0,3.0,3.0,3.0,3.0,3.0,3.0,3.0,3.0,3.0,3.0,3.0,3.0,3.0,3.0,3.0,3.0,3.0,2.0,3.0,3.0,2.0,3.0,3.0,3.0,4.0,3.0,3.0,3.0,3.0,3.0,3.0,4.0,4.0,4.0,3.0,5.0,3.0,3.0,4.0,3.0,3.0,3.0,2.0,3.0,3.0,3.0,3.0,3.0,4.0,2.0,3.0,3.0,3.0,5.0,3.0,3.0,3.0,2.0,3.0,3.0,3.0,,3.0,3.0,3.0,1.0,3.0,1.0,3.0,3.0,3.0,3.0,3.0,3.0,1.0,1.0,1.0,1.0,1.0,3.0,3.0,3.0,1.0,1.0,3.0,1.0,1.0,1.0,1.0,1.0,1.0,1.0,1.0,1.0,3.0,6.0,6.0,1.0,1.0,1.0,1.0,1.0,,6.0,,3.0,1.0,2.0,5.0,2.0,1.051424,3.0,3.0,3.0,3.0,1.0
2982.0,9.0,2.0,2.0,26.0,1.0,5.0,5.0,4.0,3.0,3.0,3.0,3.0,4.0,3.0,2.0,,,,,,,,,,,,,,,,,,2.0,2.0,,,,,,,,2.0,3.0,3.0,3.0,3.0,3.0,3.0,3.0,4.0,3.0,3.0,3.0,3.0,3.0,3.0,4.0,5.0,5.0,5.0,5.0,5.0,5.0,5.0,5.0,5.0,5.0,5.0,5.0,5.0,5.0,2.0,4.0,4.0,4.0,4.0,4.0,4.0,4.0,4.0,4.0,4.0,4.0,4.0,4.0,4.0,2.0,5.0,5.0,5.0,5.0,5.0,5.0,5.0,5.0,5.0,5.0,5.0,5.0,5.0,5.0,2.0,2.0,4.0,3.0,4.0,2.0,1.0,2.0,2.0,3.0,3.0,1.0,1.0,3.0,3.0,2.0,3.0,6.0,3.0,2.0,3.0,1.0,4.0,4.0,3.0,,3.0,1.0,5.0,2.0,2.0,1.0,1.0,3.0,1.0,1.0,3.0,3.0,2.0,2.0,2.0,1.0,2.0,1.0,3.0,3.0,3.0,2.0,1.0,3.0,1.0,1.0,1.0,1.0,3.0,1.0,1.0,1.0,4.0,6.0,6.0,2.0,2.0,2.0,2.0,1.0,,4.0,,4.0,1.0,2.0,3.0,3.0,1.026542,3.3333333333333335,3.0,4.0,2.0,2.0
2992.0,9.0,2.0,1.0,46.0,3.0,5.0,5.0,3.0,1.0,4.0,4.0,4.0,3.0,4.0,2.0,,,,,,,,,,,,,,,,,,2.0,1.0,,,,,,9997.0,민간기업사이트정보유출,3.0,4.0,4.0,4.0,4.0,4.0,5.0,3.0,4.0,4.0,3.0,3.0,5.0,4.0,4.0,5.0,3.0,4.0,4.0,3.0,3.0,3.0,3.0,3.0,4.0,3.0,3.0,4.0,4.0,3.0,3.0,2.0,2.0,2.0,1.0,2.0,1.0,2.0,2.0,2.0,2.0,2.0,2.0,2.0,2.0,1.0,3.0,4.0,3.0,2.0,3.0,1.0,4.0,3.0,3.0,3.0,3.0,3.0,5.0,3.0,2.0,4.0,2.0,1.0,4.0,3.0,2.0,4.0,3.0,3.0,3.0,2.0,3.0,4.0,4.0,3.0,4.0,9.0,4.0,2.0,3.0,2.0,4.0,4.0,2.0,,2.0,2.0,4.0,2.0,3.0,1.0,2.0,4.0,2.0,2.0,4.0,3.0,2.0,2.0,2.0,2.0,2.0,3.0,3.0,3.0,3.0,3.0,2.0,1.0,1.0,1.0,1.0,3.0,3.0,3.0,1.0,1.0,4.0,6.0,1.0,2.0,2.0,2.0,2.0,2.0,1.0,4.0,,3.0,2.0,1.0,3.0,2.0,1.065336,3.6666666666666665,4.0,4.0,3.0,2.0
3035.0,12.0,3.0,2.0,30.0,2.0,3.0,3.0,3.0,3.0,3.0,3.0,3.0,3.0,3.0,2.0,,,,,,,,,,,,,,,,,,2.0,2.0,,,,,,,,2.0,4.0,4.0,4.0,4.0,3.0,4.0,3.0,3.0,4.0,3.0,3.0,3.0,4.0,3.0,4.0,4.0,4.0,4.0,4.0,3.0,4.0,4.0,4.0,4.0,4.0,4.0,3.0,4.0,4.0,3.0,5.0,5.0,5.0,4.0,3.0,4.0,4.0,5.0,5.0,4.0,3.0,3.0,4.0,3.0,3.0,5.0,5.0,5.0,4.0,3.0,4.0,4.0,5.0,5.0,5.0,3.0,3.0,4.0,3.0,3.0,2.0,2.0,3.0,3.0,2.0,2.0,3.0,3.0,3.0,3.0,2.0,2.0,2.0,2.0,2.0,2.0,7.0,4.0,3.0,3.0,1.0,4.0,4.0,2.0,,3.0,3.0,3.0,2.0,3.0,1.0,1.0,4.0,2.0,2.0,2.0,2.0,1.0,2.0,2.0,2.0,2.0,3.0,3.0,3.0,3.0,3.0,3.0,3.0,2.0,3.0,3.0,3.0,3.0,3.0,3.0,2.0,3.0,6.0,6.0,1.0,2.0,1.0,2.0,1.0,,7.0,,4.0,1.0,2.0,6.0,3.0,0.900154,3.0,3.0,4.0,3.0,2.0
3043.0,9.0,2.0,1.0,43.0,3.0,3.0,3.0,3.0,3.0,4.0,4.0,4.0,3.0,3.0,1.0,1.0,,3.0,,,,,,,,,,,,,,,1.0,1.0,,,,4.0,,,,3.0,4.0,4.0,4.0,3.0,3.0,3.0,4.0,4.0,4.0,3.0,3.0,3.0,3.0,3.0,3.0,4.0,4.0,4.0,3.0,3.0,3.0,4.0,4.0,4.0,3.0,3.0,3.0,3.0,3.0,3.0,4.0,3.0,3.0,3.0,4.0,4.0,3.0,3.0,3.0,4.0,4.0,3.0,3.0,4.0,3.0,4.0,4.0,4.0,3.0,3.0,3.0,4.0,4.0,4.0,3.0,3.0,3.0,3.0,3.0,3.0,3.0,4.0,3.0,4.0,3.0,3.0,3.0,3.0,4.0,4.0,4.0,3.0,3.0,3.0,4.0,4.0,6.0,3.0,3.0,3.0,1.0,3.0,3.0,3.0,,3.0,3.0,4.0,1.0,3.0,3.0,4.0,3.0,4.0,3.0,3.0,3.0,1.0,2.0,1.0,1.0,1.0,3.0,4.0,3.0,3.0,3.0,4.0,3.0,3.0,3.0,4.0,3.0,4.0,3.0,3.0,3.0,3.0,6.0,6.0,1.0,2.0,1.0,2.0,2.0,1.0,4.0,,3.0,2.0,1.0,3.0,2.0,1.065336,3.3333333333333335,4.0,3.0,3.0,1.0
3045.0,5.0,4.0,2.0,48.0,3.0,5.0,5.0,3.0,3.0,4.0,4.0,4.0,4.0,4.0,2.0,,,,,,,,,,,,,,,,,,2.0,2.0,,,,,,,,3.0,3.0,4.0,3.0,3.0,3.0,5.0,3.0,4.0,3.0,3.0,4.0,4.0,4.0,4.0,5.0,2.0,3.0,4.0,3.0,3.0,2.0,3.0,5.0,4.0,4.0,4.0,2.0,3.0,3.0,2.0,2.0,3.0,5.0,3.0,3.0,3.0,2.0,4.0,4.0,4.0,3.0,2.0,3.0,3.0,2.0,3.0,4.0,5.0,3.0,4.0,2.0,3.0,4.0,5.0,5.0,4.0,2.0,3.0,3.0,2.0,4.0,4.0,5.0,5.0,4.0,3.0,4.0,4.0,3.0,3.0,3.0,4.0,5.0,4.0,4.0,4.0,3.0,3.0,3.0,3.0,1.0,4.0,4.0,2.0,,3.0,3.0,4.0,1.0,4.0,3.0,3.0,4.0,3.0,3.0,4.0,4.0,1.0,2.0,1.0,1.0,1.0,5.0,5.0,3.0,3.0,2.0,4.0,4.0,1.0,1.0,1.0,2.0,4.0,4.0,3.0,3.0,4.0,10.0,3.0,1.0,1.0,1.0,1.0,2.0,1.0,4.0,,3.0,2.0,1.0,3.0,2.0,0.826771,4.0,4.0,4.0,4.0,1.0
3046.0,6.0,3.0,1.0,51.0,4.0,4.0,5.0,5.0,5.0,4.0,5.0,5.0,5.0,4.0,1.0,1.0,2.0,3.0,4.0,5.0,,,,,,,,,,,,,1.0,1.0,,,3.0,4.0,5.0,,,5.0,4.0,4.0,5.0,5.0,4.0,5.0,5.0,4.0,5.0,4.0,5.0,4.0,5.0,4.0,5.0,4.0,5.0,5.0,4.0,4.0,5.0,5.0,5.0,5.0,4.0,5.0,4.0,5.0,5.0,5.0,4.0,5.0,5.0,5.0,5.0,4.0,4.0,5.0,5.0,5.0,4.0,5.0,5.0,5.0,4.0,5.0,4.0,5.0,5.0,4.0,4.0,5.0,5.0,5.0,5.0,4.0,4.0,5.0,5.0,4.0,5.0,4.0,4.0,4.0,5.0,5.0,4.0,4.0,5.0,4.0,4.0,5.0,5.0,4.0,4.0,5.0,9.0,4.0,5.0,4.0,1.0,5.0,5.0,4.0,,4.0,5.0,4.0,2.0,4.0,4.0,4.0,5.0,4.0,4.0,4.0,5.0,2.0,2.0,1.0,1.0,1.0,4.0,4.0,5.0,5.0,5.0,5.0,4.0,5.0,5.0,4.0,5.0,4.0,5.0,5.0,4.0,5.0,9.0,8.0,1.0,2.0,2.0,1.0,2.0,1.0,4.0,,3.0,2.0,1.0,3.0,2.0,0.875187,4.666666666666667,4.5,5.0,4.0,2.0
3100.0,9.0,2.0,2.0,29.0,1.0,3.0,4.0,4.0,3.0,4.0,3.0,4.0,4.0,3.0,2.0,,,,,,,,,,,,,,,,,,2.0,2.0,,,,,,,,3.0,4.0,3.0,4.0,3.0,3.0,3.0,3.0,4.0,3.0,2.0,3.0,3.0,4.0,3.0,4.0,3.0,3.0,4.0,3.0,4.0,3.0,3.0,4.0,4.0,3.0,3.0,3.0,4.0,3.0,3.0,4.0,3.0,4.0,3.0,3.0,3.0,3.0,3.0,4.0,3.0,3.0,3.0,3.0,3.0,3.0,3.0,3.0,4.0,3.0,3.0,3.0,3.0,4.0,4.0,4.0,3.0,3.0,4.0,3.0,3.0,3.0,4.0,4.0,4.0,5.0,3.0,4.0,4.0,3.0,4.0,4.0,3.0,3.0,4.0,4.0,4.0,4.0,3.0,3.0,3.0,1.0,4.0,3.0,1.0,,2.0,3.0,3.0,1.0,3.0,1.0,2.0,2.0,2.0,2.0,3.0,2.0,1.0,1.0,1.0,1.0,1.0,4.0,4.0,4.0,4.0,3.0,3.0,3.0,2.0,2.0,3.0,3.0,3.0,3.0,3.0,3.0,3.0,8.0,8.0,1.0,1.0,1.0,1.0,1.0,,4.0,,3.0,1.0,2.0,3.0,2.0,1.026542,3.6666666666666665,3.5,3.5,3.0,1.0
3103.0,16.0,6.0,1.0,53.0,4.0,3.0,3.0,4.0,4.0,4.0,4.0,3.0,4.0,3.0,2.0,,,,,,,,,,,,,,,,,,2.0,2.0,,,,,,,,3.0,3.0,3.0,3.0,4.0,3.0,4.0,2.0,3.0,3.0,3.0,3.0,3.0,2.0,2.0,5.0,3.0,3.0,3.0,3.0,3.0,3.0,3.0,3.0,3.0,3.0,3.0,3.0,4.0,4.0,3.0,3.0,3.0,3.0,3.0,3.0,4.0,3.0,3.0,3.0,3.0,3.0,3.0,4.0,4.0,3.0,3.0,3.0,4.0,3.0,4.0,3.0,3.0,4.0,3.0,3.0,3.0,4.0,4.0,4.0,3.0,4.0,3.0,3.0,3.0,2.0,1.0,2.0,2.0,4.0,4.0,3.0,3.0,3.0,4.0,3.0,3.0,6.0,3.0,3.0,3.0,1.0,4.0,4.0,4.0,,4.0,4.0,3.0,2.0,2.0,1.0,2.0,4.0,3.0,2.0,4.0,3.0,1.0,1.0,1.0,1.0,1.0,4.0,4.0,3.0,4.0,4.0,4.0,2.0,2.0,2.0,2.0,3.0,4.0,3.0,2.0,3.0,3.0,6.0,6.0,1.0,1.0,1.0,1.0,2.0,2.0,4.0,,4.0,2.0,2.0,3.0,3.0,1.044509,3.3333333333333335,4.0,4.0,2.0,2.0
3109.0,12.0,3.0,1.0,52.0,4.0,5.0,5.0,3.0,2.0,2.0,1.0,1.0,1.0,1.0,1.0,1.0,,3.0,4.0,5.0,6.0,,,,,11.0,12.0,,,,,,2.0,2.0,,,,,,,,2.0,4.0,4.0,2.0,3.0,3.0,4.0,3.0,2.0,2.0,2.0,2.0,4.0,3.0,3.0,4.0,1.0,1.0,1.0,1.0,1.0,1.0,1.0,1.0,1.0,1.0,1.0,1.0,2.0,1.0,1.0,1.0,1.0,1.0,1.0,1.0,1.0,1.0,1.0,1.0,1.0,1.0,1.0,1.0,1.0,1.0,1.0,1.0,1.0,1.0,1.0,1.0,1.0,1.0,1.0,1.0,1.0,1.0,1.0,1.0,1.0,5.0,5.0,5.0,5.0,1.0,1.0,1.0,2.0,3.0,3.0,3.0,3.0,4.0,4.0,3.0,3.0,6.0,1.0,3.0,5.0,1.0,5.0,5.0,4.0,,2.0,2.0,2.0,2.0,2.0,2.0,2.0,4.0,1.0,1.0,4.0,3.0,2.0,2.0,1.0,1.0,2.0,3.0,4.0,1.0,3.0,1.0,1.0,1.0,1.0,1.0,1.0,1.0,2.0,1.0,1.0,1.0,2.0,9.0,9.0,2.0,2.0,2.0,2.0,2.0,1.0,2.0,,4.0,2.0,1.0,1.0,3.0,0.875187,1.0,1.5,5.0,2.0,2.0
3136.0,13.0,4.0,2.0,52.0,4.0,5.0,5.0,4.0,4.0,4.0,3.0,2.0,3.0,3.0,2.0,,,,,,,,,,,,,,,,,,2.0,2.0,,,,,,,,3.0,4.0,4.0,4.0,4.0,4.0,5.0,4.0,4.0,3.0,3.0,3.0,4.0,4.0,4.0,5.0,2.0,2.0,2.0,2.0,2.0,2.0,2.0,3.0,3.0,2.0,3.0,4.0,4.0,2.0,3.0,2.0,2.0,2.0,2.0,2.0,2.0,2.0,2.0,3.0,2.0,2.0,4.0,4.0,2.0,4.0,3.0,3.0,3.0,3.0,3.0,3.0,3.0,3.0,3.0,3.0,3.0,3.0,3.0,3.0,3.0,4.0,3.0,3.0,5.0,3.0,1.0,4.0,2.0,4.0,4.0,3.0,3.0,3.0,5.0,5.0,4.0,8.0,1.0,4.0,3.0,1.0,5.0,5.0,4.0,,2.0,2.0,4.0,2.0,1.0,1.0,1.0,3.0,2.0,3.0,3.0,2.0,1.0,1.0,2.0,1.0,2.0,3.0,4.0,2.0,4.0,3.0,4.0,2.0,1.0,1.0,2.0,2.0,2.0,2.0,2.0,1.0,2.0,11.0,6.0,1.0,2.0,2.0,2.0,2.0,1.0,5.0,,4.0,2.0,1.0,4.0,3.0,1.055948,2.6666666666666665,3.5,5.0,1.0,2.0
3169.0,2.0,6.0,1.0,49.0,3.0,5.0,5.0,3.0,2.0,4.0,3.0,4.0,4.0,4.0,2.0,,,,,,,,,,,,,,,,,,2.0,2.0,,,,,,,,2.0,5.0,5.0,4.0,4.0,4.0,5.0,2.0,5.0,5.0,2.0,2.0,5.0,5.0,4.0,5.0,5.0,5.0,5.0,5.0,5.0,4.0,5.0,5.0,5.0,4.0,5.0,4.0,5.0,3.0,4.0,5.0,5.0,5.0,5.0,5.0,4.0,4.0,5.0,5.0,4.0,5.0,5.0,5.0,4.0,4.0,5.0,5.0,5.0,5.0,5.0,3.0,3.0,5.0,5.0,5.0,5.0,5.0,5.0,3.0,2.0,4.0,4.0,5.0,5.0,4.0,4.0,4.0,4.0,3.0,4.0,3.0,3.0,5.0,4.0,4.0,4.0,7.0,2.0,3.0,3.0,1.0,5.0,5.0,4.0,,2.0,2.0,4.0,2.0,1.0,1.0,1.0,3.0,2.0,1.0,3.0,1.0,2.0,2.0,2.0,2.0,2.0,4.0,4.0,3.0,3.0,1.0,4.0,1.0,1.0,4.0,1.0,1.0,3.0,3.0,1.0,1.0,3.0,6.0,3.0,2.0,2.0,2.0,2.0,1.0,,4.0,,4.0,1.0,2.0,3.0,3.0,0.846161,4.0,3.5,5.0,1.0,2.0
3170.0,10.0,3.0,2.0,54.0,4.0,5.0,5.0,3.0,3.0,3.0,3.0,2.0,3.0,3.0,2.0,,,,,,,,,,,,,,,,,,2.0,2.0,,,,,,,,2.0,4.0,3.0,3.0,3.0,4.0,4.0,4.0,4.0,4.0,3.0,3.0,4.0,4.0,4.0,4.0,3.0,3.0,3.0,3.0,3.0,3.0,3.0,3.0,3.0,3.0,3.0,3.0,3.0,3.0,4.0,3.0,3.0,3.0,3.0,3.0,3.0,3.0,3.0,3.0,3.0,3.0,3.0,3.0,3.0,3.0,3.0,3.0,3.0,3.0,3.0,3.0,3.0,3.0,3.0,3.0,3.0,3.0,3.0,3.0,3.0,4.0,3.0,4.0,4.0,4.0,3.0,4.0,3.0,4.0,4.0,3.0,4.0,4.0,3.0,4.0,3.0,8.0,5.0,3.0,3.0,1.0,4.0,3.0,4.0,,3.0,3.0,4.0,2.0,3.0,3.0,3.0,3.0,3.0,3.0,3.0,3.0,1.0,2.0,2.0,2.0,2.0,2.0,2.0,3.0,2.0,1.0,1.0,1.0,1.0,1.0,1.0,1.0,1.0,1.0,1.0,1.0,3.0,6.0,6.0,2.0,2.0,2.0,2.0,1.0,,7.0,,4.0,1.0,2.0,6.0,3.0,0.976223,2.6666666666666665,3.0,3.5,3.0,2.0
3203.0,7.0,6.0,1.0,40.0,3.0,5.0,5.0,3.0,3.0,3.0,3.0,3.0,3.0,3.0,1.0,,,,,,,,,,,,,13.0,14.0,,,,2.0,1.0,,,,4.0,,,,3.0,4.0,4.0,2.0,3.0,3.0,5.0,2.0,3.0,2.0,2.0,1.0,4.0,3.0,3.0,5.0,2.0,2.0,2.0,2.0,1.0,3.0,1.0,3.0,1.0,1.0,1.0,2.0,3.0,1.0,3.0,1.0,1.0,1.0,1.0,1.0,1.0,1.0,1.0,1.0,1.0,1.0,1.0,1.0,1.0,1.0,3.0,3.0,3.0,2.0,2.0,2.0,2.0,3.0,3.0,2.0,2.0,2.0,3.0,1.0,1.0,4.0,4.0,5.0,4.0,3.0,1.0,4.0,2.0,3.0,3.0,3.0,3.0,4.0,5.0,5.0,4.0,3.0,5.0,3.0,4.0,1.0,5.0,5.0,4.0,,3.0,3.0,2.0,2.0,2.0,1.0,2.0,4.0,1.0,1.0,3.0,1.0,2.0,2.0,2.0,1.0,2.0,2.0,3.0,2.0,3.0,2.0,1.0,1.0,1.0,1.0,1.0,3.0,3.0,2.0,1.0,1.0,2.0,11.0,3.0,1.0,2.0,2.0,2.0,2.0,1.0,4.0,,3.0,2.0,1.0,3.0,2.0,0.846161,3.0,3.0,5.0,2.0,2.0
3206.0,11.0,3.0,2.0,43.0,3.0,5.0,5.0,5.0,5.0,4.0,3.0,3.0,3.0,3.0,2.0,,,,,,,,,,,,,,,,,,2.0,2.0,,,,,,,,2.0,3.0,3.0,3.0,3.0,3.0,3.0,3.0,3.0,3.0,3.0,3.0,4.0,4.0,4.0,4.0,3.0,3.0,3.0,3.0,3.0,3.0,3.0,3.0,3.0,3.0,3.0,3.0,4.0,3.0,3.0,3.0,3.0,3.0,3.0,3.0,3.0,2.0,3.0,2.0,2.0,3.0,3.0,4.0,4.0,3.0,2.0,2.0,3.0,2.0,2.0,2.0,2.0,2.0,2.0,2.0,2.0,3.0,4.0,4.0,3.0,4.0,4.0,4.0,4.0,3.0,3.0,3.0,3.0,3.0,3.0,3.0,3.0,3.0,3.0,3.0,3.0,8.0,3.0,2.0,4.0,1.0,5.0,4.0,2.0,,3.0,3.0,3.0,2.0,3.0,1.0,3.0,4.0,3.0,3.0,3.0,3.0,2.0,2.0,2.0,2.0,2.0,3.0,3.0,3.0,2.0,2.0,2.0,3.0,1.0,1.0,1.0,1.0,2.0,2.0,1.0,2.0,3.0,6.0,6.0,1.0,2.0,2.0,2.0,2.0,1.0,5.0,,3.0,2.0,1.0,4.0,2.0,0.951541,3.0,3.5,4.5,3.0,2.0
3213.0,5.0,4.0,1.0,49.0,3.0,5.0,5.0,4.0,3.0,4.0,4.0,4.0,4.0,4.0,1.0,1.0,,3.0,4.0,5.0,,,,,,,,13.0,,,,,2.0,2.0,,,,,,,,2.0,3.0,5.0,3.0,3.0,3.0,4.0,2.0,4.0,4.0,3.0,3.0,4.0,4.0,4.0,4.0,4.0,4.0,4.0,4.0,4.0,3.0,4.0,4.0,4.0,5.0,3.0,4.0,4.0,3.0,4.0,4.0,4.0,4.0,4.0,4.0,3.0,4.0,4.0,4.0,4.0,3.0,3.0,5.0,2.0,2.0,4.0,4.0,4.0,4.0,4.0,3.0,4.0,4.0,4.0,4.0,2.0,2.0,5.0,1.0,2.0,4.0,3.0,3.0,4.0,4.0,2.0,4.0,4.0,3.0,3.0,3.0,4.0,4.0,5.0,5.0,3.0,2.0,4.0,3.0,2.0,1.0,4.0,4.0,4.0,,3.0,3.0,4.0,1.0,3.0,3.0,3.0,4.0,3.0,2.0,4.0,4.0,1.0,2.0,1.0,1.0,2.0,4.0,5.0,4.0,4.0,4.0,4.0,4.0,4.0,3.0,4.0,4.0,4.0,4.0,4.0,4.0,4.0,7.0,8.0,1.0,2.0,2.0,2.0,2.0,1.0,2.0,,4.0,2.0,1.0,1.0,3.0,0.826158,4.0,4.0,4.0,3.0,1.0
3237.0,1.0,1.0,2.0,50.0,4.0,5.0,5.0,3.0,2.0,3.0,3.0,3.0,3.0,3.0,2.0,,,,,,,,,,,,,,,,,,2.0,2.0,,,,,,,,3.0,2.0,2.0,2.0,2.0,2.0,2.0,1.0,3.0,3.0,3.0,2.0,2.0,3.0,3.0,4.0,2.0,2.0,1.0,2.0,1.0,2.0,1.0,2.0,3.0,2.0,1.0,3.0,4.0,3.0,2.0,3.0,3.0,3.0,2.0,2.0,3.0,1.0,3.0,3.0,3.0,2.0,3.0,4.0,2.0,2.0,2.0,2.0,2.0,2.0,2.0,3.0,1.0,2.0,3.0,3.0,1.0,2.0,4.0,2.0,2.0,3.0,4.0,3.0,4.0,3.0,2.0,4.0,3.0,2.0,2.0,2.0,3.0,4.0,2.0,3.0,3.0,6.0,1.0,3.0,4.0,1.0,4.0,4.0,4.0,,3.0,2.0,4.0,2.0,3.0,2.0,3.0,4.0,3.0,3.0,3.0,3.0,2.0,2.0,2.0,2.0,2.0,3.0,2.0,2.0,2.0,2.0,3.0,2.0,1.0,1.0,2.0,1.0,3.0,3.0,2.0,1.0,2.0,5.0,6.0,2.0,2.0,2.0,2.0,1.0,,4.0,,4.0,1.0,2.0,3.0,3.0,1.053567,3.0,3.0,4.0,3.0,2.0
3247.0,1.0,1.0,2.0,55.0,4.0,5.0,5.0,5.0,5.0,4.0,3.0,2.0,3.0,2.0,2.0,,,,,,,,,,,,,,,,,,2.0,1.0,,,3.0,4.0,5.0,,,2.0,5.0,4.0,4.0,4.0,4.0,5.0,3.0,4.0,5.0,5.0,4.0,5.0,5.0,5.0,5.0,4.0,4.0,4.0,4.0,3.0,3.0,3.0,4.0,4.0,4.0,4.0,3.0,4.0,3.0,3.0,4.0,5.0,5.0,4.0,3.0,3.0,2.0,4.0,4.0,4.0,4.0,4.0,5.0,3.0,2.0,4.0,4.0,5.0,4.0,4.0,3.0,3.0,4.0,4.0,4.0,4.0,4.0,5.0,3.0,3.0,4.0,2.0,4.0,5.0,2.0,1.0,3.0,4.0,3.0,3.0,2.0,4.0,5.0,3.0,5.0,5.0,9.0,4.0,3.0,4.0,2.0,4.0,4.0,3.0,,2.0,2.0,5.0,2.0,2.0,2.0,2.0,2.0,1.0,1.0,2.0,2.0,2.0,2.0,2.0,2.0,2.0,4.0,4.0,3.0,2.0,3.0,1.0,4.0,1.0,1.0,1.0,1.0,1.0,4.0,3.0,1.0,4.0,11.0,3.0,2.0,2.0,2.0,2.0,2.0,1.0,5.0,,3.0,2.0,1.0,4.0,2.0,1.053567,2.3333333333333335,3.5,4.0,2.0,2.0
3248.0,1.0,1.0,2.0,53.0,4.0,4.0,4.0,4.0,3.0,4.0,4.0,4.0,4.0,4.0,2.0,,,,,,,,,,,,,,,,,,2.0,2.0,,,,,,,,2.0,3.0,3.0,3.0,3.0,3.0,3.0,3.0,3.0,3.0,3.0,3.0,3.0,3.0,3.0,4.0,4.0,4.0,4.0,4.0,4.0,4.0,4.0,4.0,4.0,4.0,4.0,4.0,4.0,4.0,4.0,4.0,4.0,4.0,4.0,4.0,4.0,4.0,4.0,4.0,4.0,4.0,4.0,4.0,4.0,4.0,4.0,4.0,4.0,4.0,4.0,4.0,4.0,4.0,4.0,4.0,4.0,4.0,4.0,4.0,4.0,3.0,4.0,4.0,4.0,3.0,2.0,3.0,3.0,3.0,3.0,3.0,3.0,3.0,3.0,3.0,3.0,6.0,3.0,4.0,3.0,1.0,4.0,4.0,2.0,,3.0,3.0,3.0,2.0,3.0,3.0,3.0,3.0,3.0,3.0,3.0,3.0,1.0,2.0,2.0,2.0,2.0,4.0,4.0,3.0,4.0,3.0,4.0,4.0,2.0,2.0,2.0,3.0,2.0,3.0,3.0,2.0,4.0,6.0,6.0,2.0,2.0,2.0,2.0,2.0,1.0,5.0,,4.0,2.0,1.0,4.0,3.0,1.053567,4.0,4.0,4.0,3.0,2.0
3267.0,4.0,2.0,1.0,36.0,2.0,4.0,5.0,4.0,4.0,4.0,4.0,4.0,4.0,4.0,2.0,,,,,,,,,,,,,,,,,,2.0,2.0,,,,,,,,3.0,4.0,4.0,4.0,5.0,3.0,5.0,3.0,4.0,4.0,3.0,3.0,4.0,5.0,4.0,5.0,4.0,4.0,4.0,4.0,4.0,4.0,3.0,4.0,3.0,3.0,4.0,4.0,5.0,4.0,4.0,3.0,3.0,4.0,3.0,3.0,3.0,4.0,3.0,3.0,3.0,3.0,4.0,5.0,4.0,3.0,4.0,4.0,4.0,3.0,3.0,3.0,3.0,4.0,3.0,3.0,3.0,4.0,5.0,3.0,3.0,4.0,3.0,4.0,4.0,5.0,3.0,4.0,3.0,3.0,4.0,4.0,4.0,5.0,4.0,4.0,4.0,9.0,2.0,3.0,3.0,1.0,4.0,3.0,3.0,,4.0,4.0,5.0,1.0,4.0,2.0,4.0,4.0,4.0,4.0,5.0,4.0,1.0,2.0,2.0,1.0,2.0,4.0,4.0,3.0,4.0,4.0,4.0,4.0,2.0,2.0,3.0,3.0,3.0,4.0,2.0,4.0,4.0,10.0,10.0,1.0,2.0,1.0,1.0,1.0,,4.0,,4.0,1.0,2.0,3.0,3.0,0.921551,4.0,4.0,3.5,4.0,1.0
3297.0,16.0,6.0,1.0,28.0,1.0,5.0,5.0,3.0,3.0,5.0,4.0,3.0,3.0,3.0,2.0,,,,,,,,,,,,,,,,,,2.0,2.0,,,,,,,,3.0,5.0,5.0,3.0,3.0,3.0,4.0,3.0,4.0,5.0,3.0,3.0,5.0,3.0,4.0,5.0,3.0,3.0,3.0,3.0,3.0,3.0,3.0,3.0,3.0,3.0,3.0,5.0,5.0,5.0,1.0,3.0,3.0,3.0,3.0,3.0,3.0,3.0,3.0,3.0,3.0,3.0,3.0,3.0,3.0,3.0,3.0,3.0,3.0,2.0,3.0,3.0,3.0,3.0,3.0,3.0,3.0,3.0,3.0,3.0,1.0,1.0,3.0,4.0,5.0,4.0,3.0,3.0,3.0,2.0,3.0,3.0,3.0,3.0,3.0,3.0,3.0,6.0,3.0,3.0,3.0,1.0,5.0,5.0,2.0,,3.0,1.0,3.0,2.0,1.0,1.0,1.0,1.0,1.0,1.0,1.0,1.0,2.0,2.0,2.0,1.0,2.0,1.0,1.0,1.0,1.0,1.0,1.0,1.0,1.0,1.0,1.0,1.0,3.0,3.0,1.0,1.0,3.0,6.0,6.0,2.0,2.0,2.0,2.0,1.0,,7.0,,3.0,1.0,2.0,6.0,2.0,1.00476,3.0,4.5,5.0,1.0,2.0
3330.0,9.0,2.0,1.0,41.0,3.0,5.0,5.0,5.0,5.0,4.0,4.0,3.0,3.0,3.0,1.0,1.0,2.0,3.0,4.0,5.0,,7.0,,,,,,,,,,,1.0,2.0,,,,,,,,4.0,3.0,4.0,3.0,4.0,3.0,5.0,3.0,5.0,5.0,3.0,4.0,5.0,5.0,4.0,4.0,2.0,3.0,2.0,4.0,3.0,3.0,3.0,4.0,3.0,3.0,2.0,2.0,2.0,3.0,2.0,4.0,4.0,4.0,4.0,4.0,2.0,4.0,4.0,5.0,4.0,4.0,2.0,5.0,5.0,2.0,3.0,3.0,3.0,4.0,4.0,3.0,4.0,4.0,4.0,3.0,3.0,4.0,5.0,5.0,1.0,4.0,5.0,4.0,5.0,5.0,2.0,4.0,4.0,3.0,4.0,5.0,4.0,5.0,5.0,5.0,4.0,8.0,4.0,4.0,5.0,1.0,5.0,5.0,1.0,,2.0,2.0,2.0,2.0,2.0,2.0,2.0,3.0,2.0,1.0,4.0,2.0,1.0,1.0,2.0,1.0,1.0,4.0,4.0,3.0,3.0,2.0,4.0,2.0,1.0,1.0,1.0,2.0,2.0,2.0,3.0,1.0,2.0,8.0,4.0,1.0,2.0,2.0,1.0,2.0,1.0,3.0,,3.0,2.0,1.0,2.0,2.0,1.065336,3.0,4.0,5.0,2.0,2.0
3343.0,1.0,1.0,1.0,46.0,3.0,5.0,5.0,5.0,4.0,5.0,5.0,4.0,4.0,4.0,2.0,,,,,,,,,,,,,,,,,,2.0,2.0,,,,,,,,4.0,3.0,3.0,2.0,3.0,2.0,3.0,2.0,3.0,2.0,2.0,2.0,2.0,4.0,3.0,4.0,3.0,4.0,4.0,3.0,3.0,3.0,4.0,3.0,3.0,3.0,4.0,3.0,4.0,4.0,3.0,4.0,4.0,4.0,3.0,3.0,3.0,4.0,3.0,4.0,4.0,4.0,3.0,4.0,2.0,3.0,4.0,4.0,4.0,3.0,3.0,3.0,4.0,3.0,3.0,3.0,4.0,3.0,4.0,2.0,3.0,4.0,4.0,4.0,5.0,4.0,2.0,4.0,3.0,3.0,3.0,3.0,3.0,3.0,3.0,3.0,4.0,8.0,3.0,4.0,3.0,1.0,3.0,3.0,2.0,,4.0,4.0,5.0,1.0,4.0,5.0,4.0,4.0,3.0,4.0,4.0,4.0,1.0,1.0,2.0,1.0,1.0,4.0,4.0,4.0,4.0,3.0,4.0,3.0,1.0,1.0,3.0,3.0,2.0,3.0,3.0,2.0,4.0,8.0,4.0,1.0,2.0,2.0,1.0,2.0,1.0,4.0,,3.0,2.0,1.0,3.0,2.0,1.074504,4.0,5.0,3.0,4.0,1.0
3361.0,6.0,3.0,2.0,45.0,3.0,5.0,5.0,5.0,5.0,4.0,4.0,4.0,5.0,4.0,1.0,1.0,2.0,3.0,4.0,,,,,,,,,,,,,,2.0,2.0,,,,,,,,2.0,3.0,3.0,4.0,2.0,4.0,4.0,2.0,4.0,3.0,3.0,3.0,3.0,4.0,4.0,4.0,3.0,3.0,4.0,3.0,3.0,3.0,3.0,3.0,4.0,3.0,3.0,3.0,5.0,4.0,3.0,3.0,3.0,4.0,3.0,3.0,3.0,3.0,4.0,5.0,4.0,3.0,3.0,5.0,3.0,3.0,3.0,3.0,5.0,3.0,3.0,3.0,3.0,4.0,5.0,3.0,3.0,3.0,5.0,3.0,3.0,4.0,4.0,4.0,5.0,4.0,2.0,2.0,4.0,2.0,3.0,4.0,4.0,4.0,3.0,3.0,3.0,6.0,3.0,2.0,5.0,1.0,3.0,3.0,1.0,,3.0,3.0,4.0,1.0,3.0,1.0,2.0,2.0,2.0,2.0,4.0,2.0,1.0,2.0,1.0,1.0,1.0,4.0,4.0,4.0,4.0,2.0,2.0,2.0,2.0,2.0,2.0,2.0,4.0,2.0,2.0,4.0,4.0,6.0,3.0,1.0,1.0,1.0,1.0,2.0,1.0,4.0,,3.0,2.0,1.0,3.0,2.0,0.951541,4.333333333333333,4.0,3.0,3.0,1.0
3364.0,1.0,1.0,1.0,56.0,4.0,5.0,5.0,5.0,5.0,4.0,4.0,5.0,5.0,5.0,2.0,,,,,,,,,,,,,,,,,,2.0,2.0,,,,,,,,4.0,2.0,2.0,1.0,2.0,2.0,3.0,1.0,2.0,2.0,1.0,1.0,2.0,4.0,3.0,4.0,4.0,4.0,3.0,4.0,4.0,4.0,3.0,4.0,5.0,3.0,4.0,4.0,5.0,4.0,5.0,5.0,5.0,5.0,5.0,5.0,5.0,3.0,5.0,5.0,5.0,5.0,5.0,5.0,4.0,5.0,5.0,5.0,5.0,5.0,5.0,5.0,1.0,4.0,5.0,3.0,5.0,5.0,5.0,2.0,5.0,5.0,3.0,4.0,5.0,5.0,4.0,5.0,4.0,3.0,3.0,4.0,4.0,3.0,5.0,5.0,5.0,11.0,4.0,1.0,3.0,1.0,2.0,2.0,2.0,,4.0,4.0,5.0,1.0,4.0,2.0,2.0,4.0,3.0,3.0,4.0,3.0,1.0,1.0,1.0,2.0,2.0,5.0,5.0,4.0,5.0,4.0,5.0,5.0,3.0,1.0,4.0,5.0,5.0,5.0,3.0,3.0,5.0,1.0,1.0,2.0,2.0,2.0,2.0,2.0,1.0,4.0,,4.0,2.0,1.0,3.0,3.0,1.101675,5.0,4.0,2.0,4.0,1.0
3373.0,1.0,1.0,2.0,53.0,4.0,5.0,5.0,4.0,4.0,5.0,5.0,4.0,4.0,4.0,2.0,,,,,,,,,,,,,,,,,,2.0,1.0,,,3.0,,5.0,,,2.0,3.0,3.0,3.0,2.0,3.0,4.0,2.0,4.0,3.0,2.0,3.0,3.0,5.0,3.0,5.0,5.0,5.0,5.0,4.0,4.0,4.0,2.0,5.0,5.0,5.0,4.0,4.0,4.0,2.0,2.0,5.0,5.0,5.0,4.0,5.0,4.0,3.0,5.0,5.0,5.0,4.0,5.0,4.0,3.0,3.0,5.0,5.0,5.0,5.0,5.0,4.0,2.0,5.0,5.0,5.0,5.0,5.0,5.0,4.0,3.0,4.0,3.0,2.0,4.0,4.0,1.0,4.0,3.0,4.0,4.0,5.0,4.0,5.0,5.0,5.0,4.0,6.0,1.0,3.0,3.0,1.0,3.0,4.0,1.0,,4.0,3.0,4.0,2.0,4.0,3.0,3.0,4.0,4.0,4.0,5.0,4.0,1.0,2.0,2.0,1.0,2.0,4.0,4.0,4.0,4.0,4.0,3.0,2.0,1.0,4.0,4.0,3.0,3.0,4.0,4.0,1.0,4.0,10.0,11.0,1.0,1.0,1.0,1.0,2.0,1.0,5.0,,4.0,2.0,1.0,4.0,3.0,1.053567,4.0,5.0,3.5,4.0,2.0
3377.0,12.0,3.0,1.0,53.0,4.0,5.0,5.0,5.0,5.0,4.0,4.0,4.0,4.0,4.0,2.0,,,,,,,,,,,,,,,,,,2.0,1.0,1.0,,3.0,,5.0,,,2.0,4.0,5.0,4.0,4.0,4.0,4.0,3.0,5.0,3.0,2.0,2.0,4.0,4.0,4.0,4.0,4.0,4.0,4.0,4.0,4.0,3.0,4.0,4.0,4.0,4.0,4.0,4.0,4.0,2.0,2.0,4.0,4.0,4.0,3.0,3.0,2.0,4.0,4.0,4.0,3.0,4.0,3.0,4.0,2.0,2.0,4.0,4.0,4.0,3.0,3.0,3.0,4.0,4.0,4.0,4.0,4.0,4.0,4.0,2.0,2.0,2.0,2.0,2.0,5.0,3.0,3.0,4.0,3.0,4.0,4.0,4.0,4.0,5.0,5.0,5.0,4.0,9.0,5.0,4.0,4.0,1.0,4.0,4.0,3.0,,2.0,2.0,4.0,2.0,2.0,1.0,1.0,4.0,2.0,1.0,2.0,2.0,1.0,1.0,1.0,1.0,2.0,4.0,4.0,4.0,4.0,1.0,4.0,1.0,1.0,1.0,1.0,1.0,1.0,3.0,1.0,1.0,4.0,2.0,9.0,1.0,2.0,1.0,2.0,2.0,1.0,4.0,,4.0,2.0,1.0,3.0,3.0,0.875187,4.0,4.0,4.0,2.0,2.0
3411.0,2.0,6.0,1.0,54.0,4.0,3.0,4.0,4.0,4.0,4.0,3.0,3.0,4.0,3.0,2.0,,,,,,,,,,,,,,,,,,2.0,2.0,,,,,,,,3.0,3.0,3.0,4.0,4.0,4.0,4.0,3.0,5.0,4.0,4.0,4.0,5.0,4.0,4.0,4.0,3.0,3.0,3.0,3.0,4.0,3.0,3.0,3.0,3.0,3.0,3.0,3.0,4.0,3.0,3.0,2.0,3.0,2.0,3.0,4.0,2.0,1.0,1.0,2.0,2.0,2.0,1.0,3.0,2.0,2.0,2.0,2.0,3.0,4.0,2.0,2.0,2.0,2.0,3.0,4.0,2.0,2.0,2.0,4.0,3.0,5.0,2.0,2.0,3.0,3.0,2.0,2.0,3.0,4.0,2.0,3.0,3.0,3.0,4.0,2.0,3.0,7.0,3.0,1.0,3.0,2.0,2.0,3.0,3.0,,2.0,4.0,2.0,2.0,3.0,1.0,1.0,3.0,1.0,1.0,2.0,1.0,2.0,2.0,2.0,2.0,2.0,1.0,3.0,2.0,2.0,2.0,3.0,2.0,1.0,1.0,1.0,1.0,1.0,1.0,1.0,1.0,3.0,9.0,4.0,2.0,2.0,2.0,2.0,2.0,1.0,3.0,,4.0,2.0,1.0,2.0,3.0,1.044509,3.3333333333333335,3.5,2.5,3.0,2.0
3474.0,7.0,6.0,2.0,44.0,3.0,5.0,5.0,4.0,4.0,4.0,4.0,4.0,4.0,4.0,2.0,,,,,,,,,,,,,,,,,,2.0,1.0,,,3.0,,5.0,,,4.0,2.0,2.0,2.0,2.0,1.0,3.0,1.0,3.0,2.0,2.0,2.0,4.0,2.0,3.0,5.0,3.0,4.0,4.0,4.0,2.0,4.0,3.0,4.0,4.0,4.0,4.0,4.0,4.0,2.0,4.0,4.0,4.0,4.0,4.0,2.0,4.0,3.0,4.0,3.0,3.0,4.0,4.0,4.0,2.0,4.0,4.0,4.0,4.0,4.0,3.0,4.0,3.0,4.0,4.0,3.0,4.0,4.0,4.0,3.0,4.0,2.0,2.0,1.0,5.0,5.0,4.0,5.0,4.0,2.0,3.0,2.0,3.0,5.0,3.0,2.0,2.0,8.0,3.0,4.0,3.0,1.0,5.0,4.0,5.0,,4.0,4.0,4.0,1.0,5.0,1.0,1.0,4.0,4.0,4.0,4.0,4.0,1.0,2.0,2.0,1.0,1.0,3.0,5.0,4.0,3.0,2.0,4.0,2.0,1.0,1.0,1.0,1.0,2.0,1.0,1.0,4.0,4.0,7.0,8.0,1.0,1.0,1.0,1.0,1.0,,3.0,,5.0,1.0,2.0,2.0,3.0,1.115818,4.0,4.0,4.5,5.0,1.0
3480.0,9.0,2.0,2.0,44.0,3.0,4.0,5.0,4.0,3.0,3.0,4.0,3.0,3.0,4.0,2.0,,,,,,,,,,,,,,,,,,1.0,1.0,,,,4.0,5.0,,,2.0,3.0,3.0,3.0,3.0,3.0,3.0,3.0,4.0,3.0,3.0,3.0,4.0,4.0,3.0,5.0,3.0,3.0,2.0,2.0,2.0,3.0,2.0,2.0,2.0,2.0,2.0,2.0,3.0,2.0,2.0,2.0,2.0,2.0,2.0,1.0,2.0,2.0,2.0,2.0,2.0,2.0,1.0,3.0,1.0,2.0,2.0,4.0,2.0,2.0,2.0,2.0,2.0,3.0,2.0,2.0,2.0,1.0,1.0,1.0,2.0,4.0,4.0,4.0,4.0,4.0,1.0,2.0,1.0,1.0,1.0,3.0,3.0,3.0,4.0,3.0,3.0,7.0,3.0,4.0,3.0,1.0,3.0,3.0,2.0,,4.0,3.0,3.0,2.0,2.0,2.0,3.0,3.0,3.0,2.0,2.0,3.0,1.0,1.0,1.0,2.0,1.0,3.0,3.0,3.0,2.0,1.0,2.0,2.0,1.0,2.0,1.0,2.0,2.0,2.0,2.0,2.0,2.0,6.0,6.0,1.0,1.0,1.0,1.0,2.0,1.0,4.0,,3.0,2.0,1.0,3.0,2.0,0.965456,3.3333333333333335,3.5,3.0,2.0,2.0
3482.0,4.0,2.0,2.0,53.0,4.0,4.0,4.0,3.0,3.0,3.0,3.0,3.0,3.0,3.0,2.0,,,,,,,,,,,,,,,,,,2.0,2.0,,,,,,,,3.0,3.0,3.0,3.0,3.0,3.0,3.0,3.0,3.0,3.0,3.0,3.0,3.0,3.0,3.0,4.0,3.0,3.0,4.0,3.0,3.0,3.0,3.0,3.0,3.0,4.0,3.0,3.0,4.0,3.0,3.0,3.0,3.0,4.0,3.0,3.0,3.0,3.0,3.0,3.0,4.0,3.0,3.0,4.0,3.0,3.0,3.0,3.0,4.0,3.0,3.0,3.0,3.0,3.0,3.0,3.0,3.0,3.0,4.0,3.0,3.0,4.0,4.0,4.0,4.0,3.0,2.0,3.0,2.0,3.0,4.0,3.0,4.0,4.0,4.0,4.0,4.0,4.0,4.0,3.0,3.0,1.0,4.0,4.0,2.0,,4.0,4.0,4.0,1.0,4.0,4.0,4.0,4.0,4.0,4.0,4.0,4.0,1.0,2.0,2.0,1.0,2.0,4.0,4.0,4.0,4.0,3.0,3.0,3.0,1.0,1.0,1.0,1.0,1.0,1.0,1.0,3.0,3.0,10.0,4.0,2.0,2.0,2.0,2.0,2.0,1.0,5.0,,4.0,2.0,1.0,4.0,3.0,1.05617,3.0,3.0,4.0,4.0,1.0
3484.0,9.0,2.0,2.0,55.0,4.0,5.0,5.0,5.0,5.0,4.0,3.0,3.0,3.0,3.0,2.0,,,,,,,,,,,,,,,,,,2.0,2.0,,,,,,,,3.0,3.0,3.0,3.0,3.0,3.0,3.0,3.0,4.0,3.0,3.0,3.0,3.0,3.0,3.0,4.0,3.0,3.0,4.0,2.0,3.0,3.0,3.0,3.0,3.0,3.0,4.0,3.0,4.0,3.0,3.0,3.0,3.0,4.0,3.0,3.0,3.0,3.0,3.0,4.0,3.0,4.0,4.0,5.0,3.0,3.0,3.0,3.0,5.0,3.0,3.0,3.0,4.0,4.0,4.0,3.0,4.0,3.0,5.0,3.0,3.0,3.0,4.0,3.0,4.0,3.0,2.0,4.0,3.0,3.0,3.0,4.0,4.0,3.0,4.0,3.0,3.0,7.0,4.0,3.0,4.0,1.0,5.0,4.0,1.0,,3.0,3.0,4.0,2.0,3.0,2.0,3.0,3.0,2.0,3.0,3.0,3.0,2.0,2.0,2.0,1.0,2.0,3.0,3.0,3.0,3.0,3.0,3.0,3.0,2.0,2.0,2.0,2.0,2.0,3.0,1.0,1.0,3.0,6.0,5.0,2.0,2.0,2.0,2.0,2.0,1.0,5.0,,3.0,2.0,1.0,4.0,2.0,1.05617,3.0,3.5,4.5,3.0,2.0
3523.0,9.0,2.0,1.0,50.0,4.0,4.0,5.0,4.0,4.0,4.0,4.0,4.0,4.0,4.0,2.0,,,,,,,,,,,,,,,,,,1.0,2.0,,,,,,,,4.0,4.0,4.0,3.0,4.0,3.0,4.0,2.0,4.0,4.0,3.0,3.0,4.0,2.0,2.0,5.0,3.0,3.0,3.0,3.0,3.0,3.0,1.0,3.0,3.0,3.0,3.0,2.0,4.0,2.0,3.0,2.0,2.0,2.0,2.0,2.0,2.0,2.0,2.0,2.0,2.0,3.0,3.0,4.0,4.0,2.0,2.0,2.0,2.0,2.0,2.0,2.0,2.0,2.0,2.0,2.0,2.0,3.0,5.0,4.0,2.0,4.0,4.0,4.0,4.0,4.0,2.0,4.0,3.0,4.0,4.0,2.0,4.0,5.0,5.0,5.0,4.0,8.0,2.0,2.0,3.0,1.0,2.0,2.0,2.0,,4.0,4.0,4.0,1.0,4.0,1.0,2.0,4.0,3.0,3.0,4.0,3.0,2.0,2.0,2.0,1.0,2.0,4.0,4.0,4.0,4.0,3.0,4.0,2.0,2.0,2.0,2.0,1.0,2.0,2.0,2.0,2.0,4.0,9.0,3.0,1.0,2.0,1.0,2.0,2.0,2.0,4.0,,3.0,2.0,2.0,3.0,2.0,1.048518,4.0,4.0,2.0,4.0,1.0
3570.0,14.0,4.0,1.0,30.0,2.0,5.0,5.0,3.0,2.0,3.0,3.0,3.0,4.0,3.0,2.0,,,,,,,,,,,,,,,,,,2.0,2.0,,,,,,,,4.0,3.0,3.0,4.0,3.0,3.0,4.0,2.0,4.0,4.0,3.0,2.0,4.0,2.0,4.0,4.0,4.0,4.0,4.0,3.0,3.0,2.0,4.0,4.0,4.0,4.0,3.0,3.0,4.0,4.0,2.0,4.0,4.0,4.0,4.0,3.0,3.0,4.0,4.0,4.0,4.0,3.0,3.0,3.0,3.0,2.0,4.0,4.0,4.0,4.0,3.0,3.0,4.0,4.0,4.0,4.0,3.0,4.0,4.0,3.0,2.0,4.0,4.0,4.0,4.0,2.0,1.0,4.0,2.0,3.0,4.0,3.0,3.0,2.0,4.0,2.0,4.0,8.0,4.0,2.0,4.0,1.0,5.0,5.0,3.0,,3.0,4.0,4.0,1.0,4.0,3.0,3.0,4.0,3.0,3.0,4.0,3.0,2.0,2.0,2.0,2.0,2.0,3.0,4.0,3.0,2.0,2.0,3.0,2.0,2.0,2.0,3.0,2.0,4.0,4.0,3.0,2.0,4.0,8.0,4.0,2.0,2.0,2.0,2.0,1.0,,7.0,,4.0,1.0,2.0,6.0,3.0,1.028782,3.3333333333333335,3.0,5.0,4.0,1.0
3602.0,1.0,1.0,2.0,58.0,4.0,4.0,4.0,4.0,3.0,4.0,4.0,4.0,4.0,4.0,1.0,1.0,,3.0,4.0,5.0,,,,,,,,,,,,,1.0,1.0,1.0,,,,,,,2.0,3.0,3.0,3.0,3.0,3.0,4.0,2.0,2.0,2.0,2.0,2.0,4.0,4.0,3.0,4.0,3.0,3.0,3.0,3.0,3.0,3.0,2.0,4.0,3.0,2.0,2.0,4.0,5.0,4.0,5.0,3.0,4.0,4.0,4.0,4.0,4.0,2.0,3.0,3.0,3.0,3.0,5.0,5.0,3.0,5.0,3.0,3.0,4.0,3.0,3.0,3.0,2.0,3.0,3.0,3.0,2.0,5.0,5.0,3.0,5.0,2.0,4.0,4.0,4.0,2.0,1.0,2.0,2.0,4.0,4.0,4.0,4.0,2.0,4.0,2.0,4.0,11.0,3.0,2.0,4.0,1.0,5.0,5.0,3.0,,3.0,3.0,3.0,2.0,2.0,2.0,2.0,4.0,1.0,1.0,1.0,1.0,2.0,2.0,2.0,2.0,2.0,4.0,4.0,4.0,4.0,1.0,1.0,1.0,1.0,1.0,1.0,1.0,1.0,1.0,1.0,1.0,4.0,1.0,2.0,1.0,1.0,1.0,1.0,2.0,1.0,4.0,,3.0,2.0,1.0,3.0,2.0,1.053567,4.0,4.0,5.0,2.0,2.0
3640.0,4.0,2.0,1.0,31.0,2.0,5.0,5.0,5.0,5.0,4.0,5.0,4.0,4.0,4.0,2.0,,,,,,,,,,,,,,,,,,1.0,2.0,,,,,,,,4.0,4.0,4.0,4.0,4.0,3.0,4.0,3.0,5.0,4.0,2.0,2.0,4.0,4.0,4.0,5.0,4.0,4.0,5.0,4.0,4.0,4.0,4.0,4.0,4.0,4.0,5.0,5.0,5.0,2.0,2.0,4.0,4.0,4.0,3.0,3.0,3.0,3.0,4.0,4.0,4.0,5.0,5.0,5.0,1.0,1.0,5.0,5.0,5.0,4.0,4.0,4.0,4.0,5.0,4.0,4.0,5.0,5.0,5.0,4.0,4.0,4.0,4.0,4.0,5.0,3.0,2.0,1.0,3.0,3.0,4.0,4.0,4.0,5.0,3.0,2.0,4.0,10.0,5.0,4.0,2.0,1.0,4.0,2.0,2.0,,4.0,2.0,5.0,2.0,4.0,1.0,1.0,5.0,4.0,3.0,4.0,3.0,1.0,1.0,2.0,1.0,1.0,5.0,5.0,4.0,5.0,4.0,5.0,3.0,3.0,1.0,4.0,1.0,3.0,4.0,4.0,2.0,5.0,9.0,2.0,1.0,2.0,1.0,2.0,1.0,,4.0,,4.0,1.0,2.0,3.0,3.0,0.921551,4.0,4.5,3.0,4.0,2.0
3655.0,9.0,2.0,2.0,27.0,1.0,3.0,3.0,4.0,3.0,4.0,3.0,4.0,3.0,3.0,2.0,,,,,,,,,,,,,,,,,,2.0,2.0,,,,,,,,3.0,4.0,3.0,2.0,3.0,4.0,4.0,3.0,3.0,4.0,3.0,4.0,3.0,2.0,3.0,3.0,2.0,3.0,3.0,2.0,4.0,2.0,3.0,4.0,3.0,3.0,4.0,3.0,3.0,4.0,3.0,4.0,3.0,3.0,3.0,2.0,4.0,3.0,3.0,3.0,4.0,3.0,4.0,3.0,3.0,2.0,4.0,4.0,3.0,2.0,4.0,3.0,4.0,3.0,2.0,4.0,3.0,3.0,4.0,3.0,2.0,3.0,4.0,3.0,2.0,3.0,4.0,2.0,3.0,3.0,4.0,3.0,2.0,3.0,4.0,3.0,2.0,8.0,3.0,4.0,3.0,2.0,3.0,3.0,5.0,,3.0,4.0,3.0,2.0,4.0,3.0,4.0,3.0,2.0,4.0,3.0,2.0,1.0,2.0,2.0,1.0,2.0,4.0,3.0,2.0,3.0,3.0,4.0,3.0,2.0,3.0,4.0,2.0,3.0,3.0,3.0,4.0,4.0,7.0,6.0,2.0,2.0,1.0,2.0,1.0,,4.0,,5.0,1.0,2.0,3.0,3.0,1.026542,3.3333333333333335,3.5,3.0,4.0,2.0
3667.0,9.0,2.0,2.0,34.0,2.0,5.0,5.0,4.0,3.0,4.0,4.0,4.0,4.0,4.0,2.0,,,,,,,,,,,,,,,,,,2.0,2.0,,,,,,,,2.0,4.0,4.0,4.0,3.0,3.0,3.0,4.0,4.0,4.0,4.0,4.0,4.0,4.0,4.0,4.0,4.0,4.0,4.0,4.0,3.0,3.0,4.0,4.0,3.0,3.0,4.0,5.0,5.0,3.0,5.0,4.0,4.0,4.0,4.0,4.0,4.0,3.0,4.0,4.0,3.0,3.0,3.0,3.0,3.0,3.0,4.0,4.0,3.0,4.0,4.0,4.0,4.0,4.0,4.0,4.0,4.0,4.0,4.0,3.0,4.0,3.0,4.0,2.0,4.0,4.0,2.0,4.0,4.0,4.0,4.0,4.0,3.0,5.0,4.0,4.0,5.0,5.0,4.0,2.0,4.0,1.0,5.0,5.0,4.0,,4.0,3.0,4.0,2.0,3.0,3.0,3.0,3.0,3.0,2.0,2.0,2.0,1.0,1.0,1.0,2.0,2.0,4.0,4.0,2.0,4.0,2.0,2.0,2.0,1.0,1.0,1.0,1.0,4.0,3.0,3.0,3.0,3.0,5.0,5.0,1.0,1.0,1.0,1.0,2.0,1.0,4.0,,3.0,2.0,1.0,3.0,2.0,1.051499,4.0,4.0,5.0,3.0,2.0
3724.0,1.0,1.0,1.0,41.0,3.0,5.0,5.0,4.0,4.0,4.0,4.0,4.0,3.0,3.0,2.0,,,,,,,,,,,,,,,,,,2.0,2.0,,,,,,,,3.0,3.0,4.0,4.0,3.0,4.0,3.0,4.0,4.0,4.0,4.0,4.0,4.0,4.0,3.0,4.0,3.0,4.0,4.0,3.0,3.0,3.0,4.0,4.0,4.0,4.0,3.0,3.0,4.0,3.0,4.0,3.0,3.0,3.0,3.0,3.0,3.0,3.0,3.0,3.0,3.0,3.0,3.0,3.0,3.0,3.0,3.0,4.0,4.0,3.0,3.0,3.0,4.0,4.0,4.0,4.0,3.0,3.0,4.0,3.0,4.0,4.0,4.0,4.0,4.0,4.0,4.0,3.0,4.0,3.0,3.0,3.0,3.0,4.0,4.0,4.0,4.0,6.0,4.0,2.0,3.0,2.0,5.0,4.0,3.0,,4.0,3.0,4.0,2.0,3.0,1.0,2.0,3.0,3.0,2.0,2.0,2.0,1.0,1.0,2.0,1.0,2.0,3.0,3.0,3.0,3.0,3.0,3.0,3.0,3.0,4.0,3.0,3.0,4.0,4.0,4.0,4.0,3.0,6.0,6.0,1.0,1.0,1.0,2.0,1.0,,4.0,,3.0,1.0,2.0,3.0,2.0,1.074504,3.3333333333333335,4.0,4.5,3.0,2.0
3737.0,9.0,2.0,1.0,33.0,2.0,4.0,4.0,3.0,2.0,4.0,3.0,4.0,4.0,4.0,2.0,,,,,,,,,,,,,,,,,,2.0,1.0,,,,,5.0,,,2.0,5.0,4.0,5.0,4.0,3.0,4.0,3.0,4.0,4.0,4.0,3.0,4.0,5.0,4.0,5.0,4.0,4.0,4.0,4.0,3.0,4.0,4.0,5.0,4.0,4.0,3.0,4.0,5.0,3.0,2.0,4.0,4.0,4.0,4.0,3.0,4.0,3.0,3.0,4.0,4.0,4.0,4.0,5.0,3.0,3.0,4.0,4.0,4.0,4.0,3.0,4.0,4.0,4.0,4.0,4.0,3.0,3.0,4.0,3.0,3.0,4.0,4.0,4.0,4.0,3.0,2.0,3.0,2.0,3.0,3.0,2.0,2.0,4.0,5.0,3.0,4.0,8.0,4.0,2.0,4.0,1.0,4.0,4.0,5.0,,3.0,4.0,4.0,1.0,3.0,1.0,1.0,3.0,2.0,3.0,4.0,2.0,1.0,2.0,2.0,1.0,2.0,4.0,4.0,4.0,4.0,3.0,4.0,3.0,2.0,2.0,3.0,3.0,3.0,4.0,3.0,3.0,3.0,9.0,4.0,2.0,2.0,2.0,2.0,1.0,,3.0,,5.0,1.0,2.0,2.0,3.0,0.921551,4.0,3.5,4.0,3.0,1.0
3754.0,1.0,1.0,2.0,53.0,4.0,4.0,4.0,4.0,2.0,3.0,3.0,3.0,3.0,3.0,1.0,1.0,,3.0,4.0,5.0,6.0,,,,,,,13.0,,,,,2.0,2.0,,,,,,,,3.0,4.0,4.0,3.0,3.0,3.0,4.0,3.0,3.0,3.0,3.0,2.0,4.0,4.0,3.0,4.0,2.0,2.0,3.0,2.0,2.0,2.0,2.0,3.0,2.0,3.0,1.0,3.0,3.0,2.0,2.0,2.0,2.0,2.0,2.0,2.0,2.0,2.0,2.0,2.0,2.0,1.0,2.0,2.0,1.0,2.0,4.0,4.0,4.0,4.0,4.0,4.0,3.0,4.0,4.0,4.0,2.0,4.0,4.0,3.0,4.0,3.0,2.0,1.0,3.0,3.0,2.0,4.0,3.0,4.0,4.0,3.0,4.0,3.0,3.0,4.0,4.0,8.0,3.0,3.0,3.0,1.0,3.0,3.0,3.0,,3.0,2.0,3.0,1.0,4.0,4.0,3.0,3.0,3.0,1.0,4.0,3.0,2.0,2.0,2.0,2.0,1.0,4.0,4.0,4.0,4.0,3.0,4.0,2.0,2.0,1.0,1.0,1.0,2.0,3.0,3.0,3.0,3.0,6.0,6.0,1.0,1.0,1.0,2.0,2.0,1.0,4.0,,4.0,2.0,1.0,3.0,3.0,1.053567,3.0,3.0,3.0,4.0,1.0
3775.0,4.0,2.0,2.0,28.0,1.0,5.0,5.0,4.0,3.0,4.0,3.0,4.0,4.0,4.0,2.0,,,,,,,,,,,,,,,,,,2.0,1.0,1.0,,3.0,,5.0,,,3.0,4.0,4.0,4.0,3.0,3.0,4.0,4.0,4.0,3.0,2.0,2.0,5.0,4.0,5.0,5.0,3.0,3.0,4.0,3.0,3.0,4.0,4.0,3.0,3.0,4.0,3.0,4.0,4.0,4.0,4.0,2.0,2.0,2.0,2.0,2.0,2.0,2.0,2.0,2.0,2.0,2.0,2.0,2.0,2.0,2.0,4.0,4.0,5.0,2.0,4.0,4.0,4.0,3.0,4.0,2.0,2.0,4.0,4.0,4.0,4.0,3.0,4.0,4.0,4.0,4.0,1.0,4.0,2.0,4.0,4.0,3.0,4.0,4.0,3.0,4.0,4.0,6.0,4.0,4.0,4.0,1.0,4.0,4.0,3.0,,3.0,4.0,4.0,1.0,3.0,3.0,2.0,4.0,3.0,2.0,4.0,3.0,1.0,2.0,2.0,1.0,2.0,4.0,4.0,4.0,4.0,2.0,4.0,2.0,2.0,2.0,2.0,2.0,4.0,4.0,2.0,1.0,4.0,8.0,4.0,2.0,2.0,2.0,2.0,1.0,,7.0,,3.0,1.0,2.0,6.0,2.0,1.026542,4.0,3.5,4.0,3.0,1.0
3785.0,1.0,1.0,2.0,37.0,2.0,4.0,4.0,4.0,4.0,4.0,4.0,4.0,4.0,4.0,2.0,,,,,,,,,,,,,,,,,,2.0,2.0,,,,,,,,4.0,5.0,5.0,4.0,4.0,4.0,5.0,4.0,5.0,4.0,4.0,4.0,5.0,5.0,4.0,5.0,4.0,5.0,4.0,5.0,4.0,4.0,5.0,4.0,5.0,5.0,5.0,4.0,5.0,4.0,4.0,4.0,5.0,4.0,4.0,4.0,5.0,5.0,4.0,5.0,4.0,4.0,5.0,4.0,5.0,5.0,4.0,5.0,4.0,5.0,5.0,4.0,4.0,4.0,5.0,4.0,5.0,4.0,5.0,4.0,4.0,2.0,4.0,4.0,5.0,4.0,2.0,5.0,2.0,4.0,4.0,2.0,2.0,1.0,2.0,1.0,4.0,10.0,3.0,2.0,3.0,1.0,4.0,4.0,1.0,,4.0,4.0,4.0,1.0,3.0,3.0,4.0,4.0,3.0,3.0,4.0,3.0,1.0,2.0,1.0,1.0,2.0,4.0,4.0,4.0,4.0,4.0,4.0,3.0,3.0,2.0,2.0,2.0,4.0,4.0,4.0,2.0,4.0,7.0,8.0,2.0,1.0,1.0,2.0,1.0,,4.0,,3.0,1.0,2.0,3.0,2.0,1.036816,4.0,4.0,4.0,3.0,1.0
3795.0,15.0,5.0,1.0,53.0,4.0,4.0,4.0,3.0,3.0,4.0,3.0,3.0,3.0,3.0,1.0,1.0,,3.0,,,,,,,,,,13.0,,,,,2.0,1.0,,,,,5.0,,,3.0,3.0,3.0,3.0,3.0,3.0,4.0,3.0,3.0,3.0,3.0,3.0,4.0,4.0,4.0,4.0,4.0,3.0,4.0,4.0,3.0,4.0,3.0,4.0,3.0,3.0,3.0,4.0,4.0,3.0,3.0,3.0,3.0,3.0,3.0,3.0,3.0,2.0,3.0,3.0,3.0,2.0,3.0,4.0,3.0,3.0,4.0,3.0,3.0,4.0,3.0,4.0,3.0,3.0,3.0,3.0,3.0,4.0,4.0,3.0,3.0,4.0,4.0,4.0,4.0,4.0,3.0,3.0,2.0,4.0,4.0,3.0,4.0,4.0,4.0,4.0,3.0,6.0,4.0,4.0,4.0,1.0,4.0,4.0,3.0,,3.0,3.0,4.0,2.0,3.0,1.0,2.0,4.0,3.0,2.0,3.0,3.0,1.0,1.0,1.0,1.0,1.0,3.0,3.0,3.0,2.0,2.0,2.0,2.0,1.0,2.0,1.0,1.0,1.0,3.0,1.0,2.0,3.0,6.0,5.0,1.0,1.0,1.0,1.0,2.0,1.0,8.0,,3.0,2.0,1.0,7.0,2.0,0.92937,3.0,3.5,4.0,3.0,2.0
3817.0,4.0,2.0,2.0,58.0,4.0,5.0,5.0,5.0,5.0,5.0,5.0,5.0,5.0,5.0,2.0,,,,,,,,,,,,,,,,,,1.0,2.0,,,,,,,,1.0,5.0,5.0,4.0,5.0,5.0,5.0,4.0,5.0,4.0,4.0,4.0,5.0,5.0,5.0,5.0,5.0,5.0,5.0,5.0,5.0,4.0,5.0,5.0,5.0,5.0,4.0,5.0,5.0,5.0,5.0,5.0,5.0,5.0,5.0,5.0,5.0,4.0,5.0,5.0,5.0,5.0,5.0,5.0,5.0,5.0,5.0,5.0,5.0,5.0,5.0,5.0,4.0,5.0,5.0,5.0,4.0,5.0,5.0,4.0,5.0,2.0,3.0,4.0,5.0,5.0,1.0,1.0,1.0,5.0,5.0,3.0,4.0,3.0,4.0,2.0,4.0,11.0,1.0,4.0,3.0,1.0,3.0,4.0,5.0,,4.0,4.0,5.0,1.0,4.0,3.0,3.0,4.0,3.0,2.0,4.0,4.0,1.0,2.0,2.0,1.0,2.0,4.0,4.0,3.0,2.0,3.0,2.0,3.0,1.0,1.0,2.0,1.0,2.0,1.0,1.0,3.0,4.0,6.0,6.0,2.0,1.0,1.0,2.0,2.0,1.0,7.0,,5.0,2.0,1.0,6.0,3.0,1.05617,5.0,5.0,3.5,4.0,1.0
3818.0,15.0,5.0,2.0,53.0,4.0,5.0,5.0,4.0,4.0,3.0,3.0,3.0,3.0,3.0,1.0,1.0,,3.0,,,,,,,,,,13.0,,,,,2.0,1.0,,,,,5.0,,,3.0,3.0,3.0,3.0,3.0,3.0,3.0,3.0,3.0,3.0,3.0,3.0,4.0,3.0,3.0,4.0,4.0,4.0,4.0,3.0,4.0,4.0,3.0,3.0,3.0,3.0,3.0,4.0,4.0,3.0,4.0,2.0,2.0,2.0,2.0,2.0,2.0,1.0,2.0,2.0,2.0,2.0,2.0,3.0,1.0,2.0,3.0,3.0,3.0,3.0,3.0,3.0,2.0,3.0,3.0,3.0,3.0,4.0,3.0,2.0,3.0,4.0,3.0,4.0,4.0,4.0,3.0,3.0,3.0,4.0,3.0,3.0,4.0,4.0,4.0,4.0,3.0,6.0,4.0,4.0,4.0,1.0,4.0,4.0,2.0,,3.0,3.0,4.0,2.0,3.0,2.0,2.0,4.0,3.0,2.0,3.0,2.0,1.0,1.0,1.0,1.0,1.0,3.0,3.0,3.0,2.0,2.0,2.0,2.0,1.0,2.0,2.0,2.0,1.0,3.0,1.0,1.0,3.0,6.0,5.0,1.0,1.0,1.0,1.0,2.0,1.0,5.0,,3.0,2.0,1.0,4.0,2.0,1.111192,3.0,3.0,4.0,3.0,2.0
3845.0,3.0,5.0,1.0,35.0,2.0,3.0,4.0,3.0,4.0,3.0,4.0,3.0,3.0,3.0,2.0,,,,,,,,,,,,,,,,,,2.0,2.0,,,,,,,,2.0,3.0,3.0,3.0,3.0,3.0,4.0,3.0,4.0,4.0,3.0,3.0,4.0,4.0,4.0,4.0,3.0,4.0,3.0,3.0,3.0,3.0,3.0,4.0,3.0,4.0,3.0,4.0,4.0,3.0,3.0,3.0,3.0,3.0,3.0,3.0,4.0,3.0,3.0,3.0,4.0,3.0,4.0,4.0,3.0,3.0,3.0,4.0,4.0,4.0,3.0,3.0,4.0,4.0,4.0,3.0,4.0,3.0,4.0,3.0,4.0,3.0,3.0,3.0,2.0,3.0,2.0,3.0,4.0,3.0,2.0,3.0,3.0,3.0,3.0,2.0,3.0,7.0,4.0,3.0,3.0,2.0,4.0,4.0,2.0,,3.0,3.0,3.0,2.0,2.0,1.0,2.0,3.0,1.0,2.0,3.0,1.0,2.0,2.0,2.0,2.0,2.0,3.0,3.0,2.0,3.0,4.0,3.0,3.0,2.0,2.0,3.0,3.0,3.0,2.0,3.0,3.0,3.0,6.0,6.0,2.0,2.0,2.0,2.0,1.0,,7.0,,5.0,1.0,2.0,6.0,3.0,0.96424,3.0,3.5,4.0,2.0,2.0
3878.0,9.0,2.0,2.0,35.0,2.0,3.0,4.0,4.0,4.0,4.0,3.0,4.0,4.0,4.0,2.0,,,,,,,,,,,,,,,,,,2.0,2.0,,,,,,,,3.0,4.0,4.0,4.0,3.0,3.0,3.0,3.0,2.0,3.0,3.0,3.0,3.0,3.0,3.0,4.0,3.0,3.0,4.0,4.0,4.0,3.0,5.0,4.0,3.0,4.0,4.0,4.0,4.0,4.0,3.0,4.0,3.0,3.0,3.0,4.0,4.0,4.0,4.0,3.0,3.0,3.0,3.0,4.0,4.0,4.0,3.0,3.0,4.0,4.0,3.0,4.0,4.0,4.0,3.0,3.0,4.0,3.0,4.0,3.0,3.0,3.0,3.0,3.0,4.0,3.0,2.0,4.0,3.0,4.0,4.0,4.0,4.0,4.0,4.0,4.0,4.0,9.0,3.0,3.0,3.0,1.0,2.0,3.0,3.0,,4.0,3.0,4.0,1.0,3.0,3.0,3.0,4.0,3.0,2.0,3.0,4.0,1.0,2.0,1.0,1.0,2.0,4.0,4.0,4.0,4.0,4.0,5.0,3.0,2.0,4.0,4.0,3.0,5.0,5.0,4.0,4.0,4.0,4.0,5.0,1.0,2.0,2.0,1.0,2.0,2.0,4.0,,4.0,2.0,2.0,3.0,3.0,1.051499,4.0,3.5,2.5,3.0,1.0
3932.0,10.0,3.0,2.0,46.0,3.0,4.0,4.0,3.0,3.0,4.0,4.0,4.0,5.0,5.0,2.0,,,,,,,,,,,,,,,,,,2.0,1.0,1.0,,3.0,4.0,5.0,,,4.0,3.0,3.0,4.0,3.0,4.0,4.0,3.0,4.0,2.0,2.0,2.0,4.0,3.0,3.0,5.0,5.0,4.0,4.0,4.0,4.0,4.0,4.0,4.0,4.0,4.0,5.0,5.0,4.0,4.0,5.0,4.0,4.0,4.0,4.0,4.0,4.0,4.0,4.0,4.0,4.0,4.0,4.0,4.0,4.0,4.0,4.0,4.0,4.0,4.0,4.0,4.0,4.0,4.0,4.0,4.0,4.0,4.0,4.0,4.0,4.0,4.0,4.0,4.0,4.0,4.0,1.0,2.0,3.0,4.0,4.0,4.0,4.0,4.0,3.0,2.0,4.0,9.0,4.0,4.0,3.0,1.0,5.0,5.0,9997.0,가장 큰 것 하나를 고르기 어려울 정도로 ,3.0,3.0,5.0,2.0,2.0,2.0,2.0,3.0,3.0,3.0,4.0,2.0,2.0,2.0,2.0,1.0,2.0,4.0,5.0,5.0,4.0,5.0,5.0,4.0,2.0,2.0,4.0,4.0,5.0,5.0,5.0,2.0,5.0,2.0,1.0,1.0,2.0,1.0,2.0,1.0,,7.0,,4.0,1.0,2.0,6.0,3.0,0.951541,4.666666666666667,4.0,5.0,2.0,2.0
3935.0,12.0,3.0,2.0,31.0,2.0,4.0,4.0,3.0,3.0,3.0,3.0,2.0,3.0,2.0,2.0,,,,,,,,,,,,,,,,,,2.0,2.0,,,,,,,,2.0,4.0,3.0,2.0,3.0,3.0,4.0,3.0,4.0,4.0,3.0,3.0,4.0,3.0,3.0,4.0,2.0,2.0,2.0,2.0,2.0,2.0,2.0,2.0,2.0,2.0,2.0,3.0,2.0,2.0,3.0,4.0,4.0,4.0,4.0,2.0,2.0,2.0,4.0,4.0,4.0,3.0,4.0,4.0,2.0,3.0,4.0,4.0,4.0,4.0,4.0,4.0,4.0,4.0,4.0,4.0,3.0,4.0,4.0,3.0,3.0,4.0,2.0,3.0,4.0,3.0,2.0,2.0,3.0,4.0,4.0,3.0,4.0,4.0,4.0,4.0,4.0,6.0,3.0,3.0,3.0,1.0,4.0,4.0,2.0,,2.0,2.0,2.0,2.0,2.0,1.0,1.0,4.0,3.0,2.0,4.0,2.0,1.0,2.0,2.0,1.0,2.0,2.0,4.0,2.0,1.0,1.0,4.0,2.0,1.0,1.0,1.0,1.0,1.0,1.0,1.0,3.0,2.0,8.0,7.0,1.0,1.0,1.0,1.0,1.0,,4.0,,3.0,1.0,2.0,3.0,2.0,0.900154,2.3333333333333335,3.0,4.0,2.0,2.0
3957.0,2.0,6.0,1.0,34.0,2.0,5.0,5.0,3.0,2.0,4.0,3.0,2.0,4.0,2.0,2.0,,,,,,,,,,,,,,,,,,2.0,1.0,1.0,,3.0,4.0,5.0,,,3.0,4.0,4.0,3.0,4.0,3.0,4.0,2.0,5.0,3.0,3.0,3.0,3.0,3.0,3.0,4.0,3.0,3.0,3.0,3.0,3.0,3.0,3.0,4.0,3.0,3.0,3.0,4.0,4.0,4.0,3.0,3.0,3.0,3.0,3.0,3.0,3.0,3.0,4.0,3.0,3.0,3.0,4.0,4.0,4.0,3.0,3.0,3.0,3.0,3.0,3.0,3.0,3.0,4.0,3.0,3.0,3.0,4.0,4.0,4.0,4.0,5.0,4.0,4.0,4.0,3.0,2.0,3.0,1.0,4.0,4.0,3.0,4.0,3.0,3.0,3.0,3.0,9.0,2.0,4.0,3.0,1.0,4.0,4.0,2.0,,3.0,3.0,4.0,2.0,2.0,3.0,2.0,2.0,2.0,2.0,2.0,2.0,1.0,2.0,2.0,1.0,2.0,3.0,5.0,3.0,4.0,3.0,5.0,3.0,1.0,1.0,2.0,3.0,3.0,3.0,3.0,4.0,3.0,4.0,3.0,2.0,2.0,2.0,2.0,1.0,,7.0,,4.0,1.0,2.0,6.0,3.0,0.80892,2.6666666666666665,3.5,4.0,2.0,2.0
3969.0,12.0,3.0,1.0,39.0,2.0,5.0,5.0,5.0,4.0,5.0,5.0,5.0,4.0,5.0,2.0,,,,,,,,,,,,,,,,,,1.0,2.0,,,,,,,,5.0,3.0,2.0,1.0,1.0,1.0,3.0,1.0,4.0,1.0,1.0,1.0,4.0,5.0,3.0,5.0,4.0,5.0,4.0,2.0,3.0,4.0,3.0,5.0,4.0,5.0,4.0,3.0,5.0,4.0,3.0,4.0,4.0,5.0,3.0,5.0,5.0,4.0,5.0,4.0,3.0,5.0,4.0,3.0,4.0,2.0,4.0,3.0,5.0,4.0,3.0,4.0,4.0,5.0,4.0,3.0,5.0,4.0,5.0,3.0,4.0,5.0,4.0,4.0,5.0,3.0,1.0,3.0,2.0,4.0,5.0,4.0,4.0,5.0,5.0,4.0,4.0,9.0,3.0,4.0,3.0,1.0,2.0,2.0,2.0,,4.0,5.0,5.0,1.0,5.0,2.0,2.0,5.0,3.0,4.0,5.0,4.0,1.0,1.0,1.0,1.0,2.0,4.0,5.0,4.0,4.0,4.0,5.0,5.0,2.0,2.0,3.0,4.0,3.0,4.0,4.0,5.0,4.0,6.0,1.0,1.0,1.0,1.0,1.0,2.0,1.0,4.0,,3.0,2.0,1.0,3.0,2.0,0.865768,4.666666666666667,5.0,2.0,5.0,1.0
3991.0,1.0,1.0,2.0,36.0,2.0,5.0,5.0,5.0,5.0,5.0,5.0,5.0,5.0,5.0,2.0,,,,,,,,,,,,,,,,,,2.0,2.0,,,,,,,,4.0,3.0,3.0,3.0,3.0,3.0,3.0,3.0,3.0,3.0,3.0,3.0,3.0,3.0,3.0,4.0,3.0,4.0,3.0,3.0,3.0,4.0,4.0,3.0,3.0,4.0,4.0,3.0,3.0,4.0,4.0,4.0,3.0,4.0,3.0,3.0,4.0,4.0,3.0,4.0,3.0,3.0,4.0,4.0,3.0,3.0,3.0,4.0,3.0,3.0,4.0,4.0,3.0,4.0,3.0,3.0,4.0,4.0,3.0,4.0,4.0,4.0,4.0,4.0,4.0,4.0,2.0,3.0,2.0,3.0,3.0,3.0,3.0,4.0,4.0,3.0,3.0,2.0,3.0,3.0,3.0,1.0,4.0,4.0,2.0,,4.0,3.0,3.0,1.0,4.0,4.0,3.0,4.0,4.0,3.0,3.0,4.0,2.0,2.0,1.0,1.0,2.0,4.0,4.0,4.0,4.0,3.0,3.0,3.0,2.0,2.0,2.0,2.0,3.0,2.0,2.0,2.0,4.0,3.0,4.0,2.0,2.0,1.0,1.0,2.0,2.0,4.0,,4.0,2.0,2.0,3.0,3.0,1.036816,5.0,5.0,4.0,4.0,1.0
3994.0,13.0,4.0,2.0,51.0,4.0,4.0,5.0,3.0,2.0,2.0,3.0,3.0,4.0,3.0,2.0,,,,,,,,,,,,,,,,,,2.0,2.0,,,,,,,,3.0,3.0,3.0,4.0,3.0,3.0,5.0,4.0,4.0,3.0,3.0,3.0,4.0,4.0,4.0,5.0,3.0,3.0,3.0,3.0,2.0,2.0,3.0,3.0,3.0,2.0,3.0,3.0,4.0,2.0,3.0,3.0,3.0,3.0,4.0,3.0,3.0,4.0,4.0,4.0,3.0,3.0,3.0,4.0,3.0,3.0,4.0,4.0,4.0,3.0,3.0,4.0,3.0,4.0,4.0,4.0,4.0,3.0,4.0,3.0,3.0,4.0,4.0,4.0,4.0,2.0,2.0,3.0,2.0,4.0,3.0,3.0,3.0,3.0,3.0,2.0,3.0,8.0,4.0,3.0,3.0,2.0,3.0,2.0,5.0,,2.0,4.0,1.0,2.0,3.0,2.0,3.0,4.0,2.0,2.0,3.0,3.0,2.0,2.0,2.0,2.0,1.0,4.0,4.0,4.0,4.0,3.0,4.0,1.0,3.0,3.0,3.0,3.0,3.0,3.0,4.0,3.0,2.0,7.0,7.0,2.0,2.0,2.0,2.0,2.0,1.0,3.0,,4.0,2.0,1.0,2.0,3.0,1.055948,3.3333333333333335,2.5,2.5,3.0,2.0
4022.0,1.0,1.0,1.0,41.0,3.0,4.0,3.0,4.0,5.0,3.0,4.0,2.0,4.0,3.0,2.0,,,,,,,,,,,,,,,,,,1.0,1.0,1.0,,3.0,,,,,4.0,4.0,3.0,2.0,5.0,4.0,4.0,3.0,5.0,4.0,3.0,2.0,2.0,3.0,4.0,5.0,4.0,4.0,3.0,5.0,5.0,4.0,3.0,2.0,2.0,4.0,3.0,5.0,4.0,3.0,5.0,4.0,5.0,3.0,4.0,5.0,3.0,4.0,4.0,3.0,2.0,4.0,4.0,2.0,3.0,5.0,5.0,2.0,4.0,3.0,5.0,4.0,4.0,3.0,2.0,2.0,1.0,4.0,5.0,3.0,4.0,4.0,3.0,2.0,5.0,4.0,4.0,3.0,2.0,3.0,5.0,4.0,2.0,3.0,4.0,5.0,4.0,9.0,4.0,3.0,5.0,2.0,4.0,3.0,3.0,,3.0,3.0,1.0,2.0,4.0,2.0,3.0,3.0,2.0,4.0,5.0,4.0,2.0,2.0,2.0,1.0,2.0,3.0,4.0,2.0,3.0,4.0,5.0,3.0,4.0,3.0,4.0,5.0,3.0,4.0,2.0,3.0,4.0,10.0,8.0,1.0,2.0,1.0,2.0,1.0,,4.0,,4.0,1.0,2.0,3.0,3.0,1.074504,3.0,3.5,3.5,4.0,2.0
4076.0,15.0,5.0,1.0,33.0,2.0,5.0,5.0,3.0,2.0,4.0,4.0,4.0,3.0,4.0,2.0,,,,,,,,,,,,,,,,,,2.0,1.0,,,,4.0,,,,5.0,3.0,3.0,3.0,3.0,3.0,4.0,2.0,4.0,3.0,1.0,2.0,2.0,4.0,4.0,5.0,4.0,4.0,4.0,4.0,4.0,4.0,4.0,4.0,4.0,4.0,4.0,4.0,5.0,5.0,2.0,2.0,2.0,2.0,2.0,2.0,2.0,2.0,2.0,2.0,2.0,2.0,2.0,5.0,5.0,2.0,4.0,4.0,4.0,4.0,4.0,4.0,4.0,4.0,4.0,4.0,4.0,4.0,5.0,5.0,1.0,4.0,4.0,4.0,3.0,3.0,2.0,2.0,3.0,2.0,3.0,2.0,3.0,4.0,3.0,3.0,3.0,6.0,3.0,2.0,3.0,1.0,5.0,4.0,3.0,,3.0,3.0,4.0,2.0,2.0,2.0,2.0,2.0,2.0,2.0,2.0,2.0,1.0,2.0,2.0,2.0,2.0,5.0,5.0,5.0,5.0,5.0,5.0,3.0,1.0,1.0,5.0,3.0,5.0,5.0,3.0,1.0,3.0,6.0,6.0,1.0,1.0,1.0,1.0,1.0,,3.0,,4.0,1.0,2.0,2.0,3.0,0.96424,3.6666666666666665,4.0,4.5,2.0,2.0
4078.0,1.0,1.0,1.0,53.0,4.0,5.0,5.0,5.0,4.0,5.0,4.0,4.0,4.0,4.0,2.0,,,,,,,,,,,,,,,,,,2.0,2.0,,,,,,,,4.0,4.0,4.0,3.0,3.0,3.0,3.0,3.0,3.0,2.0,2.0,2.0,3.0,4.0,3.0,4.0,3.0,3.0,3.0,3.0,3.0,3.0,3.0,3.0,3.0,3.0,3.0,3.0,5.0,5.0,4.0,3.0,3.0,3.0,3.0,3.0,3.0,3.0,3.0,3.0,3.0,3.0,4.0,5.0,5.0,3.0,4.0,4.0,4.0,4.0,4.0,4.0,4.0,5.0,4.0,4.0,4.0,4.0,5.0,5.0,3.0,4.0,3.0,4.0,4.0,4.0,1.0,5.0,3.0,4.0,4.0,3.0,4.0,3.0,3.0,3.0,3.0,11.0,4.0,1.0,3.0,1.0,4.0,4.0,3.0,,4.0,4.0,3.0,1.0,4.0,3.0,3.0,4.0,3.0,4.0,4.0,4.0,2.0,2.0,2.0,2.0,2.0,4.0,4.0,4.0,4.0,4.0,4.0,4.0,4.0,4.0,4.0,4.0,4.0,4.0,4.0,4.0,4.0,6.0,3.0,2.0,2.0,2.0,2.0,1.0,,7.0,,5.0,1.0,2.0,6.0,3.0,1.101675,4.0,4.5,4.0,4.0,1.0
4087.0,1.0,1.0,2.0,56.0,4.0,4.0,4.0,4.0,3.0,4.0,3.0,4.0,3.0,3.0,2.0,,,,,,,,,,,,,,,,,,1.0,2.0,,,,,,,,3.0,3.0,3.0,4.0,3.0,3.0,3.0,4.0,4.0,3.0,4.0,3.0,4.0,4.0,3.0,3.0,3.0,3.0,3.0,3.0,3.0,3.0,3.0,3.0,3.0,4.0,3.0,3.0,4.0,3.0,3.0,4.0,3.0,3.0,3.0,3.0,3.0,3.0,4.0,4.0,4.0,3.0,3.0,4.0,3.0,3.0,3.0,3.0,3.0,3.0,3.0,3.0,3.0,4.0,3.0,4.0,3.0,3.0,4.0,3.0,3.0,4.0,4.0,3.0,4.0,3.0,4.0,3.0,4.0,3.0,3.0,3.0,4.0,4.0,3.0,3.0,3.0,9.0,4.0,3.0,3.0,1.0,4.0,4.0,2.0,,4.0,3.0,3.0,2.0,3.0,3.0,3.0,3.0,3.0,3.0,3.0,3.0,2.0,2.0,2.0,1.0,2.0,4.0,4.0,4.0,4.0,3.0,3.0,3.0,3.0,3.0,3.0,3.0,3.0,3.0,3.0,3.0,4.0,8.0,7.0,2.0,2.0,2.0,1.0,2.0,2.0,2.0,,3.0,2.0,2.0,1.0,2.0,1.053567,3.3333333333333335,3.5,4.0,3.0,2.0
4090.0,3.0,5.0,2.0,27.0,1.0,5.0,5.0,3.0,3.0,2.0,3.0,4.0,5.0,3.0,2.0,,,,,,,,,,,,,,,,,,1.0,1.0,,,,,5.0,,,1.0,4.0,4.0,5.0,4.0,4.0,4.0,4.0,5.0,5.0,3.0,5.0,5.0,5.0,5.0,5.0,3.0,4.0,5.0,3.0,4.0,3.0,4.0,4.0,4.0,3.0,5.0,3.0,4.0,3.0,3.0,3.0,3.0,4.0,3.0,4.0,4.0,4.0,4.0,4.0,3.0,4.0,3.0,4.0,3.0,3.0,3.0,4.0,4.0,3.0,3.0,3.0,3.0,4.0,3.0,4.0,4.0,3.0,4.0,3.0,2.0,5.0,5.0,5.0,5.0,5.0,4.0,4.0,3.0,4.0,3.0,2.0,2.0,3.0,3.0,4.0,4.0,1.0,4.0,4.0,4.0,1.0,5.0,5.0,2.0,,3.0,3.0,5.0,2.0,1.0,1.0,1.0,3.0,1.0,2.0,2.0,2.0,1.0,1.0,1.0,1.0,2.0,5.0,5.0,4.0,5.0,3.0,4.0,5.0,1.0,1.0,1.0,3.0,3.0,3.0,1.0,1.0,4.0,11.0,11.0,2.0,2.0,1.0,1.0,1.0,,4.0,,3.0,1.0,2.0,3.0,2.0,0.976825,4.0,2.5,5.0,1.0,2.0
4102.0,9.0,2.0,1.0,36.0,2.0,5.0,5.0,4.0,3.0,4.0,4.0,4.0,5.0,5.0,2.0,,,,,,,,,,,,,,,,,,2.0,1.0,,,3.0,4.0,5.0,,,3.0,3.0,3.0,2.0,2.0,2.0,3.0,1.0,3.0,2.0,1.0,1.0,2.0,2.0,3.0,5.0,5.0,5.0,5.0,3.0,5.0,3.0,5.0,5.0,5.0,5.0,5.0,5.0,5.0,5.0,3.0,2.0,4.0,4.0,1.0,4.0,2.0,4.0,4.0,4.0,4.0,4.0,4.0,3.0,1.0,2.0,5.0,5.0,5.0,4.0,5.0,2.0,5.0,5.0,5.0,5.0,5.0,5.0,5.0,2.0,2.0,4.0,4.0,4.0,5.0,5.0,4.0,4.0,4.0,3.0,3.0,2.0,3.0,3.0,3.0,3.0,2.0,6.0,4.0,3.0,3.0,1.0,5.0,4.0,2.0,,3.0,2.0,5.0,2.0,3.0,3.0,3.0,4.0,3.0,2.0,4.0,3.0,2.0,2.0,2.0,1.0,2.0,1.0,2.0,5.0,3.0,1.0,1.0,5.0,1.0,1.0,5.0,3.0,5.0,5.0,3.0,1.0,4.0,7.0,2.0,1.0,2.0,2.0,2.0,1.0,,4.0,,3.0,1.0,2.0,3.0,2.0,0.921551,4.666666666666667,4.0,4.5,3.0,2.0
4107.0,1.0,1.0,1.0,54.0,4.0,4.0,5.0,4.0,4.0,4.0,4.0,4.0,4.0,4.0,2.0,,,,,,,,,,,,,,,,,,2.0,2.0,,,,,,,,2.0,4.0,4.0,3.0,4.0,3.0,4.0,3.0,5.0,4.0,3.0,3.0,4.0,4.0,5.0,5.0,3.0,3.0,4.0,3.0,3.0,4.0,3.0,4.0,3.0,3.0,3.0,3.0,4.0,3.0,3.0,3.0,3.0,3.0,3.0,3.0,3.0,3.0,4.0,3.0,3.0,4.0,3.0,4.0,3.0,3.0,3.0,3.0,4.0,4.0,3.0,3.0,3.0,4.0,3.0,3.0,4.0,3.0,4.0,4.0,3.0,4.0,3.0,2.0,4.0,4.0,2.0,4.0,4.0,3.0,3.0,4.0,4.0,4.0,5.0,4.0,4.0,3.0,2.0,2.0,3.0,1.0,4.0,3.0,3.0,,4.0,4.0,5.0,2.0,4.0,3.0,4.0,4.0,3.0,4.0,4.0,4.0,1.0,2.0,2.0,1.0,2.0,4.0,4.0,4.0,4.0,4.0,5.0,3.0,2.0,2.0,4.0,3.0,2.0,5.0,2.0,3.0,3.0,10.0,10.0,1.0,2.0,1.0,2.0,2.0,1.0,4.0,,4.0,2.0,1.0,3.0,3.0,1.101675,4.0,4.0,3.5,4.0,2.0
4116.0,2.0,6.0,1.0,47.0,3.0,5.0,4.0,5.0,4.0,5.0,4.0,5.0,4.0,5.0,1.0,1.0,2.0,3.0,4.0,,,,,,,,,,,,,,1.0,1.0,1.0,,,4.0,,,,4.0,4.0,3.0,4.0,3.0,4.0,4.0,3.0,4.0,3.0,4.0,3.0,4.0,3.0,4.0,3.0,4.0,5.0,4.0,5.0,4.0,4.0,3.0,4.0,5.0,4.0,5.0,4.0,5.0,4.0,5.0,5.0,4.0,5.0,4.0,5.0,5.0,4.0,5.0,4.0,5.0,4.0,5.0,4.0,5.0,4.0,5.0,4.0,5.0,4.0,5.0,5.0,4.0,5.0,4.0,5.0,4.0,5.0,4.0,5.0,4.0,4.0,3.0,4.0,3.0,4.0,3.0,4.0,3.0,4.0,3.0,4.0,3.0,4.0,3.0,4.0,3.0,6.0,3.0,4.0,4.0,1.0,4.0,3.0,2.0,,4.0,3.0,4.0,1.0,4.0,3.0,4.0,3.0,4.0,3.0,4.0,3.0,1.0,2.0,1.0,1.0,1.0,4.0,5.0,4.0,5.0,4.0,5.0,4.0,5.0,4.0,5.0,4.0,5.0,4.0,5.0,4.0,5.0,7.0,6.0,1.0,2.0,1.0,2.0,2.0,1.0,3.0,,3.0,2.0,1.0,2.0,2.0,0.846161,4.666666666666667,4.5,3.5,4.0,1.0
4127.0,6.0,3.0,2.0,33.0,2.0,5.0,5.0,5.0,3.0,3.0,3.0,3.0,3.0,1.0,1.0,,,,,5.0,,,,,,,,13.0,,,,,2.0,1.0,1.0,2.0,3.0,,,,,2.0,4.0,4.0,3.0,3.0,3.0,3.0,3.0,4.0,4.0,3.0,4.0,5.0,5.0,5.0,5.0,2.0,3.0,3.0,2.0,2.0,2.0,2.0,3.0,4.0,4.0,4.0,3.0,4.0,2.0,2.0,3.0,3.0,3.0,3.0,4.0,3.0,2.0,3.0,3.0,2.0,2.0,2.0,3.0,3.0,3.0,3.0,3.0,3.0,4.0,3.0,2.0,3.0,3.0,3.0,2.0,3.0,3.0,3.0,3.0,2.0,2.0,4.0,4.0,5.0,3.0,3.0,2.0,2.0,4.0,4.0,4.0,2.0,3.0,2.0,2.0,3.0,1.0,5.0,2.0,3.0,2.0,4.0,4.0,4.0,,1.0,1.0,1.0,2.0,2.0,1.0,1.0,3.0,2.0,3.0,2.0,2.0,1.0,1.0,1.0,1.0,1.0,4.0,4.0,4.0,4.0,2.0,2.0,2.0,1.0,1.0,1.0,3.0,3.0,2.0,1.0,1.0,3.0,10.0,11.0,1.0,1.0,1.0,1.0,1.0,,4.0,,3.0,1.0,2.0,3.0,2.0,0.900154,2.3333333333333335,3.0,4.0,2.0,2.0
4138.0,5.0,4.0,1.0,33.0,2.0,4.0,5.0,4.0,3.0,4.0,4.0,4.0,4.0,4.0,1.0,1.0,2.0,3.0,4.0,5.0,6.0,7.0,8.0,9.0,10.0,11.0,12.0,,,,,,2.0,1.0,,2.0,3.0,,5.0,,,2.0,4.0,4.0,4.0,4.0,4.0,4.0,3.0,5.0,5.0,5.0,4.0,4.0,4.0,3.0,5.0,4.0,4.0,4.0,4.0,4.0,3.0,3.0,5.0,5.0,5.0,3.0,3.0,4.0,4.0,3.0,4.0,4.0,4.0,4.0,5.0,4.0,3.0,5.0,5.0,5.0,3.0,3.0,3.0,3.0,3.0,5.0,5.0,5.0,5.0,5.0,4.0,4.0,5.0,5.0,5.0,4.0,4.0,4.0,4.0,4.0,4.0,4.0,3.0,4.0,4.0,2.0,3.0,4.0,3.0,3.0,4.0,4.0,5.0,5.0,5.0,4.0,6.0,4.0,4.0,4.0,1.0,5.0,5.0,4.0,,3.0,3.0,4.0,2.0,3.0,3.0,3.0,4.0,2.0,2.0,4.0,3.0,2.0,2.0,2.0,1.0,2.0,4.0,4.0,4.0,4.0,3.0,4.0,4.0,3.0,3.0,4.0,2.0,2.0,3.0,2.0,2.0,4.0,10.0,3.0,1.0,1.0,1.0,1.0,1.0,,4.0,,4.0,1.0,2.0,3.0,3.0,1.028782,4.0,4.0,5.0,3.0,2.0
4139.0,9.0,2.0,2.0,23.0,1.0,5.0,5.0,4.0,3.0,4.0,2.0,3.0,4.0,2.0,2.0,,,,,,,,,,,,,,,,,,2.0,1.0,,,3.0,4.0,,,,4.0,4.0,4.0,5.0,4.0,4.0,4.0,4.0,5.0,5.0,5.0,4.0,4.0,5.0,4.0,4.0,4.0,4.0,4.0,4.0,4.0,2.0,5.0,5.0,5.0,5.0,5.0,4.0,2.0,2.0,1.0,4.0,4.0,4.0,4.0,4.0,2.0,4.0,3.0,5.0,3.0,3.0,3.0,3.0,2.0,2.0,2.0,2.0,2.0,2.0,4.0,2.0,4.0,5.0,5.0,5.0,4.0,4.0,3.0,3.0,2.0,4.0,4.0,4.0,4.0,4.0,3.0,4.0,4.0,4.0,4.0,4.0,4.0,4.0,2.0,3.0,3.0,8.0,2.0,4.0,2.0,1.0,4.0,4.0,3.0,,4.0,4.0,4.0,1.0,4.0,3.0,3.0,4.0,3.0,3.0,4.0,3.0,2.0,2.0,2.0,2.0,2.0,4.0,4.0,2.0,4.0,2.0,3.0,1.0,1.0,1.0,1.0,4.0,4.0,4.0,2.0,3.0,4.0,9.0,5.0,1.0,2.0,1.0,2.0,1.0,,6.0,,3.0,1.0,2.0,5.0,2.0,1.026542,3.0,3.0,4.0,4.0,1.0
4155.0,15.0,5.0,1.0,38.0,2.0,5.0,5.0,4.0,4.0,5.0,5.0,5.0,5.0,4.0,2.0,,,,,,,,,,,,,,,,,,2.0,2.0,,,,,,,,4.0,3.0,3.0,3.0,3.0,3.0,3.0,3.0,4.0,2.0,2.0,2.0,2.0,2.0,3.0,4.0,5.0,5.0,5.0,5.0,5.0,3.0,5.0,5.0,5.0,5.0,5.0,4.0,5.0,4.0,4.0,5.0,5.0,5.0,5.0,5.0,4.0,5.0,5.0,5.0,5.0,5.0,5.0,5.0,4.0,4.0,5.0,5.0,5.0,5.0,5.0,4.0,5.0,5.0,5.0,5.0,5.0,4.0,5.0,4.0,4.0,5.0,4.0,4.0,5.0,4.0,3.0,5.0,2.0,4.0,3.0,4.0,4.0,4.0,5.0,5.0,4.0,4.0,3.0,3.0,4.0,2.0,3.0,2.0,3.0,,4.0,4.0,4.0,1.0,5.0,4.0,5.0,5.0,3.0,2.0,4.0,4.0,2.0,2.0,2.0,2.0,2.0,5.0,5.0,5.0,5.0,5.0,5.0,4.0,2.0,4.0,3.0,4.0,4.0,3.0,2.0,1.0,4.0,1.0,1.0,2.0,1.0,2.0,2.0,1.0,,3.0,,4.0,1.0,2.0,2.0,3.0,0.96424,4.666666666666667,5.0,2.5,5.0,1.0
4168.0,6.0,3.0,1.0,45.0,3.0,4.0,4.0,4.0,3.0,5.0,4.0,4.0,4.0,4.0,1.0,,2.0,,4.0,,,,,,,,,13.0,,,,,2.0,2.0,,,,,,,,4.0,4.0,4.0,5.0,4.0,4.0,4.0,4.0,4.0,4.0,4.0,5.0,4.0,4.0,3.0,5.0,4.0,5.0,5.0,4.0,5.0,4.0,4.0,4.0,5.0,5.0,5.0,3.0,4.0,4.0,3.0,3.0,3.0,3.0,3.0,3.0,3.0,3.0,3.0,3.0,3.0,3.0,3.0,4.0,3.0,2.0,4.0,4.0,5.0,3.0,4.0,3.0,4.0,4.0,4.0,4.0,5.0,4.0,5.0,3.0,3.0,4.0,4.0,3.0,4.0,4.0,4.0,4.0,4.0,3.0,3.0,3.0,3.0,4.0,4.0,4.0,3.0,9.0,5.0,3.0,4.0,1.0,4.0,4.0,3.0,,4.0,4.0,5.0,1.0,4.0,1.0,2.0,4.0,3.0,3.0,4.0,3.0,2.0,2.0,2.0,1.0,2.0,3.0,5.0,3.0,4.0,3.0,3.0,3.0,2.0,2.0,2.0,2.0,4.0,4.0,3.0,3.0,4.0,5.0,2.0,2.0,2.0,2.0,2.0,2.0,1.0,4.0,,3.0,2.0,1.0,3.0,2.0,0.776027,4.0,4.5,4.0,4.0,1.0
4176.0,10.0,3.0,1.0,56.0,4.0,4.0,5.0,4.0,3.0,4.0,4.0,4.0,4.0,4.0,2.0,,,,,,,,,,,,,,,,,,2.0,2.0,,,,,,,,3.0,4.0,4.0,3.0,4.0,4.0,4.0,3.0,5.0,3.0,3.0,3.0,4.0,3.0,4.0,4.0,5.0,5.0,5.0,5.0,5.0,4.0,4.0,5.0,5.0,5.0,4.0,4.0,5.0,5.0,4.0,3.0,3.0,3.0,3.0,3.0,3.0,3.0,3.0,3.0,3.0,3.0,3.0,5.0,3.0,3.0,4.0,5.0,5.0,5.0,4.0,4.0,4.0,4.0,5.0,4.0,4.0,4.0,5.0,4.0,4.0,4.0,3.0,4.0,4.0,4.0,3.0,3.0,2.0,4.0,4.0,4.0,4.0,5.0,4.0,5.0,4.0,9.0,2.0,3.0,3.0,1.0,4.0,4.0,3.0,,4.0,4.0,4.0,1.0,4.0,4.0,3.0,4.0,3.0,4.0,3.0,3.0,1.0,2.0,2.0,1.0,2.0,5.0,5.0,5.0,3.0,4.0,5.0,5.0,2.0,3.0,3.0,2.0,2.0,2.0,3.0,4.0,4.0,10.0,10.0,2.0,2.0,2.0,2.0,1.0,,2.0,,4.0,1.0,2.0,1.0,3.0,0.875187,4.0,4.0,4.0,4.0,1.0
4200.0,5.0,4.0,1.0,42.0,3.0,5.0,5.0,4.0,4.0,4.0,4.0,4.0,4.0,3.0,2.0,,,,,,,,,,,,,,,,,,2.0,1.0,,,3.0,,5.0,,,4.0,3.0,3.0,3.0,3.0,3.0,4.0,3.0,3.0,3.0,3.0,3.0,3.0,3.0,3.0,4.0,2.0,3.0,3.0,2.0,2.0,2.0,2.0,3.0,3.0,2.0,2.0,2.0,4.0,1.0,2.0,3.0,3.0,3.0,2.0,2.0,2.0,2.0,2.0,3.0,3.0,3.0,3.0,4.0,1.0,2.0,3.0,3.0,3.0,2.0,3.0,2.0,3.0,3.0,3.0,3.0,3.0,3.0,4.0,1.0,1.0,3.0,4.0,3.0,4.0,4.0,2.0,3.0,2.0,3.0,3.0,3.0,4.0,4.0,4.0,4.0,3.0,5.0,4.0,2.0,4.0,1.0,4.0,4.0,2.0,,2.0,4.0,3.0,2.0,3.0,1.0,1.0,3.0,3.0,3.0,4.0,3.0,1.0,2.0,1.0,1.0,1.0,4.0,4.0,3.0,4.0,3.0,4.0,2.0,2.0,2.0,2.0,2.0,1.0,4.0,3.0,1.0,2.0,9.0,5.0,2.0,2.0,1.0,1.0,1.0,,4.0,,4.0,1.0,2.0,3.0,3.0,0.826158,3.6666666666666665,4.0,4.0,3.0,2.0
4208.0,1.0,1.0,1.0,33.0,2.0,3.0,3.0,4.0,3.0,3.0,3.0,3.0,3.0,3.0,1.0,1.0,,,,,,,,,,,,,,,,,2.0,1.0,,,,,5.0,,,3.0,4.0,4.0,3.0,4.0,3.0,4.0,3.0,3.0,3.0,3.0,3.0,4.0,4.0,4.0,5.0,3.0,3.0,3.0,3.0,3.0,3.0,3.0,3.0,3.0,4.0,4.0,4.0,5.0,4.0,3.0,3.0,3.0,3.0,4.0,3.0,3.0,3.0,3.0,3.0,3.0,3.0,4.0,5.0,4.0,3.0,3.0,3.0,4.0,3.0,3.0,3.0,3.0,4.0,3.0,3.0,4.0,4.0,5.0,4.0,3.0,3.0,3.0,3.0,4.0,2.0,3.0,2.0,3.0,3.0,3.0,2.0,3.0,4.0,3.0,3.0,3.0,9.0,4.0,2.0,3.0,2.0,3.0,3.0,3.0,,3.0,3.0,4.0,2.0,3.0,1.0,1.0,3.0,2.0,2.0,3.0,2.0,2.0,2.0,2.0,2.0,2.0,4.0,4.0,4.0,3.0,3.0,3.0,3.0,2.0,2.0,4.0,3.0,3.0,3.0,3.0,3.0,4.0,6.0,3.0,2.0,2.0,2.0,2.0,1.0,,7.0,,4.0,1.0,2.0,6.0,3.0,1.080947,3.0,3.0,3.0,3.0,2.0
4264.0,9.0,2.0,2.0,35.0,2.0,5.0,5.0,4.0,4.0,3.0,3.0,4.0,4.0,5.0,2.0,,,,,,,,,,,,,,,,,,2.0,1.0,,,3.0,,5.0,,,3.0,4.0,4.0,3.0,3.0,3.0,4.0,2.0,4.0,3.0,3.0,2.0,4.0,3.0,4.0,4.0,3.0,3.0,2.0,2.0,2.0,3.0,3.0,3.0,4.0,3.0,3.0,3.0,4.0,3.0,3.0,4.0,3.0,2.0,3.0,3.0,3.0,2.0,4.0,4.0,3.0,3.0,4.0,4.0,3.0,4.0,3.0,3.0,2.0,3.0,3.0,3.0,2.0,3.0,3.0,3.0,2.0,4.0,4.0,4.0,4.0,4.0,4.0,4.0,5.0,3.0,2.0,2.0,3.0,4.0,4.0,2.0,4.0,3.0,3.0,2.0,3.0,6.0,2.0,3.0,4.0,1.0,3.0,4.0,1.0,,3.0,4.0,4.0,1.0,4.0,3.0,4.0,4.0,4.0,3.0,5.0,4.0,1.0,2.0,2.0,2.0,1.0,4.0,4.0,4.0,4.0,4.0,4.0,4.0,2.0,3.0,3.0,4.0,5.0,4.0,4.0,2.0,4.0,6.0,5.0,1.0,2.0,1.0,2.0,2.0,2.0,4.0,,3.0,2.0,2.0,3.0,2.0,1.051499,4.333333333333333,3.0,3.5,4.0,1.0
4268.0,15.0,5.0,1.0,51.0,4.0,5.0,5.0,3.0,1.0,3.0,3.0,1.0,2.0,2.0,2.0,,,,,,,,,,,,,,,,,,2.0,2.0,,,,,,,,2.0,5.0,5.0,4.0,4.0,3.0,5.0,3.0,4.0,4.0,3.0,2.0,3.0,4.0,4.0,5.0,2.0,2.0,2.0,2.0,2.0,2.0,2.0,2.0,2.0,2.0,2.0,2.0,4.0,1.0,1.0,3.0,3.0,2.0,2.0,1.0,3.0,2.0,3.0,3.0,2.0,1.0,2.0,4.0,1.0,2.0,2.0,3.0,3.0,2.0,2.0,2.0,1.0,2.0,2.0,1.0,2.0,2.0,4.0,1.0,2.0,4.0,2.0,3.0,4.0,4.0,2.0,4.0,2.0,3.0,4.0,4.0,4.0,4.0,4.0,4.0,4.0,7.0,4.0,4.0,4.0,1.0,5.0,5.0,1.0,,3.0,3.0,4.0,2.0,3.0,4.0,3.0,3.0,2.0,2.0,3.0,2.0,2.0,1.0,2.0,2.0,1.0,4.0,4.0,4.0,2.0,1.0,4.0,1.0,1.0,1.0,3.0,1.0,3.0,4.0,2.0,2.0,2.0,11.0,4.0,2.0,2.0,2.0,2.0,2.0,1.0,3.0,,5.0,2.0,1.0,2.0,3.0,0.92937,1.6666666666666667,3.0,5.0,3.0,2.0
4283.0,5.0,4.0,1.0,23.0,1.0,4.0,4.0,4.0,4.0,4.0,3.0,3.0,3.0,3.0,2.0,,,,,,,,,,,,,,,,,,2.0,2.0,,,,,,,,3.0,3.0,3.0,2.0,3.0,3.0,4.0,3.0,3.0,3.0,3.0,3.0,3.0,3.0,3.0,5.0,2.0,2.0,3.0,2.0,2.0,2.0,2.0,4.0,3.0,3.0,3.0,2.0,3.0,2.0,2.0,3.0,3.0,3.0,3.0,3.0,3.0,3.0,4.0,3.0,3.0,3.0,2.0,3.0,2.0,2.0,3.0,3.0,3.0,3.0,3.0,3.0,3.0,4.0,3.0,3.0,3.0,2.0,3.0,2.0,1.0,4.0,4.0,4.0,4.0,3.0,2.0,4.0,2.0,3.0,3.0,3.0,3.0,4.0,4.0,4.0,3.0,6.0,3.0,3.0,4.0,1.0,5.0,5.0,1.0,,3.0,3.0,4.0,1.0,3.0,3.0,3.0,4.0,3.0,3.0,4.0,3.0,1.0,1.0,1.0,1.0,2.0,4.0,4.0,3.0,4.0,4.0,4.0,4.0,2.0,2.0,4.0,3.0,4.0,3.0,3.0,1.0,3.0,6.0,6.0,1.0,2.0,1.0,1.0,1.0,,6.0,,3.0,1.0,2.0,5.0,2.0,1.158012,3.0,3.5,5.0,3.0,1.0
4406.0,16.0,6.0,2.0,48.0,3.0,5.0,5.0,5.0,5.0,4.0,4.0,4.0,4.0,4.0,2.0,,,,,,,,,,,,,,,,,,2.0,2.0,,,,,,,,1.0,3.0,2.0,2.0,3.0,2.0,5.0,2.0,3.0,3.0,3.0,3.0,3.0,3.0,3.0,5.0,4.0,4.0,4.0,4.0,4.0,4.0,4.0,4.0,4.0,4.0,4.0,4.0,4.0,4.0,4.0,3.0,3.0,3.0,3.0,3.0,3.0,3.0,3.0,3.0,3.0,3.0,3.0,3.0,3.0,3.0,4.0,4.0,4.0,4.0,4.0,4.0,4.0,4.0,4.0,4.0,4.0,4.0,4.0,4.0,4.0,4.0,4.0,4.0,4.0,4.0,2.0,3.0,2.0,4.0,4.0,4.0,4.0,3.0,4.0,4.0,4.0,11.0,1.0,2.0,4.0,1.0,5.0,5.0,4.0,,3.0,3.0,4.0,2.0,2.0,1.0,1.0,1.0,1.0,1.0,1.0,1.0,2.0,2.0,2.0,2.0,2.0,4.0,4.0,2.0,4.0,4.0,1.0,1.0,1.0,1.0,1.0,4.0,1.0,4.0,4.0,1.0,3.0,10.0,2.0,2.0,2.0,2.0,2.0,3.0,1.0,3.0,,5.0,3.0,1.0,2.0,3.0,1.115818,4.0,4.0,5.0,2.0,2.0
4442.0,9.0,2.0,1.0,50.0,4.0,4.0,4.0,4.0,4.0,4.0,4.0,4.0,3.0,3.0,2.0,,,,,,,,,,,,,,,,,,2.0,2.0,,,,,,,,3.0,4.0,3.0,2.0,3.0,2.0,3.0,3.0,4.0,3.0,3.0,3.0,3.0,4.0,3.0,3.0,3.0,4.0,3.0,3.0,3.0,3.0,3.0,3.0,3.0,3.0,3.0,3.0,3.0,3.0,3.0,3.0,4.0,4.0,4.0,4.0,4.0,3.0,3.0,3.0,3.0,3.0,3.0,3.0,3.0,3.0,3.0,4.0,4.0,4.0,4.0,4.0,3.0,3.0,3.0,3.0,3.0,3.0,3.0,3.0,3.0,4.0,4.0,4.0,4.0,4.0,4.0,3.0,3.0,3.0,3.0,3.0,3.0,3.0,3.0,3.0,3.0,5.0,3.0,3.0,3.0,1.0,3.0,3.0,1.0,,3.0,3.0,3.0,1.0,3.0,4.0,3.0,3.0,3.0,4.0,4.0,4.0,2.0,2.0,2.0,2.0,2.0,3.0,4.0,3.0,3.0,3.0,3.0,3.0,3.0,4.0,3.0,3.0,3.0,3.0,3.0,3.0,3.0,7.0,7.0,2.0,2.0,2.0,2.0,1.0,,7.0,,3.0,1.0,2.0,6.0,2.0,1.048518,3.3333333333333335,4.0,3.0,3.0,1.0
4459.0,3.0,5.0,1.0,30.0,2.0,4.0,5.0,4.0,4.0,4.0,4.0,4.0,4.0,3.0,2.0,,,,,,,,,,,,,,,,,,2.0,1.0,,,3.0,,,,,2.0,4.0,4.0,4.0,3.0,3.0,4.0,3.0,4.0,4.0,3.0,3.0,3.0,4.0,4.0,4.0,4.0,4.0,4.0,4.0,4.0,4.0,4.0,5.0,4.0,4.0,4.0,4.0,5.0,4.0,5.0,3.0,3.0,3.0,3.0,3.0,3.0,3.0,3.0,3.0,3.0,4.0,4.0,4.0,3.0,3.0,3.0,3.0,3.0,4.0,3.0,3.0,3.0,4.0,4.0,3.0,4.0,4.0,5.0,4.0,3.0,4.0,4.0,4.0,5.0,5.0,4.0,4.0,4.0,4.0,4.0,4.0,4.0,5.0,4.0,4.0,5.0,6.0,4.0,3.0,3.0,1.0,4.0,5.0,4.0,,2.0,2.0,3.0,2.0,3.0,2.0,3.0,3.0,3.0,4.0,3.0,3.0,1.0,2.0,2.0,2.0,1.0,4.0,4.0,3.0,3.0,3.0,3.0,4.0,2.0,2.0,2.0,2.0,3.0,2.0,3.0,3.0,3.0,6.0,6.0,1.0,1.0,1.0,2.0,1.0,,7.0,,5.0,1.0,2.0,6.0,3.0,0.96424,3.6666666666666665,4.0,4.5,3.0,2.0
4461.0,3.0,5.0,2.0,55.0,4.0,5.0,5.0,4.0,4.0,4.0,3.0,3.0,4.0,4.0,2.0,,,,,,,,,,,,,,,,,,2.0,2.0,,,,,,,,4.0,4.0,3.0,3.0,2.0,1.0,3.0,1.0,3.0,2.0,1.0,1.0,4.0,5.0,4.0,5.0,1.0,1.0,2.0,1.0,1.0,2.0,1.0,1.0,1.0,1.0,1.0,2.0,5.0,4.0,2.0,2.0,2.0,4.0,2.0,1.0,2.0,1.0,2.0,2.0,1.0,1.0,5.0,5.0,5.0,2.0,4.0,4.0,3.0,2.0,2.0,1.0,1.0,2.0,1.0,4.0,2.0,5.0,5.0,5.0,2.0,4.0,4.0,3.0,5.0,5.0,3.0,4.0,2.0,3.0,3.0,2.0,4.0,5.0,5.0,5.0,4.0,4.0,4.0,2.0,4.0,1.0,2.0,2.0,2.0,,4.0,3.0,5.0,1.0,4.0,5.0,4.0,4.0,4.0,3.0,4.0,4.0,1.0,2.0,1.0,1.0,2.0,4.0,4.0,2.0,1.0,1.0,2.0,2.0,1.0,1.0,1.0,1.0,1.0,1.0,1.0,3.0,2.0,7.0,5.0,2.0,2.0,1.0,2.0,2.0,1.0,5.0,,3.0,2.0,1.0,4.0,2.0,1.111192,3.6666666666666665,3.5,2.0,4.0,1.0
4462.0,1.0,1.0,1.0,28.0,1.0,4.0,4.0,4.0,4.0,3.0,4.0,3.0,3.0,3.0,2.0,,,,,,,,,,,,,,,,,,2.0,2.0,,,,,,,,2.0,3.0,4.0,2.0,3.0,3.0,4.0,2.0,3.0,3.0,3.0,2.0,3.0,2.0,3.0,4.0,3.0,3.0,4.0,4.0,4.0,4.0,3.0,3.0,3.0,3.0,3.0,3.0,3.0,3.0,3.0,4.0,4.0,4.0,3.0,4.0,2.0,3.0,3.0,4.0,4.0,4.0,4.0,4.0,2.0,2.0,4.0,4.0,4.0,4.0,4.0,3.0,4.0,4.0,4.0,4.0,2.0,3.0,3.0,2.0,2.0,3.0,4.0,3.0,4.0,3.0,3.0,3.0,3.0,3.0,3.0,3.0,3.0,4.0,2.0,3.0,3.0,6.0,3.0,3.0,3.0,1.0,3.0,3.0,3.0,,3.0,3.0,3.0,1.0,3.0,3.0,3.0,3.0,3.0,3.0,4.0,3.0,2.0,2.0,2.0,2.0,2.0,4.0,4.0,4.0,4.0,2.0,4.0,4.0,2.0,3.0,2.0,2.0,2.0,1.0,3.0,3.0,3.0,6.0,6.0,2.0,2.0,2.0,2.0,1.0,,6.0,,5.0,1.0,2.0,5.0,3.0,1.112248,3.0,3.5,3.0,3.0,1.0
4472.0,7.0,6.0,1.0,29.0,1.0,4.0,4.0,3.0,2.0,3.0,3.0,3.0,3.0,3.0,2.0,,,,,,,,,,,,,,,,,,2.0,2.0,,,,,,,,4.0,3.0,2.0,2.0,2.0,1.0,2.0,1.0,3.0,2.0,1.0,1.0,3.0,3.0,3.0,4.0,3.0,3.0,3.0,3.0,3.0,3.0,3.0,3.0,3.0,3.0,3.0,3.0,3.0,3.0,3.0,1.0,2.0,2.0,2.0,2.0,1.0,2.0,1.0,2.0,1.0,1.0,1.0,3.0,3.0,1.0,3.0,3.0,3.0,2.0,3.0,3.0,3.0,3.0,3.0,3.0,3.0,3.0,3.0,3.0,3.0,3.0,4.0,4.0,3.0,3.0,2.0,3.0,2.0,3.0,3.0,2.0,3.0,3.0,4.0,3.0,4.0,9.0,2.0,2.0,4.0,1.0,4.0,4.0,4.0,,3.0,3.0,3.0,1.0,3.0,4.0,4.0,4.0,2.0,2.0,3.0,3.0,2.0,2.0,2.0,2.0,2.0,5.0,5.0,3.0,2.0,2.0,4.0,1.0,1.0,1.0,1.0,1.0,1.0,1.0,1.0,1.0,2.0,8.0,4.0,2.0,2.0,2.0,2.0,1.0,,6.0,,3.0,1.0,2.0,5.0,2.0,1.00476,3.0,3.0,4.0,3.0,1.0
4480.0,11.0,3.0,1.0,50.0,4.0,5.0,5.0,5.0,4.0,4.0,4.0,4.0,4.0,4.0,1.0,1.0,,3.0,4.0,5.0,6.0,,,,,,,,,,,,2.0,1.0,1.0,,,,,,,2.0,3.0,3.0,2.0,3.0,3.0,3.0,2.0,3.0,2.0,3.0,2.0,3.0,3.0,3.0,4.0,3.0,3.0,3.0,3.0,3.0,3.0,3.0,4.0,2.0,4.0,4.0,4.0,5.0,3.0,2.0,3.0,4.0,4.0,3.0,4.0,4.0,3.0,4.0,4.0,4.0,4.0,4.0,3.0,4.0,4.0,4.0,5.0,5.0,4.0,3.0,4.0,4.0,3.0,3.0,4.0,4.0,3.0,4.0,4.0,3.0,4.0,4.0,5.0,5.0,3.0,2.0,2.0,2.0,4.0,4.0,5.0,5.0,5.0,4.0,4.0,4.0,8.0,4.0,3.0,4.0,1.0,4.0,4.0,2.0,,4.0,3.0,3.0,1.0,4.0,3.0,3.0,4.0,4.0,3.0,4.0,4.0,2.0,2.0,2.0,2.0,2.0,5.0,5.0,4.0,4.0,4.0,4.0,5.0,3.0,3.0,3.0,3.0,3.0,3.0,3.0,2.0,4.0,3.0,8.0,2.0,2.0,2.0,2.0,2.0,1.0,4.0,,3.0,2.0,1.0,3.0,2.0,0.875187,4.0,4.0,4.0,4.0,1.0
4489.0,11.0,3.0,2.0,23.0,1.0,5.0,5.0,4.0,2.0,4.0,4.0,4.0,4.0,4.0,2.0,,,,,,,,,,,,,,,,,,1.0,1.0,,,3.0,,5.0,,,2.0,4.0,4.0,4.0,3.0,3.0,4.0,2.0,4.0,4.0,2.0,2.0,2.0,4.0,4.0,5.0,5.0,4.0,5.0,4.0,4.0,4.0,4.0,5.0,5.0,4.0,4.0,4.0,5.0,3.0,4.0,4.0,4.0,5.0,4.0,4.0,4.0,4.0,5.0,5.0,4.0,4.0,4.0,5.0,2.0,2.0,3.0,4.0,5.0,5.0,5.0,4.0,4.0,5.0,4.0,4.0,4.0,4.0,4.0,4.0,4.0,3.0,4.0,4.0,4.0,4.0,2.0,4.0,4.0,4.0,4.0,4.0,4.0,5.0,4.0,4.0,4.0,9.0,4.0,2.0,5.0,1.0,4.0,4.0,3.0,,4.0,4.0,5.0,1.0,4.0,2.0,2.0,4.0,2.0,2.0,4.0,4.0,1.0,1.0,2.0,1.0,2.0,4.0,3.0,4.0,5.0,4.0,3.0,3.0,3.0,3.0,3.0,3.0,4.0,4.0,4.0,2.0,4.0,11.0,4.0,1.0,1.0,2.0,2.0,1.0,,6.0,,2.0,1.0,2.0,5.0,1.0,0.987061,4.0,4.0,4.0,4.0,1.0
4543.0,4.0,2.0,2.0,34.0,2.0,5.0,5.0,1.0,1.0,3.0,3.0,2.0,3.0,2.0,2.0,,,,,,,,,,,,,,,,,,2.0,1.0,,,,4.0,,,,2.0,3.0,4.0,4.0,3.0,3.0,4.0,3.0,3.0,3.0,3.0,3.0,4.0,3.0,3.0,5.0,1.0,2.0,3.0,2.0,1.0,2.0,2.0,3.0,2.0,2.0,2.0,1.0,3.0,2.0,2.0,2.0,3.0,3.0,2.0,2.0,2.0,3.0,3.0,3.0,3.0,2.0,2.0,2.0,2.0,1.0,2.0,3.0,3.0,2.0,2.0,2.0,2.0,3.0,3.0,2.0,2.0,2.0,3.0,3.0,2.0,4.0,4.0,5.0,5.0,3.0,3.0,3.0,3.0,3.0,3.0,2.0,3.0,5.0,4.0,3.0,4.0,4.0,4.0,3.0,3.0,1.0,5.0,5.0,1.0,,3.0,2.0,3.0,2.0,2.0,1.0,1.0,4.0,3.0,3.0,4.0,3.0,1.0,1.0,1.0,1.0,1.0,3.0,3.0,2.0,2.0,2.0,2.0,2.0,1.0,1.0,1.0,2.0,2.0,1.0,1.0,1.0,2.0,8.0,8.0,2.0,2.0,2.0,2.0,1.0,,2.0,,4.0,1.0,2.0,1.0,3.0,1.051499,2.3333333333333335,3.0,5.0,2.0,2.0
4564.0,15.0,5.0,1.0,57.0,4.0,5.0,5.0,4.0,4.0,4.0,4.0,4.0,4.0,4.0,1.0,1.0,,3.0,,,,,,,,,,,,,,,1.0,2.0,,,,,,,,3.0,5.0,4.0,4.0,3.0,3.0,4.0,3.0,4.0,3.0,2.0,2.0,2.0,4.0,4.0,4.0,5.0,5.0,5.0,4.0,4.0,4.0,4.0,4.0,4.0,4.0,4.0,4.0,4.0,3.0,4.0,5.0,5.0,5.0,5.0,5.0,5.0,5.0,5.0,5.0,5.0,5.0,5.0,5.0,4.0,5.0,4.0,4.0,4.0,4.0,3.0,4.0,4.0,4.0,4.0,4.0,4.0,3.0,4.0,3.0,4.0,4.0,4.0,4.0,5.0,3.0,3.0,4.0,3.0,4.0,4.0,4.0,4.0,4.0,4.0,4.0,4.0,9.0,3.0,4.0,3.0,1.0,4.0,4.0,3.0,,4.0,4.0,3.0,2.0,3.0,3.0,3.0,3.0,3.0,2.0,2.0,2.0,1.0,1.0,1.0,1.0,1.0,4.0,4.0,4.0,4.0,3.0,4.0,3.0,2.0,2.0,2.0,1.0,1.0,1.0,1.0,1.0,4.0,6.0,6.0,1.0,1.0,1.0,1.0,2.0,1.0,4.0,,3.0,2.0,1.0,3.0,2.0,0.92937,4.0,4.0,4.0,3.0,2.0
4566.0,11.0,3.0,2.0,51.0,4.0,4.0,4.0,4.0,4.0,4.0,4.0,3.0,4.0,4.0,2.0,,,,,,,,,,,,,,,,,,1.0,1.0,,,,,5.0,,,3.0,4.0,4.0,4.0,4.0,4.0,4.0,4.0,5.0,4.0,4.0,4.0,4.0,5.0,5.0,5.0,4.0,4.0,4.0,4.0,3.0,3.0,4.0,4.0,4.0,3.0,3.0,3.0,3.0,3.0,4.0,4.0,4.0,4.0,4.0,3.0,4.0,4.0,3.0,4.0,4.0,4.0,4.0,4.0,4.0,3.0,4.0,4.0,3.0,3.0,4.0,4.0,5.0,4.0,3.0,4.0,4.0,3.0,5.0,3.0,4.0,4.0,3.0,4.0,4.0,3.0,3.0,3.0,4.0,4.0,3.0,3.0,4.0,4.0,3.0,3.0,4.0,7.0,2.0,4.0,4.0,1.0,4.0,4.0,3.0,,4.0,5.0,4.0,1.0,4.0,4.0,4.0,5.0,4.0,4.0,4.0,3.0,1.0,1.0,1.0,1.0,1.0,3.0,3.0,3.0,3.0,3.0,4.0,3.0,2.0,2.0,2.0,2.0,2.0,2.0,2.0,2.0,4.0,8.0,9.0,1.0,1.0,1.0,1.0,2.0,1.0,4.0,,3.0,2.0,1.0,3.0,2.0,0.976223,3.6666666666666665,4.0,4.0,4.0,1.0
4606.0,9.0,2.0,2.0,35.0,2.0,4.0,5.0,4.0,4.0,4.0,3.0,3.0,4.0,3.0,2.0,,,,,,,,,,,,,,,,,,2.0,1.0,,,3.0,,5.0,,,4.0,2.0,3.0,3.0,3.0,3.0,3.0,3.0,4.0,3.0,3.0,3.0,3.0,4.0,4.0,4.0,2.0,2.0,3.0,2.0,3.0,2.0,3.0,3.0,3.0,2.0,2.0,2.0,2.0,2.0,2.0,3.0,3.0,3.0,3.0,3.0,3.0,3.0,3.0,3.0,3.0,3.0,3.0,3.0,3.0,3.0,4.0,4.0,4.0,4.0,4.0,4.0,4.0,4.0,4.0,4.0,4.0,4.0,4.0,4.0,4.0,5.0,3.0,3.0,3.0,2.0,2.0,3.0,2.0,3.0,3.0,2.0,3.0,4.0,4.0,3.0,3.0,8.0,2.0,2.0,3.0,1.0,5.0,5.0,2.0,,3.0,3.0,4.0,1.0,4.0,3.0,4.0,4.0,4.0,4.0,4.0,4.0,1.0,2.0,2.0,2.0,2.0,5.0,5.0,4.0,4.0,4.0,4.0,4.0,2.0,2.0,2.0,4.0,4.0,4.0,4.0,2.0,2.0,6.0,6.0,2.0,2.0,2.0,2.0,1.0,,4.0,,4.0,1.0,2.0,3.0,3.0,1.051499,3.3333333333333335,3.5,5.0,4.0,1.0
4607.0,11.0,3.0,1.0,45.0,3.0,4.0,5.0,5.0,5.0,5.0,5.0,5.0,5.0,5.0,1.0,1.0,2.0,3.0,4.0,5.0,6.0,,,,,,,,,,,,2.0,2.0,,,,,,,,4.0,4.0,4.0,3.0,4.0,4.0,5.0,3.0,5.0,4.0,3.0,3.0,5.0,5.0,4.0,4.0,5.0,5.0,5.0,5.0,5.0,5.0,4.0,5.0,4.0,4.0,5.0,5.0,5.0,5.0,5.0,5.0,5.0,5.0,5.0,5.0,5.0,4.0,5.0,4.0,4.0,5.0,5.0,5.0,5.0,5.0,5.0,5.0,5.0,5.0,4.0,5.0,4.0,5.0,5.0,5.0,5.0,5.0,5.0,5.0,5.0,4.0,4.0,4.0,5.0,3.0,2.0,3.0,2.0,4.0,5.0,3.0,4.0,4.0,5.0,5.0,4.0,10.0,4.0,4.0,4.0,1.0,4.0,4.0,5.0,,4.0,4.0,4.0,1.0,4.0,3.0,4.0,4.0,4.0,4.0,3.0,4.0,1.0,1.0,1.0,1.0,2.0,4.0,4.0,4.0,1.0,4.0,4.0,3.0,1.0,1.0,3.0,1.0,1.0,3.0,1.0,3.0,4.0,10.0,10.0,1.0,2.0,2.0,1.0,2.0,1.0,4.0,,2.0,2.0,1.0,3.0,1.0,0.776027,5.0,5.0,4.0,4.0,1.0
4643.0,9.0,2.0,2.0,53.0,4.0,5.0,5.0,3.0,2.0,4.0,4.0,4.0,4.0,4.0,2.0,,,,,,,,,,,,,,,,,,2.0,2.0,,,,,,,,2.0,4.0,4.0,3.0,4.0,3.0,4.0,3.0,4.0,4.0,3.0,3.0,4.0,5.0,4.0,5.0,4.0,4.0,5.0,4.0,3.0,3.0,4.0,4.0,4.0,3.0,3.0,3.0,5.0,3.0,3.0,4.0,4.0,5.0,4.0,4.0,4.0,5.0,3.0,4.0,4.0,3.0,3.0,5.0,3.0,3.0,4.0,4.0,5.0,4.0,4.0,4.0,5.0,4.0,4.0,5.0,3.0,3.0,5.0,3.0,3.0,4.0,4.0,4.0,4.0,4.0,3.0,3.0,4.0,3.0,4.0,4.0,4.0,4.0,4.0,4.0,4.0,8.0,4.0,3.0,4.0,1.0,3.0,3.0,4.0,,4.0,3.0,4.0,1.0,3.0,2.0,3.0,4.0,4.0,3.0,4.0,3.0,2.0,2.0,1.0,1.0,2.0,4.0,4.0,4.0,4.0,4.0,4.0,4.0,1.0,1.0,1.0,2.0,2.0,2.0,1.0,3.0,4.0,7.0,7.0,1.0,2.0,2.0,2.0,2.0,1.0,3.0,,3.0,2.0,1.0,2.0,2.0,1.05617,4.0,4.0,3.0,3.0,1.0
4653.0,9.0,2.0,1.0,29.0,1.0,5.0,5.0,5.0,4.0,4.0,4.0,5.0,4.0,3.0,1.0,1.0,2.0,3.0,4.0,5.0,,7.0,,9.0,,11.0,12.0,13.0,,,,,1.0,2.0,,,,,,,,3.0,4.0,3.0,2.0,2.0,3.0,3.0,1.0,4.0,2.0,3.0,1.0,4.0,2.0,3.0,4.0,5.0,4.0,4.0,4.0,5.0,4.0,4.0,4.0,4.0,5.0,3.0,4.0,5.0,4.0,4.0,4.0,5.0,4.0,3.0,4.0,4.0,5.0,4.0,4.0,4.0,3.0,4.0,5.0,4.0,3.0,5.0,5.0,4.0,5.0,4.0,4.0,5.0,4.0,5.0,4.0,4.0,5.0,5.0,4.0,5.0,4.0,5.0,4.0,4.0,4.0,3.0,5.0,4.0,4.0,4.0,4.0,5.0,4.0,4.0,5.0,5.0,3.0,4.0,4.0,4.0,1.0,3.0,2.0,3.0,,4.0,4.0,5.0,1.0,4.0,5.0,4.0,5.0,3.0,4.0,5.0,5.0,1.0,1.0,2.0,1.0,1.0,4.0,4.0,5.0,4.0,2.0,4.0,4.0,2.0,3.0,2.0,4.0,4.0,5.0,4.0,4.0,3.0,6.0,3.0,1.0,1.0,1.0,1.0,1.0,,4.0,,2.0,1.0,2.0,3.0,1.0,1.051424,4.0,4.0,2.5,4.0,1.0
4685.0,16.0,6.0,1.0,38.0,2.0,4.0,4.0,4.0,4.0,4.0,4.0,3.0,3.0,3.0,2.0,,,,,,,,,,,,,,,,,,2.0,1.0,1.0,,,,5.0,,,2.0,4.0,4.0,2.0,3.0,3.0,3.0,2.0,4.0,3.0,4.0,3.0,4.0,3.0,4.0,4.0,3.0,3.0,2.0,2.0,4.0,4.0,3.0,4.0,3.0,4.0,2.0,2.0,4.0,3.0,4.0,3.0,3.0,2.0,2.0,3.0,3.0,2.0,4.0,3.0,4.0,3.0,3.0,4.0,3.0,4.0,3.0,3.0,3.0,3.0,3.0,3.0,2.0,4.0,4.0,4.0,3.0,3.0,3.0,3.0,4.0,3.0,2.0,2.0,3.0,4.0,4.0,2.0,4.0,3.0,3.0,3.0,3.0,3.0,4.0,4.0,4.0,8.0,3.0,3.0,2.0,1.0,4.0,4.0,2.0,,3.0,3.0,3.0,2.0,3.0,3.0,3.0,4.0,3.0,3.0,4.0,3.0,1.0,2.0,1.0,1.0,1.0,4.0,4.0,3.0,2.0,2.0,3.0,2.0,2.0,2.0,2.0,2.0,2.0,2.0,2.0,2.0,3.0,9.0,8.0,1.0,1.0,2.0,2.0,1.0,,3.0,,3.0,1.0,2.0,2.0,2.0,0.80892,3.0,4.0,4.0,3.0,2.0
4706.0,16.0,6.0,2.0,31.0,2.0,5.0,5.0,5.0,3.0,5.0,3.0,4.0,4.0,4.0,2.0,,,,,,,,,,,,,,,,,,2.0,2.0,,,,,,,,1.0,4.0,4.0,4.0,4.0,4.0,5.0,4.0,4.0,3.0,3.0,3.0,4.0,5.0,4.0,5.0,4.0,4.0,4.0,4.0,4.0,4.0,4.0,4.0,4.0,4.0,4.0,4.0,5.0,3.0,3.0,4.0,4.0,5.0,4.0,4.0,3.0,4.0,4.0,4.0,4.0,3.0,3.0,4.0,3.0,3.0,4.0,4.0,5.0,4.0,4.0,4.0,4.0,5.0,4.0,4.0,3.0,4.0,5.0,3.0,4.0,5.0,4.0,4.0,4.0,4.0,2.0,4.0,4.0,4.0,4.0,2.0,3.0,4.0,3.0,2.0,4.0,6.0,4.0,1.0,5.0,1.0,4.0,4.0,2.0,,3.0,3.0,4.0,1.0,3.0,1.0,2.0,4.0,2.0,3.0,4.0,1.0,2.0,2.0,2.0,2.0,2.0,4.0,4.0,2.0,2.0,1.0,2.0,2.0,1.0,1.0,1.0,1.0,1.0,1.0,1.0,1.0,2.0,11.0,4.0,2.0,2.0,2.0,2.0,1.0,,4.0,,3.0,1.0,2.0,3.0,2.0,0.910786,4.0,4.0,4.0,3.0,1.0
4733.0,5.0,4.0,1.0,49.0,3.0,4.0,5.0,3.0,3.0,5.0,5.0,5.0,5.0,5.0,2.0,,,,,,,,,,,,,,,,,,2.0,2.0,,,,,,,,2.0,4.0,4.0,3.0,4.0,3.0,5.0,4.0,4.0,3.0,3.0,2.0,4.0,4.0,4.0,5.0,5.0,5.0,5.0,5.0,5.0,5.0,5.0,5.0,5.0,5.0,5.0,4.0,5.0,5.0,4.0,5.0,5.0,5.0,4.0,5.0,3.0,4.0,4.0,5.0,4.0,5.0,4.0,4.0,3.0,3.0,5.0,5.0,5.0,5.0,5.0,3.0,5.0,5.0,5.0,5.0,5.0,4.0,5.0,3.0,3.0,5.0,2.0,3.0,3.0,4.0,3.0,3.0,3.0,3.0,3.0,4.0,4.0,5.0,4.0,4.0,3.0,9.0,2.0,2.0,1.0,2.0,5.0,5.0,9997.0,전부 발생 가능성이 크다,3.0,3.0,5.0,2.0,3.0,1.0,2.0,4.0,4.0,3.0,4.0,4.0,2.0,2.0,2.0,2.0,2.0,5.0,5.0,5.0,5.0,5.0,5.0,5.0,3.0,3.0,4.0,4.0,4.0,5.0,3.0,2.0,5.0,9.0,2.0,2.0,2.0,2.0,2.0,2.0,1.0,4.0,,4.0,2.0,1.0,3.0,3.0,0.826158,5.0,5.0,5.0,3.0,2.0
4737.0,14.0,4.0,1.0,28.0,1.0,5.0,5.0,4.0,4.0,5.0,5.0,5.0,5.0,5.0,2.0,,,,,,,,,,,,,,,,,,1.0,1.0,1.0,,3.0,,5.0,,,3.0,3.0,4.0,3.0,3.0,4.0,5.0,3.0,3.0,3.0,3.0,3.0,4.0,4.0,5.0,5.0,4.0,4.0,4.0,4.0,4.0,4.0,4.0,4.0,4.0,4.0,5.0,4.0,4.0,4.0,5.0,5.0,4.0,4.0,4.0,5.0,4.0,4.0,5.0,5.0,5.0,4.0,4.0,5.0,4.0,4.0,4.0,4.0,5.0,4.0,4.0,5.0,4.0,4.0,5.0,5.0,4.0,4.0,4.0,5.0,4.0,3.0,3.0,3.0,4.0,4.0,4.0,4.0,4.0,4.0,4.0,4.0,5.0,4.0,4.0,4.0,5.0,8.0,3.0,4.0,4.0,1.0,4.0,4.0,3.0,,4.0,4.0,3.0,2.0,3.0,2.0,3.0,4.0,3.0,4.0,3.0,3.0,1.0,2.0,1.0,1.0,2.0,4.0,4.0,3.0,3.0,3.0,3.0,3.0,3.0,4.0,2.0,3.0,3.0,4.0,3.0,3.0,3.0,6.0,6.0,2.0,2.0,2.0,1.0,2.0,1.0,3.0,,5.0,2.0,1.0,2.0,3.0,1.158012,5.0,5.0,4.0,3.0,2.0
4741.0,16.0,6.0,2.0,50.0,4.0,4.0,5.0,4.0,3.0,4.0,4.0,4.0,4.0,4.0,2.0,,,,,,,,,,,,,,,,,,2.0,1.0,,,,4.0,5.0,,,4.0,4.0,4.0,4.0,4.0,4.0,4.0,4.0,4.0,4.0,4.0,4.0,4.0,5.0,4.0,4.0,4.0,4.0,4.0,4.0,4.0,4.0,4.0,4.0,4.0,4.0,4.0,4.0,5.0,4.0,4.0,3.0,3.0,3.0,3.0,3.0,3.0,3.0,3.0,3.0,3.0,3.0,3.0,4.0,3.0,3.0,4.0,4.0,4.0,4.0,4.0,4.0,4.0,4.0,4.0,4.0,4.0,4.0,4.0,4.0,4.0,5.0,3.0,2.0,4.0,3.0,2.0,2.0,3.0,3.0,4.0,3.0,4.0,4.0,4.0,4.0,4.0,6.0,3.0,3.0,3.0,1.0,3.0,2.0,2.0,,4.0,4.0,3.0,1.0,4.0,1.0,2.0,3.0,3.0,3.0,3.0,3.0,1.0,2.0,2.0,1.0,2.0,4.0,4.0,4.0,2.0,2.0,4.0,2.0,1.0,1.0,2.0,2.0,3.0,4.0,2.0,2.0,4.0,6.0,6.0,1.0,2.0,1.0,2.0,3.0,1.0,4.0,,4.0,3.0,1.0,3.0,3.0,1.142237,4.0,4.0,2.5,4.0,1.0
4748.0,9.0,2.0,1.0,27.0,1.0,4.0,4.0,3.0,3.0,3.0,3.0,3.0,3.0,3.0,2.0,,,,,,,,,,,,,,,,,,2.0,2.0,,,,,,,,3.0,3.0,3.0,3.0,3.0,3.0,4.0,3.0,3.0,3.0,3.0,4.0,3.0,4.0,3.0,3.0,3.0,4.0,4.0,3.0,3.0,3.0,3.0,4.0,4.0,4.0,3.0,3.0,3.0,3.0,3.0,3.0,3.0,3.0,2.0,2.0,2.0,2.0,3.0,3.0,3.0,3.0,3.0,3.0,2.0,2.0,2.0,3.0,3.0,3.0,3.0,3.0,3.0,4.0,4.0,3.0,3.0,3.0,4.0,2.0,2.0,4.0,3.0,3.0,3.0,3.0,2.0,3.0,2.0,4.0,4.0,4.0,4.0,3.0,4.0,3.0,4.0,6.0,2.0,3.0,4.0,1.0,3.0,3.0,2.0,,3.0,3.0,4.0,1.0,3.0,3.0,3.0,4.0,3.0,3.0,3.0,3.0,2.0,2.0,2.0,1.0,2.0,4.0,4.0,4.0,3.0,3.0,3.0,3.0,2.0,2.0,3.0,3.0,3.0,4.0,3.0,2.0,3.0,7.0,6.0,1.0,1.0,1.0,1.0,1.0,,4.0,,3.0,1.0,2.0,3.0,2.0,1.051424,3.0,3.0,3.0,3.0,1.0
4749.0,1.0,1.0,1.0,51.0,4.0,3.0,4.0,4.0,4.0,4.0,4.0,4.0,4.0,3.0,1.0,1.0,,,,5.0,,,,,,,,,,,,,2.0,1.0,,,3.0,,5.0,,,2.0,4.0,4.0,4.0,3.0,3.0,4.0,3.0,3.0,3.0,4.0,3.0,4.0,5.0,3.0,5.0,3.0,4.0,4.0,3.0,3.0,4.0,3.0,3.0,4.0,4.0,4.0,4.0,4.0,3.0,5.0,4.0,3.0,4.0,3.0,4.0,3.0,3.0,4.0,3.0,4.0,4.0,3.0,5.0,3.0,4.0,4.0,3.0,4.0,4.0,3.0,3.0,4.0,3.0,3.0,4.0,3.0,3.0,4.0,3.0,4.0,3.0,4.0,3.0,4.0,4.0,3.0,4.0,4.0,3.0,4.0,4.0,3.0,4.0,3.0,3.0,4.0,7.0,4.0,4.0,3.0,1.0,4.0,3.0,2.0,,4.0,4.0,3.0,2.0,3.0,3.0,4.0,4.0,4.0,3.0,3.0,4.0,1.0,2.0,1.0,2.0,1.0,3.0,4.0,3.0,4.0,3.0,4.0,4.0,3.0,3.0,4.0,4.0,3.0,3.0,4.0,4.0,3.0,8.0,7.0,2.0,2.0,1.0,1.0,1.0,,4.0,,4.0,1.0,2.0,3.0,3.0,1.101675,3.6666666666666665,4.0,3.5,3.0,2.0
4753.0,9.0,2.0,2.0,42.0,3.0,5.0,5.0,5.0,5.0,4.0,5.0,4.0,4.0,4.0,1.0,1.0,2.0,,4.0,,,,,,,,,,,,,,2.0,2.0,,,,,,,,4.0,5.0,5.0,2.0,3.0,3.0,5.0,2.0,4.0,4.0,2.0,2.0,5.0,5.0,5.0,5.0,5.0,5.0,5.0,5.0,5.0,5.0,5.0,5.0,5.0,5.0,5.0,5.0,5.0,5.0,5.0,3.0,5.0,4.0,3.0,3.0,4.0,5.0,5.0,5.0,4.0,4.0,5.0,5.0,4.0,4.0,5.0,5.0,5.0,4.0,5.0,4.0,4.0,4.0,4.0,5.0,5.0,5.0,4.0,4.0,4.0,5.0,5.0,5.0,5.0,4.0,2.0,3.0,1.0,3.0,3.0,2.0,3.0,4.0,4.0,4.0,4.0,1.0,2.0,3.0,3.0,1.0,4.0,4.0,4.0,,3.0,4.0,3.0,2.0,2.0,3.0,3.0,3.0,3.0,2.0,3.0,3.0,2.0,2.0,2.0,2.0,2.0,3.0,3.0,2.0,3.0,2.0,2.0,2.0,1.0,1.0,1.0,2.0,2.0,5.0,4.0,3.0,3.0,1.0,2.0,2.0,2.0,2.0,2.0,1.0,,4.0,,2.0,1.0,2.0,3.0,1.0,0.965456,4.0,4.5,4.0,2.0,2.0
4800.0,16.0,6.0,1.0,23.0,1.0,4.0,5.0,4.0,3.0,4.0,4.0,4.0,4.0,4.0,2.0,,,,,,,,,,,,,,,,,,2.0,2.0,,,,,,,,4.0,3.0,3.0,3.0,3.0,3.0,4.0,2.0,4.0,3.0,2.0,2.0,4.0,4.0,4.0,4.0,3.0,3.0,4.0,3.0,3.0,2.0,4.0,2.0,2.0,2.0,3.0,2.0,4.0,2.0,2.0,3.0,3.0,3.0,3.0,2.0,3.0,3.0,3.0,4.0,3.0,3.0,2.0,3.0,3.0,3.0,4.0,3.0,4.0,2.0,2.0,2.0,4.0,2.0,3.0,4.0,4.0,4.0,4.0,3.0,3.0,4.0,4.0,4.0,4.0,4.0,2.0,4.0,3.0,4.0,4.0,3.0,3.0,4.0,4.0,3.0,4.0,8.0,4.0,3.0,4.0,1.0,4.0,4.0,2.0,,3.0,2.0,4.0,2.0,3.0,4.0,4.0,4.0,4.0,2.0,3.0,2.0,1.0,2.0,2.0,1.0,2.0,4.0,4.0,4.0,4.0,4.0,3.0,3.0,1.0,1.0,4.0,4.0,2.0,3.0,1.0,1.0,4.0,8.0,4.0,2.0,2.0,1.0,2.0,1.0,,6.0,,3.0,1.0,2.0,5.0,2.0,1.00476,4.0,4.0,4.0,3.0,2.0
4802.0,13.0,4.0,1.0,40.0,3.0,4.0,4.0,5.0,4.0,3.0,3.0,4.0,4.0,4.0,1.0,1.0,2.0,3.0,4.0,5.0,,7.0,,,,,,,,,,,2.0,1.0,1.0,2.0,3.0,,5.0,,,2.0,4.0,4.0,3.0,4.0,4.0,4.0,3.0,5.0,4.0,4.0,3.0,5.0,5.0,3.0,5.0,4.0,4.0,3.0,3.0,3.0,4.0,4.0,4.0,4.0,3.0,3.0,4.0,3.0,3.0,4.0,3.0,4.0,3.0,3.0,4.0,5.0,4.0,3.0,3.0,3.0,4.0,3.0,3.0,4.0,3.0,4.0,4.0,3.0,3.0,4.0,4.0,5.0,5.0,4.0,3.0,3.0,3.0,4.0,3.0,3.0,4.0,3.0,3.0,3.0,4.0,3.0,3.0,4.0,4.0,3.0,3.0,4.0,3.0,2.0,3.0,4.0,8.0,3.0,4.0,4.0,1.0,4.0,4.0,3.0,,4.0,3.0,3.0,1.0,4.0,4.0,3.0,3.0,4.0,5.0,5.0,4.0,1.0,1.0,2.0,1.0,2.0,4.0,3.0,3.0,3.0,3.0,3.0,3.0,1.0,1.0,2.0,1.0,1.0,2.0,2.0,1.0,4.0,8.0,6.0,1.0,1.0,2.0,1.0,2.0,2.0,4.0,,3.0,2.0,2.0,3.0,2.0,0.826158,4.0,3.0,4.0,4.0,1.0
4846.0,9.0,2.0,2.0,47.0,3.0,5.0,5.0,3.0,1.0,4.0,4.0,4.0,4.0,3.0,2.0,,,,,,,,,,,,,,,,,,2.0,1.0,1.0,,,,5.0,,,2.0,4.0,3.0,3.0,3.0,3.0,5.0,3.0,4.0,3.0,3.0,3.0,5.0,4.0,4.0,5.0,3.0,3.0,3.0,3.0,3.0,3.0,3.0,5.0,3.0,3.0,3.0,3.0,4.0,3.0,3.0,2.0,2.0,3.0,3.0,2.0,4.0,3.0,4.0,4.0,3.0,4.0,3.0,5.0,3.0,4.0,4.0,4.0,5.0,3.0,3.0,2.0,4.0,5.0,5.0,4.0,3.0,2.0,4.0,2.0,2.0,4.0,4.0,3.0,4.0,4.0,2.0,2.0,3.0,2.0,4.0,2.0,4.0,4.0,5.0,4.0,4.0,3.0,4.0,1.0,5.0,1.0,4.0,4.0,2.0,,3.0,3.0,2.0,1.0,4.0,1.0,2.0,4.0,4.0,3.0,5.0,4.0,2.0,2.0,2.0,2.0,2.0,2.0,4.0,3.0,3.0,1.0,3.0,3.0,1.0,1.0,1.0,1.0,2.0,4.0,2.0,3.0,4.0,6.0,6.0,1.0,1.0,1.0,1.0,2.0,1.0,4.0,,3.0,2.0,1.0,3.0,2.0,0.965456,3.6666666666666665,4.0,4.0,4.0,1.0
4952.0,9.0,2.0,1.0,32.0,2.0,4.0,3.0,3.0,4.0,4.0,2.0,2.0,2.0,3.0,2.0,,,,,,,,,,,,,,,,,,2.0,1.0,1.0,,3.0,,5.0,,,3.0,3.0,2.0,2.0,3.0,3.0,3.0,3.0,3.0,2.0,3.0,2.0,2.0,3.0,3.0,4.0,1.0,1.0,1.0,1.0,3.0,3.0,2.0,5.0,3.0,2.0,2.0,1.0,4.0,1.0,1.0,1.0,1.0,1.0,1.0,1.0,1.0,1.0,1.0,1.0,1.0,1.0,1.0,1.0,1.0,1.0,3.0,3.0,3.0,2.0,3.0,3.0,3.0,4.0,4.0,2.0,2.0,1.0,4.0,2.0,1.0,5.0,5.0,4.0,5.0,3.0,3.0,4.0,2.0,3.0,3.0,2.0,3.0,2.0,3.0,3.0,2.0,2.0,5.0,2.0,5.0,1.0,5.0,5.0,2.0,,1.0,1.0,1.0,2.0,1.0,1.0,1.0,4.0,3.0,1.0,2.0,1.0,1.0,2.0,2.0,1.0,2.0,1.0,1.0,1.0,1.0,1.0,1.0,1.0,1.0,1.0,1.0,1.0,1.0,1.0,1.0,1.0,1.0,11.0,11.0,1.0,1.0,1.0,1.0,1.0,,4.0,,2.0,1.0,2.0,3.0,1.0,0.921551,2.3333333333333335,3.0,5.0,1.0,2.0
4992.0,15.0,5.0,1.0,43.0,3.0,3.0,5.0,3.0,2.0,3.0,4.0,2.0,4.0,3.0,2.0,,,,,,,,,,,,,,,,,,2.0,1.0,1.0,,,,,,,2.0,4.0,4.0,2.0,4.0,2.0,2.0,2.0,3.0,2.0,4.0,2.0,4.0,3.0,2.0,2.0,4.0,3.0,4.0,3.0,4.0,3.0,3.0,4.0,3.0,3.0,4.0,4.0,3.0,4.0,3.0,2.0,3.0,2.0,3.0,3.0,2.0,3.0,2.0,3.0,2.0,3.0,2.0,3.0,2.0,3.0,3.0,3.0,2.0,4.0,3.0,2.0,3.0,3.0,2.0,2.0,3.0,3.0,3.0,2.0,2.0,3.0,3.0,3.0,2.0,4.0,2.0,3.0,2.0,3.0,2.0,3.0,2.0,3.0,3.0,2.0,3.0,9.0,2.0,3.0,4.0,1.0,5.0,4.0,3.0,,2.0,4.0,5.0,2.0,2.0,1.0,1.0,1.0,1.0,1.0,1.0,2.0,2.0,2.0,2.0,2.0,2.0,3.0,4.0,3.0,3.0,3.0,4.0,3.0,3.0,3.0,3.0,2.0,2.0,2.0,2.0,2.0,3.0,3.0,9.0,2.0,2.0,2.0,2.0,2.0,1.0,4.0,,4.0,2.0,1.0,3.0,3.0,0.956937,3.0,3.5,4.5,2.0,2.0
4999.0,1.0,1.0,1.0,43.0,3.0,4.0,4.0,4.0,5.0,4.0,5.0,4.0,4.0,4.0,2.0,,,,,,,,,,,,,,,,,,2.0,2.0,,,,,,,,4.0,3.0,5.0,4.0,4.0,3.0,3.0,3.0,3.0,4.0,3.0,4.0,3.0,4.0,4.0,5.0,5.0,4.0,4.0,4.0,5.0,5.0,3.0,4.0,5.0,5.0,5.0,4.0,4.0,3.0,5.0,4.0,4.0,5.0,4.0,5.0,5.0,4.0,4.0,5.0,5.0,4.0,4.0,5.0,3.0,4.0,5.0,5.0,4.0,4.0,5.0,5.0,5.0,4.0,4.0,5.0,5.0,5.0,4.0,4.0,4.0,4.0,5.0,4.0,4.0,5.0,5.0,4.0,4.0,5.0,5.0,5.0,4.0,4.0,5.0,5.0,4.0,10.0,3.0,4.0,3.0,1.0,4.0,4.0,4.0,,4.0,3.0,4.0,1.0,4.0,3.0,5.0,4.0,4.0,5.0,4.0,4.0,2.0,2.0,2.0,1.0,1.0,4.0,5.0,4.0,4.0,5.0,5.0,4.0,3.0,3.0,4.0,4.0,4.0,5.0,5.0,2.0,4.0,7.0,5.0,1.0,2.0,2.0,1.0,1.0,,4.0,,3.0,1.0,2.0,3.0,2.0,1.074504,4.0,4.5,4.0,4.0,1.0
5035.0,11.0,3.0,1.0,46.0,3.0,4.0,4.0,4.0,4.0,4.0,4.0,3.0,3.0,3.0,2.0,,,,,,,,,,,,,,,,,,2.0,1.0,,,,4.0,,,,3.0,3.0,3.0,3.0,3.0,3.0,4.0,3.0,4.0,3.0,3.0,3.0,4.0,4.0,3.0,4.0,4.0,4.0,4.0,4.0,4.0,4.0,4.0,4.0,4.0,4.0,4.0,4.0,4.0,4.0,4.0,4.0,4.0,4.0,4.0,4.0,4.0,4.0,4.0,4.0,4.0,4.0,4.0,4.0,4.0,4.0,4.0,4.0,4.0,4.0,4.0,4.0,4.0,4.0,4.0,4.0,4.0,4.0,4.0,4.0,4.0,3.0,3.0,3.0,4.0,3.0,2.0,3.0,2.0,4.0,3.0,3.0,4.0,4.0,4.0,4.0,3.0,9.0,5.0,3.0,3.0,1.0,3.0,3.0,5.0,,3.0,2.0,3.0,1.0,3.0,1.0,3.0,3.0,3.0,3.0,4.0,3.0,1.0,2.0,2.0,1.0,1.0,2.0,4.0,3.0,3.0,3.0,3.0,2.0,2.0,2.0,3.0,3.0,3.0,3.0,3.0,2.0,3.0,8.0,3.0,1.0,2.0,1.0,2.0,2.0,1.0,4.0,,3.0,2.0,1.0,3.0,2.0,0.776027,3.0,4.0,3.0,3.0,1.0
5079.0,6.0,3.0,2.0,29.0,1.0,3.0,4.0,4.0,4.0,4.0,4.0,3.0,4.0,4.0,2.0,,,,,,,,,,,,,,,,,,2.0,1.0,,,,,5.0,,,4.0,5.0,1.0,4.0,4.0,3.0,4.0,5.0,4.0,3.0,2.0,3.0,4.0,3.0,3.0,4.0,4.0,3.0,4.0,4.0,4.0,5.0,5.0,5.0,5.0,5.0,4.0,4.0,2.0,5.0,4.0,4.0,3.0,5.0,1.0,5.0,4.0,3.0,4.0,5.0,5.0,4.0,4.0,4.0,5.0,1.0,5.0,4.0,5.0,4.0,5.0,3.0,4.0,4.0,4.0,1.0,4.0,4.0,5.0,4.0,3.0,5.0,2.0,4.0,3.0,3.0,4.0,3.0,3.0,4.0,3.0,3.0,4.0,4.0,4.0,3.0,5.0,5.0,4.0,2.0,5.0,2.0,4.0,5.0,4.0,,4.0,4.0,4.0,2.0,5.0,5.0,3.0,4.0,1.0,5.0,5.0,5.0,2.0,2.0,2.0,2.0,2.0,4.0,4.0,5.0,4.0,3.0,4.0,4.0,5.0,4.0,4.0,5.0,4.0,5.0,5.0,4.0,5.0,10.0,10.0,2.0,2.0,2.0,2.0,1.0,,3.0,,4.0,1.0,2.0,2.0,3.0,0.987061,3.6666666666666665,4.0,4.5,5.0,2.0
5080.0,9.0,2.0,1.0,21.0,1.0,5.0,5.0,4.0,2.0,5.0,5.0,5.0,5.0,5.0,2.0,,,,,,,,,,,,,,,,,,1.0,2.0,,,,,,,,4.0,3.0,4.0,2.0,4.0,4.0,5.0,1.0,4.0,5.0,1.0,2.0,4.0,5.0,5.0,5.0,3.0,4.0,4.0,4.0,5.0,5.0,4.0,5.0,4.0,1.0,4.0,5.0,5.0,5.0,3.0,1.0,1.0,1.0,2.0,4.0,2.0,4.0,3.0,1.0,1.0,3.0,3.0,4.0,4.0,1.0,3.0,5.0,5.0,5.0,5.0,5.0,5.0,5.0,5.0,5.0,5.0,5.0,5.0,5.0,3.0,2.0,3.0,4.0,5.0,1.0,1.0,1.0,4.0,4.0,4.0,3.0,5.0,3.0,2.0,1.0,2.0,9.0,4.0,2.0,3.0,1.0,3.0,2.0,2.0,,4.0,4.0,4.0,1.0,4.0,1.0,4.0,5.0,4.0,5.0,5.0,4.0,1.0,2.0,2.0,1.0,2.0,5.0,5.0,5.0,5.0,5.0,4.0,4.0,2.0,2.0,1.0,2.0,5.0,4.0,1.0,1.0,4.0,11.0,3.0,1.0,2.0,2.0,2.0,1.0,,6.0,,3.0,1.0,2.0,5.0,2.0,1.051424,5.0,5.0,2.5,4.0,1.0
5106.0,5.0,4.0,1.0,40.0,3.0,4.0,5.0,4.0,3.0,4.0,4.0,4.0,4.0,4.0,2.0,,,,,,,,,,,,,,,,,,2.0,2.0,,,,,,,,3.0,2.0,3.0,2.0,2.0,2.0,3.0,2.0,2.0,3.0,2.0,2.0,5.0,4.0,4.0,4.0,3.0,3.0,3.0,4.0,3.0,4.0,3.0,4.0,4.0,3.0,3.0,4.0,4.0,4.0,4.0,3.0,4.0,4.0,3.0,3.0,4.0,4.0,4.0,4.0,4.0,4.0,4.0,4.0,4.0,4.0,3.0,4.0,4.0,3.0,4.0,5.0,3.0,5.0,5.0,5.0,4.0,3.0,5.0,5.0,3.0,4.0,2.0,3.0,5.0,4.0,1.0,3.0,4.0,4.0,3.0,2.0,3.0,5.0,4.0,4.0,4.0,11.0,2.0,4.0,4.0,2.0,4.0,4.0,5.0,,3.0,3.0,3.0,2.0,3.0,1.0,2.0,4.0,2.0,2.0,4.0,2.0,1.0,2.0,2.0,2.0,2.0,4.0,4.0,4.0,4.0,2.0,4.0,2.0,2.0,1.0,1.0,4.0,1.0,4.0,1.0,1.0,4.0,6.0,3.0,1.0,2.0,2.0,2.0,2.0,1.0,4.0,,4.0,2.0,1.0,3.0,3.0,0.826158,4.0,4.0,4.0,3.0,2.0
5115.0,6.0,3.0,1.0,33.0,2.0,5.0,5.0,5.0,5.0,5.0,5.0,5.0,5.0,4.0,1.0,1.0,2.0,3.0,4.0,5.0,,,,,,,,,,,,,2.0,2.0,,,,,,,,4.0,4.0,4.0,4.0,4.0,4.0,4.0,3.0,4.0,3.0,3.0,4.0,5.0,4.0,4.0,4.0,4.0,5.0,4.0,5.0,5.0,4.0,5.0,4.0,4.0,4.0,4.0,4.0,4.0,4.0,4.0,4.0,5.0,4.0,5.0,5.0,4.0,4.0,4.0,4.0,4.0,5.0,4.0,4.0,5.0,4.0,5.0,5.0,4.0,5.0,5.0,4.0,5.0,4.0,5.0,4.0,5.0,4.0,4.0,4.0,4.0,4.0,4.0,4.0,5.0,3.0,2.0,4.0,2.0,4.0,3.0,3.0,3.0,5.0,4.0,4.0,4.0,10.0,3.0,4.0,4.0,1.0,5.0,5.0,4.0,,4.0,4.0,2.0,1.0,4.0,4.0,4.0,5.0,4.0,3.0,5.0,4.0,1.0,2.0,2.0,1.0,1.0,4.0,4.0,4.0,4.0,4.0,3.0,4.0,2.0,3.0,4.0,3.0,4.0,4.0,4.0,4.0,4.0,10.0,2.0,1.0,2.0,1.0,2.0,3.0,1.0,3.0,,4.0,3.0,1.0,2.0,3.0,0.865768,4.666666666666667,5.0,5.0,4.0,1.0
5119.0,13.0,4.0,2.0,42.0,3.0,4.0,4.0,4.0,4.0,3.0,3.0,3.0,3.0,3.0,2.0,,,,,,,,,,,,,,,,,,2.0,2.0,,,,,,,,3.0,3.0,3.0,3.0,3.0,3.0,4.0,2.0,4.0,3.0,3.0,1.0,5.0,4.0,2.0,5.0,4.0,4.0,3.0,3.0,3.0,3.0,3.0,4.0,3.0,4.0,3.0,4.0,4.0,3.0,5.0,3.0,2.0,3.0,3.0,3.0,3.0,3.0,4.0,3.0,4.0,2.0,4.0,4.0,2.0,4.0,4.0,3.0,3.0,3.0,2.0,1.0,1.0,5.0,3.0,5.0,2.0,3.0,2.0,3.0,5.0,3.0,3.0,2.0,3.0,3.0,1.0,2.0,1.0,2.0,3.0,3.0,3.0,3.0,3.0,3.0,3.0,6.0,4.0,4.0,3.0,1.0,3.0,3.0,5.0,,3.0,3.0,3.0,2.0,2.0,2.0,3.0,2.0,3.0,3.0,2.0,2.0,2.0,2.0,2.0,2.0,2.0,3.0,4.0,4.0,4.0,4.0,4.0,3.0,5.0,5.0,4.0,4.0,4.0,4.0,4.0,4.0,4.0,6.0,5.0,2.0,2.0,2.0,2.0,3.0,1.0,7.0,,5.0,3.0,1.0,6.0,3.0,0.826771,3.0,3.0,3.0,2.0,2.0
5121.0,9.0,2.0,1.0,32.0,2.0,5.0,5.0,4.0,2.0,4.0,4.0,3.0,4.0,1.0,2.0,,,,,,,,,,,,,,,,,,2.0,2.0,,,,,,,,2.0,3.0,3.0,4.0,3.0,3.0,4.0,2.0,4.0,4.0,3.0,3.0,4.0,4.0,4.0,4.0,1.0,1.0,1.0,1.0,1.0,1.0,1.0,1.0,4.0,1.0,4.0,4.0,4.0,4.0,1.0,1.0,1.0,1.0,1.0,1.0,1.0,1.0,1.0,1.0,1.0,1.0,1.0,1.0,1.0,1.0,3.0,3.0,3.0,1.0,3.0,1.0,3.0,3.0,3.0,3.0,3.0,3.0,4.0,4.0,1.0,4.0,4.0,4.0,5.0,4.0,2.0,2.0,1.0,5.0,5.0,3.0,4.0,5.0,4.0,4.0,4.0,8.0,5.0,5.0,4.0,1.0,4.0,4.0,2.0,,4.0,2.0,4.0,2.0,3.0,1.0,2.0,5.0,2.0,4.0,5.0,3.0,1.0,2.0,2.0,1.0,1.0,4.0,4.0,3.0,4.0,2.0,4.0,1.0,1.0,1.0,1.0,3.0,1.0,4.0,2.0,1.0,2.0,11.0,3.0,1.0,2.0,1.0,1.0,1.0,,4.0,,4.0,1.0,2.0,3.0,3.0,0.921551,2.6666666666666665,4.0,4.0,3.0,2.0
5175.0,4.0,2.0,1.0,37.0,2.0,4.0,4.0,4.0,4.0,3.0,3.0,4.0,3.0,4.0,2.0,,,,,,,,,,,,,,,,,,2.0,1.0,,,3.0,4.0,,,,3.0,3.0,3.0,2.0,3.0,3.0,4.0,2.0,3.0,3.0,3.0,2.0,4.0,3.0,3.0,4.0,4.0,4.0,4.0,4.0,4.0,2.0,4.0,4.0,4.0,4.0,4.0,2.0,4.0,4.0,4.0,3.0,4.0,5.0,3.0,5.0,2.0,5.0,5.0,5.0,5.0,4.0,3.0,3.0,3.0,3.0,5.0,3.0,5.0,4.0,4.0,4.0,5.0,5.0,5.0,4.0,3.0,3.0,3.0,3.0,4.0,3.0,2.0,2.0,3.0,4.0,3.0,4.0,4.0,2.0,3.0,3.0,4.0,4.0,3.0,2.0,4.0,4.0,4.0,2.0,3.0,1.0,5.0,4.0,2.0,,3.0,4.0,4.0,2.0,2.0,1.0,1.0,2.0,1.0,2.0,2.0,2.0,2.0,2.0,2.0,2.0,2.0,3.0,3.0,4.0,4.0,4.0,2.0,2.0,1.0,1.0,3.0,2.0,3.0,4.0,2.0,2.0,4.0,8.0,7.0,2.0,2.0,2.0,2.0,1.0,,4.0,,4.0,1.0,2.0,3.0,3.0,0.921551,3.6666666666666665,3.0,4.5,2.0,2.0
5187.0,1.0,1.0,2.0,31.0,2.0,5.0,5.0,4.0,2.0,5.0,5.0,4.0,4.0,4.0,1.0,1.0,2.0,3.0,4.0,5.0,6.0,7.0,,,,,12.0,13.0,14.0,,,,2.0,1.0,,,3.0,,5.0,,,4.0,4.0,3.0,3.0,3.0,2.0,4.0,2.0,4.0,3.0,2.0,2.0,5.0,4.0,4.0,5.0,1.0,1.0,1.0,4.0,2.0,2.0,1.0,4.0,4.0,4.0,2.0,2.0,5.0,4.0,4.0,1.0,1.0,1.0,1.0,1.0,1.0,1.0,1.0,1.0,1.0,1.0,1.0,4.0,1.0,1.0,4.0,4.0,4.0,4.0,3.0,4.0,3.0,5.0,5.0,4.0,3.0,3.0,5.0,5.0,3.0,5.0,5.0,5.0,4.0,4.0,1.0,2.0,2.0,4.0,4.0,2.0,4.0,5.0,4.0,4.0,4.0,10.0,4.0,2.0,5.0,1.0,4.0,4.0,2.0,,4.0,4.0,2.0,1.0,4.0,1.0,3.0,4.0,2.0,3.0,4.0,4.0,2.0,2.0,2.0,1.0,2.0,5.0,5.0,5.0,5.0,4.0,4.0,4.0,1.0,1.0,1.0,4.0,4.0,4.0,2.0,1.0,5.0,4.0,2.0,2.0,2.0,2.0,2.0,2.0,2.0,4.0,,3.0,2.0,2.0,3.0,2.0,1.036816,4.0,5.0,4.0,4.0,1.0
5190.0,6.0,3.0,2.0,53.0,4.0,5.0,5.0,3.0,3.0,3.0,3.0,3.0,3.0,3.0,2.0,,,,,,,,,,,,,,,,,,2.0,2.0,,,,,,,,4.0,4.0,3.0,3.0,3.0,3.0,3.0,3.0,4.0,3.0,3.0,3.0,3.0,3.0,3.0,5.0,2.0,2.0,2.0,2.0,2.0,2.0,1.0,4.0,2.0,2.0,2.0,2.0,4.0,2.0,2.0,2.0,2.0,2.0,2.0,2.0,2.0,2.0,2.0,2.0,2.0,2.0,2.0,4.0,4.0,2.0,2.0,2.0,2.0,2.0,2.0,2.0,2.0,2.0,2.0,2.0,2.0,2.0,4.0,3.0,2.0,4.0,3.0,4.0,4.0,3.0,3.0,3.0,3.0,3.0,3.0,3.0,4.0,4.0,3.0,3.0,3.0,6.0,4.0,4.0,4.0,1.0,4.0,4.0,1.0,,3.0,3.0,4.0,2.0,4.0,4.0,4.0,4.0,3.0,3.0,3.0,3.0,2.0,2.0,2.0,2.0,2.0,2.0,4.0,2.0,2.0,2.0,2.0,2.0,1.0,1.0,1.0,1.0,1.0,2.0,1.0,3.0,4.0,8.0,7.0,2.0,2.0,2.0,2.0,2.0,1.0,5.0,,3.0,2.0,1.0,4.0,2.0,0.976223,3.0,3.0,4.0,4.0,2.0
5208.0,13.0,4.0,2.0,32.0,2.0,4.0,4.0,4.0,3.0,4.0,3.0,3.0,4.0,3.0,1.0,1.0,,3.0,,,,,,,,,,,,,,,1.0,1.0,,,,,5.0,,,3.0,3.0,3.0,4.0,3.0,3.0,4.0,3.0,3.0,3.0,3.0,3.0,3.0,4.0,3.0,4.0,3.0,3.0,4.0,3.0,3.0,3.0,3.0,4.0,3.0,3.0,3.0,3.0,4.0,4.0,3.0,3.0,3.0,4.0,3.0,3.0,3.0,3.0,4.0,3.0,3.0,3.0,3.0,4.0,4.0,3.0,3.0,3.0,4.0,3.0,3.0,3.0,3.0,4.0,3.0,3.0,3.0,3.0,4.0,4.0,3.0,4.0,4.0,4.0,4.0,3.0,2.0,2.0,2.0,3.0,3.0,2.0,4.0,4.0,2.0,2.0,3.0,9.0,4.0,3.0,4.0,1.0,4.0,4.0,1.0,,3.0,3.0,4.0,2.0,3.0,2.0,3.0,4.0,3.0,3.0,4.0,3.0,1.0,1.0,1.0,1.0,1.0,4.0,3.0,3.0,3.0,3.0,3.0,3.0,2.0,2.0,2.0,2.0,2.0,3.0,2.0,2.0,3.0,8.0,4.0,1.0,1.0,1.0,1.0,1.0,,4.0,,4.0,1.0,2.0,3.0,3.0,0.880586,3.3333333333333335,3.5,4.0,3.0,2.0
5214.0,1.0,1.0,2.0,44.0,3.0,4.0,4.0,4.0,3.0,5.0,4.0,4.0,4.0,4.0,2.0,,,,,,,,,,,,,,,,,,2.0,1.0,1.0,,,,5.0,,,2.0,4.0,4.0,3.0,3.0,3.0,4.0,3.0,4.0,4.0,2.0,4.0,5.0,3.0,3.0,5.0,4.0,4.0,4.0,4.0,4.0,4.0,3.0,4.0,4.0,4.0,4.0,4.0,5.0,3.0,4.0,4.0,4.0,4.0,4.0,4.0,4.0,4.0,4.0,4.0,4.0,4.0,4.0,5.0,3.0,4.0,5.0,5.0,5.0,5.0,5.0,5.0,4.0,5.0,5.0,5.0,5.0,5.0,5.0,4.0,5.0,4.0,4.0,4.0,5.0,3.0,3.0,3.0,3.0,3.0,4.0,3.0,3.0,4.0,3.0,3.0,3.0,10.0,4.0,2.0,4.0,1.0,3.0,3.0,2.0,,4.0,4.0,4.0,1.0,4.0,1.0,2.0,5.0,3.0,3.0,4.0,4.0,2.0,1.0,1.0,1.0,1.0,4.0,4.0,4.0,4.0,4.0,4.0,3.0,3.0,3.0,3.0,3.0,3.0,4.0,3.0,2.0,4.0,3.0,3.0,1.0,2.0,1.0,1.0,1.0,,4.0,,3.0,1.0,2.0,3.0,2.0,1.098998,4.0,4.5,3.0,4.0,1.0
5248.0,12.0,3.0,2.0,49.0,3.0,5.0,4.0,5.0,4.0,5.0,5.0,5.0,5.0,3.0,1.0,1.0,,,4.0,,,,,,,,,,,,,,1.0,1.0,,2.0,,,,,,5.0,4.0,5.0,4.0,5.0,4.0,4.0,4.0,3.0,4.0,4.0,4.0,5.0,5.0,5.0,4.0,2.0,3.0,3.0,3.0,3.0,4.0,3.0,3.0,4.0,4.0,4.0,3.0,3.0,2.0,3.0,4.0,4.0,4.0,4.0,4.0,4.0,3.0,4.0,3.0,3.0,4.0,3.0,4.0,3.0,4.0,5.0,5.0,4.0,5.0,4.0,4.0,5.0,5.0,4.0,4.0,4.0,5.0,4.0,4.0,4.0,4.0,3.0,4.0,4.0,4.0,4.0,5.0,4.0,4.0,4.0,3.0,4.0,4.0,4.0,4.0,5.0,11.0,4.0,5.0,5.0,1.0,5.0,5.0,5.0,,4.0,4.0,4.0,1.0,3.0,1.0,2.0,3.0,2.0,2.0,4.0,4.0,1.0,1.0,1.0,1.0,1.0,4.0,4.0,4.0,4.0,3.0,4.0,3.0,3.0,4.0,4.0,3.0,3.0,4.0,4.0,4.0,5.0,10.0,11.0,1.0,1.0,1.0,2.0,2.0,1.0,5.0,,4.0,2.0,1.0,4.0,3.0,0.951541,4.333333333333333,5.0,5.0,3.0,1.0
5252.0,9.0,2.0,1.0,43.0,3.0,4.0,5.0,5.0,5.0,4.0,4.0,4.0,4.0,4.0,1.0,,,3.0,4.0,,,,,,,,,,,,,,2.0,1.0,1.0,,,,5.0,,,2.0,4.0,3.0,4.0,3.0,3.0,4.0,3.0,4.0,4.0,4.0,3.0,4.0,4.0,4.0,5.0,3.0,3.0,4.0,3.0,4.0,4.0,3.0,4.0,3.0,4.0,4.0,3.0,4.0,4.0,4.0,4.0,3.0,4.0,3.0,4.0,4.0,3.0,4.0,4.0,4.0,3.0,4.0,3.0,4.0,4.0,4.0,4.0,3.0,4.0,4.0,4.0,3.0,4.0,3.0,4.0,4.0,4.0,3.0,4.0,4.0,4.0,3.0,4.0,4.0,3.0,4.0,4.0,4.0,4.0,3.0,4.0,4.0,3.0,4.0,4.0,3.0,4.0,2.0,4.0,4.0,1.0,4.0,4.0,2.0,,4.0,3.0,4.0,2.0,2.0,2.0,2.0,3.0,1.0,1.0,1.0,1.0,2.0,2.0,2.0,2.0,2.0,3.0,3.0,2.0,2.0,1.0,2.0,2.0,1.0,1.0,1.0,1.0,1.0,1.0,1.0,1.0,2.0,4.0,4.0,2.0,2.0,2.0,2.0,1.0,,2.0,,3.0,1.0,2.0,1.0,2.0,1.065336,4.0,4.0,4.0,2.0,2.0
5253.0,15.0,5.0,2.0,41.0,3.0,5.0,5.0,3.0,5.0,5.0,5.0,4.0,3.0,3.0,1.0,,2.0,,,,,,,,,,,13.0,,,,,2.0,2.0,,,,,,,,2.0,4.0,4.0,4.0,3.0,3.0,3.0,3.0,4.0,4.0,4.0,3.0,4.0,3.0,4.0,4.0,4.0,4.0,4.0,4.0,4.0,4.0,4.0,4.0,4.0,4.0,4.0,4.0,4.0,4.0,4.0,3.0,3.0,5.0,4.0,4.0,3.0,3.0,4.0,3.0,3.0,3.0,3.0,4.0,3.0,3.0,4.0,3.0,4.0,4.0,4.0,3.0,3.0,4.0,3.0,3.0,3.0,3.0,4.0,3.0,3.0,2.0,4.0,2.0,2.0,3.0,3.0,3.0,4.0,3.0,2.0,4.0,3.0,4.0,4.0,4.0,4.0,1.0,3.0,2.0,2.0,1.0,2.0,3.0,3.0,,3.0,3.0,3.0,1.0,3.0,2.0,3.0,4.0,4.0,3.0,4.0,3.0,2.0,2.0,2.0,2.0,2.0,2.0,4.0,2.0,2.0,2.0,4.0,3.0,2.0,2.0,2.0,2.0,4.0,4.0,4.0,2.0,3.0,2.0,2.0,2.0,2.0,2.0,2.0,2.0,2.0,5.0,,5.0,2.0,2.0,4.0,3.0,0.871396,3.3333333333333335,5.0,2.5,3.0,1.0
5257.0,9.0,2.0,2.0,19.0,1.0,5.0,5.0,4.0,4.0,4.0,4.0,4.0,4.0,4.0,1.0,1.0,2.0,3.0,4.0,,,,,,,,,,,,,,2.0,1.0,,,,4.0,5.0,,,2.0,5.0,4.0,5.0,5.0,5.0,5.0,3.0,4.0,5.0,4.0,3.0,5.0,5.0,5.0,5.0,4.0,4.0,5.0,4.0,4.0,4.0,2.0,4.0,4.0,4.0,4.0,3.0,5.0,2.0,4.0,4.0,4.0,4.0,4.0,4.0,2.0,4.0,2.0,4.0,4.0,2.0,3.0,2.0,2.0,1.0,5.0,5.0,5.0,5.0,5.0,5.0,5.0,4.0,5.0,4.0,4.0,3.0,5.0,3.0,2.0,4.0,3.0,4.0,5.0,4.0,2.0,1.0,3.0,4.0,5.0,2.0,3.0,3.0,2.0,2.0,3.0,8.0,5.0,4.0,4.0,1.0,4.0,5.0,2.0,,4.0,3.0,4.0,2.0,4.0,1.0,2.0,4.0,2.0,2.0,4.0,4.0,1.0,2.0,2.0,1.0,1.0,5.0,1.0,4.0,4.0,4.0,4.0,1.0,1.0,1.0,5.0,4.0,5.0,5.0,4.0,1.0,4.0,9.0,3.0,1.0,1.0,1.0,2.0,1.0,,6.0,,3.0,1.0,2.0,5.0,2.0,1.026542,4.0,4.0,4.5,4.0,2.0
5270.0,9.0,2.0,1.0,55.0,4.0,4.0,5.0,3.0,3.0,3.0,3.0,3.0,3.0,2.0,2.0,,,,,,,,,,,,,,,,,,2.0,2.0,,,,,,,,3.0,4.0,3.0,2.0,3.0,2.0,4.0,2.0,3.0,3.0,2.0,2.0,3.0,4.0,4.0,4.0,3.0,3.0,3.0,3.0,2.0,2.0,1.0,3.0,3.0,2.0,2.0,2.0,3.0,3.0,3.0,2.0,2.0,2.0,2.0,2.0,2.0,2.0,2.0,2.0,2.0,2.0,2.0,3.0,2.0,3.0,3.0,3.0,3.0,2.0,3.0,2.0,2.0,2.0,3.0,3.0,2.0,3.0,3.0,2.0,3.0,4.0,4.0,4.0,3.0,3.0,2.0,4.0,3.0,3.0,3.0,3.0,3.0,4.0,3.0,3.0,3.0,6.0,4.0,2.0,3.0,1.0,3.0,3.0,3.0,,3.0,3.0,3.0,2.0,3.0,1.0,2.0,3.0,2.0,3.0,3.0,3.0,1.0,2.0,2.0,1.0,2.0,4.0,3.0,3.0,3.0,3.0,3.0,3.0,1.0,2.0,2.0,1.0,2.0,2.0,1.0,2.0,2.0,6.0,6.0,1.0,2.0,2.0,2.0,3.0,2.0,4.0,,4.0,3.0,2.0,3.0,3.0,1.048518,2.6666666666666665,3.0,3.0,3.0,2.0
5286.0,9.0,2.0,1.0,54.0,4.0,4.0,5.0,5.0,4.0,4.0,4.0,4.0,4.0,5.0,1.0,1.0,2.0,3.0,,,6.0,,,,,,,,,,,,1.0,1.0,,,,,5.0,,,3.0,4.0,4.0,4.0,4.0,3.0,3.0,2.0,4.0,4.0,2.0,3.0,4.0,4.0,4.0,5.0,4.0,5.0,4.0,4.0,4.0,4.0,3.0,4.0,4.0,3.0,4.0,5.0,5.0,4.0,5.0,5.0,4.0,4.0,5.0,4.0,4.0,3.0,4.0,4.0,3.0,4.0,4.0,5.0,4.0,4.0,4.0,5.0,4.0,5.0,5.0,4.0,3.0,4.0,4.0,5.0,4.0,5.0,4.0,5.0,5.0,4.0,3.0,3.0,3.0,4.0,3.0,4.0,3.0,4.0,4.0,4.0,5.0,4.0,3.0,2.0,4.0,9.0,4.0,4.0,4.0,1.0,4.0,4.0,4.0,,3.0,3.0,4.0,2.0,3.0,1.0,2.0,3.0,2.0,1.0,4.0,2.0,1.0,2.0,2.0,1.0,1.0,4.0,4.0,5.0,4.0,3.0,4.0,3.0,1.0,2.0,3.0,3.0,3.0,2.0,2.0,1.0,4.0,3.0,4.0,1.0,1.0,1.0,1.0,2.0,1.0,4.0,,3.0,2.0,1.0,3.0,2.0,1.048518,4.333333333333333,4.0,4.0,3.0,2.0
5300.0,14.0,4.0,2.0,42.0,3.0,4.0,3.0,3.0,3.0,3.0,3.0,3.0,2.0,2.0,2.0,,,,,,,,,,,,,,,,,,2.0,2.0,,,,,,,,2.0,3.0,4.0,4.0,4.0,2.0,4.0,3.0,5.0,3.0,3.0,2.0,4.0,4.0,3.0,4.0,2.0,3.0,2.0,2.0,2.0,2.0,2.0,2.0,2.0,2.0,1.0,3.0,5.0,2.0,4.0,3.0,3.0,3.0,3.0,1.0,1.0,1.0,1.0,1.0,2.0,1.0,2.0,4.0,2.0,3.0,4.0,4.0,4.0,3.0,2.0,2.0,2.0,3.0,2.0,2.0,2.0,2.0,5.0,3.0,3.0,4.0,2.0,2.0,3.0,2.0,2.0,4.0,4.0,3.0,2.0,2.0,2.0,3.0,5.0,4.0,4.0,2.0,3.0,3.0,2.0,1.0,3.0,3.0,5.0,,2.0,3.0,3.0,2.0,3.0,1.0,2.0,3.0,3.0,3.0,4.0,3.0,2.0,2.0,2.0,2.0,2.0,1.0,2.0,1.0,1.0,1.0,1.0,1.0,1.0,1.0,2.0,2.0,2.0,1.0,1.0,1.0,1.0,8.0,8.0,2.0,2.0,2.0,2.0,2.0,1.0,4.0,,4.0,2.0,1.0,3.0,3.0,0.826771,2.3333333333333335,3.0,3.0,3.0,2.0
5316.0,1.0,1.0,2.0,28.0,1.0,5.0,5.0,3.0,2.0,4.0,4.0,3.0,4.0,4.0,1.0,1.0,,3.0,4.0,5.0,,7.0,,,,11.0,,13.0,,,,,2.0,1.0,1.0,,3.0,,5.0,,,2.0,3.0,2.0,2.0,3.0,2.0,2.0,2.0,3.0,2.0,2.0,1.0,5.0,4.0,4.0,5.0,4.0,4.0,5.0,2.0,4.0,2.0,2.0,3.0,4.0,3.0,2.0,3.0,5.0,5.0,3.0,3.0,4.0,5.0,2.0,4.0,2.0,4.0,4.0,4.0,4.0,3.0,2.0,5.0,5.0,2.0,4.0,4.0,5.0,4.0,5.0,3.0,4.0,4.0,4.0,4.0,4.0,4.0,5.0,5.0,3.0,3.0,4.0,4.0,5.0,4.0,3.0,4.0,4.0,3.0,4.0,5.0,4.0,4.0,2.0,2.0,2.0,4.0,4.0,3.0,4.0,1.0,5.0,4.0,3.0,,4.0,3.0,3.0,2.0,3.0,2.0,3.0,4.0,3.0,2.0,4.0,3.0,1.0,1.0,1.0,1.0,1.0,5.0,5.0,5.0,5.0,4.0,5.0,4.0,1.0,1.0,3.0,4.0,3.0,4.0,2.0,2.0,4.0,6.0,5.0,1.0,1.0,1.0,2.0,1.0,,4.0,,3.0,1.0,2.0,3.0,2.0,1.034762,3.6666666666666665,4.0,4.5,3.0,2.0
5334.0,12.0,3.0,1.0,41.0,3.0,5.0,5.0,5.0,5.0,4.0,5.0,5.0,5.0,5.0,2.0,,,,,,,,,,,,,,,,,,2.0,1.0,1.0,,3.0,,5.0,,,5.0,3.0,2.0,3.0,3.0,1.0,4.0,1.0,3.0,2.0,2.0,2.0,3.0,3.0,2.0,5.0,2.0,2.0,3.0,2.0,2.0,1.0,1.0,4.0,5.0,4.0,3.0,2.0,5.0,1.0,2.0,2.0,2.0,3.0,1.0,1.0,1.0,1.0,4.0,5.0,3.0,2.0,2.0,5.0,1.0,2.0,2.0,2.0,2.0,2.0,3.0,2.0,2.0,4.0,4.0,3.0,2.0,2.0,5.0,2.0,3.0,5.0,2.0,4.0,5.0,2.0,1.0,4.0,1.0,3.0,3.0,1.0,2.0,4.0,4.0,3.0,3.0,5.0,2.0,2.0,4.0,2.0,3.0,4.0,3.0,,3.0,3.0,5.0,1.0,4.0,1.0,3.0,4.0,3.0,2.0,4.0,3.0,2.0,2.0,2.0,1.0,2.0,4.0,4.0,3.0,3.0,2.0,5.0,3.0,1.0,3.0,2.0,1.0,4.0,4.0,4.0,3.0,4.0,6.0,3.0,2.0,2.0,2.0,2.0,2.0,1.0,4.0,,4.0,2.0,1.0,3.0,3.0,0.776027,5.0,4.5,3.5,4.0,1.0
5340.0,9.0,2.0,1.0,58.0,4.0,5.0,5.0,2.0,4.0,2.0,2.0,1.0,4.0,2.0,2.0,,,,,,,,,,,,,,,,,,2.0,1.0,1.0,,3.0,4.0,5.0,,,4.0,2.0,2.0,3.0,2.0,2.0,1.0,1.0,4.0,4.0,2.0,1.0,4.0,5.0,4.0,5.0,3.0,3.0,4.0,2.0,2.0,4.0,2.0,5.0,4.0,2.0,4.0,5.0,5.0,5.0,5.0,2.0,2.0,2.0,2.0,2.0,2.0,2.0,4.0,4.0,2.0,2.0,5.0,5.0,4.0,4.0,1.0,1.0,1.0,1.0,1.0,1.0,1.0,4.0,4.0,4.0,5.0,5.0,5.0,5.0,5.0,5.0,4.0,2.0,5.0,5.0,4.0,5.0,4.0,2.0,3.0,2.0,4.0,5.0,5.0,5.0,4.0,10.0,1.0,4.0,4.0,1.0,5.0,5.0,4.0,,2.0,2.0,4.0,2.0,2.0,1.0,2.0,4.0,4.0,3.0,2.0,2.0,2.0,2.0,2.0,1.0,2.0,4.0,4.0,4.0,4.0,4.0,4.0,4.0,2.0,2.0,2.0,1.0,1.0,2.0,1.0,4.0,2.0,10.0,10.0,2.0,2.0,2.0,2.0,2.0,1.0,4.0,,2.0,2.0,1.0,3.0,1.0,1.048518,2.3333333333333335,2.0,5.0,2.0,2.0
5345.0,9.0,2.0,2.0,47.0,3.0,5.0,5.0,4.0,3.0,4.0,4.0,4.0,4.0,4.0,2.0,,,,,,,,,,,,,,,,,,2.0,2.0,,,,,,,,3.0,3.0,4.0,4.0,3.0,3.0,3.0,3.0,4.0,3.0,3.0,3.0,3.0,4.0,3.0,4.0,4.0,4.0,4.0,4.0,4.0,4.0,4.0,4.0,4.0,4.0,3.0,4.0,4.0,3.0,4.0,4.0,4.0,4.0,4.0,4.0,4.0,3.0,4.0,4.0,4.0,3.0,4.0,4.0,3.0,4.0,4.0,4.0,4.0,4.0,4.0,4.0,3.0,4.0,4.0,4.0,3.0,4.0,4.0,3.0,4.0,4.0,4.0,4.0,4.0,3.0,3.0,4.0,4.0,3.0,4.0,3.0,3.0,3.0,3.0,4.0,4.0,6.0,3.0,3.0,3.0,1.0,4.0,4.0,3.0,,3.0,3.0,3.0,2.0,3.0,3.0,3.0,3.0,3.0,3.0,3.0,3.0,2.0,2.0,2.0,2.0,2.0,4.0,4.0,3.0,4.0,3.0,4.0,3.0,3.0,3.0,3.0,3.0,3.0,3.0,3.0,3.0,4.0,5.0,5.0,2.0,2.0,2.0,2.0,2.0,1.0,3.0,,5.0,2.0,1.0,2.0,3.0,0.965456,4.0,4.0,4.0,3.0,2.0
5373.0,17.0,4.0,2.0,38.0,2.0,4.0,5.0,3.0,3.0,3.0,3.0,3.0,3.0,3.0,1.0,1.0,,3.0,,5.0,,,,,,,,,,,,,2.0,1.0,1.0,,3.0,4.0,5.0,,,3.0,3.0,3.0,4.0,3.0,3.0,3.0,3.0,3.0,3.0,3.0,3.0,4.0,4.0,3.0,4.0,3.0,3.0,3.0,3.0,3.0,3.0,3.0,3.0,3.0,3.0,3.0,3.0,3.0,3.0,3.0,3.0,3.0,3.0,3.0,3.0,3.0,3.0,3.0,3.0,3.0,3.0,3.0,3.0,3.0,3.0,3.0,3.0,3.0,3.0,3.0,3.0,3.0,3.0,3.0,3.0,3.0,3.0,3.0,3.0,3.0,4.0,4.0,4.0,4.0,3.0,3.0,4.0,3.0,3.0,3.0,3.0,3.0,4.0,3.0,3.0,3.0,4.0,3.0,3.0,3.0,1.0,3.0,3.0,3.0,,3.0,3.0,3.0,2.0,3.0,2.0,3.0,3.0,2.0,3.0,3.0,3.0,1.0,1.0,1.0,1.0,1.0,3.0,3.0,3.0,3.0,3.0,3.0,1.0,1.0,1.0,2.0,2.0,2.0,3.0,2.0,2.0,3.0,10.0,10.0,1.0,1.0,1.0,1.0,1.0,,2.0,,4.0,1.0,2.0,1.0,3.0,0.880586,3.0,3.0,3.0,3.0,2.0
5377.0,2.0,6.0,2.0,50.0,4.0,5.0,5.0,5.0,5.0,5.0,5.0,4.0,4.0,4.0,2.0,,,,,,,,,,,,,,,,,,2.0,2.0,,,,,,,,2.0,4.0,4.0,5.0,4.0,3.0,5.0,4.0,5.0,4.0,3.0,4.0,5.0,5.0,4.0,5.0,5.0,5.0,5.0,5.0,4.0,5.0,4.0,5.0,5.0,5.0,4.0,5.0,5.0,5.0,5.0,2.0,2.0,2.0,2.0,2.0,2.0,2.0,2.0,2.0,2.0,2.0,1.0,3.0,1.0,1.0,5.0,5.0,5.0,4.0,5.0,3.0,5.0,5.0,5.0,5.0,5.0,4.0,5.0,4.0,3.0,3.0,4.0,5.0,4.0,3.0,2.0,2.0,3.0,3.0,4.0,3.0,4.0,4.0,3.0,3.0,4.0,9.0,3.0,3.0,4.0,1.0,4.0,4.0,4.0,,4.0,4.0,4.0,1.0,4.0,4.0,4.0,5.0,5.0,4.0,4.0,4.0,2.0,2.0,2.0,2.0,2.0,2.0,4.0,4.0,3.0,3.0,4.0,2.0,1.0,1.0,1.0,4.0,2.0,3.0,3.0,2.0,4.0,2.0,2.0,2.0,2.0,2.0,2.0,2.0,1.0,5.0,,3.0,2.0,1.0,4.0,2.0,1.142237,4.0,5.0,4.0,4.0,1.0
5424.0,16.0,6.0,1.0,39.0,2.0,5.0,4.0,5.0,3.0,4.0,5.0,4.0,4.0,5.0,2.0,,,,,,,,,,,,,,,,,,2.0,1.0,,,3.0,,,,,3.0,4.0,4.0,4.0,5.0,3.0,4.0,1.0,4.0,3.0,4.0,4.0,3.0,3.0,4.0,3.0,5.0,4.0,3.0,5.0,2.0,4.0,3.0,4.0,4.0,3.0,3.0,5.0,4.0,3.0,5.0,4.0,3.0,5.0,2.0,3.0,3.0,4.0,3.0,3.0,4.0,4.0,5.0,2.0,3.0,3.0,3.0,5.0,2.0,4.0,3.0,3.0,4.0,2.0,4.0,3.0,2.0,3.0,3.0,2.0,4.0,4.0,2.0,4.0,3.0,5.0,2.0,4.0,3.0,5.0,5.0,4.0,2.0,3.0,5.0,4.0,3.0,9.0,3.0,4.0,3.0,1.0,4.0,3.0,5.0,,2.0,3.0,3.0,2.0,3.0,3.0,3.0,4.0,2.0,3.0,4.0,3.0,2.0,2.0,1.0,2.0,1.0,3.0,4.0,2.0,3.0,5.0,4.0,3.0,3.0,4.0,2.0,3.0,4.0,3.0,3.0,3.0,3.0,9.0,6.0,2.0,2.0,1.0,1.0,2.0,1.0,3.0,,4.0,2.0,1.0,2.0,3.0,0.80892,4.333333333333333,4.5,3.5,3.0,2.0
5427.0,9.0,2.0,1.0,27.0,1.0,5.0,5.0,5.0,5.0,5.0,5.0,2.0,2.0,1.0,1.0,1.0,2.0,3.0,,5.0,,,,,,,,13.0,,,,,2.0,1.0,,,3.0,,5.0,,,2.0,4.0,5.0,5.0,5.0,4.0,5.0,5.0,5.0,5.0,5.0,5.0,5.0,5.0,4.0,5.0,1.0,1.0,3.0,1.0,1.0,1.0,3.0,3.0,3.0,3.0,3.0,3.0,3.0,3.0,1.0,1.0,1.0,1.0,1.0,1.0,1.0,1.0,1.0,1.0,1.0,1.0,1.0,3.0,3.0,1.0,1.0,1.0,1.0,1.0,1.0,1.0,1.0,1.0,1.0,1.0,1.0,3.0,3.0,3.0,1.0,3.0,4.0,4.0,5.0,4.0,2.0,4.0,2.0,3.0,4.0,5.0,3.0,3.0,3.0,3.0,5.0,4.0,3.0,4.0,2.0,1.0,4.0,4.0,4.0,,3.0,3.0,3.0,2.0,2.0,2.0,2.0,2.0,1.0,2.0,1.0,2.0,2.0,1.0,1.0,1.0,1.0,3.0,2.0,3.0,2.0,3.0,2.0,1.0,1.0,1.0,1.0,3.0,3.0,2.0,2.0,2.0,3.0,7.0,7.0,2.0,2.0,2.0,2.0,1.0,,4.0,,3.0,1.0,2.0,3.0,2.0,1.051424,1.6666666666666667,5.0,4.0,2.0,2.0
5450.0,15.0,5.0,1.0,42.0,3.0,4.0,5.0,4.0,3.0,4.0,2.0,4.0,5.0,3.0,2.0,,,,,,,,,,,,,,,,,,2.0,1.0,,,,,5.0,,,4.0,3.0,2.0,2.0,4.0,3.0,2.0,4.0,3.0,2.0,5.0,4.0,3.0,4.0,2.0,1.0,4.0,3.0,5.0,4.0,3.0,4.0,2.0,3.0,5.0,4.0,4.0,3.0,1.0,2.0,2.0,2.0,2.0,4.0,3.0,3.0,4.0,2.0,2.0,3.0,5.0,4.0,4.0,5.0,3.0,1.0,3.0,4.0,2.0,5.0,3.0,4.0,5.0,5.0,2.0,4.0,3.0,3.0,1.0,2.0,1.0,3.0,2.0,4.0,3.0,5.0,4.0,4.0,5.0,1.0,3.0,2.0,2.0,4.0,3.0,5.0,2.0,8.0,3.0,4.0,2.0,2.0,4.0,2.0,4.0,,2.0,4.0,3.0,2.0,3.0,4.0,2.0,3.0,2.0,1.0,5.0,4.0,2.0,1.0,2.0,2.0,1.0,3.0,4.0,2.0,3.0,3.0,2.0,4.0,3.0,1.0,2.0,2.0,3.0,2.0,4.0,3.0,4.0,8.0,6.0,1.0,2.0,2.0,2.0,1.0,,4.0,,4.0,1.0,2.0,3.0,3.0,0.956937,4.0,3.0,3.0,3.0,2.0
5467.0,9.0,2.0,2.0,50.0,4.0,5.0,5.0,3.0,3.0,3.0,3.0,3.0,3.0,4.0,1.0,1.0,2.0,3.0,4.0,5.0,,,,,,,,,,,,,2.0,2.0,,,,,,,,2.0,5.0,5.0,3.0,5.0,4.0,5.0,4.0,4.0,4.0,4.0,3.0,4.0,5.0,5.0,4.0,4.0,5.0,4.0,4.0,4.0,4.0,3.0,4.0,3.0,3.0,3.0,4.0,5.0,5.0,4.0,5.0,4.0,4.0,5.0,4.0,5.0,4.0,4.0,3.0,5.0,3.0,4.0,4.0,4.0,4.0,5.0,5.0,4.0,4.0,4.0,5.0,4.0,4.0,3.0,4.0,3.0,4.0,5.0,5.0,4.0,4.0,4.0,3.0,4.0,4.0,2.0,2.0,2.0,4.0,4.0,3.0,4.0,5.0,3.0,3.0,4.0,9.0,4.0,3.0,4.0,1.0,3.0,3.0,2.0,,3.0,3.0,4.0,1.0,4.0,2.0,3.0,4.0,3.0,3.0,4.0,3.0,1.0,1.0,1.0,1.0,1.0,4.0,4.0,3.0,4.0,3.0,3.0,2.0,1.0,1.0,2.0,2.0,2.0,2.0,1.0,1.0,4.0,8.0,6.0,1.0,2.0,1.0,1.0,1.0,,4.0,,3.0,1.0,2.0,3.0,2.0,1.05617,3.3333333333333335,3.0,3.0,4.0,1.0
5480.0,15.0,5.0,2.0,33.0,2.0,4.0,4.0,4.0,4.0,3.0,3.0,4.0,3.0,3.0,2.0,,,,,,,,,,,,,,,,,,2.0,2.0,,,,,,,,2.0,5.0,4.0,3.0,3.0,3.0,5.0,4.0,5.0,4.0,4.0,3.0,4.0,3.0,3.0,5.0,5.0,4.0,5.0,4.0,4.0,4.0,4.0,4.0,4.0,4.0,4.0,4.0,4.0,4.0,4.0,4.0,4.0,5.0,4.0,3.0,3.0,4.0,4.0,3.0,4.0,3.0,3.0,3.0,3.0,3.0,4.0,4.0,5.0,4.0,3.0,3.0,4.0,4.0,3.0,4.0,4.0,4.0,3.0,3.0,3.0,3.0,4.0,4.0,4.0,3.0,2.0,4.0,2.0,3.0,3.0,3.0,3.0,3.0,3.0,3.0,3.0,6.0,2.0,2.0,4.0,1.0,4.0,4.0,3.0,,3.0,2.0,3.0,2.0,2.0,2.0,2.0,2.0,2.0,2.0,3.0,3.0,1.0,2.0,2.0,1.0,1.0,4.0,4.0,3.0,4.0,2.0,3.0,3.0,1.0,1.0,1.0,1.0,3.0,3.0,2.0,2.0,3.0,6.0,6.0,1.0,2.0,2.0,2.0,2.0,2.0,4.0,,4.0,2.0,2.0,3.0,3.0,1.024093,3.3333333333333335,3.0,4.0,2.0,2.0
5483.0,9.0,2.0,1.0,54.0,4.0,5.0,5.0,4.0,4.0,5.0,5.0,4.0,5.0,5.0,2.0,,,,,,,,,,,,,,,,,,2.0,2.0,,,,,,,,4.0,2.0,2.0,2.0,3.0,2.0,5.0,1.0,4.0,2.0,1.0,1.0,3.0,2.0,2.0,5.0,4.0,4.0,5.0,4.0,4.0,4.0,5.0,1.0,4.0,4.0,4.0,2.0,5.0,4.0,2.0,5.0,5.0,5.0,5.0,5.0,5.0,4.0,5.0,5.0,5.0,5.0,4.0,5.0,4.0,4.0,4.0,5.0,5.0,4.0,4.0,5.0,5.0,5.0,4.0,3.0,3.0,2.0,5.0,2.0,2.0,5.0,4.0,2.0,2.0,2.0,1.0,2.0,2.0,3.0,4.0,2.0,4.0,4.0,5.0,4.0,4.0,11.0,4.0,2.0,4.0,2.0,2.0,2.0,1.0,,4.0,4.0,5.0,1.0,4.0,1.0,4.0,5.0,1.0,2.0,5.0,1.0,2.0,2.0,2.0,2.0,2.0,5.0,5.0,1.0,1.0,1.0,2.0,1.0,1.0,2.0,1.0,1.0,1.0,1.0,1.0,2.0,5.0,3.0,1.0,2.0,2.0,2.0,2.0,2.0,1.0,3.0,,4.0,2.0,1.0,2.0,3.0,1.048518,4.666666666666667,5.0,2.0,4.0,1.0
5492.0,13.0,4.0,1.0,40.0,3.0,4.0,5.0,4.0,3.0,4.0,4.0,4.0,4.0,4.0,2.0,,,,,,,,,,,,,,,,,,2.0,1.0,,,3.0,4.0,5.0,,,2.0,4.0,3.0,3.0,3.0,3.0,4.0,3.0,3.0,3.0,3.0,3.0,3.0,5.0,3.0,5.0,4.0,4.0,4.0,4.0,4.0,4.0,4.0,4.0,3.0,4.0,4.0,4.0,3.0,4.0,4.0,4.0,4.0,4.0,4.0,3.0,4.0,3.0,4.0,4.0,3.0,4.0,4.0,4.0,3.0,4.0,4.0,4.0,4.0,4.0,4.0,4.0,4.0,5.0,4.0,3.0,4.0,5.0,3.0,4.0,4.0,3.0,4.0,4.0,4.0,4.0,3.0,3.0,3.0,3.0,3.0,3.0,4.0,3.0,3.0,3.0,4.0,6.0,4.0,3.0,4.0,1.0,4.0,4.0,2.0,,3.0,4.0,3.0,1.0,4.0,4.0,4.0,4.0,4.0,4.0,4.0,4.0,2.0,2.0,2.0,2.0,2.0,4.0,4.0,4.0,4.0,4.0,4.0,4.0,2.0,2.0,4.0,3.0,3.0,4.0,4.0,2.0,4.0,6.0,6.0,2.0,2.0,2.0,2.0,3.0,1.0,4.0,,3.0,3.0,1.0,3.0,2.0,0.826158,4.0,4.0,4.0,4.0,1.0
5519.0,5.0,4.0,2.0,52.0,4.0,3.0,5.0,4.0,3.0,4.0,4.0,4.0,4.0,4.0,1.0,1.0,2.0,3.0,4.0,5.0,,,,,,,,,,,,,2.0,1.0,1.0,,3.0,4.0,5.0,,,3.0,2.0,2.0,3.0,4.0,2.0,5.0,1.0,2.0,3.0,3.0,3.0,4.0,4.0,2.0,3.0,3.0,3.0,3.0,3.0,3.0,4.0,3.0,4.0,4.0,3.0,3.0,4.0,4.0,3.0,4.0,3.0,3.0,3.0,3.0,2.0,3.0,2.0,3.0,3.0,3.0,3.0,3.0,3.0,3.0,3.0,4.0,3.0,3.0,3.0,3.0,4.0,3.0,4.0,4.0,4.0,4.0,4.0,4.0,4.0,4.0,5.0,5.0,4.0,5.0,4.0,3.0,3.0,4.0,3.0,3.0,2.0,2.0,3.0,2.0,3.0,3.0,4.0,3.0,3.0,3.0,1.0,4.0,4.0,1.0,,3.0,3.0,3.0,2.0,2.0,2.0,2.0,3.0,3.0,3.0,4.0,4.0,2.0,2.0,2.0,2.0,2.0,4.0,4.0,4.0,3.0,2.0,3.0,2.0,1.0,1.0,1.0,1.0,3.0,1.0,1.0,2.0,3.0,8.0,8.0,2.0,2.0,2.0,2.0,1.0,,4.0,,3.0,1.0,2.0,3.0,2.0,1.055948,4.0,4.0,4.0,2.0,2.0
5566.0,9.0,2.0,2.0,53.0,4.0,4.0,4.0,4.0,4.0,4.0,4.0,4.0,3.0,3.0,2.0,,,,,,,,,,,,,,,,,,2.0,1.0,1.0,,,,,,,3.0,3.0,3.0,3.0,3.0,3.0,4.0,3.0,4.0,3.0,3.0,3.0,3.0,4.0,3.0,5.0,5.0,4.0,4.0,5.0,4.0,5.0,4.0,4.0,4.0,4.0,5.0,4.0,5.0,4.0,5.0,4.0,4.0,5.0,4.0,4.0,4.0,3.0,4.0,3.0,4.0,4.0,4.0,5.0,4.0,5.0,4.0,4.0,5.0,5.0,4.0,5.0,4.0,4.0,4.0,4.0,4.0,4.0,5.0,4.0,5.0,4.0,3.0,4.0,4.0,3.0,2.0,3.0,3.0,3.0,3.0,2.0,4.0,4.0,4.0,4.0,4.0,10.0,4.0,2.0,3.0,1.0,4.0,4.0,1.0,,3.0,3.0,4.0,2.0,4.0,2.0,2.0,4.0,4.0,4.0,4.0,3.0,1.0,2.0,2.0,1.0,2.0,4.0,4.0,4.0,4.0,4.0,4.0,4.0,2.0,2.0,2.0,2.0,2.0,2.0,2.0,4.0,4.0,3.0,6.0,1.0,2.0,1.0,2.0,3.0,1.0,4.0,,4.0,3.0,1.0,3.0,3.0,1.05617,3.3333333333333335,4.0,4.0,4.0,2.0
5567.0,5.0,4.0,2.0,50.0,4.0,5.0,4.0,4.0,3.0,4.0,4.0,4.0,4.0,4.0,2.0,,,,,,,,,,,,,,,,,,2.0,2.0,,,,,,,,3.0,3.0,3.0,2.0,3.0,3.0,3.0,3.0,3.0,4.0,2.0,3.0,2.0,3.0,3.0,2.0,3.0,4.0,4.0,4.0,3.0,3.0,3.0,4.0,4.0,3.0,4.0,3.0,5.0,5.0,3.0,3.0,4.0,4.0,4.0,4.0,4.0,3.0,5.0,5.0,4.0,3.0,3.0,5.0,5.0,3.0,3.0,3.0,3.0,3.0,3.0,3.0,3.0,4.0,4.0,3.0,2.0,3.0,4.0,4.0,3.0,4.0,3.0,3.0,4.0,3.0,2.0,3.0,2.0,4.0,3.0,2.0,4.0,4.0,3.0,2.0,3.0,6.0,4.0,3.0,3.0,1.0,3.0,3.0,2.0,,4.0,4.0,4.0,1.0,4.0,2.0,2.0,4.0,2.0,3.0,3.0,3.0,2.0,2.0,2.0,2.0,2.0,4.0,4.0,4.0,4.0,4.0,4.0,4.0,2.0,2.0,3.0,3.0,3.0,4.0,2.0,3.0,4.0,3.0,3.0,2.0,2.0,2.0,2.0,2.0,1.0,2.0,,3.0,2.0,1.0,1.0,2.0,1.055948,4.0,4.0,3.0,4.0,1.0
5570.0,4.0,2.0,1.0,53.0,4.0,5.0,5.0,4.0,4.0,4.0,4.0,4.0,4.0,3.0,2.0,,,,,,,,,,,,,,,,,,2.0,1.0,,,,4.0,5.0,,,3.0,4.0,4.0,3.0,3.0,3.0,3.0,2.0,5.0,3.0,4.0,2.0,3.0,4.0,4.0,5.0,4.0,4.0,4.0,4.0,3.0,2.0,3.0,4.0,4.0,4.0,3.0,3.0,4.0,2.0,3.0,4.0,3.0,4.0,3.0,3.0,3.0,3.0,4.0,3.0,3.0,3.0,3.0,5.0,2.0,3.0,4.0,4.0,4.0,3.0,4.0,3.0,4.0,4.0,4.0,3.0,3.0,3.0,5.0,2.0,3.0,4.0,3.0,4.0,4.0,4.0,3.0,3.0,3.0,3.0,4.0,3.0,5.0,4.0,4.0,4.0,4.0,9.0,2.0,2.0,3.0,2.0,4.0,4.0,3.0,,3.0,3.0,5.0,1.0,4.0,5.0,4.0,4.0,4.0,3.0,4.0,3.0,2.0,2.0,2.0,2.0,2.0,4.0,5.0,4.0,4.0,4.0,5.0,5.0,3.0,3.0,4.0,3.0,3.0,5.0,4.0,3.0,4.0,7.0,2.0,2.0,2.0,2.0,2.0,2.0,1.0,4.0,,3.0,2.0,1.0,3.0,2.0,1.048518,3.6666666666666665,4.0,4.0,4.0,1.0
5572.0,12.0,3.0,2.0,26.0,1.0,5.0,5.0,5.0,2.0,3.0,3.0,3.0,3.0,3.0,2.0,,,,,,,,,,,,,,,,,,2.0,2.0,,,,,,,,2.0,4.0,4.0,4.0,4.0,3.0,3.0,3.0,4.0,3.0,2.0,2.0,4.0,3.0,3.0,5.0,3.0,4.0,4.0,3.0,3.0,3.0,4.0,4.0,4.0,3.0,2.0,2.0,3.0,3.0,3.0,4.0,3.0,4.0,3.0,3.0,3.0,3.0,3.0,4.0,3.0,3.0,3.0,3.0,3.0,3.0,3.0,3.0,4.0,3.0,3.0,3.0,4.0,4.0,4.0,3.0,2.0,3.0,3.0,3.0,4.0,5.0,3.0,4.0,4.0,4.0,3.0,3.0,4.0,4.0,4.0,2.0,3.0,5.0,3.0,3.0,4.0,7.0,4.0,2.0,4.0,1.0,4.0,4.0,2.0,,3.0,3.0,3.0,2.0,3.0,1.0,2.0,4.0,2.0,3.0,4.0,3.0,1.0,1.0,1.0,1.0,1.0,3.0,4.0,2.0,3.0,1.0,2.0,1.0,1.0,1.0,1.0,1.0,1.0,1.0,1.0,1.0,2.0,8.0,5.0,2.0,2.0,2.0,2.0,1.0,,6.0,,3.0,1.0,2.0,5.0,2.0,0.987061,3.0,3.0,4.0,3.0,2.0
5686.0,3.0,5.0,2.0,40.0,3.0,4.0,5.0,5.0,5.0,4.0,3.0,2.0,3.0,4.0,2.0,,,,,,,,,,,,,,,,,,2.0,1.0,1.0,,3.0,,5.0,,,3.0,3.0,4.0,2.0,3.0,2.0,5.0,3.0,4.0,3.0,3.0,2.0,3.0,3.0,3.0,5.0,3.0,5.0,3.0,3.0,3.0,3.0,5.0,5.0,3.0,4.0,3.0,3.0,3.0,3.0,3.0,4.0,5.0,4.0,5.0,4.0,5.0,4.0,4.0,4.0,4.0,4.0,4.0,3.0,3.0,3.0,5.0,4.0,4.0,4.0,5.0,5.0,5.0,5.0,4.0,4.0,4.0,3.0,3.0,3.0,3.0,4.0,4.0,5.0,5.0,4.0,4.0,5.0,3.0,3.0,3.0,3.0,3.0,4.0,5.0,3.0,3.0,2.0,2.0,4.0,5.0,1.0,4.0,4.0,3.0,,4.0,3.0,3.0,1.0,3.0,3.0,3.0,4.0,3.0,3.0,3.0,3.0,1.0,1.0,1.0,1.0,1.0,3.0,4.0,2.0,2.0,2.0,4.0,3.0,1.0,2.0,1.0,2.0,2.0,2.0,1.0,1.0,4.0,10.0,2.0,1.0,1.0,1.0,1.0,2.0,2.0,4.0,,3.0,2.0,2.0,3.0,2.0,0.871396,3.0,3.5,4.0,3.0,1.0
5688.0,1.0,1.0,1.0,50.0,4.0,5.0,5.0,4.0,4.0,3.0,3.0,3.0,3.0,3.0,1.0,,2.0,3.0,4.0,5.0,,,,,,11.0,12.0,13.0,,,,,2.0,1.0,,,3.0,4.0,5.0,,,3.0,4.0,3.0,3.0,3.0,3.0,4.0,2.0,3.0,3.0,2.0,2.0,3.0,3.0,3.0,4.0,3.0,3.0,3.0,3.0,3.0,2.0,3.0,4.0,3.0,3.0,4.0,4.0,3.0,3.0,2.0,3.0,3.0,2.0,2.0,1.0,1.0,3.0,3.0,3.0,3.0,3.0,2.0,3.0,3.0,2.0,4.0,4.0,4.0,4.0,4.0,3.0,4.0,4.0,4.0,4.0,5.0,3.0,4.0,4.0,3.0,4.0,4.0,5.0,5.0,4.0,3.0,4.0,3.0,3.0,3.0,3.0,4.0,3.0,4.0,4.0,3.0,5.0,4.0,4.0,4.0,1.0,4.0,4.0,4.0,,3.0,3.0,4.0,2.0,3.0,3.0,3.0,4.0,2.0,3.0,4.0,3.0,1.0,2.0,2.0,1.0,2.0,4.0,4.0,2.0,3.0,2.0,2.0,2.0,1.0,1.0,2.0,2.0,4.0,3.0,2.0,2.0,3.0,9.0,7.0,1.0,2.0,1.0,2.0,2.0,1.0,4.0,,4.0,2.0,1.0,3.0,3.0,1.101675,3.0,3.0,4.0,3.0,2.0
5720.0,9.0,2.0,1.0,31.0,2.0,4.0,4.0,4.0,3.0,4.0,3.0,3.0,3.0,3.0,2.0,,,,,,,,,,,,,,,,,,2.0,2.0,,,,,,,,4.0,4.0,4.0,3.0,3.0,4.0,4.0,3.0,3.0,3.0,3.0,3.0,4.0,3.0,4.0,5.0,3.0,3.0,3.0,3.0,3.0,3.0,3.0,3.0,3.0,3.0,3.0,3.0,3.0,3.0,2.0,3.0,3.0,3.0,3.0,3.0,3.0,3.0,3.0,3.0,3.0,3.0,3.0,3.0,3.0,3.0,4.0,4.0,3.0,3.0,4.0,4.0,3.0,3.0,4.0,3.0,3.0,3.0,4.0,3.0,2.0,3.0,3.0,3.0,3.0,3.0,3.0,3.0,4.0,3.0,4.0,4.0,4.0,3.0,3.0,3.0,3.0,8.0,3.0,3.0,4.0,1.0,4.0,4.0,4.0,,3.0,2.0,3.0,2.0,2.0,3.0,3.0,3.0,2.0,3.0,3.0,3.0,2.0,2.0,1.0,1.0,2.0,4.0,4.0,4.0,4.0,4.0,4.0,2.0,2.0,2.0,2.0,3.0,2.0,2.0,2.0,2.0,3.0,5.0,6.0,2.0,2.0,2.0,2.0,1.0,,4.0,,4.0,1.0,2.0,3.0,3.0,0.921551,3.0,3.5,4.0,2.0,2.0
5775.0,16.0,6.0,1.0,37.0,2.0,5.0,5.0,5.0,3.0,4.0,4.0,4.0,4.0,4.0,2.0,,,,,,,,,,,,,,,,,,2.0,2.0,,,,,,,,3.0,3.0,4.0,3.0,4.0,3.0,4.0,2.0,5.0,4.0,3.0,3.0,3.0,4.0,4.0,3.0,4.0,4.0,4.0,4.0,5.0,4.0,4.0,5.0,4.0,4.0,4.0,4.0,5.0,4.0,2.0,4.0,4.0,5.0,4.0,4.0,4.0,4.0,5.0,4.0,4.0,4.0,4.0,5.0,4.0,2.0,4.0,4.0,5.0,4.0,4.0,4.0,4.0,5.0,4.0,4.0,4.0,4.0,5.0,4.0,3.0,3.0,4.0,4.0,4.0,3.0,2.0,3.0,2.0,4.0,4.0,4.0,5.0,4.0,4.0,4.0,4.0,6.0,3.0,3.0,2.0,1.0,3.0,3.0,4.0,,4.0,3.0,4.0,1.0,4.0,3.0,4.0,4.0,4.0,3.0,3.0,3.0,2.0,2.0,2.0,2.0,1.0,4.0,4.0,3.0,4.0,3.0,4.0,4.0,3.0,3.0,3.0,3.0,3.0,4.0,3.0,4.0,3.0,6.0,5.0,1.0,2.0,1.0,1.0,1.0,,4.0,,4.0,1.0,2.0,3.0,3.0,0.80892,4.0,4.0,3.0,4.0,1.0
5790.0,2.0,6.0,2.0,33.0,2.0,5.0,5.0,4.0,3.0,4.0,4.0,4.0,4.0,4.0,2.0,,,,,,,,,,,,,,,,,,2.0,2.0,,,,,,,,2.0,4.0,4.0,4.0,4.0,3.0,4.0,2.0,3.0,3.0,3.0,2.0,4.0,4.0,4.0,4.0,4.0,4.0,4.0,4.0,4.0,4.0,4.0,4.0,4.0,4.0,4.0,4.0,5.0,4.0,4.0,4.0,4.0,4.0,4.0,4.0,4.0,4.0,4.0,4.0,4.0,4.0,4.0,5.0,4.0,4.0,5.0,5.0,5.0,4.0,5.0,5.0,5.0,4.0,4.0,5.0,5.0,4.0,5.0,5.0,4.0,5.0,5.0,5.0,5.0,3.0,3.0,3.0,4.0,3.0,3.0,2.0,2.0,4.0,2.0,2.0,3.0,8.0,4.0,2.0,3.0,1.0,4.0,4.0,1.0,,3.0,3.0,4.0,1.0,3.0,2.0,3.0,3.0,2.0,4.0,5.0,4.0,2.0,2.0,2.0,1.0,2.0,4.0,4.0,4.0,4.0,3.0,4.0,3.0,3.0,2.0,2.0,2.0,3.0,3.0,2.0,3.0,4.0,3.0,3.0,2.0,2.0,2.0,2.0,1.0,,4.0,,3.0,1.0,2.0,3.0,2.0,0.910786,4.0,4.0,4.0,3.0,1.0
5791.0,9.0,2.0,2.0,56.0,4.0,5.0,5.0,5.0,3.0,4.0,4.0,3.0,3.0,3.0,2.0,,,,,,,,,,,,,,,,,,2.0,1.0,,,,,5.0,,,2.0,4.0,4.0,4.0,4.0,4.0,4.0,4.0,5.0,5.0,4.0,3.0,3.0,4.0,4.0,4.0,3.0,3.0,3.0,3.0,3.0,3.0,3.0,3.0,4.0,3.0,3.0,3.0,4.0,4.0,3.0,4.0,4.0,4.0,4.0,4.0,4.0,3.0,4.0,4.0,4.0,3.0,3.0,4.0,4.0,3.0,5.0,5.0,5.0,5.0,5.0,4.0,4.0,4.0,4.0,4.0,3.0,3.0,4.0,4.0,4.0,3.0,3.0,4.0,4.0,3.0,2.0,4.0,3.0,3.0,4.0,4.0,4.0,5.0,4.0,4.0,3.0,7.0,4.0,2.0,4.0,1.0,5.0,4.0,1.0,,3.0,3.0,3.0,2.0,2.0,2.0,3.0,3.0,3.0,2.0,2.0,3.0,2.0,2.0,2.0,2.0,2.0,3.0,4.0,3.0,3.0,3.0,3.0,3.0,2.0,2.0,2.0,2.0,3.0,3.0,3.0,2.0,3.0,7.0,7.0,2.0,2.0,2.0,2.0,4.0,1.0,4.0,,4.0,3.0,1.0,3.0,3.0,1.05617,3.0,4.0,4.5,2.0,2.0
5840.0,9.0,2.0,2.0,28.0,1.0,4.0,5.0,3.0,2.0,4.0,3.0,3.0,3.0,3.0,2.0,,,,,,,,,,,,,,,,,,2.0,1.0,,,3.0,4.0,5.0,9997.0,유출된 개인정보를 통한 해외 가입,1.0,4.0,5.0,5.0,5.0,3.0,4.0,4.0,4.0,4.0,3.0,3.0,4.0,5.0,4.0,5.0,3.0,3.0,3.0,3.0,3.0,2.0,3.0,3.0,3.0,3.0,3.0,2.0,3.0,2.0,2.0,3.0,3.0,3.0,3.0,3.0,2.0,3.0,3.0,3.0,3.0,3.0,2.0,3.0,2.0,2.0,4.0,4.0,4.0,4.0,4.0,3.0,4.0,4.0,4.0,4.0,4.0,3.0,3.0,2.0,2.0,4.0,4.0,4.0,4.0,3.0,1.0,1.0,1.0,4.0,4.0,3.0,4.0,3.0,2.0,2.0,3.0,6.0,4.0,3.0,4.0,1.0,5.0,5.0,1.0,,2.0,2.0,4.0,2.0,2.0,1.0,1.0,2.0,1.0,2.0,3.0,1.0,2.0,2.0,2.0,2.0,2.0,3.0,3.0,3.0,3.0,3.0,1.0,1.0,1.0,1.0,1.0,1.0,3.0,3.0,2.0,1.0,3.0,9.0,3.0,2.0,2.0,2.0,2.0,1.0,,7.0,,4.0,1.0,2.0,6.0,3.0,1.026542,3.0,3.5,5.0,2.0,2.0
5893.0,4.0,2.0,1.0,23.0,1.0,4.0,4.0,5.0,4.0,5.0,4.0,5.0,5.0,4.0,1.0,1.0,2.0,3.0,4.0,5.0,6.0,,,,,11.0,,,,,,,1.0,1.0,,,3.0,,,,,3.0,3.0,4.0,5.0,5.0,4.0,5.0,4.0,4.0,5.0,5.0,3.0,4.0,2.0,4.0,5.0,5.0,4.0,5.0,4.0,5.0,5.0,5.0,4.0,5.0,4.0,4.0,5.0,4.0,3.0,4.0,5.0,4.0,5.0,4.0,5.0,3.0,4.0,5.0,4.0,4.0,5.0,4.0,4.0,2.0,4.0,5.0,3.0,4.0,5.0,3.0,4.0,2.0,5.0,4.0,5.0,4.0,4.0,5.0,1.0,3.0,5.0,4.0,5.0,4.0,5.0,3.0,2.0,4.0,5.0,4.0,5.0,4.0,5.0,4.0,5.0,4.0,10.0,4.0,5.0,4.0,1.0,3.0,4.0,2.0,,4.0,3.0,5.0,1.0,4.0,4.0,5.0,4.0,2.0,3.0,5.0,4.0,1.0,1.0,1.0,1.0,1.0,4.0,5.0,4.0,3.0,4.0,4.0,5.0,4.0,3.0,1.0,2.0,4.0,3.0,4.0,3.0,4.0,8.0,10.0,1.0,1.0,1.0,1.0,1.0,,6.0,,3.0,1.0,2.0,5.0,2.0,1.051424,4.666666666666667,4.5,3.5,4.0,1.0
5907.0,16.0,6.0,1.0,43.0,3.0,4.0,5.0,2.0,1.0,3.0,2.0,2.0,2.0,2.0,1.0,1.0,2.0,3.0,4.0,5.0,6.0,,,,,,,,,,,,2.0,1.0,,,,4.0,5.0,,,2.0,3.0,4.0,4.0,3.0,3.0,4.0,3.0,4.0,4.0,4.0,3.0,5.0,4.0,4.0,5.0,2.0,2.0,3.0,2.0,2.0,2.0,2.0,2.0,2.0,2.0,2.0,3.0,4.0,3.0,2.0,1.0,1.0,2.0,1.0,1.0,1.0,1.0,1.0,1.0,2.0,2.0,3.0,3.0,1.0,1.0,2.0,1.0,2.0,2.0,2.0,1.0,2.0,1.0,1.0,1.0,2.0,2.0,3.0,1.0,2.0,4.0,3.0,3.0,4.0,3.0,2.0,3.0,2.0,3.0,3.0,3.0,4.0,5.0,4.0,4.0,4.0,7.0,5.0,4.0,4.0,1.0,5.0,5.0,4.0,,2.0,2.0,4.0,2.0,2.0,1.0,1.0,3.0,2.0,2.0,2.0,2.0,2.0,2.0,2.0,1.0,2.0,2.0,3.0,2.0,2.0,1.0,3.0,2.0,1.0,1.0,1.0,2.0,1.0,1.0,1.0,1.0,2.0,9.0,9.0,1.0,2.0,2.0,2.0,2.0,1.0,4.0,,3.0,2.0,1.0,3.0,2.0,0.846161,2.0,2.5,5.0,2.0,2.0
5945.0,2.0,6.0,2.0,37.0,2.0,5.0,5.0,4.0,4.0,4.0,4.0,4.0,4.0,4.0,2.0,,,,,,,,,,,,,,,,,,2.0,2.0,,,,,,,,3.0,4.0,3.0,3.0,3.0,2.0,3.0,2.0,4.0,2.0,2.0,3.0,3.0,4.0,3.0,5.0,4.0,4.0,4.0,4.0,4.0,4.0,4.0,4.0,4.0,4.0,4.0,4.0,4.0,4.0,4.0,3.0,3.0,3.0,3.0,3.0,3.0,3.0,3.0,3.0,3.0,3.0,3.0,3.0,3.0,3.0,4.0,4.0,4.0,4.0,4.0,4.0,4.0,4.0,4.0,4.0,4.0,4.0,4.0,4.0,4.0,4.0,3.0,3.0,4.0,3.0,2.0,3.0,2.0,4.0,4.0,4.0,4.0,5.0,3.0,4.0,4.0,6.0,4.0,3.0,2.0,1.0,4.0,4.0,2.0,,3.0,3.0,4.0,2.0,2.0,1.0,2.0,3.0,3.0,3.0,3.0,3.0,1.0,1.0,1.0,1.0,1.0,2.0,3.0,1.0,3.0,1.0,1.0,1.0,1.0,1.0,1.0,1.0,1.0,1.0,1.0,1.0,2.0,10.0,9.0,1.0,1.0,1.0,1.0,2.0,1.0,5.0,,4.0,2.0,1.0,4.0,3.0,0.910786,4.0,4.0,4.0,2.0,2.0
5947.0,9.0,2.0,2.0,53.0,4.0,5.0,5.0,4.0,4.0,4.0,4.0,4.0,4.0,4.0,1.0,,,3.0,,5.0,6.0,,,,,11.0,12.0,13.0,,15.0,,,1.0,1.0,1.0,2.0,3.0,4.0,5.0,,,3.0,3.0,3.0,3.0,3.0,3.0,3.0,3.0,3.0,4.0,3.0,4.0,4.0,3.0,3.0,3.0,4.0,4.0,4.0,3.0,5.0,4.0,4.0,4.0,4.0,3.0,4.0,4.0,4.0,4.0,4.0,4.0,5.0,4.0,4.0,4.0,4.0,4.0,4.0,4.0,4.0,4.0,5.0,4.0,4.0,5.0,4.0,4.0,4.0,4.0,5.0,4.0,4.0,4.0,5.0,5.0,4.0,5.0,4.0,4.0,4.0,4.0,4.0,4.0,4.0,4.0,5.0,4.0,3.0,4.0,4.0,4.0,4.0,4.0,4.0,4.0,3.0,9.0,4.0,4.0,4.0,1.0,4.0,4.0,4.0,,4.0,4.0,5.0,1.0,3.0,4.0,4.0,3.0,4.0,4.0,4.0,4.0,1.0,1.0,1.0,2.0,1.0,4.0,5.0,4.0,4.0,4.0,5.0,4.0,4.0,4.0,4.0,4.0,4.0,3.0,3.0,3.0,4.0,10.0,10.0,1.0,1.0,1.0,2.0,2.0,1.0,4.0,,4.0,2.0,1.0,3.0,3.0,1.05617,4.0,4.0,4.0,3.0,1.0
5975.0,7.0,6.0,2.0,47.0,3.0,5.0,5.0,4.0,4.0,4.0,4.0,2.0,3.0,3.0,2.0,,,,,,,,,,,,,,,,,,2.0,1.0,,,,,5.0,,,2.0,4.0,4.0,4.0,4.0,3.0,4.0,3.0,4.0,3.0,3.0,2.0,3.0,4.0,4.0,5.0,3.0,3.0,3.0,3.0,3.0,3.0,3.0,3.0,3.0,3.0,3.0,3.0,4.0,3.0,3.0,2.0,2.0,2.0,2.0,2.0,2.0,2.0,3.0,2.0,2.0,2.0,3.0,4.0,2.0,2.0,3.0,3.0,3.0,3.0,3.0,3.0,3.0,3.0,3.0,3.0,3.0,3.0,5.0,4.0,3.0,4.0,3.0,3.0,4.0,4.0,2.0,3.0,2.0,4.0,4.0,2.0,3.0,4.0,4.0,3.0,4.0,6.0,4.0,2.0,4.0,1.0,4.0,4.0,4.0,,3.0,3.0,3.0,2.0,3.0,3.0,3.0,3.0,4.0,3.0,3.0,3.0,1.0,1.0,2.0,2.0,2.0,4.0,4.0,3.0,3.0,2.0,4.0,3.0,2.0,2.0,2.0,2.0,4.0,3.0,2.0,3.0,3.0,11.0,11.0,1.0,2.0,2.0,2.0,2.0,1.0,4.0,,4.0,2.0,1.0,3.0,3.0,1.115818,2.6666666666666665,4.0,4.0,3.0,2.0
5983.0,12.0,3.0,1.0,51.0,4.0,5.0,5.0,4.0,2.0,3.0,2.0,2.0,2.0,3.0,2.0,,,,,,,,,,,,,,,,,,2.0,1.0,1.0,,,4.0,5.0,,,3.0,3.0,2.0,4.0,4.0,3.0,2.0,1.0,4.0,4.0,2.0,3.0,5.0,5.0,4.0,5.0,3.0,3.0,4.0,4.0,4.0,4.0,2.0,5.0,5.0,2.0,4.0,4.0,5.0,1.0,2.0,3.0,3.0,4.0,4.0,4.0,2.0,2.0,4.0,4.0,4.0,3.0,5.0,5.0,1.0,3.0,5.0,5.0,5.0,5.0,5.0,3.0,3.0,5.0,5.0,2.0,3.0,2.0,4.0,2.0,2.0,4.0,4.0,3.0,4.0,3.0,3.0,4.0,4.0,2.0,4.0,4.0,4.0,4.0,4.0,3.0,5.0,9.0,4.0,4.0,2.0,1.0,4.0,3.0,4.0,,3.0,3.0,3.0,2.0,3.0,2.0,3.0,4.0,4.0,2.0,4.0,4.0,1.0,2.0,2.0,1.0,1.0,5.0,5.0,3.0,2.0,3.0,3.0,4.0,4.0,3.0,3.0,4.0,4.0,5.0,4.0,4.0,3.0,9.0,5.0,1.0,1.0,1.0,2.0,2.0,1.0,4.0,,4.0,2.0,1.0,3.0,3.0,0.875187,2.3333333333333335,2.5,3.5,3.0,2.0
6074.0,9.0,2.0,1.0,53.0,4.0,5.0,5.0,4.0,3.0,5.0,5.0,4.0,4.0,4.0,2.0,,,,,,,,,,,,,,,,,,2.0,1.0,1.0,,3.0,4.0,5.0,,,3.0,4.0,4.0,4.0,4.0,4.0,4.0,3.0,4.0,3.0,3.0,3.0,4.0,5.0,3.0,4.0,4.0,4.0,4.0,4.0,4.0,4.0,4.0,4.0,4.0,3.0,3.0,4.0,5.0,1.0,4.0,4.0,4.0,4.0,3.0,3.0,4.0,3.0,4.0,3.0,3.0,3.0,4.0,5.0,2.0,4.0,3.0,4.0,4.0,4.0,3.0,3.0,3.0,4.0,3.0,3.0,3.0,3.0,5.0,2.0,3.0,3.0,3.0,2.0,4.0,4.0,3.0,4.0,4.0,4.0,4.0,3.0,4.0,5.0,5.0,4.0,4.0,9.0,3.0,2.0,4.0,2.0,4.0,4.0,4.0,,4.0,3.0,5.0,1.0,4.0,3.0,4.0,4.0,4.0,3.0,4.0,3.0,1.0,2.0,1.0,2.0,1.0,5.0,5.0,4.0,4.0,1.0,3.0,3.0,1.0,1.0,2.0,1.0,3.0,4.0,4.0,4.0,5.0,1.0,1.0,1.0,2.0,2.0,1.0,2.0,1.0,4.0,,4.0,2.0,1.0,3.0,3.0,1.048518,4.0,5.0,4.0,4.0,1.0
6093.0,16.0,6.0,1.0,36.0,2.0,4.0,4.0,4.0,4.0,4.0,4.0,4.0,4.0,4.0,1.0,1.0,2.0,3.0,4.0,5.0,,,,,,,,,,,,,2.0,1.0,1.0,,3.0,4.0,,,,3.0,3.0,3.0,2.0,3.0,2.0,2.0,3.0,3.0,4.0,3.0,3.0,2.0,3.0,3.0,4.0,3.0,4.0,3.0,3.0,4.0,3.0,3.0,3.0,2.0,3.0,3.0,4.0,3.0,2.0,3.0,3.0,4.0,3.0,3.0,2.0,3.0,4.0,3.0,3.0,2.0,3.0,4.0,3.0,3.0,2.0,2.0,3.0,3.0,3.0,3.0,4.0,3.0,3.0,2.0,3.0,4.0,3.0,3.0,4.0,3.0,3.0,2.0,3.0,3.0,3.0,2.0,3.0,3.0,4.0,3.0,3.0,4.0,3.0,3.0,2.0,3.0,5.0,3.0,4.0,3.0,2.0,3.0,3.0,4.0,,2.0,3.0,3.0,2.0,2.0,2.0,2.0,3.0,4.0,3.0,2.0,3.0,1.0,1.0,2.0,1.0,2.0,3.0,3.0,2.0,3.0,4.0,3.0,3.0,4.0,3.0,2.0,3.0,4.0,3.0,2.0,3.0,3.0,6.0,4.0,1.0,1.0,2.0,1.0,1.0,,7.0,,5.0,1.0,2.0,6.0,3.0,0.80892,4.0,4.0,3.0,2.0,2.0
6100.0,9.0,2.0,1.0,22.0,1.0,5.0,5.0,4.0,3.0,4.0,3.0,3.0,4.0,4.0,2.0,,,,,,,,,,,,,,,,,,2.0,2.0,,,,,,,,1.0,3.0,3.0,3.0,3.0,3.0,3.0,3.0,3.0,3.0,3.0,3.0,4.0,4.0,3.0,4.0,4.0,4.0,4.0,4.0,4.0,3.0,4.0,4.0,4.0,3.0,4.0,3.0,4.0,3.0,3.0,4.0,4.0,4.0,4.0,4.0,4.0,4.0,4.0,4.0,3.0,3.0,3.0,4.0,3.0,3.0,4.0,4.0,4.0,4.0,4.0,4.0,4.0,4.0,4.0,4.0,3.0,3.0,4.0,3.0,3.0,2.0,4.0,4.0,3.0,2.0,1.0,3.0,1.0,3.0,3.0,3.0,2.0,4.0,3.0,3.0,3.0,8.0,3.0,2.0,4.0,1.0,4.0,5.0,3.0,,3.0,3.0,4.0,2.0,2.0,1.0,2.0,3.0,3.0,2.0,2.0,2.0,1.0,2.0,2.0,2.0,2.0,4.0,4.0,3.0,3.0,3.0,4.0,4.0,3.0,3.0,3.0,3.0,3.0,3.0,3.0,1.0,4.0,10.0,5.0,2.0,2.0,2.0,2.0,1.0,,6.0,,4.0,1.0,2.0,5.0,3.0,1.051424,3.6666666666666665,3.5,4.5,2.0,2.0
6124.0,1.0,1.0,1.0,43.0,3.0,4.0,4.0,4.0,4.0,4.0,4.0,3.0,3.0,3.0,2.0,,,,,,,,,,,,,,,,,,2.0,1.0,,,3.0,,5.0,,,2.0,3.0,3.0,3.0,3.0,3.0,4.0,3.0,4.0,4.0,3.0,3.0,4.0,4.0,4.0,5.0,3.0,3.0,4.0,2.0,2.0,3.0,2.0,4.0,4.0,3.0,3.0,3.0,4.0,3.0,3.0,3.0,3.0,4.0,2.0,3.0,2.0,2.0,4.0,4.0,3.0,3.0,3.0,4.0,3.0,1.0,3.0,3.0,4.0,3.0,4.0,3.0,3.0,4.0,4.0,4.0,3.0,3.0,4.0,3.0,2.0,4.0,4.0,4.0,4.0,4.0,3.0,4.0,3.0,3.0,3.0,3.0,3.0,4.0,4.0,4.0,3.0,7.0,4.0,2.0,4.0,1.0,4.0,4.0,2.0,,3.0,3.0,4.0,2.0,3.0,1.0,1.0,4.0,2.0,3.0,4.0,2.0,2.0,2.0,1.0,1.0,1.0,4.0,4.0,2.0,3.0,2.0,3.0,3.0,2.0,2.0,2.0,2.0,3.0,2.0,2.0,3.0,3.0,7.0,5.0,2.0,2.0,2.0,2.0,1.0,,4.0,,3.0,1.0,2.0,3.0,2.0,1.074504,3.0,4.0,4.0,3.0,2.0
6158.0,6.0,3.0,2.0,22.0,1.0,5.0,5.0,3.0,3.0,4.0,3.0,3.0,4.0,4.0,2.0,,,,,,,,,,,,,,,,,,2.0,2.0,,,,,,,,2.0,4.0,4.0,4.0,4.0,5.0,5.0,3.0,4.0,4.0,3.0,3.0,5.0,5.0,5.0,5.0,4.0,4.0,4.0,4.0,4.0,3.0,4.0,4.0,3.0,4.0,4.0,2.0,4.0,4.0,3.0,2.0,2.0,2.0,2.0,2.0,1.0,2.0,2.0,2.0,3.0,3.0,1.0,3.0,1.0,1.0,4.0,4.0,4.0,4.0,4.0,3.0,4.0,4.0,3.0,4.0,4.0,2.0,4.0,3.0,3.0,2.0,3.0,4.0,5.0,3.0,2.0,3.0,2.0,3.0,3.0,2.0,3.0,2.0,1.0,1.0,3.0,6.0,5.0,4.0,5.0,1.0,5.0,5.0,5.0,,3.0,1.0,3.0,2.0,2.0,2.0,2.0,3.0,2.0,2.0,3.0,2.0,1.0,2.0,2.0,1.0,2.0,4.0,4.0,3.0,4.0,2.0,3.0,2.0,1.0,1.0,1.0,2.0,1.0,1.0,1.0,2.0,3.0,9.0,6.0,2.0,2.0,2.0,2.0,1.0,,6.0,,4.0,1.0,2.0,5.0,3.0,0.987061,3.6666666666666665,3.5,5.0,2.0,2.0
6184.0,1.0,1.0,1.0,50.0,4.0,5.0,5.0,4.0,2.0,5.0,5.0,5.0,5.0,4.0,2.0,,,,,,,,,,,,,,,,,,2.0,2.0,,,,,,,,3.0,3.0,3.0,3.0,2.0,1.0,4.0,2.0,5.0,2.0,2.0,1.0,2.0,4.0,5.0,5.0,3.0,3.0,3.0,2.0,2.0,2.0,2.0,3.0,2.0,2.0,2.0,2.0,3.0,2.0,2.0,2.0,1.0,2.0,2.0,1.0,2.0,2.0,2.0,2.0,2.0,2.0,1.0,2.0,2.0,1.0,3.0,3.0,3.0,3.0,2.0,3.0,3.0,2.0,2.0,3.0,3.0,3.0,3.0,2.0,3.0,4.0,5.0,4.0,4.0,5.0,5.0,3.0,4.0,4.0,4.0,4.0,5.0,4.0,4.0,4.0,5.0,6.0,3.0,4.0,3.0,1.0,4.0,4.0,3.0,,4.0,3.0,4.0,1.0,4.0,5.0,5.0,5.0,5.0,5.0,4.0,4.0,1.0,2.0,1.0,1.0,2.0,3.0,5.0,3.0,5.0,3.0,3.0,3.0,1.0,1.0,1.0,1.0,4.0,4.0,3.0,1.0,3.0,6.0,6.0,1.0,1.0,1.0,1.0,2.0,1.0,4.0,,3.0,2.0,1.0,3.0,2.0,1.101675,4.666666666666667,5.0,4.0,4.0,1.0
6203.0,1.0,1.0,1.0,38.0,2.0,2.0,2.0,3.0,3.0,2.0,3.0,4.0,2.0,3.0,2.0,,,,,,,,,,,,,,,,,,2.0,1.0,,2.0,3.0,,,,,3.0,4.0,4.0,4.0,4.0,4.0,4.0,3.0,2.0,3.0,2.0,4.0,4.0,4.0,4.0,4.0,3.0,3.0,3.0,3.0,3.0,3.0,3.0,3.0,4.0,5.0,4.0,3.0,4.0,4.0,3.0,4.0,4.0,4.0,4.0,4.0,3.0,4.0,3.0,4.0,5.0,4.0,4.0,3.0,4.0,4.0,5.0,4.0,3.0,4.0,5.0,4.0,5.0,2.0,4.0,5.0,4.0,3.0,4.0,4.0,5.0,4.0,4.0,4.0,5.0,5.0,4.0,3.0,4.0,4.0,5.0,5.0,3.0,4.0,4.0,4.0,3.0,9.0,3.0,4.0,4.0,2.0,3.0,2.0,2.0,,3.0,3.0,4.0,2.0,2.0,3.0,4.0,5.0,5.0,2.0,5.0,5.0,2.0,2.0,2.0,1.0,2.0,3.0,4.0,5.0,2.0,4.0,2.0,4.0,5.0,5.0,1.0,2.0,3.0,4.0,2.0,4.0,2.0,8.0,7.0,2.0,2.0,2.0,2.0,2.0,1.0,4.0,,2.0,2.0,1.0,3.0,1.0,1.080947,3.0,2.5,2.5,2.0,2.0
6261.0,9.0,2.0,1.0,58.0,4.0,4.0,4.0,3.0,4.0,4.0,4.0,4.0,4.0,4.0,2.0,,,,,,,,,,,,,,,,,,2.0,2.0,,,,,,,,4.0,3.0,3.0,2.0,3.0,3.0,3.0,2.0,2.0,2.0,2.0,2.0,3.0,3.0,3.0,4.0,3.0,3.0,2.0,3.0,2.0,3.0,2.0,2.0,2.0,2.0,2.0,3.0,3.0,3.0,4.0,3.0,3.0,2.0,3.0,2.0,3.0,2.0,3.0,2.0,2.0,2.0,3.0,3.0,3.0,4.0,3.0,3.0,3.0,3.0,3.0,4.0,3.0,3.0,3.0,3.0,3.0,4.0,4.0,3.0,4.0,4.0,4.0,4.0,4.0,4.0,3.0,3.0,3.0,4.0,4.0,2.0,3.0,3.0,4.0,3.0,3.0,8.0,3.0,4.0,3.0,1.0,2.0,2.0,5.0,,3.0,4.0,4.0,1.0,4.0,4.0,4.0,4.0,3.0,3.0,3.0,4.0,2.0,2.0,2.0,2.0,2.0,4.0,4.0,4.0,4.0,4.0,4.0,4.0,2.0,2.0,3.0,2.0,3.0,4.0,4.0,4.0,4.0,4.0,4.0,2.0,2.0,2.0,2.0,2.0,1.0,3.0,,3.0,2.0,1.0,2.0,2.0,1.048518,4.0,4.0,2.0,4.0,1.0
6296.0,6.0,3.0,1.0,59.0,4.0,4.0,4.0,4.0,3.0,4.0,3.0,4.0,4.0,3.0,2.0,,,,,,,,,,,,,,,,,,2.0,2.0,,,,,,,,3.0,3.0,3.0,4.0,4.0,4.0,3.0,4.0,4.0,3.0,4.0,3.0,4.0,4.0,3.0,2.0,4.0,4.0,4.0,3.0,4.0,4.0,3.0,4.0,4.0,4.0,4.0,4.0,4.0,3.0,3.0,4.0,4.0,4.0,3.0,4.0,4.0,4.0,4.0,3.0,4.0,4.0,3.0,4.0,4.0,3.0,4.0,4.0,3.0,4.0,4.0,3.0,4.0,4.0,3.0,4.0,4.0,3.0,4.0,4.0,3.0,4.0,3.0,4.0,3.0,4.0,4.0,3.0,3.0,4.0,4.0,4.0,3.0,4.0,4.0,3.0,4.0,9.0,4.0,2.0,4.0,2.0,4.0,3.0,3.0,,4.0,3.0,4.0,2.0,4.0,3.0,4.0,3.0,4.0,3.0,4.0,3.0,1.0,2.0,2.0,2.0,2.0,4.0,3.0,4.0,4.0,3.0,4.0,3.0,3.0,2.0,3.0,4.0,3.0,4.0,4.0,3.0,4.0,7.0,8.0,2.0,2.0,2.0,2.0,2.0,1.0,4.0,,4.0,2.0,1.0,3.0,3.0,0.875187,3.6666666666666665,3.5,3.5,4.0,2.0
6317.0,6.0,3.0,1.0,39.0,2.0,5.0,5.0,4.0,5.0,5.0,4.0,5.0,4.0,5.0,1.0,1.0,2.0,3.0,4.0,5.0,,7.0,,,10.0,,,,,,,,1.0,1.0,1.0,2.0,3.0,,,,,4.0,4.0,3.0,4.0,3.0,4.0,5.0,3.0,5.0,4.0,3.0,4.0,4.0,3.0,4.0,5.0,3.0,4.0,3.0,4.0,4.0,5.0,5.0,4.0,3.0,4.0,4.0,3.0,4.0,5.0,4.0,4.0,4.0,5.0,4.0,4.0,3.0,4.0,4.0,4.0,3.0,4.0,5.0,4.0,3.0,4.0,3.0,4.0,5.0,4.0,3.0,4.0,4.0,3.0,4.0,3.0,5.0,4.0,3.0,4.0,4.0,4.0,5.0,4.0,3.0,4.0,4.0,3.0,4.0,5.0,4.0,4.0,5.0,5.0,4.0,3.0,4.0,9.0,5.0,4.0,4.0,1.0,4.0,5.0,2.0,,4.0,5.0,4.0,1.0,4.0,4.0,5.0,4.0,3.0,4.0,4.0,3.0,1.0,1.0,1.0,1.0,1.0,4.0,5.0,4.0,3.0,4.0,4.0,4.0,5.0,5.0,4.0,5.0,5.0,4.0,3.0,4.0,5.0,10.0,4.0,1.0,1.0,1.0,1.0,2.0,1.0,4.0,,3.0,2.0,1.0,3.0,2.0,0.865768,4.666666666666667,4.5,4.5,4.0,1.0
6338.0,13.0,4.0,2.0,52.0,4.0,5.0,5.0,4.0,3.0,4.0,4.0,4.0,4.0,3.0,2.0,,,,,,,,,,,,,,,,,,2.0,2.0,,,,,,,,3.0,3.0,3.0,3.0,3.0,3.0,4.0,3.0,3.0,3.0,3.0,3.0,4.0,4.0,3.0,4.0,4.0,4.0,3.0,3.0,3.0,3.0,3.0,4.0,4.0,3.0,3.0,4.0,4.0,2.0,3.0,3.0,3.0,3.0,3.0,3.0,3.0,2.0,3.0,3.0,3.0,3.0,3.0,3.0,2.0,3.0,4.0,4.0,4.0,4.0,4.0,4.0,3.0,4.0,4.0,4.0,3.0,3.0,4.0,3.0,3.0,2.0,2.0,2.0,4.0,3.0,2.0,4.0,3.0,2.0,4.0,4.0,4.0,4.0,3.0,3.0,4.0,6.0,3.0,4.0,4.0,1.0,4.0,4.0,4.0,,3.0,3.0,4.0,2.0,3.0,2.0,2.0,3.0,2.0,2.0,2.0,2.0,2.0,2.0,2.0,2.0,2.0,2.0,4.0,4.0,3.0,3.0,4.0,3.0,1.0,3.0,2.0,1.0,2.0,3.0,2.0,4.0,3.0,6.0,6.0,2.0,2.0,2.0,2.0,2.0,1.0,5.0,,3.0,2.0,1.0,4.0,2.0,1.055948,3.6666666666666665,4.0,4.0,3.0,2.0
6344.0,11.0,3.0,1.0,47.0,3.0,5.0,5.0,4.0,4.0,4.0,4.0,3.0,4.0,3.0,2.0,,,,,,,,,,,,,,,,,,2.0,2.0,,,,,,,,2.0,3.0,3.0,3.0,3.0,4.0,4.0,3.0,4.0,4.0,3.0,3.0,4.0,3.0,3.0,4.0,4.0,4.0,5.0,4.0,3.0,4.0,5.0,3.0,4.0,3.0,4.0,4.0,5.0,4.0,3.0,2.0,2.0,2.0,2.0,2.0,2.0,2.0,3.0,3.0,3.0,3.0,3.0,4.0,2.0,1.0,3.0,3.0,4.0,3.0,4.0,3.0,4.0,3.0,4.0,3.0,4.0,4.0,4.0,4.0,2.0,4.0,2.0,4.0,3.0,2.0,1.0,4.0,2.0,3.0,4.0,4.0,4.0,5.0,5.0,2.0,4.0,7.0,4.0,2.0,3.0,1.0,4.0,2.0,4.0,,4.0,3.0,3.0,1.0,3.0,3.0,3.0,4.0,4.0,3.0,4.0,4.0,1.0,2.0,2.0,1.0,2.0,4.0,4.0,4.0,1.0,3.0,3.0,2.0,1.0,1.0,3.0,4.0,4.0,3.0,2.0,1.0,4.0,9.0,4.0,1.0,2.0,2.0,2.0,1.0,,4.0,,3.0,1.0,2.0,3.0,2.0,0.776027,3.3333333333333335,4.0,3.0,3.0,1.0
6356.0,1.0,1.0,1.0,57.0,4.0,5.0,5.0,5.0,5.0,4.0,4.0,4.0,4.0,4.0,2.0,,,,,,,,,,,,,,,,,,2.0,2.0,,,,,,,,3.0,4.0,5.0,4.0,4.0,4.0,5.0,3.0,4.0,3.0,4.0,4.0,4.0,4.0,5.0,5.0,4.0,5.0,5.0,4.0,4.0,4.0,4.0,5.0,4.0,4.0,4.0,4.0,5.0,4.0,4.0,4.0,4.0,4.0,4.0,4.0,5.0,4.0,4.0,4.0,4.0,4.0,5.0,5.0,4.0,4.0,4.0,4.0,4.0,4.0,5.0,5.0,4.0,4.0,4.0,4.0,4.0,3.0,4.0,4.0,4.0,3.0,3.0,4.0,5.0,4.0,2.0,3.0,2.0,4.0,4.0,4.0,4.0,4.0,4.0,3.0,4.0,9.0,4.0,4.0,3.0,1.0,4.0,3.0,3.0,,4.0,3.0,3.0,1.0,3.0,3.0,3.0,4.0,3.0,3.0,4.0,4.0,1.0,1.0,1.0,1.0,1.0,4.0,4.0,4.0,4.0,4.0,4.0,4.0,2.0,2.0,3.0,3.0,3.0,2.0,3.0,3.0,4.0,10.0,2.0,1.0,1.0,1.0,1.0,2.0,1.0,4.0,,3.0,2.0,1.0,3.0,2.0,1.101675,4.0,4.0,3.5,3.0,1.0
6411.0,13.0,4.0,1.0,29.0,1.0,5.0,4.0,3.0,2.0,4.0,4.0,4.0,4.0,4.0,2.0,,,,,,,,,,,,,,,,,,2.0,2.0,,,,,,,,3.0,3.0,4.0,3.0,3.0,4.0,4.0,3.0,4.0,3.0,2.0,4.0,4.0,4.0,3.0,5.0,3.0,3.0,4.0,3.0,4.0,3.0,3.0,4.0,4.0,4.0,4.0,5.0,5.0,2.0,3.0,4.0,4.0,5.0,5.0,4.0,3.0,3.0,4.0,4.0,4.0,4.0,4.0,5.0,2.0,2.0,5.0,5.0,5.0,5.0,5.0,5.0,5.0,5.0,5.0,5.0,5.0,5.0,5.0,1.0,1.0,3.0,4.0,4.0,5.0,4.0,1.0,1.0,2.0,3.0,3.0,4.0,4.0,4.0,3.0,3.0,4.0,6.0,5.0,3.0,3.0,1.0,3.0,4.0,4.0,,2.0,2.0,3.0,2.0,2.0,1.0,1.0,5.0,1.0,1.0,3.0,1.0,2.0,1.0,2.0,2.0,2.0,4.0,4.0,4.0,4.0,2.0,1.0,1.0,1.0,1.0,4.0,1.0,4.0,3.0,2.0,1.0,1.0,3.0,5.0,2.0,2.0,2.0,2.0,1.0,,4.0,,4.0,1.0,2.0,3.0,3.0,1.158012,4.0,4.0,3.5,2.0,2.0
6432.0,4.0,2.0,1.0,26.0,1.0,5.0,5.0,5.0,5.0,5.0,5.0,5.0,5.0,5.0,1.0,1.0,,,,,,,,,,,,,,,,,1.0,1.0,1.0,,3.0,4.0,,,,4.0,2.0,3.0,4.0,3.0,2.0,3.0,3.0,3.0,3.0,3.0,3.0,4.0,3.0,3.0,3.0,3.0,3.0,3.0,3.0,4.0,4.0,4.0,4.0,3.0,4.0,3.0,3.0,3.0,3.0,3.0,3.0,4.0,4.0,3.0,4.0,4.0,4.0,4.0,4.0,4.0,4.0,4.0,3.0,4.0,4.0,4.0,3.0,3.0,3.0,3.0,3.0,3.0,4.0,3.0,3.0,3.0,3.0,3.0,3.0,3.0,3.0,4.0,4.0,3.0,4.0,3.0,3.0,4.0,4.0,4.0,4.0,4.0,4.0,3.0,4.0,3.0,11.0,4.0,4.0,4.0,1.0,4.0,4.0,5.0,,4.0,5.0,5.0,1.0,3.0,4.0,4.0,4.0,5.0,3.0,3.0,4.0,1.0,1.0,1.0,1.0,1.0,4.0,4.0,4.0,4.0,4.0,3.0,4.0,3.0,4.0,3.0,4.0,3.0,4.0,4.0,4.0,4.0,10.0,11.0,1.0,1.0,1.0,1.0,1.0,,4.0,,4.0,1.0,2.0,3.0,3.0,1.051424,5.0,5.0,4.0,3.0,1.0
6441.0,9.0,2.0,2.0,43.0,3.0,5.0,5.0,5.0,5.0,5.0,5.0,5.0,5.0,4.0,2.0,,,,,,,,,,,,,,,,,,1.0,1.0,1.0,,,,,,,3.0,4.0,5.0,5.0,4.0,3.0,4.0,4.0,5.0,5.0,5.0,4.0,4.0,4.0,4.0,4.0,4.0,5.0,5.0,5.0,5.0,3.0,3.0,4.0,5.0,4.0,4.0,4.0,5.0,5.0,5.0,4.0,4.0,5.0,4.0,3.0,4.0,4.0,5.0,4.0,5.0,4.0,5.0,4.0,3.0,5.0,5.0,5.0,5.0,5.0,4.0,4.0,4.0,5.0,4.0,5.0,5.0,5.0,5.0,4.0,5.0,4.0,3.0,3.0,4.0,5.0,3.0,4.0,5.0,3.0,5.0,4.0,4.0,3.0,5.0,4.0,5.0,6.0,4.0,3.0,4.0,1.0,5.0,5.0,2.0,,3.0,4.0,4.0,1.0,3.0,3.0,3.0,3.0,3.0,3.0,4.0,3.0,1.0,1.0,1.0,1.0,1.0,3.0,4.0,5.0,4.0,5.0,5.0,4.0,4.0,5.0,4.0,5.0,3.0,4.0,5.0,5.0,4.0,6.0,8.0,1.0,1.0,1.0,1.0,1.0,,4.0,,4.0,1.0,2.0,3.0,3.0,0.965456,4.666666666666667,5.0,5.0,3.0,1.0
6470.0,4.0,2.0,1.0,59.0,4.0,4.0,4.0,4.0,3.0,4.0,4.0,4.0,4.0,4.0,1.0,1.0,2.0,,4.0,,,,,,,,,13.0,,,,,2.0,2.0,,,,,,,,3.0,4.0,4.0,4.0,4.0,4.0,4.0,3.0,4.0,3.0,3.0,3.0,4.0,4.0,4.0,5.0,4.0,4.0,4.0,4.0,4.0,4.0,4.0,4.0,4.0,4.0,4.0,4.0,4.0,3.0,3.0,4.0,4.0,4.0,4.0,4.0,3.0,3.0,4.0,4.0,3.0,3.0,4.0,4.0,3.0,3.0,4.0,4.0,4.0,4.0,4.0,4.0,4.0,4.0,4.0,3.0,3.0,4.0,3.0,4.0,4.0,3.0,3.0,3.0,3.0,3.0,4.0,4.0,4.0,3.0,3.0,3.0,4.0,4.0,4.0,3.0,4.0,8.0,4.0,4.0,3.0,1.0,4.0,4.0,1.0,,4.0,3.0,4.0,1.0,3.0,2.0,1.0,3.0,3.0,2.0,3.0,3.0,2.0,2.0,2.0,1.0,1.0,4.0,4.0,3.0,4.0,3.0,4.0,3.0,2.0,2.0,3.0,3.0,3.0,3.0,3.0,3.0,4.0,8.0,8.0,2.0,2.0,1.0,1.0,3.0,1.0,2.0,,2.0,3.0,1.0,1.0,1.0,1.048518,4.0,4.0,4.0,3.0,1.0
6475.0,15.0,5.0,2.0,41.0,3.0,5.0,5.0,3.0,3.0,4.0,4.0,4.0,4.0,3.0,2.0,,,,,,,,,,,,,,,,,,2.0,1.0,,,,4.0,,,,3.0,4.0,4.0,4.0,4.0,3.0,4.0,3.0,4.0,3.0,3.0,4.0,4.0,4.0,4.0,5.0,4.0,4.0,5.0,4.0,4.0,3.0,4.0,5.0,4.0,4.0,4.0,4.0,5.0,4.0,4.0,3.0,4.0,4.0,3.0,4.0,3.0,3.0,4.0,4.0,4.0,4.0,4.0,4.0,4.0,3.0,3.0,3.0,3.0,3.0,3.0,3.0,2.0,3.0,3.0,3.0,3.0,3.0,3.0,3.0,2.0,3.0,4.0,4.0,5.0,3.0,2.0,3.0,3.0,3.0,4.0,3.0,4.0,4.0,3.0,3.0,4.0,8.0,2.0,2.0,3.0,1.0,4.0,4.0,1.0,,3.0,3.0,4.0,1.0,4.0,2.0,3.0,4.0,4.0,3.0,4.0,3.0,1.0,1.0,2.0,1.0,2.0,4.0,4.0,4.0,3.0,4.0,3.0,3.0,2.0,2.0,1.0,1.0,1.0,1.0,1.0,2.0,3.0,5.0,5.0,1.0,2.0,1.0,2.0,1.0,,4.0,,3.0,1.0,2.0,3.0,2.0,0.871396,3.6666666666666665,4.0,4.0,4.0,1.0
6490.0,5.0,4.0,1.0,44.0,3.0,5.0,5.0,5.0,5.0,4.0,5.0,4.0,4.0,4.0,2.0,,,,,,,,,,,,,,,,,,2.0,1.0,,,,4.0,5.0,,,3.0,3.0,3.0,3.0,3.0,3.0,4.0,3.0,4.0,3.0,3.0,3.0,4.0,3.0,3.0,5.0,3.0,3.0,3.0,3.0,3.0,3.0,4.0,4.0,4.0,4.0,4.0,4.0,4.0,3.0,3.0,3.0,3.0,3.0,3.0,3.0,3.0,3.0,4.0,3.0,4.0,4.0,4.0,4.0,3.0,3.0,3.0,3.0,3.0,3.0,3.0,3.0,3.0,4.0,3.0,3.0,3.0,3.0,4.0,3.0,3.0,4.0,3.0,4.0,4.0,3.0,2.0,3.0,3.0,1.0,3.0,2.0,3.0,5.0,5.0,4.0,3.0,10.0,3.0,2.0,4.0,1.0,4.0,4.0,2.0,,3.0,3.0,3.0,1.0,3.0,1.0,2.0,5.0,4.0,3.0,3.0,3.0,2.0,2.0,2.0,2.0,2.0,4.0,3.0,3.0,2.0,1.0,3.0,2.0,1.0,2.0,1.0,1.0,1.0,1.0,1.0,1.0,4.0,2.0,10.0,1.0,2.0,2.0,2.0,2.0,1.0,4.0,,4.0,2.0,1.0,3.0,3.0,0.826158,4.0,4.5,4.0,3.0,1.0
6507.0,9.0,2.0,2.0,54.0,4.0,4.0,5.0,4.0,4.0,4.0,4.0,4.0,4.0,4.0,2.0,,,,,,,,,,,,,,,,,,2.0,2.0,,,,,,,,1.0,4.0,4.0,4.0,4.0,4.0,5.0,4.0,5.0,5.0,5.0,5.0,5.0,5.0,5.0,4.0,4.0,4.0,4.0,4.0,4.0,4.0,4.0,4.0,4.0,4.0,4.0,5.0,5.0,4.0,3.0,4.0,4.0,4.0,4.0,4.0,3.0,3.0,5.0,4.0,5.0,4.0,4.0,5.0,4.0,3.0,4.0,4.0,4.0,4.0,4.0,4.0,4.0,5.0,4.0,4.0,4.0,4.0,5.0,4.0,3.0,5.0,4.0,4.0,4.0,3.0,1.0,4.0,3.0,4.0,4.0,3.0,4.0,3.0,4.0,5.0,4.0,6.0,5.0,2.0,4.0,1.0,5.0,5.0,2.0,,3.0,4.0,5.0,2.0,2.0,2.0,2.0,3.0,2.0,3.0,3.0,2.0,1.0,2.0,2.0,1.0,2.0,4.0,4.0,4.0,3.0,3.0,4.0,4.0,1.0,1.0,1.0,1.0,1.0,2.0,2.0,3.0,4.0,6.0,6.0,1.0,1.0,1.0,2.0,2.0,1.0,4.0,,4.0,2.0,1.0,3.0,3.0,1.05617,4.0,4.0,5.0,2.0,2.0
6542.0,16.0,6.0,2.0,38.0,2.0,1.0,1.0,1.0,1.0,3.0,3.0,3.0,3.0,3.0,2.0,,,,,,,,,,,,,,,,,,2.0,2.0,,,,,,,,3.0,4.0,4.0,3.0,4.0,3.0,3.0,3.0,4.0,3.0,2.0,3.0,4.0,4.0,4.0,4.0,3.0,3.0,3.0,3.0,3.0,3.0,3.0,3.0,3.0,3.0,3.0,3.0,3.0,3.0,3.0,3.0,3.0,3.0,3.0,3.0,3.0,3.0,3.0,3.0,3.0,3.0,3.0,4.0,3.0,3.0,3.0,3.0,3.0,3.0,3.0,3.0,3.0,3.0,4.0,3.0,3.0,3.0,4.0,3.0,3.0,2.0,2.0,2.0,1.0,3.0,3.0,3.0,5.0,3.0,3.0,2.0,3.0,5.0,3.0,3.0,3.0,5.0,3.0,3.0,3.0,1.0,3.0,3.0,4.0,,3.0,3.0,3.0,1.0,3.0,3.0,3.0,3.0,3.0,2.0,3.0,2.0,2.0,2.0,2.0,2.0,2.0,3.0,4.0,1.0,3.0,1.0,3.0,3.0,1.0,1.0,1.0,3.0,3.0,3.0,3.0,3.0,3.0,5.0,4.0,2.0,2.0,2.0,2.0,1.0,,7.0,,3.0,1.0,2.0,6.0,2.0,0.910786,3.0,3.0,3.0,3.0,1.0
6546.0,1.0,1.0,1.0,55.0,4.0,5.0,5.0,3.0,3.0,3.0,3.0,3.0,3.0,3.0,2.0,,,,,,,,,,,,,,,,,,2.0,1.0,,,3.0,,5.0,,,1.0,5.0,5.0,5.0,4.0,4.0,5.0,4.0,5.0,4.0,4.0,4.0,5.0,5.0,4.0,5.0,5.0,5.0,5.0,5.0,4.0,5.0,4.0,5.0,4.0,4.0,4.0,5.0,5.0,4.0,5.0,5.0,5.0,5.0,5.0,4.0,4.0,3.0,4.0,3.0,4.0,4.0,4.0,5.0,4.0,4.0,5.0,5.0,5.0,4.0,4.0,4.0,3.0,4.0,3.0,3.0,3.0,4.0,5.0,4.0,5.0,4.0,4.0,4.0,4.0,4.0,4.0,5.0,3.0,3.0,3.0,3.0,4.0,4.0,5.0,5.0,3.0,1.0,3.0,3.0,3.0,1.0,3.0,3.0,4.0,,3.0,3.0,4.0,2.0,3.0,1.0,1.0,3.0,3.0,1.0,3.0,3.0,2.0,2.0,2.0,1.0,2.0,3.0,3.0,3.0,3.0,3.0,3.0,3.0,2.0,2.0,3.0,3.0,4.0,4.0,3.0,3.0,3.0,9.0,3.0,2.0,2.0,2.0,2.0,2.0,2.0,4.0,,4.0,2.0,2.0,3.0,3.0,1.101675,3.0,3.0,3.0,3.0,2.0
6557.0,6.0,3.0,1.0,43.0,3.0,5.0,5.0,5.0,4.0,4.0,3.0,4.0,4.0,4.0,1.0,1.0,2.0,3.0,4.0,5.0,6.0,,,,,,12.0,,,,,,2.0,1.0,1.0,,3.0,4.0,5.0,,,1.0,5.0,4.0,5.0,3.0,5.0,5.0,4.0,5.0,3.0,4.0,4.0,5.0,5.0,5.0,5.0,4.0,4.0,4.0,4.0,4.0,4.0,4.0,5.0,4.0,4.0,4.0,4.0,4.0,4.0,4.0,2.0,2.0,2.0,4.0,2.0,3.0,2.0,3.0,3.0,3.0,3.0,3.0,3.0,3.0,3.0,3.0,2.0,3.0,3.0,3.0,2.0,2.0,4.0,4.0,4.0,4.0,3.0,4.0,4.0,3.0,4.0,2.0,4.0,5.0,4.0,2.0,3.0,3.0,4.0,4.0,2.0,3.0,4.0,5.0,4.0,3.0,3.0,4.0,3.0,4.0,1.0,5.0,4.0,5.0,,3.0,3.0,2.0,2.0,2.0,1.0,2.0,4.0,2.0,2.0,2.0,2.0,1.0,2.0,1.0,2.0,1.0,4.0,4.0,4.0,2.0,3.0,3.0,2.0,2.0,2.0,2.0,2.0,3.0,3.0,4.0,4.0,3.0,10.0,8.0,1.0,2.0,1.0,1.0,2.0,1.0,4.0,,3.0,2.0,1.0,3.0,2.0,0.776027,4.0,3.5,4.5,2.0,2.0
6596.0,14.0,4.0,1.0,59.0,4.0,4.0,5.0,4.0,4.0,4.0,4.0,4.0,4.0,4.0,2.0,,,,,,,,,,,,,,,,,,2.0,1.0,,,3.0,,5.0,,,3.0,5.0,5.0,5.0,4.0,4.0,5.0,4.0,5.0,5.0,4.0,4.0,5.0,5.0,4.0,5.0,4.0,4.0,5.0,3.0,3.0,4.0,3.0,3.0,3.0,3.0,4.0,4.0,5.0,3.0,5.0,5.0,5.0,5.0,4.0,4.0,5.0,4.0,5.0,4.0,4.0,4.0,4.0,5.0,4.0,5.0,5.0,4.0,5.0,3.0,4.0,5.0,4.0,4.0,4.0,3.0,4.0,4.0,5.0,5.0,5.0,4.0,4.0,4.0,5.0,4.0,2.0,3.0,3.0,3.0,3.0,3.0,4.0,4.0,4.0,5.0,4.0,8.0,4.0,3.0,4.0,1.0,4.0,3.0,4.0,,3.0,2.0,4.0,1.0,3.0,2.0,3.0,4.0,2.0,3.0,3.0,3.0,2.0,2.0,2.0,1.0,2.0,4.0,4.0,3.0,3.0,3.0,3.0,2.0,2.0,2.0,1.0,1.0,2.0,1.0,1.0,1.0,4.0,6.0,6.0,2.0,2.0,2.0,2.0,2.0,1.0,3.0,,4.0,2.0,1.0,2.0,3.0,1.073801,4.0,4.0,3.5,3.0,1.0
6615.0,1.0,1.0,1.0,48.0,3.0,5.0,5.0,4.0,3.0,4.0,2.0,3.0,2.0,2.0,2.0,,,,,,,,,,,,,,,,,,2.0,2.0,,,,,,,,3.0,3.0,4.0,4.0,4.0,3.0,5.0,3.0,4.0,4.0,3.0,3.0,3.0,3.0,4.0,4.0,2.0,2.0,4.0,3.0,3.0,4.0,2.0,4.0,4.0,4.0,4.0,3.0,4.0,2.0,2.0,3.0,3.0,3.0,3.0,3.0,3.0,2.0,3.0,2.0,2.0,2.0,2.0,2.0,2.0,2.0,2.0,4.0,4.0,3.0,4.0,4.0,2.0,4.0,4.0,4.0,2.0,2.0,4.0,2.0,2.0,4.0,4.0,3.0,5.0,3.0,2.0,2.0,3.0,3.0,3.0,2.0,3.0,4.0,4.0,4.0,3.0,3.0,2.0,3.0,4.0,1.0,5.0,4.0,4.0,,3.0,2.0,4.0,2.0,2.0,2.0,2.0,3.0,3.0,2.0,4.0,3.0,2.0,2.0,2.0,1.0,2.0,4.0,4.0,1.0,1.0,1.0,1.0,1.0,1.0,1.0,1.0,1.0,1.0,1.0,1.0,1.0,3.0,11.0,2.0,1.0,2.0,2.0,2.0,1.0,,3.0,,4.0,1.0,2.0,2.0,3.0,1.074504,2.3333333333333335,3.0,4.5,2.0,2.0
6616.0,2.0,6.0,2.0,34.0,2.0,5.0,5.0,3.0,3.0,5.0,3.0,3.0,4.0,4.0,2.0,,,,,,,,,,,,,,,,,,2.0,2.0,,,,,,,,1.0,4.0,4.0,3.0,3.0,3.0,4.0,3.0,3.0,3.0,3.0,3.0,4.0,3.0,3.0,4.0,4.0,4.0,5.0,3.0,4.0,3.0,4.0,4.0,4.0,4.0,3.0,3.0,5.0,3.0,3.0,4.0,4.0,4.0,3.0,4.0,3.0,4.0,4.0,4.0,4.0,3.0,3.0,5.0,3.0,3.0,4.0,4.0,4.0,3.0,4.0,3.0,4.0,4.0,4.0,4.0,3.0,3.0,5.0,3.0,3.0,3.0,4.0,5.0,5.0,3.0,2.0,5.0,4.0,3.0,4.0,4.0,4.0,4.0,3.0,4.0,4.0,9.0,5.0,4.0,5.0,1.0,4.0,4.0,1.0,,3.0,1.0,4.0,2.0,2.0,1.0,1.0,3.0,2.0,1.0,3.0,1.0,1.0,2.0,2.0,1.0,2.0,4.0,4.0,3.0,4.0,2.0,3.0,2.0,1.0,1.0,3.0,3.0,1.0,3.0,1.0,1.0,4.0,11.0,3.0,2.0,2.0,1.0,2.0,1.0,,4.0,,3.0,1.0,2.0,3.0,2.0,0.910786,3.6666666666666665,4.0,4.0,2.0,2.0
6636.0,13.0,4.0,1.0,55.0,4.0,5.0,5.0,4.0,4.0,4.0,4.0,4.0,4.0,4.0,2.0,,,,,,,,,,,,,,,,,,2.0,2.0,,,,,,,,3.0,4.0,4.0,3.0,3.0,3.0,4.0,3.0,4.0,4.0,2.0,2.0,4.0,3.0,3.0,4.0,3.0,3.0,2.0,3.0,3.0,3.0,3.0,4.0,3.0,3.0,3.0,3.0,4.0,3.0,3.0,3.0,3.0,2.0,3.0,3.0,3.0,3.0,4.0,4.0,3.0,3.0,2.0,4.0,3.0,2.0,4.0,4.0,3.0,4.0,4.0,4.0,4.0,4.0,4.0,4.0,3.0,3.0,5.0,4.0,3.0,4.0,4.0,3.0,5.0,4.0,3.0,3.0,2.0,4.0,4.0,3.0,3.0,5.0,5.0,4.0,3.0,10.0,3.0,3.0,3.0,1.0,4.0,4.0,2.0,,3.0,4.0,3.0,2.0,3.0,3.0,3.0,3.0,3.0,2.0,4.0,3.0,2.0,2.0,2.0,2.0,2.0,5.0,5.0,5.0,3.0,3.0,3.0,1.0,1.0,1.0,1.0,1.0,1.0,4.0,1.0,1.0,4.0,11.0,1.0,2.0,2.0,2.0,2.0,3.0,1.0,4.0,,3.0,3.0,1.0,3.0,2.0,1.073801,4.0,4.0,4.0,3.0,2.0
6648.0,5.0,4.0,1.0,34.0,2.0,4.0,4.0,4.0,4.0,5.0,4.0,3.0,4.0,4.0,2.0,,,,,,,,,,,,,,,,,,1.0,2.0,,,,,,,,3.0,4.0,3.0,3.0,4.0,3.0,4.0,3.0,3.0,3.0,3.0,3.0,4.0,4.0,4.0,5.0,3.0,3.0,5.0,4.0,4.0,4.0,5.0,3.0,4.0,4.0,4.0,3.0,4.0,4.0,5.0,3.0,3.0,3.0,3.0,3.0,3.0,3.0,3.0,3.0,3.0,4.0,4.0,4.0,4.0,4.0,3.0,3.0,4.0,4.0,4.0,3.0,4.0,3.0,4.0,4.0,5.0,5.0,5.0,4.0,4.0,4.0,3.0,3.0,3.0,3.0,3.0,3.0,3.0,3.0,3.0,3.0,3.0,3.0,3.0,3.0,3.0,6.0,3.0,4.0,4.0,1.0,4.0,4.0,1.0,,3.0,3.0,4.0,2.0,3.0,2.0,2.0,3.0,3.0,3.0,4.0,3.0,1.0,2.0,1.0,1.0,1.0,4.0,4.0,3.0,3.0,2.0,3.0,2.0,1.0,1.0,3.0,3.0,3.0,3.0,2.0,2.0,3.0,6.0,4.0,1.0,2.0,1.0,1.0,1.0,,3.0,,4.0,1.0,2.0,2.0,3.0,1.028782,3.6666666666666665,4.5,4.0,3.0,2.0
6653.0,12.0,3.0,2.0,46.0,3.0,5.0,5.0,4.0,4.0,5.0,4.0,4.0,4.0,4.0,1.0,1.0,2.0,3.0,4.0,5.0,6.0,7.0,,,10.0,11.0,,13.0,14.0,,,,2.0,2.0,,,,,,,,3.0,4.0,4.0,3.0,4.0,3.0,4.0,3.0,4.0,3.0,3.0,3.0,4.0,3.0,3.0,4.0,4.0,4.0,3.0,4.0,4.0,3.0,3.0,5.0,5.0,4.0,4.0,4.0,5.0,4.0,4.0,4.0,4.0,4.0,3.0,3.0,3.0,3.0,5.0,4.0,4.0,3.0,5.0,3.0,3.0,3.0,5.0,4.0,5.0,4.0,5.0,4.0,4.0,4.0,5.0,4.0,4.0,4.0,5.0,4.0,4.0,5.0,2.0,2.0,4.0,4.0,3.0,3.0,4.0,2.0,3.0,3.0,3.0,3.0,4.0,3.0,3.0,6.0,3.0,4.0,3.0,1.0,5.0,5.0,2.0,,3.0,3.0,4.0,2.0,4.0,2.0,2.0,4.0,4.0,3.0,4.0,3.0,1.0,2.0,2.0,1.0,1.0,4.0,4.0,4.0,4.0,4.0,3.0,2.0,1.0,1.0,3.0,1.0,2.0,3.0,1.0,3.0,3.0,6.0,6.0,1.0,1.0,2.0,1.0,2.0,1.0,4.0,,4.0,2.0,1.0,3.0,3.0,0.951541,4.0,4.5,5.0,4.0,2.0
6672.0,9.0,2.0,2.0,54.0,4.0,5.0,5.0,4.0,3.0,4.0,4.0,3.0,4.0,4.0,2.0,,,,,,,,,,,,,,,,,,1.0,1.0,,,,4.0,5.0,,,3.0,4.0,4.0,3.0,4.0,3.0,4.0,3.0,4.0,4.0,3.0,3.0,4.0,4.0,4.0,4.0,2.0,2.0,2.0,2.0,2.0,2.0,2.0,3.0,3.0,3.0,3.0,4.0,4.0,3.0,2.0,2.0,2.0,2.0,2.0,2.0,2.0,2.0,2.0,2.0,2.0,2.0,3.0,4.0,4.0,2.0,2.0,2.0,2.0,2.0,2.0,2.0,2.0,2.0,2.0,2.0,2.0,3.0,4.0,4.0,2.0,5.0,4.0,4.0,5.0,3.0,2.0,2.0,3.0,3.0,4.0,2.0,4.0,3.0,2.0,2.0,3.0,11.0,5.0,3.0,5.0,1.0,5.0,5.0,4.0,,3.0,3.0,3.0,2.0,3.0,1.0,1.0,4.0,2.0,3.0,4.0,3.0,1.0,2.0,2.0,2.0,2.0,4.0,4.0,4.0,3.0,2.0,3.0,3.0,1.0,1.0,1.0,1.0,1.0,3.0,1.0,1.0,4.0,5.0,5.0,2.0,2.0,2.0,2.0,1.0,,4.0,,4.0,1.0,2.0,3.0,3.0,1.05617,3.6666666666666665,4.0,5.0,3.0,2.0
6683.0,3.0,5.0,2.0,32.0,2.0,3.0,3.0,3.0,2.0,4.0,3.0,2.0,4.0,2.0,2.0,,,,,,,,,,,,,,,,,,2.0,2.0,,,,,,,,3.0,4.0,4.0,4.0,4.0,5.0,5.0,3.0,4.0,5.0,3.0,2.0,5.0,4.0,3.0,5.0,4.0,3.0,4.0,4.0,3.0,4.0,4.0,3.0,3.0,4.0,3.0,4.0,4.0,3.0,2.0,4.0,3.0,4.0,3.0,4.0,3.0,4.0,4.0,2.0,4.0,3.0,4.0,4.0,5.0,3.0,4.0,4.0,3.0,4.0,3.0,4.0,4.0,3.0,4.0,3.0,3.0,4.0,3.0,3.0,4.0,4.0,4.0,4.0,3.0,4.0,4.0,3.0,4.0,3.0,3.0,3.0,4.0,4.0,3.0,4.0,2.0,6.0,4.0,4.0,3.0,2.0,3.0,4.0,5.0,,3.0,3.0,4.0,2.0,4.0,4.0,2.0,3.0,3.0,3.0,4.0,3.0,2.0,2.0,2.0,1.0,1.0,3.0,4.0,3.0,2.0,2.0,2.0,3.0,3.0,2.0,2.0,2.0,1.0,3.0,1.0,3.0,3.0,9.0,7.0,1.0,1.0,1.0,2.0,1.0,,4.0,,4.0,1.0,2.0,3.0,3.0,1.024093,2.6666666666666665,3.5,3.5,4.0,2.0
6734.0,16.0,6.0,2.0,26.0,1.0,5.0,5.0,3.0,3.0,3.0,4.0,3.0,5.0,3.0,2.0,,,,,,,,,,,,,,,,,,1.0,2.0,,,,,,,,3.0,3.0,3.0,4.0,3.0,4.0,3.0,3.0,3.0,2.0,2.0,3.0,3.0,3.0,3.0,5.0,4.0,3.0,3.0,4.0,3.0,3.0,2.0,3.0,3.0,3.0,3.0,3.0,5.0,3.0,3.0,2.0,3.0,3.0,2.0,3.0,3.0,2.0,3.0,3.0,3.0,2.0,2.0,4.0,3.0,2.0,3.0,2.0,3.0,4.0,3.0,3.0,3.0,3.0,2.0,3.0,3.0,3.0,4.0,3.0,3.0,3.0,5.0,1.0,3.0,3.0,1.0,5.0,3.0,3.0,3.0,3.0,4.0,3.0,3.0,3.0,3.0,11.0,2.0,3.0,3.0,1.0,3.0,3.0,3.0,,3.0,3.0,4.0,1.0,3.0,3.0,3.0,4.0,3.0,3.0,3.0,4.0,2.0,2.0,2.0,2.0,2.0,3.0,3.0,4.0,4.0,3.0,4.0,3.0,3.0,3.0,3.0,3.0,3.0,4.0,4.0,3.0,3.0,11.0,11.0,2.0,2.0,2.0,2.0,1.0,,7.0,,3.0,1.0,2.0,6.0,2.0,1.101295,3.6666666666666665,3.5,3.0,3.0,1.0
6739.0,9.0,2.0,1.0,23.0,1.0,5.0,5.0,5.0,5.0,5.0,5.0,5.0,5.0,5.0,1.0,1.0,2.0,3.0,4.0,5.0,6.0,,,,,,,,,,,,2.0,2.0,,,,,,,,3.0,3.0,3.0,3.0,3.0,2.0,5.0,2.0,3.0,2.0,2.0,1.0,3.0,4.0,4.0,5.0,4.0,3.0,3.0,3.0,3.0,2.0,3.0,4.0,4.0,4.0,3.0,4.0,4.0,4.0,4.0,4.0,4.0,3.0,3.0,3.0,3.0,4.0,4.0,4.0,3.0,4.0,4.0,5.0,4.0,3.0,4.0,3.0,3.0,4.0,3.0,2.0,3.0,3.0,3.0,4.0,3.0,4.0,3.0,3.0,3.0,4.0,4.0,3.0,5.0,5.0,3.0,4.0,3.0,4.0,4.0,3.0,3.0,4.0,3.0,3.0,3.0,6.0,4.0,3.0,3.0,1.0,5.0,5.0,2.0,,4.0,4.0,3.0,2.0,2.0,2.0,3.0,4.0,3.0,2.0,3.0,3.0,2.0,2.0,2.0,1.0,1.0,4.0,4.0,4.0,4.0,4.0,3.0,3.0,3.0,2.0,3.0,3.0,2.0,3.0,2.0,2.0,3.0,6.0,6.0,2.0,2.0,2.0,2.0,1.0,,6.0,,4.0,1.0,2.0,5.0,3.0,1.051424,5.0,5.0,5.0,2.0,2.0
6782.0,2.0,6.0,1.0,41.0,3.0,5.0,5.0,4.0,3.0,5.0,4.0,5.0,4.0,4.0,1.0,1.0,2.0,3.0,4.0,5.0,,,,,,,,,,,,,1.0,1.0,1.0,,3.0,,,,,2.0,4.0,4.0,4.0,3.0,4.0,4.0,3.0,3.0,4.0,4.0,3.0,3.0,4.0,3.0,3.0,3.0,3.0,4.0,4.0,3.0,3.0,4.0,4.0,4.0,4.0,3.0,3.0,4.0,3.0,4.0,4.0,4.0,3.0,3.0,2.0,3.0,3.0,3.0,3.0,4.0,3.0,4.0,4.0,3.0,3.0,3.0,3.0,4.0,4.0,3.0,2.0,3.0,4.0,3.0,3.0,4.0,4.0,4.0,4.0,3.0,3.0,4.0,4.0,3.0,4.0,3.0,3.0,3.0,4.0,4.0,4.0,3.0,3.0,4.0,4.0,4.0,9.0,3.0,4.0,4.0,1.0,3.0,4.0,2.0,,3.0,4.0,3.0,2.0,2.0,2.0,2.0,3.0,2.0,2.0,2.0,3.0,1.0,2.0,2.0,1.0,1.0,3.0,4.0,4.0,3.0,3.0,3.0,2.0,1.0,2.0,3.0,2.0,3.0,3.0,3.0,4.0,4.0,9.0,8.0,1.0,2.0,2.0,1.0,1.0,,4.0,,2.0,1.0,2.0,3.0,1.0,0.846161,4.333333333333333,4.5,3.5,2.0,2.0
6790.0,12.0,3.0,2.0,50.0,4.0,5.0,4.0,5.0,3.0,4.0,3.0,4.0,4.0,2.0,2.0,,,,,,,,,,,,,,,,,,2.0,2.0,,,,,,,,4.0,5.0,4.0,4.0,3.0,4.0,5.0,4.0,5.0,4.0,4.0,5.0,4.0,3.0,5.0,4.0,5.0,4.0,5.0,3.0,3.0,5.0,4.0,5.0,5.0,4.0,5.0,3.0,3.0,2.0,2.0,5.0,5.0,5.0,4.0,3.0,4.0,5.0,5.0,4.0,5.0,5.0,2.0,3.0,1.0,2.0,4.0,5.0,5.0,3.0,3.0,4.0,4.0,5.0,5.0,4.0,5.0,2.0,3.0,1.0,2.0,4.0,3.0,4.0,5.0,3.0,2.0,3.0,2.0,3.0,4.0,3.0,4.0,4.0,4.0,3.0,4.0,6.0,3.0,3.0,3.0,1.0,4.0,5.0,4.0,,3.0,3.0,4.0,2.0,3.0,4.0,4.0,5.0,3.0,3.0,5.0,4.0,2.0,2.0,2.0,2.0,2.0,4.0,4.0,4.0,3.0,2.0,3.0,1.0,1.0,1.0,1.0,1.0,1.0,3.0,2.0,1.0,2.0,6.0,3.0,1.0,1.0,2.0,2.0,2.0,1.0,5.0,,4.0,2.0,1.0,4.0,3.0,0.976223,3.3333333333333335,3.5,4.5,3.0,2.0
6794.0,3.0,5.0,1.0,52.0,4.0,5.0,5.0,3.0,4.0,4.0,4.0,4.0,4.0,4.0,2.0,,,,,,,,,,,,,,,,,,2.0,2.0,,,,,,,,4.0,4.0,4.0,3.0,4.0,4.0,5.0,4.0,5.0,4.0,4.0,4.0,5.0,5.0,3.0,5.0,5.0,4.0,4.0,5.0,5.0,4.0,4.0,4.0,3.0,3.0,4.0,4.0,5.0,4.0,3.0,3.0,4.0,4.0,4.0,3.0,4.0,4.0,5.0,4.0,4.0,5.0,4.0,4.0,3.0,4.0,3.0,4.0,4.0,3.0,3.0,3.0,4.0,5.0,5.0,5.0,4.0,4.0,3.0,3.0,4.0,3.0,4.0,4.0,3.0,4.0,3.0,4.0,4.0,3.0,3.0,4.0,4.0,4.0,3.0,3.0,4.0,6.0,3.0,3.0,4.0,1.0,4.0,4.0,4.0,,3.0,4.0,3.0,1.0,4.0,4.0,3.0,4.0,4.0,3.0,3.0,4.0,2.0,1.0,2.0,2.0,2.0,3.0,4.0,3.0,4.0,4.0,3.0,3.0,4.0,4.0,4.0,4.0,3.0,4.0,4.0,3.0,4.0,5.0,7.0,2.0,1.0,2.0,2.0,2.0,1.0,4.0,,2.0,2.0,1.0,3.0,1.0,0.92937,4.0,4.0,4.0,4.0,1.0
6805.0,9.0,2.0,1.0,42.0,3.0,5.0,5.0,4.0,2.0,4.0,4.0,3.0,3.0,2.0,2.0,,,,,,,,,,,,,,,,,,2.0,1.0,,,3.0,,5.0,,,4.0,3.0,4.0,2.0,2.0,3.0,3.0,2.0,3.0,3.0,2.0,3.0,4.0,4.0,3.0,5.0,3.0,3.0,3.0,3.0,3.0,3.0,3.0,3.0,3.0,2.0,4.0,3.0,5.0,4.0,3.0,4.0,4.0,4.0,4.0,4.0,4.0,4.0,4.0,4.0,3.0,3.0,3.0,4.0,4.0,4.0,4.0,4.0,4.0,4.0,4.0,4.0,4.0,4.0,4.0,3.0,4.0,4.0,4.0,4.0,3.0,3.0,4.0,3.0,4.0,2.0,1.0,3.0,2.0,3.0,3.0,3.0,4.0,3.0,4.0,3.0,3.0,6.0,3.0,4.0,4.0,1.0,4.0,4.0,1.0,,3.0,3.0,2.0,2.0,3.0,1.0,3.0,4.0,3.0,3.0,3.0,3.0,2.0,2.0,2.0,2.0,2.0,2.0,4.0,2.0,4.0,3.0,3.0,3.0,1.0,2.0,1.0,2.0,1.0,3.0,2.0,1.0,3.0,9.0,3.0,2.0,2.0,2.0,2.0,1.0,,7.0,,3.0,1.0,2.0,6.0,2.0,1.065336,2.6666666666666665,4.0,4.0,3.0,2.0
6807.0,14.0,4.0,2.0,52.0,4.0,5.0,5.0,5.0,3.0,4.0,4.0,4.0,4.0,4.0,1.0,1.0,2.0,3.0,4.0,,,,,,,11.0,,,,,,,2.0,2.0,,,,,,,,3.0,5.0,5.0,4.0,4.0,4.0,5.0,4.0,5.0,5.0,5.0,5.0,5.0,4.0,5.0,5.0,4.0,4.0,4.0,4.0,4.0,4.0,4.0,4.0,4.0,4.0,4.0,4.0,4.0,3.0,3.0,4.0,4.0,4.0,4.0,4.0,4.0,4.0,4.0,4.0,4.0,4.0,4.0,3.0,3.0,4.0,4.0,4.0,4.0,4.0,4.0,4.0,4.0,4.0,4.0,4.0,4.0,4.0,4.0,4.0,4.0,4.0,4.0,2.0,3.0,2.0,2.0,2.0,2.0,3.0,3.0,3.0,4.0,4.0,4.0,4.0,4.0,6.0,3.0,2.0,4.0,1.0,5.0,4.0,2.0,,4.0,3.0,4.0,1.0,4.0,3.0,3.0,3.0,3.0,3.0,4.0,3.0,2.0,2.0,2.0,2.0,2.0,4.0,4.0,4.0,1.0,2.0,2.0,2.0,1.0,1.0,1.0,1.0,2.0,3.0,1.0,1.0,3.0,11.0,6.0,2.0,2.0,2.0,2.0,2.0,2.0,5.0,,4.0,2.0,2.0,4.0,3.0,1.055948,4.0,4.0,4.5,4.0,1.0
6814.0,16.0,6.0,1.0,56.0,4.0,5.0,5.0,4.0,3.0,4.0,4.0,4.0,4.0,3.0,1.0,1.0,2.0,3.0,4.0,5.0,6.0,,,,,,,,,,,,2.0,2.0,,,,,,,,4.0,4.0,4.0,5.0,3.0,3.0,4.0,4.0,5.0,5.0,5.0,5.0,4.0,5.0,4.0,4.0,3.0,3.0,4.0,2.0,2.0,2.0,4.0,4.0,4.0,5.0,5.0,3.0,5.0,3.0,3.0,3.0,3.0,5.0,3.0,3.0,3.0,3.0,4.0,4.0,4.0,4.0,3.0,5.0,3.0,3.0,3.0,3.0,5.0,2.0,2.0,2.0,2.0,2.0,2.0,4.0,4.0,2.0,5.0,2.0,2.0,3.0,3.0,4.0,4.0,3.0,2.0,3.0,2.0,4.0,4.0,4.0,4.0,4.0,5.0,4.0,3.0,6.0,3.0,2.0,3.0,1.0,2.0,5.0,2.0,,4.0,4.0,4.0,2.0,2.0,1.0,1.0,4.0,2.0,3.0,5.0,3.0,2.0,2.0,2.0,1.0,2.0,4.0,4.0,4.0,4.0,3.0,4.0,3.0,1.0,1.0,1.0,1.0,1.0,1.0,1.0,1.0,3.0,6.0,6.0,2.0,2.0,2.0,2.0,2.0,1.0,4.0,,4.0,2.0,1.0,3.0,3.0,1.044509,3.6666666666666665,4.0,3.5,2.0,2.0
6849.0,1.0,1.0,1.0,37.0,2.0,4.0,4.0,4.0,5.0,4.0,4.0,4.0,4.0,4.0,2.0,,,,,,,,,,,,,,,,,,2.0,1.0,,,3.0,,5.0,,,1.0,4.0,4.0,3.0,4.0,3.0,4.0,2.0,5.0,4.0,4.0,3.0,4.0,5.0,5.0,5.0,5.0,4.0,4.0,4.0,3.0,4.0,4.0,4.0,4.0,4.0,4.0,5.0,4.0,3.0,4.0,4.0,5.0,3.0,4.0,4.0,5.0,4.0,4.0,4.0,4.0,3.0,5.0,4.0,4.0,5.0,5.0,4.0,4.0,3.0,4.0,4.0,3.0,4.0,3.0,4.0,4.0,5.0,4.0,3.0,4.0,2.0,4.0,3.0,3.0,4.0,3.0,2.0,3.0,4.0,3.0,3.0,3.0,4.0,5.0,2.0,3.0,3.0,4.0,4.0,4.0,1.0,4.0,5.0,1.0,,4.0,4.0,3.0,2.0,4.0,2.0,2.0,4.0,3.0,3.0,4.0,4.0,2.0,1.0,1.0,2.0,2.0,4.0,3.0,4.0,3.0,4.0,2.0,2.0,3.0,4.0,3.0,4.0,3.0,3.0,2.0,3.0,3.0,9.0,10.0,2.0,2.0,2.0,2.0,2.0,2.0,4.0,,4.0,2.0,2.0,3.0,3.0,1.080947,4.0,4.0,4.5,4.0,2.0
6851.0,1.0,1.0,2.0,44.0,3.0,5.0,4.0,4.0,3.0,4.0,4.0,4.0,5.0,4.0,2.0,,,,,,,,,,,,,,,,,,2.0,1.0,,,,4.0,5.0,,,4.0,3.0,3.0,4.0,3.0,4.0,3.0,3.0,3.0,3.0,3.0,2.0,4.0,4.0,4.0,5.0,4.0,4.0,4.0,4.0,4.0,4.0,4.0,4.0,4.0,4.0,4.0,3.0,3.0,3.0,3.0,3.0,4.0,5.0,4.0,4.0,3.0,4.0,4.0,4.0,4.0,3.0,3.0,3.0,3.0,3.0,4.0,4.0,5.0,4.0,4.0,4.0,4.0,4.0,3.0,3.0,4.0,4.0,4.0,4.0,5.0,2.0,3.0,4.0,5.0,4.0,2.0,2.0,2.0,5.0,4.0,5.0,4.0,5.0,5.0,5.0,4.0,9.0,2.0,2.0,4.0,1.0,3.0,3.0,4.0,,4.0,3.0,5.0,1.0,3.0,1.0,3.0,4.0,3.0,1.0,3.0,3.0,1.0,2.0,2.0,1.0,2.0,3.0,4.0,2.0,3.0,3.0,4.0,3.0,3.0,4.0,3.0,3.0,4.0,4.0,4.0,4.0,4.0,8.0,6.0,1.0,1.0,1.0,2.0,2.0,1.0,5.0,,3.0,2.0,1.0,4.0,2.0,1.098998,4.333333333333333,4.0,3.0,3.0,1.0
6869.0,4.0,2.0,2.0,25.0,1.0,5.0,5.0,3.0,2.0,3.0,4.0,4.0,4.0,4.0,2.0,,,,,,,,,,,,,,,,,,2.0,1.0,1.0,2.0,3.0,4.0,5.0,,,3.0,4.0,3.0,3.0,3.0,3.0,5.0,3.0,5.0,5.0,5.0,5.0,5.0,3.0,2.0,5.0,4.0,5.0,5.0,3.0,5.0,4.0,3.0,5.0,5.0,5.0,5.0,5.0,4.0,3.0,1.0,5.0,5.0,5.0,4.0,5.0,4.0,4.0,5.0,5.0,5.0,5.0,5.0,4.0,2.0,1.0,5.0,5.0,5.0,5.0,5.0,5.0,5.0,5.0,5.0,5.0,5.0,5.0,5.0,5.0,5.0,5.0,5.0,5.0,5.0,4.0,2.0,3.0,4.0,4.0,5.0,4.0,3.0,3.0,1.0,1.0,2.0,6.0,4.0,1.0,3.0,1.0,4.0,4.0,3.0,,3.0,3.0,3.0,2.0,2.0,2.0,3.0,5.0,2.0,2.0,3.0,3.0,1.0,2.0,2.0,2.0,1.0,4.0,4.0,3.0,3.0,2.0,3.0,1.0,1.0,1.0,2.0,1.0,1.0,2.0,1.0,1.0,5.0,6.0,6.0,1.0,1.0,1.0,2.0,1.0,,6.0,,3.0,1.0,2.0,5.0,2.0,1.026542,4.0,3.5,4.0,2.0,2.0
6870.0,14.0,4.0,1.0,53.0,4.0,4.0,4.0,4.0,4.0,4.0,4.0,4.0,4.0,4.0,1.0,1.0,,3.0,,5.0,,,,,,,,,,,,,1.0,1.0,1.0,,,,,,,2.0,3.0,4.0,4.0,4.0,3.0,4.0,5.0,4.0,4.0,5.0,3.0,4.0,4.0,4.0,4.0,3.0,4.0,4.0,5.0,4.0,4.0,5.0,4.0,4.0,4.0,3.0,5.0,4.0,4.0,4.0,3.0,4.0,4.0,4.0,4.0,5.0,4.0,4.0,5.0,4.0,5.0,4.0,3.0,4.0,4.0,3.0,4.0,4.0,5.0,4.0,4.0,5.0,4.0,4.0,4.0,5.0,4.0,5.0,4.0,4.0,4.0,3.0,4.0,4.0,4.0,5.0,3.0,3.0,5.0,4.0,5.0,4.0,5.0,4.0,4.0,3.0,9.0,3.0,4.0,3.0,1.0,4.0,4.0,3.0,,4.0,3.0,5.0,1.0,4.0,4.0,3.0,4.0,5.0,4.0,4.0,5.0,1.0,2.0,2.0,2.0,1.0,4.0,4.0,3.0,5.0,4.0,3.0,4.0,5.0,4.0,5.0,4.0,4.0,5.0,4.0,4.0,4.0,8.0,4.0,1.0,2.0,2.0,1.0,1.0,,4.0,,4.0,1.0,2.0,3.0,3.0,1.073801,4.0,4.0,4.0,4.0,1.0
6888.0,15.0,5.0,2.0,43.0,3.0,5.0,4.0,4.0,4.0,5.0,3.0,2.0,4.0,4.0,2.0,,,,,,,,,,,,,,,,,,2.0,2.0,,,,,,,,2.0,4.0,4.0,4.0,4.0,4.0,5.0,5.0,5.0,5.0,3.0,2.0,5.0,4.0,4.0,5.0,4.0,5.0,3.0,5.0,4.0,4.0,4.0,4.0,4.0,4.0,3.0,5.0,5.0,4.0,4.0,4.0,4.0,5.0,4.0,4.0,4.0,4.0,5.0,4.0,4.0,3.0,5.0,4.0,4.0,4.0,5.0,5.0,5.0,4.0,3.0,4.0,5.0,4.0,4.0,3.0,4.0,5.0,4.0,4.0,4.0,4.0,4.0,5.0,5.0,3.0,2.0,3.0,2.0,3.0,4.0,4.0,4.0,5.0,4.0,4.0,3.0,2.0,4.0,4.0,4.0,1.0,5.0,5.0,2.0,,4.0,4.0,4.0,1.0,4.0,3.0,3.0,4.0,3.0,3.0,4.0,3.0,1.0,1.0,2.0,1.0,1.0,2.0,4.0,1.0,1.0,1.0,3.0,1.0,1.0,1.0,1.0,1.0,1.0,1.0,2.0,1.0,4.0,10.0,10.0,1.0,2.0,1.0,2.0,2.0,1.0,4.0,,3.0,2.0,1.0,3.0,2.0,0.871396,3.3333333333333335,4.0,5.0,4.0,1.0
6893.0,9.0,2.0,1.0,48.0,3.0,4.0,5.0,4.0,3.0,4.0,4.0,4.0,4.0,4.0,1.0,1.0,2.0,3.0,4.0,,,,,,,11.0,12.0,,,,,,2.0,2.0,,,,,,,,3.0,4.0,4.0,3.0,3.0,4.0,4.0,2.0,4.0,3.0,2.0,3.0,4.0,3.0,4.0,5.0,4.0,4.0,4.0,4.0,4.0,4.0,4.0,4.0,4.0,4.0,4.0,4.0,4.0,4.0,4.0,4.0,4.0,4.0,4.0,4.0,4.0,4.0,4.0,4.0,4.0,4.0,4.0,4.0,4.0,4.0,4.0,4.0,4.0,4.0,4.0,4.0,4.0,4.0,4.0,4.0,4.0,4.0,4.0,4.0,4.0,4.0,3.0,3.0,4.0,4.0,2.0,2.0,2.0,3.0,3.0,2.0,3.0,5.0,4.0,4.0,3.0,10.0,4.0,2.0,4.0,1.0,3.0,3.0,2.0,,4.0,3.0,4.0,1.0,3.0,1.0,3.0,4.0,3.0,3.0,4.0,3.0,1.0,1.0,2.0,1.0,2.0,4.0,4.0,4.0,4.0,3.0,4.0,4.0,1.0,1.0,3.0,4.0,4.0,2.0,1.0,1.0,4.0,8.0,4.0,2.0,2.0,2.0,2.0,2.0,1.0,6.0,,4.0,2.0,1.0,5.0,3.0,1.065336,4.0,4.0,3.0,3.0,1.0
6909.0,1.0,1.0,2.0,30.0,2.0,4.0,5.0,3.0,2.0,4.0,3.0,4.0,4.0,4.0,2.0,,,,,,,,,,,,,,,,,,2.0,2.0,,,,,,,,2.0,3.0,4.0,3.0,4.0,3.0,4.0,4.0,4.0,3.0,3.0,3.0,4.0,3.0,3.0,5.0,4.0,4.0,4.0,4.0,3.0,4.0,4.0,4.0,4.0,4.0,3.0,4.0,4.0,3.0,2.0,4.0,4.0,4.0,4.0,4.0,4.0,4.0,4.0,4.0,4.0,4.0,4.0,4.0,3.0,4.0,4.0,4.0,4.0,4.0,4.0,4.0,4.0,4.0,4.0,4.0,3.0,3.0,4.0,3.0,3.0,4.0,4.0,4.0,4.0,3.0,2.0,3.0,2.0,4.0,4.0,3.0,3.0,3.0,3.0,2.0,3.0,8.0,4.0,2.0,4.0,1.0,4.0,4.0,4.0,,3.0,3.0,4.0,1.0,3.0,2.0,2.0,4.0,3.0,3.0,3.0,3.0,1.0,2.0,2.0,1.0,2.0,3.0,3.0,4.0,4.0,2.0,2.0,2.0,2.0,2.0,2.0,2.0,3.0,3.0,2.0,2.0,4.0,9.0,4.0,1.0,2.0,1.0,2.0,1.0,,4.0,,4.0,1.0,2.0,3.0,3.0,1.036816,4.0,3.5,4.0,3.0,1.0
6918.0,16.0,6.0,2.0,52.0,4.0,4.0,4.0,4.0,4.0,5.0,4.0,5.0,4.0,4.0,2.0,,,,,,,,,,,,,,,,,,1.0,1.0,,,,4.0,,,,3.0,5.0,4.0,3.0,4.0,3.0,4.0,3.0,4.0,3.0,3.0,3.0,4.0,3.0,4.0,5.0,5.0,4.0,4.0,4.0,3.0,4.0,2.0,4.0,3.0,3.0,4.0,5.0,4.0,5.0,5.0,4.0,3.0,4.0,4.0,3.0,4.0,4.0,3.0,3.0,4.0,4.0,3.0,3.0,3.0,4.0,4.0,4.0,3.0,3.0,4.0,3.0,3.0,5.0,3.0,3.0,4.0,5.0,5.0,5.0,4.0,4.0,5.0,4.0,4.0,3.0,2.0,3.0,2.0,3.0,4.0,4.0,5.0,5.0,5.0,5.0,4.0,10.0,3.0,3.0,5.0,1.0,2.0,2.0,3.0,,3.0,3.0,5.0,1.0,5.0,2.0,2.0,4.0,4.0,3.0,4.0,4.0,1.0,2.0,2.0,2.0,2.0,3.0,3.0,3.0,3.0,3.0,3.0,3.0,3.0,3.0,3.0,3.0,5.0,5.0,3.0,4.0,4.0,2.0,2.0,1.0,2.0,2.0,2.0,2.0,1.0,5.0,,4.0,2.0,1.0,4.0,3.0,1.142237,4.333333333333333,4.5,2.0,5.0,1.0
6931.0,1.0,1.0,2.0,34.0,2.0,5.0,5.0,5.0,5.0,4.0,4.0,3.0,3.0,3.0,2.0,,,,,,,,,,,,,,,,,,2.0,2.0,,,,,,,,2.0,5.0,5.0,4.0,5.0,5.0,5.0,5.0,5.0,5.0,5.0,3.0,3.0,5.0,5.0,4.0,3.0,3.0,3.0,3.0,3.0,3.0,3.0,3.0,3.0,3.0,3.0,3.0,3.0,3.0,3.0,3.0,3.0,3.0,3.0,3.0,3.0,3.0,3.0,3.0,3.0,3.0,3.0,4.0,3.0,3.0,3.0,3.0,3.0,3.0,3.0,3.0,3.0,3.0,3.0,3.0,3.0,3.0,3.0,3.0,3.0,2.0,4.0,4.0,4.0,1.0,1.0,4.0,3.0,5.0,5.0,4.0,4.0,5.0,4.0,4.0,5.0,9.0,3.0,1.0,3.0,1.0,4.0,4.0,4.0,,3.0,3.0,3.0,2.0,3.0,2.0,3.0,3.0,3.0,3.0,3.0,3.0,2.0,2.0,2.0,2.0,2.0,5.0,5.0,5.0,5.0,4.0,5.0,5.0,1.0,1.0,5.0,5.0,5.0,5.0,5.0,3.0,3.0,7.0,5.0,2.0,2.0,2.0,2.0,1.0,,2.0,,3.0,1.0,2.0,1.0,2.0,1.036816,3.0,4.0,4.0,3.0,2.0
6945.0,12.0,3.0,1.0,31.0,2.0,5.0,5.0,2.0,4.0,3.0,3.0,1.0,2.0,1.0,2.0,,,,,,,,,,,,,,,,,,2.0,1.0,,,3.0,,5.0,,,1.0,3.0,4.0,4.0,2.0,2.0,4.0,4.0,5.0,4.0,2.0,2.0,4.0,5.0,5.0,5.0,1.0,1.0,3.0,1.0,1.0,1.0,1.0,4.0,3.0,1.0,1.0,1.0,3.0,1.0,1.0,2.0,1.0,2.0,1.0,1.0,3.0,1.0,1.0,1.0,3.0,3.0,1.0,3.0,1.0,1.0,1.0,2.0,3.0,1.0,1.0,2.0,1.0,3.0,3.0,1.0,3.0,2.0,3.0,1.0,1.0,4.0,2.0,4.0,5.0,3.0,1.0,4.0,2.0,4.0,4.0,5.0,4.0,4.0,2.0,2.0,5.0,3.0,1.0,4.0,4.0,1.0,5.0,5.0,2.0,,1.0,2.0,1.0,2.0,2.0,1.0,2.0,3.0,1.0,2.0,3.0,2.0,2.0,2.0,2.0,1.0,2.0,4.0,5.0,2.0,3.0,2.0,4.0,1.0,1.0,1.0,1.0,1.0,1.0,1.0,1.0,2.0,3.0,8.0,4.0,1.0,2.0,2.0,2.0,1.0,,3.0,,4.0,1.0,2.0,2.0,3.0,0.865768,1.3333333333333333,3.0,5.0,2.0,2.0
6949.0,2.0,6.0,1.0,50.0,4.0,5.0,5.0,4.0,3.0,3.0,3.0,3.0,4.0,4.0,2.0,,,,,,,,,,,,,,,,,,2.0,2.0,,,,,,,,4.0,3.0,2.0,3.0,3.0,2.0,3.0,2.0,3.0,2.0,2.0,2.0,3.0,2.0,2.0,3.0,4.0,4.0,4.0,4.0,4.0,4.0,4.0,4.0,4.0,4.0,4.0,4.0,4.0,4.0,4.0,3.0,3.0,3.0,3.0,3.0,3.0,3.0,3.0,3.0,3.0,3.0,4.0,4.0,3.0,3.0,3.0,3.0,3.0,3.0,3.0,3.0,3.0,3.0,3.0,3.0,3.0,3.0,3.0,3.0,3.0,4.0,4.0,3.0,3.0,3.0,2.0,3.0,2.0,3.0,2.0,3.0,3.0,4.0,4.0,3.0,3.0,8.0,3.0,2.0,3.0,1.0,3.0,3.0,4.0,,3.0,4.0,4.0,1.0,4.0,3.0,3.0,4.0,3.0,3.0,3.0,3.0,2.0,2.0,2.0,2.0,2.0,4.0,4.0,4.0,3.0,3.0,3.0,4.0,2.0,3.0,3.0,3.0,3.0,4.0,2.0,3.0,3.0,6.0,6.0,2.0,2.0,2.0,2.0,1.0,,3.0,,4.0,1.0,2.0,2.0,3.0,1.044509,3.6666666666666665,3.0,3.0,4.0,1.0
6977.0,1.0,1.0,1.0,53.0,4.0,5.0,5.0,4.0,3.0,4.0,4.0,4.0,4.0,3.0,2.0,,,,,,,,,,,,,,,,,,2.0,1.0,,,3.0,4.0,5.0,,,1.0,5.0,4.0,3.0,4.0,3.0,5.0,4.0,5.0,4.0,4.0,4.0,5.0,5.0,5.0,5.0,5.0,5.0,5.0,5.0,5.0,4.0,5.0,5.0,5.0,5.0,5.0,5.0,5.0,5.0,4.0,5.0,5.0,5.0,5.0,5.0,5.0,5.0,5.0,5.0,5.0,5.0,5.0,5.0,4.0,2.0,5.0,4.0,5.0,4.0,5.0,4.0,5.0,5.0,5.0,5.0,5.0,4.0,5.0,4.0,2.0,2.0,4.0,4.0,4.0,4.0,3.0,4.0,3.0,3.0,4.0,3.0,4.0,5.0,4.0,4.0,4.0,6.0,4.0,4.0,3.0,1.0,3.0,3.0,3.0,,4.0,4.0,5.0,1.0,4.0,3.0,4.0,5.0,4.0,2.0,4.0,3.0,2.0,2.0,2.0,1.0,2.0,4.0,5.0,4.0,4.0,4.0,4.0,4.0,3.0,3.0,2.0,4.0,3.0,4.0,3.0,1.0,4.0,3.0,6.0,1.0,2.0,2.0,1.0,2.0,1.0,4.0,,4.0,2.0,1.0,3.0,3.0,1.101675,3.6666666666666665,4.0,3.0,4.0,1.0
6986.0,8.0,3.0,1.0,51.0,4.0,5.0,5.0,4.0,3.0,3.0,3.0,3.0,5.0,5.0,2.0,,,,,,,,,,,,,,,,,,2.0,1.0,,,3.0,4.0,5.0,,,3.0,4.0,4.0,4.0,4.0,4.0,4.0,3.0,4.0,3.0,3.0,4.0,4.0,4.0,4.0,5.0,4.0,4.0,4.0,4.0,3.0,4.0,3.0,4.0,4.0,3.0,4.0,4.0,4.0,5.0,4.0,4.0,4.0,4.0,4.0,4.0,4.0,4.0,4.0,4.0,3.0,4.0,4.0,4.0,4.0,4.0,4.0,4.0,4.0,4.0,4.0,4.0,4.0,4.0,4.0,3.0,4.0,4.0,4.0,4.0,5.0,5.0,5.0,5.0,5.0,3.0,2.0,3.0,2.0,4.0,4.0,4.0,4.0,4.0,5.0,5.0,5.0,6.0,4.0,3.0,3.0,2.0,3.0,3.0,4.0,,3.0,3.0,3.0,1.0,3.0,3.0,3.0,3.0,3.0,3.0,3.0,3.0,2.0,2.0,2.0,2.0,2.0,3.0,4.0,3.0,3.0,3.0,3.0,3.0,3.0,3.0,3.0,3.0,3.0,3.0,3.0,3.0,3.0,6.0,6.0,2.0,2.0,2.0,2.0,1.0,,4.0,,4.0,1.0,2.0,3.0,3.0,0.875187,4.333333333333333,3.0,3.0,3.0,1.0
7029.0,3.0,5.0,1.0,46.0,3.0,4.0,4.0,3.0,3.0,4.0,4.0,3.0,3.0,2.0,2.0,,,,,,,,,,,,,,,,,,2.0,2.0,,,,,,,,3.0,4.0,4.0,4.0,4.0,4.0,4.0,4.0,4.0,3.0,2.0,3.0,4.0,4.0,4.0,5.0,2.0,2.0,2.0,2.0,2.0,2.0,2.0,2.0,2.0,2.0,3.0,3.0,4.0,2.0,2.0,2.0,2.0,2.0,2.0,2.0,2.0,2.0,2.0,2.0,2.0,2.0,2.0,4.0,1.0,1.0,2.0,2.0,2.0,2.0,2.0,2.0,2.0,2.0,3.0,3.0,3.0,4.0,4.0,3.0,3.0,4.0,4.0,3.0,4.0,4.0,2.0,3.0,2.0,2.0,3.0,4.0,4.0,4.0,4.0,4.0,2.0,6.0,3.0,2.0,3.0,1.0,4.0,4.0,2.0,,3.0,3.0,3.0,2.0,4.0,2.0,3.0,4.0,3.0,3.0,4.0,4.0,2.0,2.0,2.0,2.0,2.0,2.0,4.0,4.0,3.0,2.0,4.0,2.0,1.0,1.0,1.0,1.0,1.0,3.0,1.0,1.0,3.0,6.0,6.0,2.0,2.0,2.0,2.0,2.0,1.0,2.0,,4.0,2.0,1.0,1.0,3.0,0.956937,2.6666666666666665,4.0,4.0,4.0,2.0
7049.0,12.0,3.0,1.0,57.0,4.0,5.0,5.0,4.0,2.0,4.0,3.0,3.0,4.0,4.0,2.0,,,,,,,,,,,,,,,,,,2.0,2.0,,,,,,,,3.0,3.0,3.0,3.0,3.0,3.0,3.0,2.0,3.0,2.0,2.0,2.0,3.0,3.0,2.0,3.0,2.0,2.0,2.0,2.0,2.0,2.0,2.0,2.0,2.0,2.0,2.0,2.0,3.0,2.0,2.0,2.0,2.0,2.0,2.0,2.0,2.0,2.0,2.0,2.0,2.0,2.0,2.0,3.0,2.0,2.0,2.0,2.0,2.0,1.0,2.0,1.0,2.0,2.0,2.0,2.0,2.0,2.0,3.0,2.0,2.0,4.0,4.0,3.0,4.0,4.0,2.0,4.0,2.0,4.0,4.0,4.0,4.0,5.0,3.0,4.0,4.0,8.0,4.0,3.0,3.0,1.0,2.0,2.0,4.0,,4.0,4.0,4.0,1.0,3.0,1.0,2.0,4.0,3.0,3.0,4.0,2.0,1.0,2.0,2.0,1.0,2.0,4.0,4.0,3.0,3.0,1.0,1.0,1.0,1.0,1.0,1.0,1.0,2.0,1.0,1.0,1.0,2.0,9.0,9.0,2.0,2.0,1.0,2.0,2.0,2.0,3.0,,4.0,2.0,2.0,2.0,3.0,0.875187,3.6666666666666665,3.5,2.0,3.0,1.0
7103.0,5.0,4.0,1.0,26.0,1.0,5.0,5.0,4.0,4.0,4.0,3.0,3.0,3.0,3.0,1.0,1.0,,3.0,,,,,,,,,12.0,,14.0,15.0,,,2.0,1.0,1.0,,,4.0,,,,2.0,3.0,4.0,4.0,4.0,4.0,5.0,4.0,4.0,4.0,3.0,4.0,4.0,5.0,4.0,4.0,3.0,2.0,2.0,2.0,3.0,4.0,3.0,2.0,4.0,4.0,2.0,3.0,5.0,2.0,5.0,2.0,3.0,2.0,3.0,2.0,3.0,2.0,4.0,4.0,4.0,2.0,3.0,2.0,3.0,2.0,4.0,3.0,2.0,3.0,3.0,4.0,3.0,3.0,4.0,2.0,3.0,3.0,4.0,3.0,3.0,4.0,3.0,2.0,2.0,3.0,3.0,3.0,3.0,4.0,3.0,3.0,3.0,2.0,4.0,3.0,3.0,8.0,3.0,4.0,2.0,1.0,5.0,4.0,3.0,,4.0,3.0,4.0,1.0,3.0,4.0,3.0,4.0,4.0,3.0,3.0,3.0,1.0,1.0,2.0,2.0,1.0,4.0,3.0,3.0,2.0,4.0,3.0,4.0,3.0,3.0,2.0,3.0,4.0,3.0,3.0,2.0,3.0,7.0,5.0,1.0,1.0,2.0,1.0,1.0,,2.0,,3.0,1.0,2.0,1.0,2.0,1.158012,3.0,3.5,4.5,3.0,1.0
7112.0,6.0,3.0,1.0,26.0,1.0,5.0,4.0,5.0,2.0,4.0,5.0,4.0,4.0,5.0,2.0,,,,,,,,,,,,,,,,,,1.0,2.0,,,,,,,,1.0,4.0,5.0,4.0,4.0,5.0,4.0,4.0,5.0,4.0,3.0,4.0,5.0,5.0,4.0,4.0,5.0,5.0,5.0,5.0,5.0,5.0,5.0,4.0,5.0,4.0,4.0,4.0,4.0,4.0,3.0,4.0,4.0,5.0,5.0,4.0,4.0,4.0,4.0,4.0,3.0,4.0,3.0,3.0,4.0,4.0,5.0,4.0,4.0,3.0,3.0,4.0,5.0,4.0,4.0,4.0,4.0,5.0,4.0,4.0,4.0,4.0,4.0,3.0,4.0,4.0,3.0,4.0,4.0,4.0,5.0,4.0,5.0,4.0,3.0,3.0,4.0,3.0,4.0,3.0,4.0,1.0,4.0,5.0,5.0,,4.0,3.0,1.0,1.0,4.0,2.0,2.0,1.0,2.0,2.0,2.0,3.0,2.0,1.0,1.0,1.0,2.0,3.0,2.0,3.0,4.0,5.0,5.0,4.0,4.0,3.0,4.0,4.0,4.0,4.0,5.0,4.0,4.0,11.0,8.0,2.0,2.0,2.0,2.0,1.0,,4.0,,2.0,1.0,2.0,3.0,1.0,0.984842,4.333333333333333,4.5,4.5,4.0,1.0
7115.0,6.0,3.0,1.0,47.0,3.0,5.0,5.0,4.0,4.0,4.0,4.0,4.0,4.0,4.0,2.0,,,,,,,,,,,,,,,,,,2.0,2.0,,,,,,,,4.0,4.0,3.0,3.0,3.0,2.0,4.0,3.0,5.0,3.0,3.0,3.0,4.0,4.0,4.0,5.0,3.0,3.0,3.0,2.0,2.0,3.0,2.0,5.0,3.0,3.0,3.0,3.0,4.0,3.0,3.0,2.0,2.0,4.0,2.0,2.0,2.0,2.0,4.0,2.0,2.0,2.0,2.0,4.0,2.0,2.0,2.0,2.0,2.0,2.0,2.0,2.0,2.0,4.0,2.0,2.0,2.0,2.0,4.0,2.0,2.0,3.0,3.0,3.0,5.0,4.0,2.0,4.0,3.0,3.0,4.0,2.0,4.0,5.0,5.0,4.0,4.0,6.0,3.0,3.0,3.0,1.0,3.0,3.0,4.0,,3.0,3.0,3.0,1.0,4.0,2.0,4.0,4.0,4.0,3.0,4.0,4.0,1.0,2.0,2.0,1.0,2.0,4.0,4.0,3.0,2.0,2.0,3.0,3.0,2.0,2.0,2.0,2.0,2.0,2.0,2.0,1.0,2.0,8.0,8.0,1.0,2.0,2.0,2.0,2.0,1.0,4.0,,4.0,2.0,1.0,3.0,3.0,0.776027,4.0,4.0,3.0,4.0,1.0
7133.0,9.0,2.0,1.0,27.0,1.0,5.0,5.0,3.0,3.0,4.0,3.0,2.0,2.0,1.0,2.0,,,,,,,,,,,,,,,,,,2.0,1.0,,,3.0,,5.0,,,4.0,4.0,2.0,3.0,2.0,3.0,4.0,2.0,2.0,2.0,2.0,2.0,4.0,4.0,4.0,5.0,3.0,4.0,5.0,1.0,2.0,1.0,2.0,2.0,4.0,4.0,2.0,1.0,3.0,1.0,1.0,1.0,1.0,1.0,1.0,1.0,1.0,1.0,1.0,1.0,1.0,1.0,1.0,1.0,1.0,1.0,2.0,2.0,4.0,1.0,2.0,1.0,2.0,3.0,4.0,4.0,2.0,1.0,3.0,1.0,1.0,4.0,4.0,4.0,5.0,4.0,4.0,4.0,4.0,3.0,4.0,4.0,4.0,4.0,5.0,4.0,3.0,2.0,4.0,2.0,5.0,1.0,4.0,4.0,2.0,,3.0,2.0,4.0,2.0,3.0,2.0,2.0,4.0,2.0,2.0,3.0,2.0,1.0,1.0,2.0,2.0,2.0,3.0,3.0,2.0,2.0,1.0,1.0,1.0,1.0,1.0,1.0,3.0,2.0,1.0,1.0,1.0,4.0,11.0,4.0,1.0,1.0,2.0,2.0,1.0,,4.0,,2.0,1.0,2.0,3.0,1.0,1.051424,1.6666666666666667,3.5,4.0,3.0,2.0
7137.0,9.0,2.0,1.0,50.0,4.0,4.0,4.0,4.0,2.0,4.0,3.0,2.0,2.0,2.0,2.0,,,,,,,,,,,,,,,,,,2.0,1.0,1.0,,3.0,,5.0,,,2.0,2.0,2.0,2.0,3.0,1.0,3.0,2.0,3.0,3.0,2.0,1.0,3.0,3.0,3.0,4.0,2.0,2.0,2.0,2.0,2.0,1.0,1.0,1.0,1.0,1.0,1.0,3.0,4.0,2.0,2.0,1.0,1.0,1.0,1.0,1.0,1.0,1.0,1.0,1.0,1.0,1.0,3.0,2.0,3.0,2.0,1.0,1.0,1.0,1.0,1.0,1.0,1.0,1.0,1.0,1.0,1.0,3.0,4.0,1.0,2.0,4.0,4.0,4.0,4.0,4.0,3.0,3.0,2.0,3.0,3.0,2.0,3.0,4.0,4.0,3.0,3.0,6.0,4.0,4.0,3.0,2.0,4.0,5.0,3.0,,2.0,2.0,3.0,2.0,3.0,1.0,1.0,3.0,2.0,3.0,2.0,3.0,2.0,2.0,2.0,1.0,2.0,4.0,4.0,2.0,1.0,1.0,1.0,1.0,1.0,1.0,1.0,1.0,1.0,2.0,1.0,1.0,3.0,9.0,4.0,2.0,2.0,2.0,2.0,2.0,1.0,4.0,,3.0,2.0,1.0,3.0,2.0,1.048518,2.0,3.5,4.5,3.0,2.0
7140.0,4.0,2.0,1.0,34.0,2.0,5.0,5.0,4.0,3.0,5.0,5.0,5.0,5.0,5.0,2.0,,,,,,,,,,,,,,,,,,2.0,2.0,,,,,,,,2.0,5.0,3.0,2.0,2.0,1.0,4.0,1.0,3.0,2.0,2.0,1.0,4.0,5.0,4.0,4.0,5.0,3.0,5.0,5.0,4.0,5.0,3.0,5.0,4.0,4.0,5.0,5.0,5.0,3.0,5.0,5.0,5.0,5.0,5.0,3.0,4.0,3.0,3.0,3.0,3.0,3.0,5.0,5.0,3.0,5.0,5.0,5.0,5.0,5.0,3.0,5.0,5.0,5.0,5.0,5.0,5.0,4.0,3.0,3.0,5.0,5.0,3.0,5.0,5.0,4.0,5.0,4.0,5.0,1.0,3.0,2.0,4.0,5.0,4.0,5.0,4.0,11.0,2.0,3.0,3.0,2.0,3.0,2.0,2.0,,3.0,3.0,5.0,1.0,5.0,1.0,1.0,4.0,3.0,3.0,4.0,4.0,2.0,2.0,2.0,1.0,1.0,5.0,5.0,3.0,4.0,3.0,5.0,3.0,2.0,2.0,5.0,1.0,3.0,2.0,2.0,1.0,3.0,3.0,2.0,2.0,1.0,1.0,1.0,1.0,,4.0,,2.0,1.0,2.0,3.0,1.0,0.921551,5.0,5.0,2.5,5.0,1.0
7172.0,12.0,3.0,2.0,37.0,2.0,5.0,5.0,4.0,3.0,4.0,3.0,3.0,3.0,3.0,2.0,,,,,,,,,,,,,,,,,,2.0,2.0,,,,,,,,2.0,4.0,4.0,4.0,5.0,4.0,4.0,3.0,5.0,3.0,3.0,3.0,4.0,4.0,4.0,5.0,2.0,2.0,2.0,2.0,2.0,2.0,2.0,2.0,2.0,2.0,2.0,2.0,2.0,2.0,2.0,2.0,2.0,2.0,2.0,2.0,2.0,2.0,2.0,2.0,2.0,2.0,2.0,2.0,2.0,2.0,4.0,4.0,4.0,4.0,4.0,4.0,4.0,4.0,4.0,4.0,4.0,4.0,4.0,4.0,2.0,5.0,5.0,5.0,5.0,3.0,2.0,4.0,2.0,3.0,3.0,2.0,3.0,5.0,3.0,3.0,3.0,4.0,5.0,4.0,3.0,1.0,4.0,4.0,2.0,,3.0,3.0,3.0,2.0,3.0,3.0,3.0,3.0,3.0,3.0,3.0,3.0,2.0,2.0,2.0,2.0,2.0,2.0,4.0,2.0,2.0,2.0,2.0,1.0,2.0,2.0,2.0,2.0,2.0,2.0,2.0,2.0,2.0,4.0,4.0,2.0,2.0,2.0,2.0,2.0,2.0,4.0,,4.0,2.0,2.0,3.0,3.0,0.900154,3.0,3.5,4.0,3.0,2.0
7177.0,2.0,6.0,1.0,38.0,2.0,5.0,5.0,4.0,4.0,4.0,4.0,5.0,5.0,4.0,1.0,1.0,,3.0,,,,,,,,,12.0,,,,,,1.0,2.0,,,,,,,,2.0,4.0,4.0,2.0,3.0,3.0,5.0,2.0,4.0,3.0,3.0,2.0,4.0,4.0,5.0,5.0,4.0,5.0,5.0,4.0,5.0,4.0,4.0,4.0,3.0,5.0,4.0,4.0,5.0,5.0,4.0,4.0,5.0,4.0,5.0,5.0,4.0,4.0,4.0,5.0,5.0,4.0,5.0,5.0,4.0,4.0,4.0,4.0,5.0,5.0,5.0,4.0,3.0,4.0,4.0,3.0,5.0,4.0,5.0,5.0,5.0,4.0,4.0,5.0,4.0,4.0,2.0,4.0,3.0,4.0,4.0,4.0,5.0,5.0,4.0,5.0,4.0,7.0,4.0,4.0,5.0,1.0,4.0,3.0,3.0,,3.0,4.0,4.0,2.0,3.0,2.0,3.0,4.0,4.0,2.0,3.0,3.0,1.0,2.0,2.0,1.0,2.0,4.0,4.0,3.0,4.0,4.0,5.0,4.0,3.0,4.0,4.0,3.0,4.0,4.0,5.0,4.0,4.0,5.0,4.0,1.0,1.0,2.0,1.0,1.0,,4.0,,3.0,1.0,2.0,3.0,2.0,0.80892,4.666666666666667,4.0,3.5,3.0,2.0
7178.0,9.0,2.0,1.0,47.0,3.0,5.0,5.0,4.0,2.0,5.0,4.0,4.0,5.0,4.0,2.0,,,,,,,,,,,,,,,,,,2.0,2.0,,,,,,,,2.0,4.0,4.0,4.0,4.0,3.0,5.0,4.0,3.0,4.0,4.0,5.0,5.0,5.0,4.0,5.0,4.0,4.0,4.0,4.0,4.0,5.0,4.0,4.0,3.0,3.0,3.0,5.0,5.0,5.0,5.0,4.0,4.0,4.0,5.0,4.0,5.0,5.0,4.0,4.0,4.0,4.0,5.0,5.0,5.0,5.0,4.0,4.0,4.0,5.0,4.0,5.0,5.0,5.0,4.0,3.0,4.0,5.0,5.0,5.0,5.0,4.0,4.0,4.0,5.0,5.0,2.0,1.0,1.0,5.0,4.0,3.0,3.0,4.0,5.0,5.0,3.0,8.0,3.0,3.0,3.0,1.0,3.0,4.0,3.0,,3.0,4.0,3.0,2.0,3.0,1.0,1.0,5.0,2.0,1.0,5.0,2.0,1.0,1.0,1.0,1.0,1.0,1.0,1.0,3.0,3.0,3.0,4.0,2.0,1.0,2.0,2.0,2.0,3.0,3.0,4.0,3.0,3.0,9.0,8.0,2.0,2.0,1.0,2.0,2.0,1.0,4.0,,3.0,2.0,1.0,3.0,2.0,1.065336,4.333333333333333,4.5,3.5,3.0,2.0
7179.0,9.0,2.0,2.0,34.0,2.0,5.0,5.0,3.0,2.0,3.0,3.0,2.0,3.0,3.0,2.0,,,,,,,,,,,,,,,,,,2.0,1.0,,,3.0,,5.0,,,3.0,4.0,4.0,4.0,3.0,4.0,4.0,2.0,3.0,4.0,3.0,2.0,4.0,3.0,4.0,5.0,3.0,3.0,3.0,2.0,2.0,2.0,3.0,2.0,3.0,2.0,2.0,2.0,3.0,3.0,2.0,3.0,3.0,3.0,2.0,3.0,2.0,3.0,3.0,3.0,3.0,3.0,2.0,3.0,3.0,3.0,3.0,4.0,4.0,2.0,3.0,2.0,4.0,3.0,4.0,4.0,3.0,2.0,4.0,4.0,2.0,4.0,2.0,3.0,5.0,3.0,1.0,3.0,1.0,4.0,5.0,3.0,3.0,4.0,3.0,3.0,4.0,6.0,5.0,4.0,2.0,1.0,4.0,4.0,2.0,,3.0,3.0,4.0,2.0,3.0,1.0,2.0,4.0,3.0,3.0,4.0,2.0,1.0,2.0,2.0,1.0,1.0,3.0,3.0,2.0,2.0,1.0,3.0,1.0,1.0,1.0,2.0,2.0,1.0,3.0,1.0,1.0,2.0,11.0,7.0,1.0,1.0,1.0,1.0,2.0,2.0,2.0,,4.0,2.0,2.0,1.0,3.0,1.051499,2.6666666666666665,3.0,4.0,3.0,2.0
7189.0,4.0,2.0,1.0,48.0,3.0,4.0,5.0,3.0,3.0,3.0,2.0,4.0,4.0,3.0,1.0,1.0,2.0,3.0,4.0,5.0,,7.0,,,,11.0,,,,,,,2.0,1.0,1.0,,3.0,,5.0,,,3.0,3.0,3.0,4.0,2.0,2.0,4.0,3.0,3.0,2.0,2.0,4.0,4.0,2.0,3.0,4.0,3.0,3.0,4.0,2.0,3.0,4.0,4.0,2.0,4.0,4.0,5.0,5.0,4.0,2.0,3.0,2.0,3.0,4.0,2.0,2.0,1.0,4.0,3.0,2.0,4.0,4.0,4.0,3.0,2.0,2.0,3.0,2.0,3.0,3.0,2.0,4.0,4.0,3.0,2.0,4.0,4.0,4.0,4.0,1.0,3.0,3.0,2.0,4.0,5.0,4.0,2.0,3.0,4.0,3.0,4.0,4.0,4.0,5.0,5.0,5.0,4.0,5.0,1.0,2.0,5.0,1.0,4.0,4.0,1.0,,4.0,3.0,5.0,2.0,3.0,1.0,3.0,4.0,3.0,2.0,2.0,3.0,1.0,1.0,2.0,1.0,1.0,5.0,5.0,4.0,4.0,3.0,4.0,3.0,1.0,1.0,3.0,2.0,1.0,2.0,2.0,3.0,3.0,4.0,5.0,1.0,1.0,1.0,2.0,2.0,1.0,4.0,,3.0,2.0,1.0,3.0,2.0,1.065336,3.6666666666666665,2.5,4.0,3.0,2.0
7191.0,13.0,4.0,1.0,39.0,2.0,5.0,5.0,5.0,3.0,4.0,4.0,5.0,5.0,5.0,2.0,,,,,,,,,,,,,,,,,,2.0,1.0,,,3.0,4.0,5.0,,,4.0,3.0,4.0,2.0,3.0,3.0,4.0,1.0,4.0,4.0,4.0,4.0,4.0,4.0,4.0,5.0,5.0,5.0,5.0,5.0,5.0,5.0,5.0,5.0,5.0,5.0,5.0,5.0,5.0,5.0,5.0,4.0,4.0,4.0,4.0,4.0,4.0,4.0,4.0,4.0,4.0,4.0,4.0,4.0,4.0,4.0,5.0,5.0,5.0,5.0,5.0,5.0,5.0,5.0,5.0,5.0,5.0,5.0,5.0,5.0,5.0,5.0,3.0,3.0,5.0,4.0,3.0,4.0,1.0,3.0,3.0,3.0,3.0,4.0,5.0,5.0,5.0,11.0,3.0,3.0,5.0,1.0,5.0,5.0,4.0,,3.0,3.0,5.0,2.0,4.0,1.0,3.0,4.0,3.0,3.0,3.0,3.0,2.0,2.0,2.0,1.0,2.0,2.0,3.0,3.0,3.0,3.0,4.0,3.0,1.0,1.0,1.0,3.0,3.0,3.0,3.0,1.0,4.0,6.0,1.0,2.0,2.0,2.0,2.0,2.0,1.0,4.0,,4.0,2.0,1.0,3.0,3.0,1.028782,5.0,4.0,5.0,4.0,2.0
7195.0,4.0,2.0,2.0,50.0,4.0,4.0,5.0,5.0,5.0,4.0,4.0,4.0,4.0,3.0,2.0,,,,,,,,,,,,,,,,,,2.0,2.0,,,,,,,,3.0,4.0,4.0,4.0,4.0,3.0,4.0,3.0,4.0,4.0,3.0,3.0,4.0,4.0,3.0,5.0,4.0,4.0,4.0,4.0,4.0,4.0,4.0,4.0,4.0,4.0,4.0,4.0,4.0,4.0,4.0,3.0,3.0,4.0,3.0,3.0,3.0,3.0,4.0,4.0,4.0,4.0,3.0,4.0,4.0,4.0,4.0,4.0,4.0,4.0,4.0,4.0,3.0,4.0,4.0,4.0,4.0,4.0,5.0,4.0,5.0,3.0,3.0,4.0,4.0,3.0,3.0,3.0,3.0,3.0,3.0,2.0,3.0,4.0,3.0,4.0,4.0,6.0,3.0,4.0,3.0,1.0,4.0,4.0,3.0,,3.0,3.0,4.0,2.0,3.0,3.0,4.0,4.0,3.0,3.0,3.0,3.0,2.0,2.0,2.0,2.0,2.0,4.0,4.0,3.0,3.0,3.0,3.0,2.0,2.0,2.0,2.0,2.0,2.0,2.0,2.0,3.0,3.0,6.0,6.0,2.0,2.0,2.0,2.0,2.0,1.0,5.0,,4.0,2.0,1.0,4.0,3.0,1.05617,3.6666666666666665,4.0,4.0,3.0,2.0
7277.0,11.0,3.0,1.0,20.0,1.0,5.0,5.0,4.0,3.0,4.0,4.0,4.0,4.0,5.0,2.0,,,,,,,,,,,,,,,,,,2.0,1.0,1.0,,3.0,,5.0,,,3.0,5.0,4.0,3.0,4.0,3.0,5.0,2.0,5.0,3.0,3.0,2.0,4.0,4.0,4.0,5.0,3.0,3.0,4.0,4.0,4.0,4.0,5.0,5.0,5.0,5.0,4.0,4.0,5.0,2.0,2.0,4.0,4.0,4.0,2.0,4.0,2.0,4.0,2.0,2.0,2.0,4.0,4.0,4.0,2.0,3.0,4.0,4.0,5.0,4.0,5.0,3.0,5.0,3.0,4.0,4.0,5.0,5.0,5.0,3.0,3.0,4.0,2.0,4.0,4.0,3.0,2.0,2.0,2.0,4.0,4.0,3.0,4.0,4.0,4.0,3.0,4.0,9.0,3.0,4.0,4.0,1.0,2.0,1.0,2.0,,4.0,4.0,4.0,1.0,5.0,1.0,4.0,5.0,4.0,4.0,5.0,4.0,2.0,1.0,1.0,1.0,2.0,5.0,5.0,5.0,5.0,5.0,5.0,3.0,3.0,3.0,4.0,4.0,5.0,5.0,5.0,2.0,4.0,6.0,3.0,1.0,2.0,1.0,2.0,1.0,,6.0,,2.0,1.0,2.0,5.0,1.0,0.984842,4.333333333333333,4.0,1.5,5.0,1.0
7460.0,1.0,1.0,2.0,52.0,4.0,5.0,5.0,3.0,3.0,3.0,3.0,3.0,3.0,3.0,2.0,,,,,,,,,,,,,,,,,,2.0,1.0,,,3.0,4.0,5.0,,,2.0,4.0,4.0,4.0,4.0,4.0,4.0,3.0,4.0,4.0,4.0,3.0,4.0,4.0,4.0,5.0,4.0,4.0,4.0,4.0,4.0,4.0,4.0,4.0,4.0,4.0,4.0,4.0,4.0,3.0,4.0,4.0,4.0,4.0,4.0,4.0,4.0,4.0,4.0,4.0,4.0,4.0,4.0,5.0,4.0,4.0,4.0,4.0,4.0,4.0,4.0,4.0,4.0,4.0,4.0,4.0,4.0,4.0,4.0,4.0,4.0,3.0,3.0,2.0,4.0,3.0,3.0,4.0,3.0,3.0,4.0,3.0,3.0,3.0,4.0,4.0,4.0,9.0,4.0,4.0,3.0,1.0,4.0,3.0,5.0,,3.0,3.0,4.0,2.0,3.0,3.0,3.0,4.0,3.0,3.0,4.0,3.0,2.0,2.0,2.0,2.0,2.0,4.0,4.0,4.0,3.0,3.0,4.0,3.0,3.0,3.0,3.0,3.0,3.0,3.0,3.0,3.0,4.0,3.0,3.0,2.0,2.0,2.0,2.0,2.0,1.0,5.0,,3.0,2.0,1.0,4.0,2.0,1.053567,3.0,3.0,3.5,3.0,2.0
7477.0,3.0,5.0,2.0,28.0,1.0,4.0,4.0,5.0,4.0,5.0,4.0,4.0,4.0,4.0,1.0,1.0,,,,,,,,,,,,13.0,,,,,2.0,2.0,,,,,,,,3.0,4.0,2.0,3.0,2.0,2.0,4.0,3.0,4.0,3.0,3.0,3.0,4.0,4.0,3.0,5.0,5.0,4.0,3.0,2.0,2.0,3.0,3.0,4.0,3.0,4.0,3.0,4.0,3.0,5.0,5.0,5.0,5.0,5.0,4.0,4.0,5.0,4.0,4.0,4.0,5.0,3.0,4.0,4.0,3.0,4.0,3.0,3.0,4.0,3.0,4.0,5.0,4.0,3.0,4.0,4.0,3.0,4.0,5.0,3.0,4.0,4.0,5.0,5.0,5.0,5.0,4.0,4.0,3.0,3.0,3.0,4.0,5.0,5.0,5.0,4.0,4.0,11.0,4.0,4.0,4.0,1.0,4.0,4.0,3.0,,4.0,3.0,5.0,1.0,4.0,4.0,3.0,4.0,3.0,4.0,3.0,3.0,2.0,2.0,2.0,2.0,2.0,4.0,4.0,4.0,4.0,4.0,5.0,3.0,3.0,3.0,4.0,3.0,2.0,5.0,4.0,2.0,4.0,2.0,2.0,1.0,2.0,2.0,1.0,1.0,,6.0,,3.0,1.0,2.0,5.0,2.0,0.976825,4.0,4.5,4.0,4.0,1.0
7480.0,10.0,3.0,1.0,44.0,3.0,5.0,5.0,5.0,5.0,3.0,3.0,2.0,3.0,2.0,2.0,,,,,,,,,,,,,,,,,,2.0,1.0,,,,,5.0,,,2.0,5.0,4.0,4.0,4.0,3.0,4.0,3.0,3.0,3.0,3.0,3.0,4.0,3.0,4.0,5.0,3.0,3.0,3.0,3.0,3.0,3.0,3.0,3.0,3.0,3.0,3.0,3.0,4.0,3.0,3.0,2.0,2.0,2.0,2.0,2.0,2.0,2.0,2.0,2.0,2.0,2.0,3.0,4.0,3.0,2.0,3.0,3.0,3.0,3.0,3.0,3.0,3.0,3.0,3.0,3.0,4.0,4.0,4.0,4.0,3.0,5.0,4.0,4.0,4.0,4.0,3.0,4.0,4.0,3.0,2.0,2.0,3.0,4.0,4.0,4.0,3.0,6.0,2.0,2.0,3.0,1.0,5.0,5.0,4.0,,2.0,1.0,3.0,2.0,1.0,1.0,1.0,3.0,1.0,1.0,3.0,2.0,1.0,2.0,2.0,1.0,2.0,3.0,3.0,1.0,1.0,1.0,2.0,1.0,1.0,1.0,1.0,1.0,1.0,2.0,1.0,1.0,1.0,10.0,6.0,1.0,1.0,1.0,2.0,2.0,1.0,4.0,,3.0,2.0,1.0,3.0,2.0,0.776027,2.3333333333333335,3.0,5.0,1.0,2.0
7498.0,3.0,5.0,1.0,47.0,3.0,4.0,4.0,4.0,4.0,4.0,4.0,4.0,3.0,4.0,2.0,,,,,,,,,,,,,,,,,,2.0,2.0,,,,,,,,3.0,4.0,4.0,4.0,4.0,4.0,4.0,4.0,4.0,4.0,4.0,4.0,4.0,4.0,4.0,5.0,4.0,4.0,4.0,4.0,4.0,4.0,3.0,4.0,4.0,4.0,3.0,4.0,4.0,3.0,4.0,4.0,4.0,4.0,4.0,3.0,4.0,3.0,4.0,3.0,3.0,3.0,4.0,4.0,3.0,4.0,3.0,3.0,3.0,3.0,3.0,3.0,3.0,3.0,3.0,3.0,3.0,4.0,4.0,3.0,4.0,4.0,3.0,3.0,4.0,4.0,3.0,4.0,4.0,4.0,4.0,4.0,4.0,5.0,4.0,4.0,4.0,6.0,3.0,2.0,3.0,2.0,3.0,3.0,3.0,,3.0,3.0,4.0,2.0,4.0,4.0,4.0,4.0,4.0,3.0,4.0,4.0,2.0,2.0,2.0,2.0,2.0,2.0,3.0,2.0,3.0,3.0,3.0,3.0,1.0,2.0,3.0,1.0,3.0,3.0,3.0,3.0,3.0,6.0,5.0,2.0,2.0,2.0,2.0,2.0,1.0,3.0,,3.0,2.0,1.0,2.0,2.0,0.956937,3.6666666666666665,4.0,3.0,4.0,2.0
7504.0,1.0,1.0,2.0,37.0,2.0,3.0,3.0,3.0,3.0,3.0,3.0,3.0,3.0,3.0,2.0,,,,,,,,,,,,,,,,,,2.0,2.0,,,,,,,,2.0,4.0,4.0,3.0,4.0,3.0,4.0,3.0,4.0,4.0,3.0,4.0,4.0,5.0,3.0,5.0,5.0,5.0,5.0,5.0,5.0,5.0,5.0,5.0,5.0,5.0,5.0,5.0,5.0,5.0,5.0,3.0,4.0,5.0,3.0,4.0,5.0,4.0,3.0,4.0,5.0,4.0,3.0,4.0,5.0,4.0,4.0,5.0,4.0,4.0,5.0,4.0,5.0,4.0,5.0,4.0,5.0,4.0,5.0,4.0,5.0,4.0,5.0,4.0,5.0,4.0,5.0,4.0,5.0,4.0,5.0,4.0,5.0,4.0,5.0,4.0,5.0,6.0,4.0,4.0,4.0,2.0,4.0,4.0,1.0,,3.0,4.0,5.0,1.0,4.0,4.0,5.0,4.0,5.0,4.0,5.0,4.0,2.0,2.0,2.0,2.0,2.0,3.0,4.0,5.0,4.0,3.0,4.0,5.0,4.0,3.0,4.0,5.0,4.0,3.0,4.0,5.0,4.0,6.0,6.0,1.0,2.0,1.0,2.0,1.0,,7.0,,4.0,1.0,2.0,6.0,3.0,1.036816,3.0,3.0,4.0,4.0,1.0
7592.0,4.0,2.0,2.0,45.0,3.0,5.0,5.0,3.0,2.0,4.0,4.0,3.0,4.0,3.0,1.0,1.0,,3.0,4.0,,,,,,,,,,,,,,2.0,1.0,,,,4.0,,,,2.0,4.0,4.0,3.0,4.0,3.0,4.0,3.0,4.0,3.0,3.0,3.0,5.0,4.0,3.0,5.0,5.0,4.0,4.0,4.0,4.0,4.0,4.0,4.0,3.0,3.0,3.0,3.0,4.0,4.0,3.0,1.0,1.0,1.0,1.0,1.0,1.0,1.0,1.0,1.0,1.0,1.0,1.0,2.0,2.0,1.0,3.0,3.0,3.0,2.0,2.0,3.0,2.0,3.0,3.0,3.0,3.0,3.0,4.0,4.0,3.0,4.0,4.0,4.0,3.0,4.0,3.0,3.0,2.0,2.0,2.0,2.0,1.0,5.0,5.0,4.0,3.0,8.0,4.0,1.0,4.0,1.0,5.0,5.0,4.0,,3.0,2.0,4.0,2.0,1.0,1.0,1.0,4.0,3.0,2.0,4.0,2.0,2.0,2.0,2.0,1.0,2.0,3.0,3.0,2.0,2.0,2.0,2.0,2.0,1.0,1.0,1.0,2.0,2.0,3.0,2.0,2.0,3.0,8.0,7.0,2.0,2.0,2.0,2.0,2.0,1.0,4.0,,4.0,2.0,1.0,3.0,3.0,0.965456,3.3333333333333335,4.0,5.0,1.0,2.0
7605.0,1.0,1.0,1.0,37.0,2.0,4.0,4.0,3.0,3.0,4.0,4.0,3.0,3.0,3.0,2.0,,,,,,,,,,,,,,,,,,2.0,2.0,,,,,,,,3.0,3.0,3.0,2.0,2.0,2.0,4.0,2.0,4.0,2.0,2.0,2.0,3.0,4.0,3.0,4.0,3.0,3.0,3.0,3.0,3.0,3.0,2.0,3.0,3.0,3.0,3.0,3.0,3.0,3.0,3.0,3.0,3.0,3.0,3.0,3.0,3.0,3.0,3.0,3.0,3.0,3.0,3.0,3.0,3.0,3.0,3.0,3.0,3.0,3.0,3.0,3.0,3.0,3.0,3.0,2.0,3.0,3.0,3.0,2.0,3.0,4.0,4.0,5.0,5.0,4.0,3.0,3.0,3.0,3.0,3.0,3.0,3.0,3.0,3.0,3.0,3.0,3.0,3.0,4.0,3.0,1.0,3.0,3.0,1.0,,3.0,3.0,3.0,1.0,3.0,3.0,3.0,4.0,3.0,3.0,3.0,3.0,2.0,2.0,2.0,2.0,2.0,3.0,4.0,3.0,3.0,3.0,3.0,3.0,3.0,3.0,2.0,3.0,3.0,3.0,3.0,2.0,3.0,6.0,6.0,2.0,2.0,2.0,2.0,1.0,,2.0,,4.0,1.0,2.0,1.0,3.0,1.080947,3.0,4.0,3.0,3.0,1.0
7629.0,14.0,4.0,2.0,55.0,4.0,5.0,5.0,4.0,4.0,5.0,5.0,4.0,4.0,4.0,2.0,,,,,,,,,,,,,,,,,,2.0,1.0,,2.0,3.0,4.0,,,,2.0,4.0,4.0,4.0,4.0,3.0,4.0,3.0,5.0,4.0,4.0,3.0,5.0,5.0,4.0,5.0,5.0,5.0,5.0,5.0,5.0,4.0,5.0,5.0,5.0,5.0,5.0,5.0,5.0,4.0,4.0,4.0,4.0,5.0,4.0,4.0,3.0,4.0,5.0,5.0,5.0,5.0,4.0,5.0,4.0,4.0,4.0,4.0,5.0,4.0,5.0,3.0,4.0,5.0,5.0,5.0,5.0,4.0,5.0,5.0,4.0,4.0,4.0,5.0,5.0,3.0,2.0,4.0,5.0,2.0,3.0,3.0,4.0,4.0,4.0,4.0,4.0,10.0,3.0,2.0,3.0,1.0,4.0,4.0,3.0,,3.0,4.0,5.0,1.0,4.0,5.0,5.0,4.0,4.0,4.0,5.0,4.0,1.0,1.0,1.0,1.0,1.0,4.0,4.0,4.0,4.0,4.0,4.0,4.0,4.0,4.0,3.0,4.0,3.0,4.0,3.0,3.0,4.0,6.0,1.0,1.0,1.0,2.0,2.0,2.0,1.0,5.0,,3.0,2.0,1.0,4.0,2.0,1.055948,4.0,5.0,4.0,4.0,1.0
7631.0,9.0,2.0,1.0,38.0,2.0,4.0,5.0,4.0,2.0,2.0,3.0,4.0,4.0,4.0,2.0,,,,,,,,,,,,,,,,,,2.0,2.0,,,,,,,,4.0,2.0,3.0,3.0,2.0,4.0,4.0,1.0,5.0,3.0,2.0,2.0,4.0,4.0,4.0,5.0,1.0,4.0,4.0,4.0,4.0,1.0,5.0,5.0,5.0,5.0,1.0,2.0,5.0,1.0,1.0,4.0,4.0,4.0,4.0,4.0,4.0,4.0,4.0,3.0,4.0,1.0,2.0,3.0,3.0,4.0,3.0,4.0,3.0,3.0,4.0,4.0,5.0,5.0,4.0,4.0,2.0,2.0,3.0,3.0,4.0,4.0,2.0,3.0,4.0,4.0,3.0,4.0,3.0,4.0,4.0,2.0,3.0,5.0,4.0,4.0,4.0,9.0,3.0,3.0,3.0,1.0,4.0,4.0,2.0,,3.0,4.0,4.0,1.0,4.0,1.0,3.0,5.0,3.0,4.0,4.0,4.0,2.0,2.0,2.0,1.0,1.0,4.0,4.0,4.0,4.0,4.0,4.0,2.0,2.0,2.0,4.0,4.0,2.0,4.0,4.0,3.0,3.0,8.0,8.0,2.0,2.0,1.0,1.0,2.0,1.0,4.0,,4.0,2.0,1.0,3.0,3.0,0.921551,4.0,2.5,4.0,4.0,1.0
7671.0,2.0,6.0,2.0,29.0,1.0,4.0,4.0,3.0,3.0,4.0,4.0,4.0,3.0,4.0,2.0,,,,,,,,,,,,,,,,,,2.0,1.0,,,3.0,4.0,5.0,,,3.0,3.0,3.0,3.0,3.0,4.0,2.0,3.0,4.0,4.0,3.0,2.0,4.0,4.0,4.0,5.0,3.0,3.0,3.0,3.0,3.0,3.0,3.0,3.0,3.0,3.0,3.0,3.0,3.0,3.0,3.0,3.0,3.0,3.0,3.0,3.0,3.0,3.0,3.0,3.0,3.0,3.0,3.0,3.0,3.0,3.0,3.0,3.0,3.0,3.0,3.0,3.0,4.0,4.0,3.0,3.0,3.0,4.0,4.0,3.0,3.0,4.0,4.0,4.0,4.0,2.0,1.0,3.0,2.0,4.0,4.0,2.0,3.0,4.0,3.0,3.0,3.0,8.0,4.0,2.0,3.0,1.0,4.0,4.0,3.0,,3.0,3.0,4.0,2.0,2.0,1.0,3.0,3.0,2.0,2.0,4.0,3.0,2.0,2.0,2.0,1.0,2.0,4.0,4.0,3.0,4.0,3.0,2.0,2.0,2.0,2.0,2.0,3.0,3.0,3.0,3.0,2.0,4.0,9.0,3.0,1.0,2.0,2.0,2.0,1.0,,3.0,,4.0,1.0,2.0,2.0,3.0,1.101295,3.6666666666666665,4.0,4.0,2.0,2.0
7674.0,6.0,3.0,2.0,37.0,2.0,5.0,5.0,5.0,5.0,5.0,5.0,4.0,4.0,4.0,2.0,,,,,,,,,,,,,,,,,,2.0,1.0,1.0,,3.0,,5.0,,,3.0,4.0,4.0,4.0,3.0,4.0,5.0,5.0,5.0,3.0,3.0,3.0,4.0,5.0,4.0,5.0,5.0,5.0,5.0,5.0,5.0,5.0,5.0,5.0,5.0,5.0,5.0,5.0,5.0,5.0,4.0,5.0,5.0,5.0,5.0,5.0,5.0,5.0,5.0,5.0,5.0,5.0,5.0,5.0,5.0,5.0,5.0,5.0,5.0,5.0,5.0,5.0,5.0,5.0,5.0,5.0,5.0,5.0,5.0,5.0,5.0,4.0,4.0,5.0,5.0,5.0,4.0,4.0,5.0,4.0,4.0,4.0,4.0,4.0,4.0,4.0,5.0,6.0,5.0,1.0,5.0,1.0,5.0,5.0,4.0,,3.0,1.0,5.0,2.0,4.0,3.0,4.0,4.0,4.0,3.0,4.0,4.0,1.0,1.0,1.0,1.0,2.0,5.0,5.0,5.0,5.0,5.0,5.0,5.0,1.0,1.0,3.0,3.0,5.0,5.0,3.0,1.0,4.0,6.0,3.0,1.0,1.0,2.0,2.0,1.0,,4.0,,4.0,1.0,2.0,3.0,3.0,0.900154,4.0,5.0,5.0,4.0,2.0
7689.0,14.0,4.0,2.0,48.0,3.0,5.0,5.0,4.0,4.0,5.0,5.0,5.0,5.0,5.0,2.0,,,,,,,,,,,,,,,,,,2.0,1.0,1.0,,,,5.0,,,2.0,4.0,4.0,3.0,4.0,5.0,5.0,3.0,4.0,3.0,3.0,3.0,5.0,5.0,5.0,5.0,5.0,5.0,4.0,5.0,5.0,5.0,5.0,4.0,5.0,5.0,5.0,5.0,5.0,3.0,5.0,4.0,4.0,4.0,5.0,4.0,5.0,4.0,5.0,5.0,5.0,5.0,5.0,5.0,3.0,4.0,4.0,4.0,5.0,5.0,5.0,5.0,4.0,5.0,5.0,5.0,5.0,5.0,5.0,4.0,5.0,5.0,5.0,5.0,5.0,4.0,1.0,2.0,2.0,4.0,4.0,2.0,4.0,5.0,5.0,5.0,5.0,11.0,4.0,5.0,5.0,1.0,5.0,5.0,2.0,,3.0,4.0,5.0,2.0,2.0,1.0,1.0,5.0,3.0,3.0,3.0,2.0,2.0,2.0,2.0,2.0,2.0,4.0,4.0,4.0,4.0,4.0,4.0,2.0,2.0,1.0,1.0,1.0,1.0,4.0,4.0,1.0,5.0,11.0,1.0,2.0,2.0,2.0,2.0,2.0,1.0,4.0,,3.0,2.0,1.0,3.0,2.0,0.826771,5.0,5.0,5.0,2.0,2.0
7744.0,15.0,5.0,1.0,45.0,3.0,4.0,5.0,3.0,3.0,4.0,3.0,3.0,4.0,4.0,2.0,,,,,,,,,,,,,,,,,,2.0,2.0,,,,,,,,3.0,3.0,3.0,1.0,3.0,2.0,4.0,2.0,3.0,3.0,3.0,2.0,3.0,3.0,3.0,3.0,3.0,3.0,3.0,4.0,3.0,4.0,3.0,3.0,3.0,3.0,3.0,4.0,3.0,3.0,3.0,4.0,4.0,4.0,4.0,4.0,3.0,4.0,4.0,4.0,4.0,4.0,4.0,4.0,3.0,4.0,3.0,4.0,3.0,3.0,3.0,4.0,4.0,3.0,3.0,3.0,3.0,2.0,3.0,3.0,3.0,4.0,4.0,2.0,4.0,3.0,2.0,3.0,1.0,2.0,3.0,2.0,3.0,3.0,3.0,2.0,2.0,8.0,3.0,2.0,3.0,2.0,5.0,5.0,1.0,,2.0,2.0,4.0,2.0,2.0,1.0,2.0,4.0,3.0,3.0,3.0,2.0,1.0,2.0,1.0,1.0,2.0,4.0,4.0,3.0,4.0,3.0,4.0,2.0,1.0,1.0,3.0,3.0,3.0,3.0,2.0,1.0,3.0,5.0,5.0,1.0,2.0,2.0,2.0,1.0,,4.0,,4.0,1.0,2.0,3.0,3.0,0.956937,3.6666666666666665,3.5,5.0,2.0,2.0
7752.0,1.0,1.0,2.0,40.0,3.0,4.0,4.0,3.0,2.0,4.0,4.0,4.0,4.0,4.0,2.0,,,,,,,,,,,,,,,,,,2.0,2.0,,,,,,,,3.0,3.0,3.0,3.0,3.0,2.0,3.0,2.0,4.0,3.0,3.0,3.0,4.0,4.0,3.0,5.0,4.0,4.0,4.0,4.0,4.0,4.0,4.0,5.0,4.0,4.0,4.0,3.0,4.0,3.0,3.0,3.0,3.0,3.0,3.0,3.0,3.0,3.0,2.0,2.0,2.0,2.0,3.0,4.0,2.0,3.0,3.0,4.0,4.0,4.0,4.0,4.0,4.0,4.0,4.0,4.0,4.0,3.0,4.0,4.0,3.0,3.0,2.0,4.0,3.0,2.0,1.0,4.0,2.0,3.0,4.0,2.0,3.0,5.0,5.0,5.0,5.0,8.0,3.0,2.0,3.0,2.0,3.0,2.0,2.0,,4.0,4.0,4.0,1.0,5.0,2.0,2.0,4.0,4.0,3.0,4.0,3.0,2.0,2.0,2.0,2.0,2.0,4.0,4.0,4.0,4.0,4.0,1.0,1.0,1.0,1.0,1.0,1.0,4.0,4.0,4.0,1.0,4.0,4.0,4.0,2.0,2.0,2.0,2.0,2.0,1.0,4.0,,3.0,2.0,1.0,3.0,2.0,1.098998,4.0,4.0,2.5,5.0,1.0
7763.0,16.0,6.0,1.0,45.0,3.0,5.0,5.0,4.0,5.0,4.0,4.0,4.0,4.0,4.0,1.0,1.0,2.0,3.0,4.0,5.0,6.0,,,,,,,,,,,,2.0,2.0,,,,,,,,4.0,4.0,4.0,2.0,3.0,2.0,4.0,2.0,3.0,3.0,2.0,1.0,3.0,2.0,2.0,4.0,3.0,3.0,4.0,3.0,4.0,3.0,3.0,3.0,4.0,4.0,4.0,4.0,5.0,4.0,3.0,4.0,4.0,5.0,4.0,4.0,4.0,5.0,4.0,5.0,4.0,4.0,4.0,5.0,4.0,4.0,4.0,4.0,5.0,4.0,5.0,4.0,4.0,5.0,5.0,4.0,3.0,5.0,5.0,4.0,4.0,4.0,3.0,4.0,4.0,4.0,2.0,3.0,3.0,4.0,4.0,4.0,4.0,5.0,5.0,5.0,4.0,9.0,2.0,3.0,4.0,1.0,3.0,2.0,4.0,,4.0,4.0,4.0,1.0,4.0,2.0,3.0,4.0,3.0,4.0,4.0,4.0,1.0,2.0,2.0,1.0,1.0,4.0,4.0,4.0,4.0,2.0,4.0,2.0,1.0,1.0,1.0,3.0,3.0,3.0,1.0,1.0,4.0,3.0,1.0,1.0,2.0,1.0,2.0,2.0,1.0,4.0,,2.0,2.0,1.0,3.0,1.0,0.846161,4.0,4.0,2.5,4.0,1.0
7786.0,17.0,4.0,2.0,54.0,4.0,5.0,5.0,3.0,3.0,4.0,4.0,4.0,4.0,4.0,1.0,1.0,2.0,3.0,4.0,5.0,6.0,,,,,,,,,,,,1.0,1.0,1.0,,3.0,4.0,5.0,,,1.0,4.0,4.0,5.0,4.0,4.0,4.0,4.0,5.0,4.0,4.0,3.0,4.0,5.0,4.0,5.0,4.0,4.0,5.0,4.0,4.0,4.0,4.0,5.0,4.0,5.0,4.0,5.0,5.0,5.0,5.0,4.0,4.0,5.0,4.0,4.0,4.0,4.0,5.0,4.0,5.0,5.0,5.0,5.0,5.0,5.0,4.0,4.0,5.0,4.0,4.0,4.0,4.0,5.0,4.0,5.0,5.0,5.0,5.0,5.0,5.0,5.0,4.0,4.0,5.0,5.0,5.0,5.0,5.0,3.0,3.0,3.0,4.0,5.0,4.0,5.0,4.0,8.0,4.0,4.0,5.0,1.0,5.0,5.0,2.0,,3.0,2.0,2.0,2.0,2.0,1.0,1.0,2.0,1.0,2.0,3.0,3.0,1.0,2.0,1.0,1.0,2.0,4.0,5.0,3.0,2.0,1.0,2.0,3.0,1.0,1.0,1.0,1.0,1.0,3.0,1.0,1.0,3.0,7.0,9.0,1.0,1.0,1.0,1.0,2.0,1.0,2.0,,4.0,2.0,1.0,1.0,3.0,1.055948,4.0,4.0,5.0,2.0,2.0
7793.0,14.0,4.0,1.0,38.0,2.0,5.0,5.0,4.0,2.0,5.0,4.0,4.0,4.0,4.0,1.0,1.0,,3.0,,,,,,,,,,,,,,,1.0,2.0,,,,,,,,4.0,5.0,5.0,3.0,3.0,4.0,5.0,2.0,5.0,5.0,5.0,5.0,5.0,5.0,5.0,5.0,5.0,5.0,5.0,5.0,5.0,5.0,5.0,5.0,5.0,5.0,5.0,5.0,5.0,5.0,5.0,2.0,2.0,2.0,2.0,2.0,4.0,2.0,2.0,2.0,2.0,2.0,2.0,4.0,2.0,2.0,5.0,5.0,5.0,5.0,5.0,5.0,5.0,5.0,5.0,5.0,5.0,5.0,5.0,5.0,5.0,4.0,2.0,3.0,5.0,4.0,1.0,4.0,4.0,4.0,5.0,5.0,5.0,5.0,5.0,5.0,5.0,10.0,5.0,2.0,4.0,1.0,4.0,5.0,2.0,,3.0,2.0,4.0,1.0,4.0,1.0,2.0,5.0,2.0,3.0,5.0,3.0,2.0,2.0,2.0,1.0,2.0,4.0,4.0,3.0,2.0,1.0,1.0,1.0,1.0,1.0,1.0,1.0,1.0,4.0,1.0,1.0,4.0,10.0,6.0,1.0,1.0,1.0,1.0,2.0,1.0,4.0,,2.0,2.0,1.0,3.0,1.0,1.028782,4.0,4.5,4.5,4.0,1.0
7886.0,6.0,3.0,1.0,42.0,3.0,4.0,4.0,4.0,3.0,4.0,4.0,4.0,4.0,4.0,2.0,,,,,,,,,,,,,,,,,,1.0,2.0,,,,,,,,4.0,4.0,4.0,3.0,4.0,3.0,3.0,2.0,4.0,3.0,2.0,2.0,2.0,2.0,2.0,3.0,2.0,2.0,4.0,2.0,2.0,2.0,2.0,2.0,2.0,2.0,4.0,3.0,4.0,4.0,2.0,3.0,3.0,4.0,3.0,3.0,3.0,3.0,3.0,3.0,3.0,3.0,3.0,4.0,4.0,3.0,3.0,3.0,4.0,3.0,3.0,3.0,3.0,3.0,3.0,3.0,4.0,4.0,4.0,4.0,3.0,4.0,4.0,3.0,4.0,3.0,2.0,3.0,2.0,4.0,4.0,3.0,4.0,4.0,4.0,3.0,4.0,8.0,3.0,4.0,4.0,1.0,4.0,4.0,1.0,,4.0,4.0,4.0,2.0,3.0,4.0,4.0,4.0,4.0,4.0,4.0,4.0,2.0,2.0,2.0,1.0,1.0,4.0,4.0,4.0,4.0,4.0,4.0,4.0,3.0,3.0,4.0,4.0,3.0,4.0,4.0,3.0,4.0,4.0,4.0,2.0,2.0,2.0,2.0,2.0,1.0,4.0,,2.0,2.0,1.0,3.0,1.0,0.776027,4.0,4.0,4.0,3.0,2.0
7898.0,6.0,3.0,2.0,56.0,4.0,5.0,5.0,3.0,3.0,3.0,3.0,3.0,3.0,3.0,2.0,,,,,,,,,,,,,,,,,,2.0,1.0,,,,,5.0,,,2.0,5.0,4.0,4.0,4.0,3.0,5.0,2.0,5.0,4.0,4.0,4.0,5.0,5.0,5.0,5.0,3.0,4.0,4.0,3.0,3.0,3.0,3.0,3.0,3.0,3.0,3.0,3.0,4.0,2.0,3.0,3.0,3.0,3.0,3.0,3.0,3.0,2.0,3.0,3.0,3.0,3.0,4.0,4.0,2.0,4.0,4.0,4.0,4.0,3.0,3.0,3.0,3.0,3.0,3.0,4.0,4.0,4.0,4.0,3.0,4.0,4.0,3.0,3.0,3.0,3.0,2.0,3.0,2.0,4.0,4.0,4.0,4.0,4.0,4.0,3.0,4.0,5.0,3.0,3.0,5.0,1.0,4.0,4.0,2.0,,4.0,3.0,4.0,1.0,3.0,1.0,3.0,3.0,2.0,3.0,3.0,3.0,2.0,2.0,1.0,1.0,1.0,2.0,4.0,2.0,3.0,2.0,3.0,2.0,2.0,2.0,2.0,2.0,2.0,3.0,2.0,2.0,3.0,7.0,8.0,1.0,2.0,1.0,2.0,3.0,2.0,4.0,,5.0,3.0,2.0,3.0,3.0,0.976223,3.0,3.0,4.0,3.0,1.0
7904.0,9.0,2.0,2.0,40.0,3.0,5.0,5.0,3.0,3.0,3.0,3.0,3.0,4.0,4.0,2.0,,,,,,,,,,,,,,,,,,2.0,2.0,,,,,,,,4.0,3.0,3.0,4.0,3.0,3.0,3.0,3.0,3.0,4.0,4.0,3.0,5.0,4.0,3.0,3.0,4.0,4.0,4.0,4.0,4.0,4.0,4.0,4.0,4.0,4.0,4.0,5.0,5.0,4.0,4.0,3.0,3.0,5.0,3.0,3.0,3.0,5.0,5.0,5.0,5.0,3.0,5.0,4.0,3.0,4.0,3.0,3.0,4.0,4.0,4.0,4.0,4.0,4.0,4.0,4.0,3.0,4.0,4.0,3.0,4.0,4.0,3.0,4.0,5.0,4.0,2.0,3.0,4.0,4.0,3.0,3.0,4.0,4.0,3.0,3.0,4.0,3.0,1.0,3.0,3.0,1.0,4.0,4.0,3.0,,3.0,4.0,2.0,1.0,4.0,4.0,4.0,4.0,4.0,4.0,4.0,4.0,1.0,2.0,2.0,1.0,2.0,4.0,4.0,4.0,4.0,3.0,4.0,3.0,2.0,2.0,2.0,3.0,3.0,3.0,4.0,3.0,3.0,9.0,9.0,1.0,1.0,1.0,1.0,2.0,1.0,4.0,,3.0,2.0,1.0,3.0,2.0,0.965456,3.6666666666666665,3.0,4.0,4.0,1.0
8036.0,3.0,5.0,2.0,28.0,1.0,5.0,5.0,3.0,2.0,4.0,3.0,4.0,4.0,4.0,1.0,1.0,2.0,,4.0,5.0,,,,,,,12.0,13.0,,,,,2.0,2.0,,,,,,,,2.0,4.0,3.0,3.0,3.0,4.0,4.0,2.0,5.0,4.0,3.0,3.0,5.0,4.0,3.0,5.0,4.0,3.0,4.0,2.0,4.0,3.0,3.0,4.0,4.0,4.0,4.0,3.0,5.0,3.0,4.0,2.0,3.0,4.0,2.0,3.0,3.0,3.0,3.0,4.0,3.0,2.0,1.0,4.0,2.0,3.0,4.0,4.0,4.0,3.0,4.0,3.0,3.0,4.0,4.0,4.0,4.0,4.0,5.0,4.0,3.0,4.0,5.0,5.0,5.0,5.0,2.0,4.0,2.0,4.0,4.0,3.0,4.0,3.0,4.0,4.0,4.0,9.0,4.0,3.0,5.0,1.0,5.0,5.0,4.0,,2.0,1.0,4.0,2.0,2.0,2.0,2.0,3.0,2.0,2.0,3.0,2.0,1.0,2.0,2.0,1.0,2.0,3.0,3.0,2.0,3.0,2.0,3.0,2.0,1.0,1.0,2.0,2.0,3.0,3.0,1.0,1.0,3.0,10.0,3.0,1.0,2.0,1.0,2.0,1.0,,3.0,,3.0,1.0,2.0,2.0,2.0,0.976825,4.0,3.5,5.0,2.0,2.0
8046.0,3.0,5.0,1.0,44.0,3.0,5.0,5.0,4.0,4.0,5.0,5.0,5.0,5.0,5.0,2.0,,,,,,,,,,,,,,,,,,2.0,1.0,,,,4.0,5.0,,,5.0,3.0,3.0,2.0,2.0,2.0,3.0,2.0,2.0,2.0,2.0,1.0,2.0,3.0,4.0,4.0,5.0,5.0,5.0,5.0,5.0,5.0,5.0,5.0,5.0,5.0,5.0,5.0,5.0,5.0,5.0,5.0,5.0,5.0,5.0,5.0,5.0,5.0,5.0,5.0,5.0,5.0,5.0,5.0,5.0,5.0,5.0,5.0,5.0,5.0,5.0,5.0,5.0,5.0,5.0,5.0,5.0,4.0,5.0,4.0,5.0,5.0,4.0,4.0,4.0,5.0,4.0,5.0,4.0,3.0,3.0,4.0,4.0,4.0,5.0,4.0,4.0,9.0,4.0,3.0,3.0,2.0,2.0,2.0,5.0,,4.0,4.0,5.0,1.0,5.0,4.0,4.0,5.0,4.0,3.0,3.0,4.0,2.0,2.0,2.0,2.0,2.0,5.0,5.0,5.0,5.0,5.0,5.0,5.0,5.0,5.0,5.0,5.0,5.0,5.0,5.0,5.0,5.0,1.0,1.0,2.0,2.0,2.0,2.0,2.0,1.0,4.0,,2.0,2.0,1.0,3.0,1.0,0.956937,5.0,5.0,2.0,5.0,1.0
8056.0,1.0,1.0,1.0,24.0,1.0,5.0,5.0,3.0,2.0,3.0,3.0,2.0,2.0,2.0,2.0,,,,,,,,,,,,,,,,,,2.0,2.0,,,,,,,,2.0,3.0,4.0,3.0,4.0,3.0,5.0,3.0,4.0,4.0,3.0,3.0,4.0,3.0,4.0,5.0,2.0,2.0,2.0,2.0,2.0,2.0,2.0,2.0,2.0,2.0,2.0,2.0,3.0,2.0,2.0,2.0,2.0,2.0,2.0,2.0,2.0,2.0,2.0,2.0,2.0,2.0,2.0,3.0,2.0,2.0,3.0,3.0,4.0,3.0,4.0,3.0,3.0,4.0,3.0,3.0,3.0,3.0,4.0,4.0,3.0,4.0,4.0,3.0,4.0,3.0,2.0,3.0,2.0,4.0,3.0,4.0,3.0,3.0,3.0,3.0,3.0,8.0,4.0,2.0,3.0,1.0,4.0,3.0,2.0,,3.0,2.0,3.0,2.0,3.0,1.0,1.0,4.0,2.0,3.0,4.0,2.0,2.0,2.0,2.0,2.0,2.0,1.0,3.0,3.0,3.0,2.0,1.0,2.0,1.0,1.0,1.0,1.0,1.0,1.0,1.0,1.0,3.0,8.0,8.0,1.0,2.0,2.0,2.0,1.0,,6.0,,3.0,1.0,2.0,5.0,2.0,1.112248,2.0,3.0,3.5,3.0,2.0
8099.0,7.0,6.0,1.0,26.0,1.0,4.0,5.0,4.0,3.0,5.0,4.0,5.0,5.0,5.0,2.0,,,,,,,,,,,,,,,,,,2.0,2.0,,,,,,,,3.0,3.0,3.0,3.0,3.0,3.0,3.0,2.0,3.0,3.0,3.0,1.0,3.0,3.0,3.0,5.0,3.0,4.0,5.0,3.0,2.0,2.0,2.0,4.0,4.0,5.0,3.0,2.0,5.0,4.0,3.0,4.0,5.0,5.0,3.0,2.0,2.0,2.0,2.0,3.0,3.0,3.0,2.0,5.0,4.0,2.0,3.0,3.0,3.0,3.0,3.0,3.0,3.0,4.0,3.0,3.0,3.0,3.0,5.0,3.0,4.0,4.0,5.0,4.0,5.0,2.0,2.0,3.0,2.0,3.0,3.0,1.0,1.0,5.0,4.0,5.0,3.0,5.0,3.0,2.0,3.0,1.0,3.0,3.0,3.0,,3.0,4.0,3.0,1.0,4.0,4.0,4.0,4.0,3.0,3.0,3.0,4.0,2.0,1.0,2.0,1.0,2.0,4.0,4.0,3.0,4.0,3.0,5.0,3.0,2.0,2.0,3.0,3.0,3.0,3.0,3.0,2.0,3.0,6.0,6.0,2.0,2.0,2.0,2.0,1.0,,6.0,,2.0,1.0,2.0,5.0,1.0,1.00476,5.0,4.5,3.0,4.0,1.0
8133.0,4.0,2.0,1.0,47.0,3.0,5.0,5.0,4.0,3.0,4.0,4.0,4.0,4.0,4.0,2.0,,,,,,,,,,,,,,,,,,2.0,1.0,,,,,5.0,,,3.0,3.0,3.0,3.0,4.0,3.0,5.0,3.0,4.0,4.0,3.0,3.0,3.0,4.0,3.0,4.0,3.0,3.0,3.0,3.0,3.0,3.0,3.0,3.0,3.0,3.0,3.0,3.0,3.0,3.0,3.0,3.0,3.0,3.0,3.0,3.0,4.0,3.0,3.0,4.0,4.0,3.0,3.0,3.0,4.0,3.0,4.0,4.0,4.0,4.0,4.0,4.0,4.0,4.0,4.0,4.0,4.0,4.0,4.0,4.0,4.0,3.0,3.0,3.0,4.0,4.0,2.0,3.0,3.0,3.0,3.0,3.0,3.0,4.0,4.0,3.0,3.0,9.0,4.0,4.0,4.0,1.0,4.0,4.0,2.0,,3.0,2.0,4.0,2.0,3.0,1.0,2.0,4.0,3.0,3.0,3.0,3.0,1.0,1.0,1.0,1.0,2.0,4.0,4.0,4.0,4.0,4.0,4.0,4.0,3.0,3.0,3.0,3.0,3.0,3.0,2.0,2.0,3.0,9.0,8.0,2.0,2.0,2.0,2.0,2.0,1.0,4.0,,3.0,2.0,1.0,3.0,2.0,1.065336,4.0,4.0,4.0,3.0,2.0
8155.0,3.0,5.0,2.0,30.0,2.0,4.0,5.0,2.0,2.0,2.0,2.0,3.0,1.0,2.0,2.0,,,,,,,,,,,,,,,,,,2.0,1.0,,,,4.0,5.0,,,2.0,2.0,2.0,3.0,2.0,4.0,5.0,3.0,4.0,5.0,4.0,3.0,4.0,3.0,4.0,5.0,4.0,2.0,1.0,1.0,1.0,1.0,4.0,3.0,4.0,1.0,1.0,1.0,2.0,1.0,1.0,1.0,4.0,4.0,1.0,3.0,1.0,4.0,4.0,4.0,2.0,1.0,1.0,1.0,1.0,1.0,1.0,1.0,4.0,2.0,2.0,1.0,2.0,2.0,4.0,2.0,1.0,1.0,1.0,1.0,1.0,4.0,3.0,4.0,4.0,2.0,2.0,3.0,2.0,2.0,2.0,4.0,4.0,5.0,4.0,2.0,2.0,3.0,5.0,1.0,3.0,2.0,5.0,5.0,4.0,,2.0,3.0,4.0,2.0,1.0,1.0,1.0,2.0,1.0,1.0,3.0,1.0,2.0,2.0,2.0,2.0,2.0,3.0,4.0,1.0,1.0,1.0,1.0,3.0,1.0,1.0,3.0,3.0,4.0,2.0,2.0,1.0,2.0,9.0,3.0,1.0,2.0,1.0,2.0,1.0,,3.0,,4.0,1.0,2.0,2.0,3.0,1.024093,2.0,2.0,5.0,1.0,2.0
8166.0,14.0,4.0,2.0,53.0,4.0,4.0,4.0,4.0,4.0,4.0,4.0,4.0,3.0,4.0,2.0,,,,,,,,,,,,,,,,,,2.0,2.0,,,,,,,,3.0,3.0,4.0,3.0,3.0,3.0,4.0,3.0,4.0,3.0,3.0,4.0,4.0,3.0,3.0,4.0,4.0,4.0,4.0,4.0,4.0,4.0,3.0,4.0,4.0,4.0,4.0,4.0,4.0,3.0,4.0,5.0,5.0,5.0,5.0,5.0,4.0,4.0,4.0,4.0,4.0,4.0,5.0,4.0,4.0,5.0,5.0,5.0,5.0,5.0,5.0,4.0,4.0,4.0,4.0,4.0,4.0,5.0,5.0,4.0,5.0,3.0,3.0,4.0,4.0,3.0,3.0,3.0,3.0,3.0,3.0,3.0,3.0,3.0,4.0,4.0,4.0,5.0,4.0,3.0,4.0,1.0,4.0,5.0,2.0,,3.0,4.0,5.0,1.0,3.0,2.0,2.0,4.0,3.0,3.0,4.0,3.0,1.0,2.0,1.0,1.0,2.0,4.0,4.0,3.0,3.0,3.0,3.0,2.0,1.0,3.0,2.0,2.0,2.0,3.0,3.0,2.0,3.0,5.0,5.0,1.0,2.0,1.0,2.0,1.0,,4.0,,4.0,1.0,2.0,3.0,3.0,1.055948,3.6666666666666665,4.0,4.5,3.0,1.0
8181.0,9.0,2.0,2.0,34.0,2.0,4.0,4.0,3.0,3.0,2.0,2.0,2.0,2.0,2.0,2.0,,,,,,,,,,,,,,,,,,2.0,1.0,,,3.0,,5.0,,,2.0,3.0,3.0,3.0,3.0,3.0,3.0,3.0,3.0,3.0,3.0,3.0,5.0,3.0,3.0,5.0,3.0,3.0,4.0,3.0,3.0,2.0,2.0,4.0,4.0,4.0,3.0,4.0,4.0,3.0,3.0,2.0,2.0,2.0,2.0,2.0,2.0,2.0,2.0,2.0,2.0,2.0,3.0,2.0,2.0,3.0,2.0,2.0,2.0,2.0,2.0,2.0,2.0,2.0,2.0,2.0,2.0,2.0,2.0,2.0,2.0,4.0,4.0,4.0,4.0,3.0,3.0,3.0,3.0,3.0,3.0,2.0,3.0,3.0,3.0,3.0,3.0,1.0,4.0,1.0,3.0,1.0,4.0,4.0,5.0,,2.0,2.0,3.0,2.0,3.0,1.0,2.0,3.0,1.0,2.0,3.0,3.0,2.0,2.0,2.0,2.0,2.0,3.0,3.0,1.0,1.0,1.0,2.0,1.0,1.0,1.0,1.0,1.0,1.0,1.0,1.0,1.0,1.0,11.0,11.0,2.0,2.0,2.0,2.0,1.0,,4.0,,3.0,1.0,2.0,3.0,2.0,1.051499,2.0,2.0,4.0,3.0,2.0
8233.0,9.0,2.0,1.0,54.0,4.0,4.0,5.0,3.0,3.0,4.0,3.0,4.0,5.0,5.0,2.0,,,,,,,,,,,,,,,,,,2.0,2.0,,,,,,,,4.0,3.0,3.0,2.0,3.0,2.0,3.0,2.0,4.0,2.0,3.0,4.0,4.0,3.0,4.0,5.0,4.0,3.0,4.0,4.0,3.0,4.0,4.0,4.0,2.0,3.0,3.0,5.0,4.0,4.0,3.0,3.0,3.0,4.0,2.0,2.0,1.0,3.0,4.0,3.0,4.0,5.0,5.0,4.0,2.0,2.0,3.0,4.0,4.0,3.0,3.0,2.0,3.0,5.0,4.0,4.0,5.0,4.0,4.0,5.0,2.0,4.0,2.0,3.0,3.0,4.0,3.0,4.0,3.0,3.0,3.0,2.0,3.0,3.0,4.0,4.0,3.0,7.0,4.0,2.0,4.0,1.0,4.0,4.0,2.0,,3.0,4.0,4.0,1.0,4.0,1.0,1.0,5.0,4.0,3.0,5.0,4.0,2.0,2.0,2.0,1.0,1.0,4.0,4.0,2.0,3.0,1.0,3.0,2.0,1.0,1.0,1.0,1.0,1.0,3.0,2.0,4.0,4.0,8.0,2.0,1.0,2.0,2.0,2.0,2.0,1.0,4.0,,3.0,2.0,1.0,3.0,2.0,1.048518,4.666666666666667,3.5,4.0,4.0,1.0
8234.0,9.0,2.0,2.0,44.0,3.0,5.0,5.0,1.0,1.0,5.0,5.0,5.0,5.0,5.0,2.0,,,,,,,,,,,,,,,,,,2.0,1.0,1.0,,,4.0,5.0,,,1.0,5.0,5.0,5.0,5.0,5.0,5.0,5.0,5.0,5.0,5.0,5.0,5.0,5.0,5.0,5.0,5.0,5.0,5.0,5.0,5.0,5.0,5.0,5.0,5.0,5.0,5.0,5.0,5.0,5.0,5.0,5.0,5.0,5.0,5.0,5.0,5.0,5.0,5.0,5.0,5.0,5.0,5.0,5.0,5.0,5.0,5.0,5.0,5.0,5.0,5.0,5.0,5.0,5.0,5.0,5.0,5.0,5.0,5.0,5.0,5.0,3.0,2.0,4.0,5.0,2.0,1.0,1.0,2.0,2.0,3.0,1.0,1.0,1.0,1.0,1.0,1.0,6.0,1.0,1.0,5.0,1.0,5.0,5.0,5.0,,1.0,1.0,5.0,2.0,1.0,1.0,1.0,1.0,1.0,1.0,1.0,1.0,2.0,2.0,2.0,2.0,2.0,1.0,1.0,1.0,1.0,1.0,1.0,1.0,1.0,1.0,1.0,1.0,1.0,1.0,1.0,1.0,5.0,1.0,1.0,2.0,2.0,2.0,2.0,1.0,,4.0,,3.0,1.0,2.0,3.0,2.0,0.965456,5.0,5.0,5.0,1.0,2.0
8282.0,1.0,1.0,1.0,41.0,3.0,4.0,5.0,5.0,5.0,3.0,4.0,4.0,4.0,4.0,1.0,1.0,,3.0,,,,,,,,,,,,,,,2.0,2.0,,,,,,,,4.0,4.0,3.0,2.0,2.0,2.0,3.0,2.0,4.0,2.0,2.0,2.0,3.0,4.0,4.0,5.0,3.0,4.0,4.0,2.0,4.0,2.0,4.0,4.0,4.0,4.0,3.0,3.0,5.0,4.0,3.0,3.0,3.0,4.0,3.0,4.0,3.0,3.0,4.0,4.0,4.0,3.0,3.0,4.0,4.0,3.0,3.0,4.0,4.0,3.0,3.0,4.0,4.0,3.0,4.0,4.0,3.0,3.0,3.0,4.0,4.0,3.0,4.0,4.0,4.0,4.0,5.0,4.0,4.0,3.0,4.0,4.0,3.0,4.0,4.0,4.0,4.0,3.0,4.0,4.0,4.0,1.0,3.0,4.0,2.0,,4.0,3.0,4.0,1.0,4.0,4.0,4.0,4.0,3.0,3.0,4.0,4.0,1.0,2.0,2.0,1.0,2.0,4.0,4.0,4.0,4.0,4.0,4.0,4.0,3.0,3.0,4.0,4.0,4.0,4.0,3.0,2.0,4.0,9.0,6.0,1.0,2.0,1.0,2.0,1.0,,4.0,,4.0,1.0,2.0,3.0,3.0,1.074504,4.0,3.5,3.5,4.0,1.0
8302.0,4.0,2.0,1.0,34.0,2.0,3.0,5.0,3.0,1.0,4.0,3.0,4.0,4.0,4.0,1.0,1.0,2.0,,4.0,,,,,,,,,,,,,,1.0,1.0,,2.0,,,,,,3.0,3.0,4.0,5.0,5.0,4.0,3.0,3.0,4.0,2.0,2.0,3.0,4.0,5.0,4.0,3.0,4.0,3.0,3.0,2.0,3.0,4.0,3.0,4.0,4.0,3.0,3.0,3.0,4.0,5.0,4.0,4.0,4.0,4.0,3.0,3.0,4.0,2.0,3.0,4.0,3.0,3.0,3.0,3.0,2.0,3.0,3.0,3.0,4.0,4.0,3.0,3.0,2.0,3.0,3.0,4.0,3.0,3.0,4.0,4.0,3.0,2.0,4.0,4.0,3.0,3.0,3.0,2.0,2.0,3.0,4.0,4.0,3.0,3.0,2.0,3.0,3.0,6.0,3.0,3.0,3.0,1.0,3.0,3.0,1.0,,1.0,2.0,3.0,1.0,3.0,2.0,3.0,4.0,3.0,3.0,4.0,5.0,1.0,1.0,1.0,1.0,1.0,3.0,3.0,2.0,4.0,4.0,3.0,3.0,2.0,2.0,2.0,3.0,4.0,4.0,3.0,3.0,3.0,6.0,6.0,1.0,1.0,1.0,1.0,2.0,1.0,2.0,,5.0,2.0,1.0,1.0,3.0,0.921551,4.0,3.5,3.0,3.0,1.0
8303.0,9.0,2.0,2.0,29.0,1.0,5.0,5.0,5.0,4.0,4.0,4.0,5.0,5.0,5.0,2.0,,,,,,,,,,,,,,,,,,2.0,1.0,1.0,,,4.0,5.0,,,1.0,3.0,3.0,2.0,4.0,2.0,3.0,1.0,3.0,2.0,1.0,2.0,5.0,4.0,4.0,5.0,4.0,4.0,4.0,3.0,4.0,3.0,4.0,5.0,5.0,5.0,5.0,4.0,4.0,4.0,3.0,4.0,4.0,4.0,3.0,4.0,4.0,3.0,5.0,5.0,4.0,4.0,3.0,3.0,4.0,4.0,5.0,5.0,5.0,3.0,5.0,5.0,5.0,5.0,5.0,5.0,5.0,4.0,4.0,3.0,3.0,3.0,3.0,4.0,5.0,4.0,1.0,4.0,2.0,4.0,3.0,2.0,3.0,5.0,4.0,3.0,4.0,10.0,4.0,2.0,4.0,1.0,4.0,4.0,2.0,,4.0,4.0,4.0,1.0,4.0,4.0,4.0,5.0,4.0,3.0,4.0,4.0,1.0,1.0,1.0,2.0,2.0,5.0,5.0,4.0,4.0,5.0,4.0,3.0,1.0,1.0,5.0,5.0,5.0,5.0,4.0,1.0,5.0,2.0,1.0,2.0,2.0,2.0,2.0,1.0,,7.0,,3.0,1.0,2.0,6.0,2.0,1.026542,5.0,4.0,4.0,4.0,1.0
8324.0,17.0,4.0,1.0,24.0,1.0,5.0,5.0,5.0,5.0,3.0,4.0,4.0,5.0,4.0,1.0,1.0,,3.0,,5.0,,,,,,,,,,,,,1.0,2.0,,,,,,,,3.0,3.0,4.0,4.0,4.0,4.0,5.0,3.0,4.0,4.0,3.0,4.0,3.0,3.0,3.0,5.0,4.0,4.0,5.0,5.0,4.0,5.0,4.0,5.0,5.0,4.0,4.0,4.0,4.0,4.0,4.0,4.0,5.0,4.0,4.0,4.0,5.0,4.0,4.0,5.0,4.0,4.0,4.0,5.0,4.0,4.0,3.0,3.0,3.0,4.0,4.0,3.0,3.0,4.0,4.0,4.0,5.0,4.0,3.0,3.0,4.0,3.0,4.0,4.0,5.0,4.0,3.0,4.0,3.0,3.0,4.0,3.0,4.0,3.0,3.0,4.0,4.0,6.0,2.0,4.0,4.0,1.0,4.0,3.0,2.0,,4.0,5.0,5.0,2.0,4.0,4.0,3.0,5.0,4.0,4.0,3.0,4.0,1.0,1.0,1.0,1.0,1.0,4.0,5.0,4.0,3.0,4.0,4.0,3.0,3.0,4.0,3.0,4.0,3.0,3.0,4.0,4.0,4.0,8.0,9.0,1.0,1.0,1.0,1.0,1.0,,6.0,,3.0,1.0,2.0,5.0,2.0,1.158012,4.333333333333333,3.5,3.5,4.0,2.0
8341.0,9.0,2.0,2.0,20.0,1.0,2.0,4.0,5.0,5.0,4.0,4.0,3.0,5.0,4.0,2.0,,,,,,,,,,,,,,,,,,2.0,2.0,,,,,,,,3.0,3.0,2.0,3.0,3.0,3.0,4.0,3.0,3.0,3.0,3.0,3.0,4.0,3.0,3.0,4.0,3.0,4.0,3.0,4.0,4.0,4.0,4.0,3.0,4.0,5.0,4.0,4.0,4.0,4.0,4.0,4.0,3.0,4.0,4.0,4.0,4.0,4.0,5.0,4.0,3.0,4.0,4.0,4.0,3.0,4.0,4.0,4.0,4.0,3.0,4.0,4.0,3.0,4.0,4.0,3.0,3.0,4.0,4.0,4.0,4.0,3.0,4.0,3.0,3.0,3.0,2.0,4.0,2.0,5.0,5.0,3.0,3.0,3.0,2.0,3.0,3.0,6.0,3.0,3.0,3.0,2.0,3.0,2.0,3.0,,3.0,4.0,3.0,1.0,4.0,4.0,3.0,4.0,4.0,4.0,3.0,3.0,2.0,2.0,2.0,2.0,2.0,4.0,4.0,3.0,3.0,3.0,4.0,3.0,3.0,3.0,4.0,3.0,4.0,3.0,3.0,4.0,4.0,8.0,5.0,2.0,2.0,2.0,2.0,1.0,,6.0,,3.0,1.0,2.0,5.0,2.0,1.026542,4.0,4.0,2.5,4.0,1.0
8342.0,9.0,2.0,2.0,45.0,3.0,5.0,5.0,5.0,3.0,4.0,4.0,4.0,4.0,4.0,2.0,,,,,,,,,,,,,,,,,,2.0,2.0,,,,,,,,3.0,3.0,3.0,3.0,3.0,3.0,3.0,3.0,3.0,3.0,3.0,3.0,3.0,3.0,3.0,4.0,4.0,4.0,4.0,4.0,4.0,4.0,4.0,4.0,4.0,4.0,4.0,4.0,4.0,4.0,3.0,4.0,4.0,4.0,4.0,4.0,4.0,4.0,5.0,5.0,5.0,5.0,3.0,5.0,3.0,3.0,5.0,4.0,4.0,4.0,4.0,4.0,4.0,4.0,4.0,4.0,4.0,4.0,5.0,3.0,3.0,4.0,4.0,4.0,4.0,3.0,3.0,3.0,2.0,4.0,4.0,3.0,3.0,4.0,4.0,2.0,3.0,6.0,2.0,2.0,3.0,1.0,5.0,5.0,3.0,,3.0,3.0,4.0,2.0,3.0,3.0,3.0,3.0,3.0,3.0,3.0,3.0,1.0,2.0,2.0,2.0,2.0,4.0,4.0,4.0,4.0,4.0,4.0,4.0,3.0,3.0,3.0,3.0,3.0,3.0,3.0,3.0,3.0,6.0,6.0,1.0,2.0,2.0,2.0,2.0,1.0,5.0,,3.0,2.0,1.0,4.0,2.0,0.965456,4.0,4.0,5.0,3.0,2.0
8461.0,9.0,2.0,2.0,34.0,2.0,5.0,5.0,4.0,4.0,4.0,4.0,4.0,4.0,4.0,2.0,,,,,,,,,,,,,,,,,,2.0,2.0,,,,,,,,4.0,4.0,4.0,3.0,3.0,3.0,4.0,4.0,5.0,3.0,4.0,4.0,4.0,5.0,5.0,4.0,4.0,4.0,4.0,4.0,4.0,3.0,4.0,4.0,4.0,4.0,4.0,4.0,4.0,3.0,3.0,4.0,4.0,4.0,4.0,4.0,3.0,4.0,4.0,4.0,4.0,4.0,4.0,4.0,3.0,3.0,4.0,4.0,4.0,4.0,4.0,3.0,4.0,4.0,4.0,4.0,4.0,4.0,4.0,3.0,3.0,4.0,4.0,3.0,4.0,4.0,3.0,3.0,3.0,4.0,4.0,4.0,4.0,4.0,4.0,4.0,4.0,6.0,2.0,4.0,4.0,1.0,4.0,4.0,2.0,,4.0,4.0,4.0,1.0,4.0,4.0,4.0,4.0,4.0,4.0,4.0,4.0,1.0,1.0,1.0,1.0,1.0,4.0,4.0,4.0,4.0,4.0,4.0,4.0,2.0,2.0,3.0,3.0,2.0,2.0,2.0,2.0,4.0,9.0,6.0,2.0,2.0,2.0,2.0,1.0,,4.0,,4.0,1.0,2.0,3.0,3.0,1.051499,4.0,4.0,4.0,4.0,1.0
8470.0,4.0,2.0,2.0,52.0,4.0,4.0,5.0,4.0,3.0,4.0,4.0,3.0,3.0,3.0,2.0,,,,,,,,,,,,,,,,,,2.0,2.0,,,,,,,,3.0,4.0,4.0,3.0,4.0,3.0,4.0,3.0,2.0,3.0,2.0,3.0,3.0,4.0,4.0,5.0,4.0,4.0,3.0,3.0,3.0,3.0,4.0,4.0,3.0,3.0,3.0,3.0,4.0,3.0,2.0,3.0,4.0,3.0,3.0,3.0,2.0,3.0,4.0,3.0,3.0,3.0,3.0,4.0,4.0,2.0,3.0,4.0,4.0,3.0,3.0,2.0,3.0,4.0,4.0,3.0,4.0,4.0,4.0,4.0,2.0,4.0,3.0,3.0,4.0,4.0,2.0,2.0,3.0,4.0,4.0,3.0,5.0,4.0,3.0,2.0,3.0,7.0,3.0,3.0,4.0,1.0,3.0,3.0,2.0,,4.0,4.0,3.0,1.0,4.0,3.0,4.0,5.0,4.0,4.0,4.0,4.0,1.0,2.0,2.0,1.0,1.0,3.0,4.0,3.0,4.0,2.0,4.0,3.0,2.0,2.0,3.0,2.0,1.0,3.0,2.0,1.0,3.0,7.0,5.0,2.0,2.0,2.0,2.0,2.0,1.0,3.0,,4.0,2.0,1.0,2.0,3.0,1.05617,3.0,4.0,3.0,4.0,1.0
8482.0,9.0,2.0,2.0,51.0,4.0,4.0,4.0,3.0,3.0,3.0,3.0,3.0,2.0,3.0,2.0,,,,,,,,,,,,,,,,,,1.0,1.0,1.0,,3.0,,5.0,,,2.0,3.0,3.0,3.0,3.0,3.0,4.0,3.0,4.0,4.0,3.0,3.0,3.0,3.0,3.0,4.0,3.0,3.0,3.0,3.0,3.0,3.0,3.0,3.0,3.0,3.0,3.0,3.0,3.0,3.0,3.0,3.0,3.0,4.0,3.0,3.0,3.0,3.0,3.0,3.0,3.0,3.0,3.0,3.0,3.0,3.0,3.0,3.0,3.0,3.0,3.0,3.0,3.0,3.0,3.0,3.0,3.0,3.0,3.0,3.0,3.0,4.0,2.0,2.0,3.0,3.0,1.0,2.0,2.0,3.0,3.0,4.0,4.0,4.0,4.0,4.0,4.0,6.0,3.0,3.0,3.0,1.0,4.0,4.0,2.0,,2.0,2.0,2.0,2.0,3.0,2.0,2.0,2.0,2.0,1.0,2.0,2.0,1.0,1.0,1.0,1.0,1.0,4.0,4.0,4.0,3.0,3.0,2.0,2.0,2.0,2.0,2.0,2.0,2.0,1.0,1.0,1.0,3.0,6.0,6.0,1.0,1.0,1.0,1.0,2.0,1.0,4.0,,3.0,2.0,1.0,3.0,2.0,1.05617,2.6666666666666665,3.0,4.0,3.0,2.0
8511.0,15.0,5.0,1.0,40.0,3.0,5.0,4.0,3.0,4.0,5.0,4.0,3.0,4.0,3.0,1.0,,,3.0,4.0,5.0,,,,,,,,,,,,,1.0,2.0,,,,,,,,4.0,4.0,3.0,3.0,2.0,1.0,3.0,2.0,4.0,1.0,1.0,1.0,4.0,3.0,3.0,5.0,3.0,3.0,2.0,1.0,3.0,4.0,3.0,2.0,3.0,4.0,3.0,3.0,4.0,2.0,2.0,3.0,3.0,2.0,2.0,2.0,3.0,4.0,3.0,2.0,4.0,4.0,2.0,3.0,3.0,5.0,3.0,2.0,3.0,4.0,2.0,3.0,2.0,3.0,4.0,3.0,2.0,3.0,2.0,2.0,4.0,3.0,4.0,3.0,3.0,4.0,4.0,5.0,3.0,2.0,3.0,4.0,3.0,3.0,2.0,4.0,2.0,6.0,3.0,3.0,4.0,1.0,3.0,4.0,4.0,,4.0,3.0,3.0,1.0,4.0,4.0,3.0,2.0,3.0,4.0,3.0,4.0,1.0,2.0,2.0,1.0,1.0,3.0,5.0,5.0,4.0,3.0,4.0,3.0,1.0,2.0,3.0,1.0,3.0,2.0,4.0,2.0,4.0,9.0,6.0,1.0,1.0,2.0,1.0,2.0,1.0,4.0,,3.0,2.0,1.0,3.0,2.0,0.956937,3.3333333333333335,4.5,3.5,4.0,1.0
8517.0,1.0,1.0,2.0,29.0,1.0,5.0,5.0,4.0,5.0,4.0,4.0,4.0,4.0,4.0,2.0,,,,,,,,,,,,,,,,,,2.0,2.0,,,,,,,,3.0,3.0,4.0,2.0,4.0,2.0,4.0,2.0,5.0,4.0,2.0,2.0,4.0,4.0,3.0,4.0,4.0,4.0,4.0,4.0,4.0,3.0,3.0,4.0,3.0,3.0,3.0,4.0,4.0,3.0,3.0,4.0,4.0,4.0,4.0,3.0,4.0,3.0,4.0,4.0,3.0,3.0,4.0,4.0,4.0,4.0,3.0,4.0,4.0,3.0,3.0,3.0,3.0,2.0,3.0,3.0,2.0,4.0,3.0,4.0,4.0,4.0,4.0,4.0,5.0,3.0,2.0,3.0,2.0,4.0,5.0,4.0,4.0,2.0,4.0,3.0,4.0,7.0,4.0,3.0,3.0,1.0,4.0,4.0,1.0,,4.0,4.0,4.0,1.0,4.0,4.0,3.0,4.0,3.0,4.0,4.0,3.0,1.0,1.0,2.0,1.0,2.0,4.0,4.0,4.0,4.0,3.0,4.0,3.0,2.0,2.0,2.0,3.0,3.0,4.0,2.0,2.0,4.0,9.0,4.0,1.0,1.0,1.0,2.0,1.0,,4.0,,3.0,1.0,2.0,3.0,2.0,1.034762,4.0,4.0,4.0,4.0,1.0
8524.0,11.0,3.0,2.0,35.0,2.0,5.0,5.0,5.0,3.0,4.0,4.0,4.0,4.0,3.0,2.0,,,,,,,,,,,,,,,,,,1.0,1.0,,,3.0,4.0,5.0,,,3.0,4.0,4.0,4.0,4.0,4.0,4.0,3.0,4.0,4.0,3.0,3.0,3.0,3.0,3.0,4.0,5.0,5.0,5.0,4.0,4.0,5.0,4.0,4.0,5.0,4.0,3.0,4.0,3.0,3.0,4.0,3.0,3.0,3.0,4.0,3.0,3.0,3.0,4.0,3.0,4.0,3.0,3.0,3.0,3.0,3.0,3.0,3.0,3.0,3.0,3.0,3.0,4.0,4.0,4.0,4.0,3.0,3.0,3.0,4.0,4.0,2.0,3.0,3.0,3.0,3.0,2.0,3.0,4.0,3.0,3.0,3.0,3.0,4.0,2.0,3.0,2.0,7.0,3.0,4.0,3.0,1.0,3.0,3.0,4.0,,3.0,3.0,5.0,1.0,3.0,4.0,3.0,3.0,2.0,3.0,3.0,4.0,1.0,1.0,1.0,1.0,1.0,3.0,3.0,3.0,4.0,4.0,2.0,4.0,3.0,3.0,3.0,3.0,3.0,3.0,4.0,4.0,3.0,8.0,5.0,1.0,1.0,1.0,1.0,1.0,,4.0,,4.0,1.0,2.0,3.0,3.0,0.900154,3.6666666666666665,4.0,3.0,3.0,1.0
8529.0,9.0,2.0,1.0,43.0,3.0,5.0,5.0,4.0,3.0,5.0,5.0,4.0,4.0,4.0,2.0,,,,,,,,,,,,,,,,,,2.0,1.0,,,,,5.0,,,3.0,3.0,3.0,3.0,3.0,3.0,3.0,2.0,4.0,3.0,2.0,2.0,4.0,3.0,3.0,4.0,2.0,4.0,5.0,3.0,3.0,3.0,3.0,3.0,3.0,3.0,3.0,4.0,4.0,3.0,3.0,3.0,3.0,4.0,3.0,3.0,3.0,3.0,4.0,3.0,3.0,3.0,3.0,4.0,3.0,3.0,3.0,4.0,5.0,4.0,4.0,3.0,3.0,4.0,3.0,3.0,3.0,3.0,5.0,3.0,3.0,4.0,3.0,3.0,5.0,4.0,2.0,4.0,3.0,4.0,4.0,3.0,4.0,5.0,5.0,5.0,4.0,7.0,2.0,4.0,4.0,2.0,3.0,3.0,3.0,,3.0,3.0,4.0,1.0,4.0,1.0,2.0,5.0,3.0,3.0,5.0,2.0,1.0,1.0,1.0,1.0,1.0,4.0,4.0,4.0,3.0,2.0,3.0,2.0,1.0,1.0,3.0,3.0,1.0,4.0,2.0,2.0,4.0,6.0,3.0,1.0,1.0,1.0,2.0,2.0,1.0,4.0,,2.0,2.0,1.0,3.0,1.0,1.065336,4.0,5.0,3.0,4.0,1.0
8552.0,12.0,3.0,1.0,40.0,3.0,5.0,5.0,5.0,4.0,4.0,4.0,4.0,4.0,5.0,1.0,1.0,2.0,3.0,,,,,,,,,,,,,,,1.0,1.0,,,3.0,,5.0,,,2.0,4.0,4.0,4.0,3.0,3.0,3.0,3.0,3.0,4.0,4.0,2.0,5.0,4.0,4.0,5.0,4.0,4.0,3.0,3.0,4.0,4.0,4.0,4.0,2.0,4.0,5.0,4.0,4.0,5.0,4.0,4.0,4.0,3.0,3.0,4.0,4.0,4.0,4.0,2.0,4.0,2.0,4.0,4.0,5.0,5.0,4.0,4.0,2.0,4.0,4.0,4.0,3.0,4.0,5.0,4.0,4.0,4.0,4.0,5.0,4.0,4.0,4.0,3.0,4.0,5.0,2.0,4.0,5.0,4.0,4.0,5.0,4.0,4.0,5.0,4.0,5.0,9.0,4.0,4.0,4.0,1.0,4.0,5.0,4.0,,4.0,4.0,3.0,1.0,4.0,3.0,4.0,4.0,5.0,4.0,2.0,4.0,1.0,1.0,2.0,1.0,2.0,4.0,4.0,1.0,3.0,1.0,3.0,2.0,2.0,3.0,2.0,1.0,1.0,2.0,2.0,3.0,4.0,7.0,9.0,1.0,1.0,1.0,1.0,2.0,1.0,4.0,,4.0,2.0,1.0,3.0,3.0,0.776027,4.333333333333333,4.0,4.5,4.0,1.0
8566.0,1.0,1.0,2.0,43.0,3.0,4.0,4.0,4.0,4.0,4.0,4.0,4.0,4.0,4.0,2.0,,,,,,,,,,,,,,,,,,2.0,1.0,1.0,,3.0,,5.0,,,2.0,4.0,4.0,4.0,4.0,4.0,4.0,4.0,4.0,4.0,4.0,4.0,5.0,5.0,4.0,5.0,4.0,4.0,4.0,4.0,4.0,3.0,4.0,4.0,4.0,4.0,3.0,3.0,4.0,4.0,5.0,4.0,4.0,4.0,4.0,4.0,3.0,3.0,3.0,3.0,3.0,4.0,4.0,4.0,4.0,4.0,4.0,3.0,3.0,4.0,4.0,4.0,4.0,4.0,4.0,4.0,4.0,4.0,4.0,5.0,5.0,4.0,4.0,3.0,4.0,4.0,4.0,4.0,4.0,4.0,3.0,3.0,4.0,3.0,3.0,3.0,4.0,10.0,4.0,4.0,3.0,1.0,3.0,4.0,3.0,,4.0,3.0,4.0,2.0,3.0,1.0,1.0,1.0,1.0,2.0,1.0,2.0,2.0,2.0,2.0,2.0,2.0,3.0,3.0,4.0,3.0,3.0,3.0,3.0,3.0,3.0,3.0,3.0,3.0,3.0,4.0,4.0,3.0,8.0,10.0,1.0,2.0,1.0,1.0,2.0,1.0,5.0,,3.0,2.0,1.0,4.0,2.0,1.098998,4.0,4.0,3.5,3.0,2.0
8602.0,15.0,5.0,1.0,46.0,3.0,4.0,4.0,3.0,3.0,4.0,4.0,4.0,4.0,3.0,2.0,,,,,,,,,,,,,,,,,,2.0,1.0,,,,,5.0,,,3.0,4.0,3.0,3.0,4.0,3.0,5.0,2.0,3.0,3.0,2.0,1.0,4.0,3.0,3.0,5.0,3.0,4.0,4.0,3.0,3.0,2.0,4.0,4.0,4.0,3.0,3.0,3.0,5.0,3.0,3.0,4.0,4.0,4.0,4.0,4.0,2.0,3.0,4.0,4.0,4.0,3.0,2.0,5.0,3.0,2.0,4.0,5.0,5.0,3.0,4.0,2.0,4.0,5.0,4.0,4.0,5.0,3.0,5.0,4.0,2.0,4.0,5.0,4.0,5.0,4.0,2.0,2.0,2.0,3.0,3.0,3.0,3.0,5.0,4.0,4.0,3.0,8.0,4.0,3.0,4.0,1.0,3.0,3.0,4.0,,4.0,4.0,5.0,1.0,4.0,3.0,4.0,5.0,3.0,3.0,5.0,4.0,1.0,2.0,1.0,1.0,2.0,3.0,5.0,3.0,4.0,3.0,4.0,3.0,3.0,3.0,3.0,4.0,4.0,4.0,3.0,4.0,4.0,9.0,2.0,1.0,1.0,1.0,2.0,1.0,,4.0,,4.0,1.0,2.0,3.0,3.0,0.956937,3.6666666666666665,4.0,3.0,4.0,1.0
8619.0,2.0,6.0,1.0,52.0,4.0,5.0,5.0,5.0,5.0,5.0,4.0,2.0,3.0,3.0,2.0,,,,,,,,,,,,,,,,,,2.0,2.0,,,,,,,,4.0,5.0,5.0,5.0,5.0,4.0,4.0,4.0,4.0,4.0,4.0,5.0,5.0,5.0,5.0,5.0,3.0,4.0,5.0,4.0,4.0,4.0,4.0,4.0,4.0,4.0,4.0,4.0,5.0,3.0,3.0,3.0,3.0,3.0,3.0,3.0,3.0,3.0,3.0,3.0,3.0,3.0,3.0,4.0,3.0,3.0,3.0,3.0,4.0,3.0,3.0,3.0,3.0,4.0,3.0,2.0,4.0,4.0,5.0,3.0,3.0,4.0,4.0,2.0,4.0,4.0,2.0,2.0,1.0,3.0,4.0,4.0,5.0,5.0,5.0,5.0,5.0,11.0,5.0,2.0,4.0,1.0,5.0,5.0,1.0,,2.0,2.0,3.0,2.0,1.0,1.0,1.0,4.0,2.0,2.0,3.0,2.0,2.0,2.0,2.0,1.0,2.0,1.0,1.0,1.0,1.0,1.0,1.0,1.0,1.0,1.0,1.0,1.0,1.0,1.0,1.0,2.0,1.0,11.0,11.0,2.0,2.0,2.0,2.0,2.0,1.0,3.0,,4.0,2.0,1.0,2.0,3.0,1.044509,2.6666666666666665,4.5,5.0,1.0,2.0
8657.0,14.0,4.0,2.0,32.0,2.0,2.0,2.0,3.0,2.0,4.0,4.0,4.0,4.0,4.0,2.0,,,,,,,,,,,,,,,,,,2.0,2.0,,,,,,,,4.0,2.0,2.0,1.0,2.0,2.0,2.0,1.0,1.0,2.0,2.0,1.0,2.0,2.0,2.0,1.0,1.0,2.0,2.0,2.0,2.0,1.0,2.0,2.0,2.0,2.0,2.0,1.0,2.0,2.0,2.0,1.0,2.0,2.0,2.0,1.0,1.0,2.0,2.0,2.0,1.0,1.0,2.0,1.0,2.0,2.0,1.0,2.0,1.0,1.0,2.0,2.0,2.0,2.0,1.0,1.0,1.0,2.0,2.0,1.0,2.0,2.0,2.0,1.0,2.0,4.0,5.0,4.0,4.0,5.0,4.0,5.0,4.0,4.0,5.0,4.0,5.0,8.0,4.0,4.0,4.0,2.0,4.0,2.0,3.0,,2.0,3.0,4.0,2.0,4.0,1.0,2.0,3.0,4.0,4.0,4.0,2.0,2.0,2.0,2.0,2.0,2.0,4.0,4.0,4.0,4.0,4.0,4.0,4.0,2.0,2.0,2.0,2.0,2.0,4.0,1.0,2.0,4.0,4.0,5.0,2.0,2.0,2.0,2.0,1.0,,4.0,,4.0,1.0,2.0,3.0,3.0,0.880586,4.0,4.0,3.0,4.0,2.0
8664.0,6.0,3.0,1.0,37.0,2.0,5.0,5.0,4.0,4.0,4.0,4.0,4.0,4.0,4.0,2.0,,,,,,,,,,,,,,,,,,2.0,2.0,,,,,,,,1.0,5.0,5.0,4.0,3.0,3.0,4.0,2.0,4.0,4.0,4.0,4.0,5.0,5.0,5.0,5.0,5.0,5.0,4.0,4.0,3.0,5.0,3.0,5.0,4.0,4.0,4.0,5.0,5.0,5.0,5.0,2.0,4.0,4.0,4.0,2.0,2.0,2.0,4.0,4.0,4.0,4.0,3.0,5.0,4.0,2.0,2.0,4.0,3.0,2.0,2.0,2.0,2.0,4.0,4.0,4.0,4.0,4.0,5.0,3.0,2.0,4.0,4.0,3.0,4.0,4.0,3.0,4.0,4.0,3.0,3.0,4.0,4.0,4.0,4.0,4.0,4.0,6.0,5.0,2.0,4.0,1.0,5.0,5.0,4.0,,4.0,4.0,4.0,2.0,2.0,2.0,2.0,4.0,2.0,2.0,2.0,2.0,2.0,2.0,2.0,2.0,2.0,4.0,4.0,4.0,4.0,4.0,4.0,4.0,1.0,1.0,2.0,2.0,2.0,1.0,1.0,1.0,4.0,9.0,3.0,1.0,1.0,2.0,2.0,2.0,2.0,4.0,,4.0,2.0,2.0,3.0,3.0,0.865768,4.0,4.0,5.0,2.0,2.0
8704.0,15.0,5.0,2.0,56.0,4.0,5.0,5.0,5.0,4.0,4.0,3.0,4.0,4.0,4.0,1.0,1.0,2.0,3.0,,,,,,,,,,13.0,,,,,1.0,1.0,,,3.0,4.0,5.0,,,2.0,4.0,4.0,4.0,4.0,4.0,4.0,3.0,4.0,4.0,4.0,3.0,4.0,5.0,4.0,5.0,4.0,5.0,5.0,4.0,5.0,4.0,4.0,5.0,5.0,5.0,5.0,4.0,5.0,5.0,4.0,5.0,4.0,5.0,5.0,5.0,4.0,4.0,5.0,5.0,5.0,4.0,4.0,5.0,4.0,4.0,5.0,5.0,5.0,4.0,5.0,5.0,5.0,5.0,5.0,5.0,5.0,5.0,5.0,4.0,4.0,3.0,3.0,4.0,4.0,4.0,3.0,3.0,4.0,3.0,4.0,4.0,4.0,4.0,4.0,4.0,4.0,6.0,3.0,3.0,4.0,1.0,5.0,5.0,4.0,,3.0,3.0,3.0,2.0,3.0,3.0,3.0,4.0,4.0,4.0,4.0,4.0,1.0,1.0,1.0,1.0,1.0,3.0,4.0,3.0,3.0,3.0,3.0,3.0,2.0,3.0,2.0,2.0,3.0,3.0,3.0,2.0,3.0,6.0,6.0,1.0,1.0,1.0,1.0,2.0,1.0,5.0,,3.0,2.0,1.0,4.0,2.0,1.111192,4.0,3.5,5.0,3.0,2.0
8722.0,13.0,4.0,2.0,36.0,2.0,5.0,5.0,4.0,3.0,5.0,4.0,4.0,4.0,4.0,2.0,,,,,,,,,,,,,,,,,,2.0,2.0,,,,,,,,3.0,3.0,4.0,3.0,3.0,2.0,3.0,2.0,4.0,2.0,3.0,2.0,4.0,3.0,4.0,3.0,3.0,4.0,3.0,3.0,2.0,2.0,3.0,3.0,4.0,3.0,3.0,3.0,4.0,2.0,2.0,3.0,3.0,3.0,3.0,3.0,2.0,2.0,4.0,3.0,4.0,2.0,2.0,4.0,3.0,2.0,3.0,3.0,3.0,2.0,3.0,2.0,2.0,4.0,4.0,3.0,2.0,2.0,4.0,2.0,2.0,4.0,4.0,4.0,5.0,3.0,2.0,3.0,3.0,4.0,4.0,3.0,4.0,4.0,4.0,3.0,4.0,3.0,4.0,3.0,4.0,1.0,4.0,4.0,2.0,,3.0,3.0,4.0,2.0,3.0,1.0,2.0,4.0,3.0,3.0,4.0,3.0,1.0,2.0,2.0,2.0,2.0,4.0,4.0,3.0,4.0,3.0,4.0,3.0,2.0,3.0,2.0,2.0,3.0,2.0,3.0,2.0,3.0,7.0,5.0,1.0,2.0,2.0,2.0,1.0,,3.0,,4.0,1.0,2.0,2.0,3.0,0.880586,4.0,4.5,4.0,3.0,2.0
8748.0,8.0,3.0,2.0,47.0,3.0,5.0,5.0,4.0,4.0,4.0,4.0,4.0,4.0,4.0,2.0,,,,,,,,,,,,,,,,,,2.0,2.0,,,,,,,,3.0,4.0,4.0,4.0,5.0,4.0,5.0,3.0,3.0,3.0,3.0,3.0,5.0,4.0,4.0,5.0,3.0,3.0,3.0,3.0,3.0,3.0,3.0,3.0,3.0,3.0,3.0,4.0,5.0,2.0,2.0,2.0,2.0,2.0,2.0,1.0,1.0,1.0,2.0,3.0,3.0,2.0,2.0,4.0,1.0,1.0,2.0,2.0,3.0,1.0,2.0,2.0,3.0,4.0,4.0,4.0,4.0,2.0,5.0,1.0,1.0,3.0,4.0,2.0,3.0,4.0,2.0,3.0,2.0,3.0,3.0,3.0,4.0,5.0,4.0,4.0,4.0,10.0,3.0,4.0,4.0,1.0,4.0,4.0,2.0,,4.0,4.0,5.0,1.0,4.0,2.0,3.0,4.0,3.0,3.0,4.0,3.0,2.0,2.0,2.0,2.0,2.0,3.0,4.0,3.0,4.0,2.0,3.0,2.0,1.0,1.0,1.0,3.0,2.0,3.0,2.0,1.0,4.0,7.0,4.0,2.0,2.0,2.0,2.0,2.0,1.0,4.0,,3.0,2.0,1.0,3.0,2.0,0.951541,4.0,4.0,4.0,4.0,1.0
8749.0,9.0,2.0,2.0,40.0,3.0,5.0,4.0,4.0,4.0,4.0,4.0,3.0,3.0,3.0,1.0,1.0,2.0,3.0,4.0,,,,,,,11.0,12.0,,,,,,1.0,1.0,,,3.0,4.0,,,,2.0,4.0,5.0,3.0,4.0,4.0,5.0,2.0,5.0,4.0,2.0,2.0,5.0,4.0,4.0,5.0,4.0,5.0,4.0,4.0,4.0,5.0,4.0,3.0,5.0,2.0,2.0,5.0,4.0,4.0,5.0,4.0,4.0,4.0,4.0,4.0,4.0,3.0,4.0,4.0,2.0,2.0,5.0,4.0,4.0,5.0,4.0,4.0,4.0,4.0,3.0,4.0,2.0,4.0,2.0,4.0,4.0,3.0,4.0,3.0,5.0,4.0,4.0,4.0,4.0,5.0,2.0,3.0,4.0,2.0,3.0,3.0,3.0,3.0,4.0,4.0,3.0,4.0,4.0,3.0,4.0,1.0,5.0,5.0,2.0,,3.0,3.0,2.0,2.0,2.0,2.0,2.0,3.0,3.0,2.0,3.0,2.0,1.0,1.0,2.0,1.0,2.0,4.0,4.0,2.0,4.0,2.0,4.0,3.0,1.0,1.0,1.0,4.0,3.0,3.0,2.0,4.0,4.0,7.0,6.0,1.0,1.0,1.0,2.0,2.0,1.0,4.0,,3.0,2.0,1.0,3.0,2.0,0.965456,3.0,4.0,5.0,2.0,2.0
8811.0,13.0,4.0,1.0,57.0,4.0,5.0,5.0,5.0,5.0,4.0,4.0,3.0,4.0,3.0,2.0,,,,,,,,,,,,,,,,,,2.0,1.0,,,3.0,,,,,2.0,3.0,3.0,3.0,4.0,3.0,3.0,3.0,3.0,4.0,3.0,2.0,2.0,3.0,4.0,4.0,4.0,4.0,4.0,4.0,4.0,4.0,4.0,4.0,4.0,4.0,4.0,3.0,5.0,4.0,4.0,5.0,5.0,5.0,5.0,4.0,4.0,4.0,4.0,4.0,4.0,4.0,4.0,5.0,5.0,5.0,5.0,5.0,5.0,5.0,4.0,4.0,4.0,4.0,4.0,4.0,4.0,4.0,5.0,5.0,5.0,3.0,3.0,2.0,4.0,4.0,4.0,4.0,5.0,3.0,3.0,4.0,3.0,3.0,4.0,4.0,5.0,2.0,4.0,4.0,2.0,1.0,4.0,4.0,4.0,,2.0,3.0,4.0,2.0,3.0,1.0,1.0,3.0,2.0,2.0,3.0,2.0,2.0,2.0,2.0,2.0,2.0,2.0,3.0,2.0,2.0,2.0,2.0,2.0,2.0,2.0,2.0,2.0,2.0,2.0,2.0,2.0,3.0,6.0,4.0,2.0,2.0,2.0,2.0,1.0,,1.0,,5.0,1.0,2.0,2.0,3.0,1.073801,3.3333333333333335,4.0,4.0,3.0,2.0
8858.0,5.0,4.0,1.0,41.0,3.0,5.0,5.0,3.0,2.0,4.0,4.0,4.0,4.0,4.0,1.0,1.0,2.0,3.0,4.0,5.0,,,,,,,,13.0,,,,,1.0,1.0,,,3.0,,5.0,,,3.0,3.0,3.0,2.0,3.0,2.0,4.0,2.0,3.0,2.0,2.0,2.0,4.0,4.0,4.0,5.0,4.0,4.0,5.0,3.0,2.0,3.0,4.0,4.0,4.0,4.0,3.0,4.0,5.0,2.0,4.0,4.0,4.0,4.0,3.0,2.0,2.0,3.0,4.0,4.0,4.0,2.0,4.0,5.0,3.0,4.0,4.0,4.0,5.0,3.0,2.0,3.0,3.0,4.0,4.0,4.0,3.0,4.0,5.0,2.0,4.0,3.0,4.0,4.0,3.0,3.0,3.0,4.0,4.0,4.0,3.0,3.0,4.0,4.0,3.0,3.0,4.0,8.0,4.0,4.0,4.0,1.0,4.0,4.0,2.0,,3.0,4.0,4.0,2.0,4.0,1.0,1.0,4.0,4.0,3.0,4.0,2.0,1.0,2.0,2.0,1.0,1.0,4.0,4.0,4.0,4.0,4.0,3.0,3.0,2.0,2.0,4.0,3.0,2.0,4.0,2.0,2.0,3.0,2.0,2.0,1.0,1.0,1.0,2.0,2.0,1.0,4.0,,3.0,2.0,1.0,3.0,2.0,0.826158,4.0,4.0,4.0,4.0,2.0
8868.0,9.0,2.0,2.0,39.0,2.0,5.0,5.0,4.0,3.0,4.0,4.0,3.0,3.0,3.0,1.0,,2.0,,,5.0,,,,,,,,13.0,,,,,1.0,1.0,,,,4.0,5.0,,,1.0,3.0,3.0,4.0,4.0,4.0,5.0,3.0,4.0,4.0,3.0,3.0,4.0,4.0,3.0,4.0,3.0,3.0,3.0,3.0,3.0,3.0,3.0,4.0,4.0,3.0,3.0,3.0,4.0,4.0,3.0,2.0,2.0,3.0,3.0,3.0,3.0,3.0,3.0,2.0,3.0,3.0,2.0,3.0,3.0,4.0,4.0,4.0,4.0,2.0,2.0,3.0,3.0,4.0,2.0,3.0,2.0,2.0,3.0,3.0,3.0,3.0,2.0,2.0,3.0,3.0,3.0,4.0,3.0,3.0,4.0,3.0,3.0,3.0,3.0,4.0,2.0,8.0,3.0,3.0,4.0,2.0,4.0,4.0,4.0,,3.0,4.0,4.0,1.0,4.0,1.0,3.0,4.0,4.0,2.0,4.0,3.0,1.0,2.0,2.0,2.0,2.0,1.0,1.0,1.0,1.0,1.0,1.0,3.0,1.0,1.0,1.0,1.0,1.0,1.0,1.0,2.0,2.0,7.0,8.0,2.0,2.0,2.0,2.0,2.0,1.0,4.0,,4.0,2.0,1.0,3.0,3.0,1.051499,3.0,4.0,4.0,4.0,1.0
8879.0,7.0,6.0,1.0,51.0,4.0,5.0,5.0,5.0,5.0,5.0,4.0,5.0,5.0,4.0,2.0,,,,,,,,,,,,,,,,,,1.0,1.0,1.0,2.0,,4.0,5.0,,,2.0,4.0,3.0,4.0,4.0,5.0,5.0,3.0,3.0,3.0,3.0,3.0,3.0,5.0,5.0,5.0,4.0,3.0,4.0,4.0,3.0,3.0,3.0,3.0,3.0,3.0,3.0,3.0,3.0,4.0,5.0,4.0,4.0,4.0,5.0,5.0,5.0,4.0,4.0,4.0,3.0,3.0,5.0,5.0,4.0,4.0,4.0,4.0,4.0,4.0,3.0,3.0,3.0,2.0,3.0,4.0,3.0,3.0,4.0,5.0,5.0,4.0,2.0,2.0,4.0,2.0,2.0,4.0,3.0,1.0,1.0,1.0,2.0,5.0,5.0,2.0,4.0,7.0,3.0,4.0,3.0,1.0,4.0,5.0,2.0,,3.0,4.0,3.0,1.0,4.0,2.0,2.0,4.0,2.0,3.0,4.0,3.0,1.0,2.0,1.0,1.0,1.0,4.0,4.0,4.0,3.0,3.0,4.0,2.0,2.0,2.0,2.0,1.0,1.0,5.0,3.0,1.0,3.0,6.0,6.0,2.0,2.0,1.0,2.0,2.0,1.0,3.0,,5.0,2.0,1.0,2.0,3.0,1.044509,4.666666666666667,4.5,4.5,4.0,1.0
8894.0,11.0,3.0,1.0,53.0,4.0,4.0,5.0,5.0,5.0,4.0,4.0,3.0,4.0,3.0,2.0,,,,,,,,,,,,,,,,,,2.0,2.0,,,,,,,,4.0,4.0,4.0,4.0,3.0,3.0,4.0,3.0,4.0,3.0,3.0,3.0,4.0,4.0,4.0,4.0,3.0,3.0,3.0,2.0,3.0,3.0,3.0,3.0,3.0,3.0,2.0,3.0,2.0,3.0,3.0,3.0,4.0,3.0,3.0,4.0,3.0,3.0,4.0,3.0,3.0,4.0,3.0,3.0,3.0,4.0,3.0,4.0,3.0,3.0,4.0,3.0,4.0,3.0,4.0,3.0,4.0,3.0,3.0,3.0,3.0,5.0,4.0,4.0,4.0,4.0,5.0,5.0,3.0,4.0,4.0,4.0,4.0,4.0,4.0,5.0,4.0,10.0,3.0,4.0,4.0,1.0,4.0,4.0,3.0,,4.0,4.0,5.0,1.0,4.0,2.0,3.0,3.0,3.0,2.0,3.0,3.0,1.0,2.0,2.0,2.0,2.0,4.0,4.0,4.0,4.0,3.0,3.0,4.0,2.0,2.0,3.0,3.0,3.0,4.0,4.0,3.0,4.0,9.0,9.0,2.0,2.0,2.0,2.0,2.0,1.0,2.0,,3.0,2.0,1.0,1.0,2.0,0.875187,3.3333333333333335,4.0,4.0,4.0,1.0
8933.0,2.0,6.0,1.0,34.0,2.0,5.0,5.0,5.0,5.0,4.0,4.0,4.0,4.0,4.0,2.0,,,,,,,,,,,,,,,,,,2.0,2.0,,,,,,,,3.0,3.0,4.0,3.0,3.0,3.0,3.0,3.0,3.0,3.0,3.0,3.0,3.0,3.0,3.0,4.0,4.0,4.0,5.0,4.0,4.0,4.0,4.0,4.0,4.0,5.0,5.0,4.0,5.0,5.0,4.0,5.0,5.0,4.0,4.0,4.0,4.0,5.0,4.0,4.0,4.0,4.0,5.0,4.0,4.0,5.0,3.0,4.0,4.0,4.0,4.0,5.0,5.0,4.0,4.0,5.0,5.0,5.0,4.0,4.0,4.0,4.0,4.0,5.0,5.0,5.0,4.0,4.0,4.0,5.0,5.0,5.0,5.0,5.0,4.0,2.0,3.0,5.0,4.0,2.0,3.0,2.0,3.0,3.0,4.0,,3.0,3.0,4.0,2.0,2.0,3.0,3.0,3.0,3.0,3.0,4.0,4.0,2.0,1.0,1.0,2.0,1.0,4.0,4.0,3.0,3.0,3.0,4.0,3.0,3.0,3.0,4.0,3.0,4.0,4.0,4.0,4.0,4.0,8.0,7.0,2.0,2.0,2.0,2.0,1.0,,4.0,,4.0,1.0,2.0,3.0,3.0,0.80892,4.0,4.0,3.0,2.0,2.0
8976.0,9.0,2.0,2.0,49.0,3.0,4.0,5.0,4.0,3.0,4.0,4.0,4.0,4.0,4.0,2.0,,,,,,,,,,,,,,,,,,2.0,1.0,,,,,5.0,,,4.0,4.0,4.0,2.0,3.0,3.0,4.0,3.0,5.0,4.0,2.0,2.0,4.0,3.0,3.0,5.0,3.0,4.0,4.0,3.0,3.0,4.0,3.0,5.0,5.0,3.0,3.0,4.0,4.0,3.0,4.0,3.0,3.0,3.0,3.0,3.0,4.0,4.0,5.0,4.0,3.0,3.0,4.0,5.0,3.0,4.0,3.0,4.0,3.0,3.0,3.0,4.0,3.0,5.0,4.0,4.0,3.0,4.0,5.0,3.0,3.0,3.0,4.0,4.0,4.0,5.0,3.0,2.0,4.0,4.0,4.0,4.0,4.0,5.0,4.0,3.0,3.0,9.0,4.0,2.0,4.0,1.0,5.0,4.0,1.0,,3.0,3.0,4.0,2.0,3.0,1.0,2.0,4.0,3.0,4.0,5.0,3.0,2.0,2.0,2.0,2.0,2.0,3.0,4.0,3.0,4.0,2.0,4.0,2.0,1.0,4.0,1.0,2.0,2.0,2.0,4.0,3.0,4.0,4.0,3.0,2.0,2.0,2.0,2.0,1.0,,4.0,,4.0,1.0,2.0,3.0,3.0,0.965456,4.0,4.0,4.5,3.0,2.0
9033.0,6.0,3.0,1.0,54.0,4.0,5.0,5.0,5.0,2.0,5.0,5.0,4.0,5.0,5.0,2.0,,,,,,,,,,,,,,,,,,1.0,2.0,,,,,,,,3.0,4.0,4.0,4.0,3.0,2.0,4.0,4.0,5.0,4.0,3.0,4.0,5.0,4.0,3.0,5.0,4.0,4.0,5.0,5.0,3.0,5.0,3.0,5.0,3.0,3.0,5.0,5.0,5.0,3.0,5.0,4.0,4.0,5.0,4.0,3.0,4.0,3.0,5.0,3.0,3.0,5.0,5.0,5.0,3.0,5.0,4.0,4.0,5.0,5.0,3.0,4.0,3.0,5.0,5.0,5.0,5.0,5.0,5.0,3.0,5.0,4.0,3.0,4.0,4.0,3.0,1.0,4.0,3.0,4.0,3.0,4.0,4.0,5.0,5.0,5.0,5.0,6.0,3.0,2.0,4.0,1.0,3.0,2.0,2.0,,5.0,5.0,5.0,1.0,4.0,1.0,2.0,5.0,5.0,4.0,5.0,5.0,1.0,2.0,1.0,1.0,1.0,5.0,5.0,5.0,5.0,5.0,5.0,5.0,3.0,3.0,3.0,3.0,5.0,5.0,2.0,5.0,3.0,6.0,1.0,1.0,1.0,1.0,2.0,3.0,1.0,4.0,,3.0,3.0,1.0,3.0,2.0,0.875187,4.666666666666667,5.0,2.5,4.0,1.0
9038.0,16.0,6.0,2.0,31.0,2.0,4.0,4.0,4.0,3.0,4.0,4.0,4.0,4.0,3.0,2.0,,,,,,,,,,,,,,,,,,2.0,1.0,,,3.0,4.0,5.0,,,2.0,3.0,4.0,4.0,3.0,4.0,4.0,3.0,4.0,5.0,4.0,4.0,4.0,5.0,4.0,4.0,4.0,4.0,5.0,4.0,4.0,4.0,5.0,4.0,5.0,5.0,4.0,3.0,4.0,3.0,3.0,4.0,4.0,5.0,4.0,4.0,4.0,3.0,4.0,5.0,4.0,3.0,4.0,5.0,4.0,4.0,3.0,3.0,4.0,4.0,3.0,4.0,4.0,4.0,4.0,3.0,4.0,3.0,3.0,4.0,3.0,4.0,4.0,3.0,4.0,4.0,3.0,3.0,3.0,4.0,3.0,3.0,4.0,3.0,3.0,4.0,3.0,9.0,4.0,4.0,4.0,1.0,4.0,4.0,2.0,,4.0,4.0,3.0,2.0,4.0,4.0,4.0,3.0,3.0,2.0,3.0,3.0,1.0,1.0,1.0,2.0,1.0,4.0,3.0,4.0,3.0,1.0,3.0,1.0,1.0,1.0,1.0,1.0,1.0,1.0,1.0,2.0,4.0,8.0,8.0,2.0,2.0,2.0,2.0,1.0,,4.0,,3.0,1.0,2.0,3.0,2.0,0.910786,3.6666666666666665,4.0,4.0,4.0,2.0
9112.0,5.0,4.0,1.0,37.0,2.0,5.0,5.0,5.0,3.0,4.0,5.0,4.0,3.0,3.0,1.0,,,,,,,,,,,,,13.0,,,,,2.0,1.0,,,,4.0,,,,2.0,4.0,4.0,4.0,4.0,4.0,4.0,2.0,3.0,3.0,3.0,2.0,4.0,4.0,4.0,5.0,3.0,4.0,4.0,3.0,3.0,3.0,4.0,4.0,4.0,4.0,3.0,3.0,4.0,4.0,3.0,3.0,4.0,3.0,3.0,3.0,3.0,3.0,4.0,4.0,3.0,3.0,4.0,4.0,4.0,4.0,4.0,3.0,4.0,4.0,4.0,4.0,4.0,4.0,3.0,3.0,3.0,4.0,5.0,5.0,4.0,5.0,4.0,3.0,4.0,4.0,3.0,3.0,4.0,3.0,4.0,3.0,3.0,3.0,4.0,3.0,4.0,8.0,5.0,3.0,2.0,1.0,5.0,4.0,4.0,,3.0,4.0,4.0,2.0,2.0,1.0,3.0,5.0,2.0,3.0,4.0,3.0,2.0,2.0,2.0,2.0,2.0,4.0,5.0,4.0,4.0,4.0,2.0,2.0,1.0,1.0,1.0,1.0,4.0,3.0,3.0,4.0,4.0,9.0,2.0,2.0,2.0,2.0,2.0,2.0,1.0,4.0,,3.0,2.0,1.0,3.0,2.0,1.028782,3.3333333333333335,4.5,4.5,2.0,2.0
9114.0,1.0,1.0,1.0,27.0,1.0,3.0,4.0,3.0,4.0,3.0,4.0,4.0,3.0,3.0,2.0,,,,,,,,,,,,,,,,,,2.0,2.0,,,,,,,,3.0,5.0,4.0,3.0,3.0,4.0,3.0,2.0,4.0,3.0,4.0,3.0,3.0,2.0,4.0,3.0,4.0,3.0,5.0,4.0,4.0,3.0,4.0,5.0,4.0,4.0,3.0,5.0,4.0,4.0,3.0,3.0,4.0,3.0,2.0,4.0,3.0,4.0,3.0,4.0,4.0,3.0,3.0,5.0,4.0,5.0,3.0,4.0,4.0,5.0,4.0,3.0,4.0,4.0,4.0,3.0,5.0,4.0,3.0,4.0,2.0,4.0,2.0,5.0,3.0,4.0,3.0,4.0,2.0,3.0,4.0,4.0,4.0,3.0,5.0,2.0,4.0,10.0,4.0,3.0,4.0,2.0,4.0,3.0,2.0,,4.0,3.0,4.0,2.0,4.0,4.0,3.0,5.0,4.0,3.0,3.0,4.0,2.0,1.0,2.0,1.0,2.0,4.0,3.0,4.0,3.0,3.0,5.0,4.0,3.0,4.0,4.0,3.0,5.0,4.0,4.0,3.0,4.0,10.0,9.0,2.0,1.0,2.0,1.0,1.0,,4.0,,3.0,1.0,2.0,3.0,2.0,1.112248,3.3333333333333335,3.5,3.5,4.0,2.0
9175.0,4.0,2.0,1.0,30.0,2.0,5.0,5.0,5.0,5.0,5.0,4.0,3.0,3.0,1.0,2.0,,,,,,,,,,,,,,,,,,1.0,1.0,,,3.0,,,,,2.0,4.0,4.0,3.0,4.0,4.0,4.0,4.0,4.0,4.0,3.0,1.0,4.0,4.0,4.0,4.0,4.0,3.0,2.0,4.0,2.0,4.0,4.0,4.0,2.0,3.0,2.0,2.0,4.0,2.0,2.0,3.0,3.0,3.0,3.0,3.0,4.0,4.0,3.0,3.0,3.0,4.0,3.0,4.0,2.0,4.0,4.0,3.0,4.0,3.0,4.0,4.0,4.0,4.0,4.0,4.0,4.0,4.0,4.0,3.0,2.0,4.0,4.0,3.0,2.0,4.0,3.0,3.0,4.0,4.0,4.0,4.0,4.0,3.0,4.0,4.0,4.0,9.0,4.0,4.0,4.0,1.0,4.0,4.0,3.0,,4.0,4.0,4.0,1.0,4.0,3.0,2.0,2.0,4.0,4.0,4.0,3.0,1.0,1.0,1.0,1.0,2.0,4.0,4.0,4.0,3.0,4.0,3.0,4.0,4.0,4.0,3.0,4.0,4.0,3.0,4.0,4.0,4.0,9.0,9.0,1.0,1.0,2.0,2.0,1.0,,4.0,,3.0,1.0,2.0,3.0,2.0,0.921551,2.3333333333333335,4.5,4.0,4.0,1.0
9219.0,1.0,1.0,2.0,27.0,1.0,5.0,5.0,5.0,5.0,3.0,3.0,3.0,4.0,4.0,2.0,,,,,,,,,,,,,,,,,,2.0,1.0,,,,4.0,,,,1.0,4.0,4.0,5.0,5.0,5.0,4.0,5.0,5.0,5.0,5.0,5.0,5.0,5.0,5.0,5.0,5.0,5.0,5.0,5.0,5.0,4.0,5.0,5.0,5.0,5.0,5.0,4.0,5.0,5.0,5.0,3.0,3.0,5.0,3.0,3.0,5.0,5.0,5.0,5.0,5.0,5.0,3.0,4.0,4.0,3.0,5.0,5.0,4.0,5.0,5.0,5.0,5.0,5.0,5.0,5.0,5.0,3.0,4.0,3.0,5.0,4.0,4.0,4.0,4.0,4.0,3.0,3.0,2.0,3.0,3.0,4.0,4.0,3.0,4.0,4.0,4.0,8.0,3.0,3.0,3.0,1.0,5.0,5.0,2.0,,3.0,3.0,3.0,2.0,3.0,3.0,2.0,3.0,2.0,2.0,3.0,3.0,2.0,2.0,2.0,2.0,2.0,3.0,3.0,3.0,3.0,3.0,4.0,3.0,2.0,2.0,3.0,3.0,3.0,3.0,3.0,2.0,3.0,7.0,7.0,2.0,2.0,2.0,2.0,1.0,,4.0,,1.0,1.0,2.0,3.0,1.0,1.034762,3.6666666666666665,3.0,5.0,3.0,2.0
9334.0,2.0,6.0,2.0,43.0,3.0,4.0,4.0,4.0,3.0,4.0,4.0,4.0,2.0,3.0,1.0,1.0,2.0,3.0,4.0,5.0,,,,,,,,,,,,,1.0,2.0,,,,,,,,4.0,4.0,4.0,4.0,3.0,4.0,4.0,3.0,4.0,4.0,4.0,3.0,3.0,4.0,4.0,4.0,5.0,4.0,4.0,4.0,3.0,3.0,4.0,4.0,4.0,4.0,3.0,4.0,4.0,4.0,4.0,4.0,4.0,4.0,4.0,3.0,3.0,4.0,3.0,4.0,3.0,4.0,4.0,4.0,3.0,5.0,4.0,4.0,4.0,4.0,2.0,4.0,3.0,4.0,5.0,5.0,5.0,3.0,4.0,4.0,3.0,2.0,4.0,4.0,4.0,3.0,2.0,4.0,2.0,3.0,3.0,4.0,4.0,3.0,3.0,3.0,4.0,6.0,3.0,4.0,4.0,1.0,4.0,3.0,3.0,,4.0,2.0,3.0,2.0,2.0,3.0,2.0,3.0,4.0,3.0,4.0,3.0,1.0,2.0,1.0,1.0,1.0,4.0,4.0,3.0,3.0,3.0,4.0,2.0,3.0,3.0,3.0,3.0,2.0,2.0,2.0,2.0,4.0,6.0,7.0,1.0,2.0,1.0,2.0,2.0,2.0,4.0,,4.0,2.0,2.0,3.0,3.0,1.115818,3.0,4.0,3.5,2.0,2.0
9340.0,2.0,6.0,1.0,44.0,3.0,4.0,4.0,4.0,4.0,3.0,3.0,3.0,3.0,4.0,2.0,,,,,,,,,,,,,,,,,,2.0,2.0,,,,,,,,2.0,4.0,4.0,4.0,4.0,5.0,5.0,5.0,5.0,5.0,4.0,4.0,4.0,4.0,4.0,4.0,4.0,4.0,4.0,4.0,4.0,4.0,4.0,4.0,4.0,4.0,4.0,4.0,4.0,4.0,4.0,4.0,3.0,4.0,3.0,4.0,3.0,2.0,4.0,4.0,4.0,4.0,4.0,4.0,4.0,2.0,4.0,4.0,4.0,4.0,4.0,4.0,3.0,4.0,4.0,4.0,4.0,4.0,4.0,3.0,3.0,5.0,5.0,5.0,5.0,5.0,4.0,4.0,4.0,2.0,3.0,3.0,3.0,3.0,3.0,3.0,3.0,5.0,3.0,3.0,3.0,1.0,3.0,3.0,1.0,,3.0,3.0,3.0,1.0,3.0,2.0,3.0,4.0,3.0,3.0,3.0,3.0,1.0,2.0,2.0,2.0,2.0,4.0,4.0,4.0,4.0,3.0,3.0,3.0,3.0,3.0,3.0,3.0,3.0,3.0,3.0,3.0,3.0,8.0,9.0,2.0,2.0,2.0,2.0,1.0,,4.0,,4.0,1.0,2.0,3.0,3.0,0.846161,3.3333333333333335,3.0,3.0,3.0,1.0
9371.0,2.0,6.0,1.0,34.0,2.0,5.0,5.0,3.0,2.0,4.0,4.0,4.0,4.0,4.0,2.0,,,,,,,,,,,,,,,,,,2.0,1.0,,,3.0,4.0,5.0,,,2.0,4.0,4.0,4.0,4.0,4.0,4.0,4.0,5.0,4.0,4.0,3.0,5.0,5.0,4.0,5.0,4.0,4.0,5.0,4.0,4.0,4.0,4.0,5.0,4.0,4.0,4.0,4.0,5.0,4.0,4.0,5.0,5.0,5.0,4.0,5.0,4.0,5.0,5.0,5.0,4.0,4.0,4.0,5.0,4.0,4.0,5.0,5.0,5.0,4.0,5.0,4.0,5.0,5.0,5.0,4.0,4.0,4.0,5.0,4.0,4.0,3.0,4.0,3.0,4.0,3.0,3.0,4.0,3.0,4.0,5.0,5.0,5.0,3.0,4.0,3.0,4.0,11.0,2.0,2.0,4.0,2.0,3.0,3.0,1.0,,3.0,3.0,4.0,2.0,3.0,1.0,2.0,3.0,1.0,2.0,2.0,3.0,2.0,2.0,2.0,2.0,2.0,4.0,4.0,4.0,4.0,4.0,4.0,4.0,1.0,1.0,4.0,4.0,3.0,4.0,3.0,3.0,4.0,1.0,1.0,2.0,2.0,2.0,2.0,1.0,,4.0,,3.0,1.0,2.0,3.0,2.0,0.80892,4.0,4.0,3.0,3.0,2.0
9373.0,1.0,1.0,1.0,59.0,4.0,5.0,5.0,4.0,3.0,4.0,4.0,4.0,4.0,3.0,1.0,,2.0,3.0,4.0,,,,,,,,,,,,,,2.0,2.0,,,,,,,,4.0,3.0,3.0,3.0,4.0,2.0,4.0,2.0,4.0,3.0,2.0,1.0,4.0,2.0,2.0,5.0,3.0,2.0,3.0,3.0,2.0,3.0,2.0,4.0,4.0,3.0,3.0,3.0,4.0,2.0,1.0,2.0,3.0,1.0,3.0,2.0,2.0,2.0,2.0,1.0,1.0,2.0,2.0,4.0,3.0,2.0,1.0,2.0,2.0,2.0,3.0,2.0,1.0,2.0,1.0,2.0,2.0,3.0,3.0,2.0,2.0,4.0,4.0,3.0,5.0,4.0,2.0,4.0,2.0,5.0,5.0,5.0,5.0,4.0,4.0,5.0,5.0,10.0,2.0,4.0,4.0,1.0,4.0,2.0,2.0,,4.0,4.0,5.0,1.0,4.0,3.0,4.0,4.0,4.0,5.0,5.0,4.0,1.0,1.0,2.0,1.0,1.0,2.0,4.0,4.0,4.0,2.0,4.0,4.0,1.0,1.0,1.0,1.0,1.0,1.0,1.0,1.0,2.0,10.0,10.0,1.0,1.0,2.0,1.0,2.0,1.0,4.0,,3.0,2.0,1.0,3.0,2.0,1.101675,3.6666666666666665,4.0,3.0,4.0,1.0
9397.0,10.0,3.0,1.0,34.0,2.0,4.0,4.0,4.0,3.0,4.0,4.0,3.0,3.0,3.0,2.0,,,,,,,,,,,,,,,,,,2.0,1.0,1.0,,3.0,,5.0,,,4.0,4.0,4.0,3.0,4.0,3.0,4.0,2.0,4.0,4.0,3.0,2.0,4.0,4.0,4.0,4.0,3.0,3.0,3.0,3.0,3.0,2.0,3.0,3.0,3.0,3.0,4.0,3.0,4.0,4.0,2.0,2.0,2.0,2.0,2.0,2.0,2.0,2.0,2.0,2.0,2.0,2.0,2.0,3.0,3.0,2.0,3.0,3.0,2.0,3.0,3.0,3.0,3.0,3.0,3.0,3.0,4.0,4.0,4.0,4.0,2.0,3.0,4.0,2.0,4.0,4.0,2.0,3.0,3.0,2.0,4.0,2.0,3.0,4.0,4.0,2.0,4.0,7.0,4.0,2.0,4.0,1.0,4.0,4.0,2.0,,3.0,2.0,3.0,2.0,2.0,1.0,1.0,3.0,2.0,2.0,4.0,3.0,2.0,2.0,2.0,2.0,2.0,4.0,4.0,4.0,2.0,1.0,1.0,1.0,1.0,1.0,1.0,1.0,2.0,3.0,2.0,1.0,2.0,8.0,4.0,2.0,2.0,2.0,2.0,2.0,1.0,4.0,,3.0,2.0,1.0,3.0,2.0,0.865768,3.0,4.0,4.0,2.0,2.0
9434.0,6.0,3.0,1.0,22.0,1.0,5.0,5.0,3.0,2.0,5.0,4.0,3.0,3.0,1.0,2.0,,,,,,,,,,,,,,,,,,2.0,2.0,,,,,,,,2.0,4.0,4.0,3.0,3.0,3.0,5.0,3.0,4.0,4.0,2.0,2.0,3.0,4.0,3.0,5.0,4.0,4.0,4.0,4.0,4.0,2.0,4.0,4.0,4.0,4.0,4.0,2.0,4.0,2.0,1.0,2.0,2.0,2.0,2.0,2.0,2.0,2.0,2.0,2.0,2.0,2.0,2.0,1.0,2.0,2.0,4.0,4.0,4.0,3.0,4.0,2.0,5.0,5.0,4.0,4.0,4.0,2.0,5.0,4.0,1.0,4.0,5.0,4.0,5.0,4.0,2.0,4.0,3.0,3.0,4.0,2.0,3.0,3.0,4.0,3.0,3.0,2.0,2.0,3.0,4.0,1.0,4.0,4.0,2.0,,3.0,3.0,2.0,2.0,2.0,3.0,2.0,4.0,3.0,1.0,4.0,3.0,1.0,2.0,2.0,1.0,1.0,2.0,2.0,1.0,2.0,1.0,3.0,2.0,1.0,1.0,1.0,2.0,4.0,2.0,1.0,1.0,3.0,2.0,6.0,1.0,1.0,1.0,1.0,1.0,,6.0,,2.0,1.0,2.0,5.0,1.0,0.984842,2.3333333333333335,4.5,4.0,2.0,2.0
9437.0,9.0,2.0,1.0,46.0,3.0,4.0,4.0,5.0,4.0,4.0,4.0,4.0,4.0,4.0,1.0,1.0,,3.0,4.0,,,7.0,,,,,,,,,,,2.0,2.0,,,,,,,,4.0,3.0,3.0,2.0,3.0,2.0,2.0,2.0,3.0,2.0,2.0,2.0,3.0,2.0,2.0,2.0,3.0,3.0,3.0,3.0,3.0,3.0,3.0,3.0,3.0,3.0,3.0,3.0,3.0,3.0,3.0,2.0,2.0,2.0,2.0,2.0,2.0,2.0,2.0,2.0,2.0,2.0,2.0,2.0,2.0,2.0,3.0,3.0,3.0,3.0,3.0,3.0,3.0,3.0,3.0,3.0,3.0,3.0,3.0,3.0,3.0,2.0,3.0,4.0,5.0,3.0,2.0,3.0,3.0,3.0,3.0,3.0,3.0,3.0,3.0,2.0,3.0,6.0,2.0,2.0,4.0,1.0,5.0,4.0,2.0,,3.0,3.0,4.0,2.0,4.0,3.0,3.0,4.0,3.0,3.0,4.0,3.0,1.0,2.0,2.0,2.0,2.0,5.0,4.0,3.0,4.0,4.0,4.0,4.0,3.0,3.0,3.0,3.0,3.0,4.0,3.0,3.0,3.0,4.0,3.0,1.0,1.0,2.0,1.0,1.0,,4.0,,3.0,1.0,2.0,3.0,2.0,1.065336,4.0,4.0,4.5,4.0,2.0
9478.0,5.0,4.0,2.0,34.0,2.0,4.0,4.0,3.0,3.0,4.0,4.0,3.0,3.0,4.0,2.0,,,,,,,,,,,,,,,,,,2.0,2.0,,,,,,,,2.0,3.0,4.0,3.0,3.0,4.0,4.0,3.0,4.0,3.0,2.0,2.0,4.0,2.0,3.0,5.0,2.0,3.0,3.0,3.0,3.0,3.0,2.0,4.0,4.0,3.0,2.0,3.0,4.0,4.0,1.0,3.0,3.0,2.0,2.0,4.0,3.0,3.0,3.0,3.0,3.0,3.0,3.0,4.0,4.0,1.0,3.0,3.0,3.0,3.0,3.0,3.0,3.0,4.0,4.0,3.0,3.0,3.0,3.0,4.0,1.0,4.0,3.0,4.0,5.0,3.0,4.0,4.0,3.0,3.0,3.0,3.0,3.0,4.0,3.0,4.0,3.0,9.0,4.0,2.0,4.0,2.0,5.0,4.0,1.0,,2.0,2.0,3.0,2.0,4.0,1.0,1.0,5.0,3.0,3.0,4.0,3.0,2.0,2.0,1.0,1.0,2.0,4.0,4.0,4.0,4.0,2.0,2.0,3.0,2.0,1.0,3.0,3.0,2.0,4.0,2.0,1.0,3.0,9.0,3.0,1.0,2.0,1.0,1.0,1.0,,4.0,,4.0,1.0,2.0,3.0,3.0,0.880586,3.3333333333333335,4.0,4.5,4.0,2.0
9507.0,9.0,2.0,2.0,26.0,1.0,5.0,5.0,4.0,4.0,4.0,4.0,4.0,4.0,4.0,2.0,,,,,,,,,,,,,,,,,,2.0,2.0,,,,,,,,2.0,3.0,3.0,3.0,3.0,3.0,3.0,3.0,3.0,3.0,3.0,3.0,5.0,4.0,3.0,5.0,4.0,4.0,4.0,4.0,4.0,3.0,4.0,4.0,4.0,4.0,4.0,2.0,4.0,3.0,2.0,4.0,4.0,4.0,4.0,4.0,4.0,4.0,4.0,4.0,4.0,4.0,3.0,4.0,3.0,3.0,4.0,4.0,4.0,4.0,4.0,4.0,4.0,4.0,4.0,4.0,4.0,3.0,5.0,3.0,3.0,3.0,2.0,2.0,3.0,4.0,2.0,2.0,3.0,4.0,4.0,4.0,4.0,4.0,4.0,4.0,4.0,6.0,4.0,2.0,4.0,1.0,4.0,4.0,3.0,,4.0,4.0,4.0,1.0,4.0,4.0,4.0,4.0,4.0,4.0,4.0,4.0,1.0,1.0,1.0,2.0,2.0,4.0,4.0,4.0,4.0,3.0,4.0,3.0,2.0,2.0,3.0,3.0,3.0,4.0,4.0,2.0,4.0,7.0,3.0,1.0,2.0,1.0,2.0,1.0,,6.0,,4.0,1.0,2.0,5.0,3.0,1.026542,4.0,4.0,4.0,4.0,1.0
9632.0,2.0,6.0,1.0,57.0,4.0,4.0,4.0,4.0,4.0,4.0,4.0,3.0,3.0,3.0,2.0,,,,,,,,,,,,,,,,,,2.0,2.0,,,,,,,,3.0,4.0,4.0,4.0,4.0,3.0,4.0,4.0,4.0,4.0,3.0,3.0,4.0,4.0,3.0,4.0,3.0,3.0,3.0,3.0,3.0,3.0,3.0,3.0,3.0,3.0,3.0,3.0,3.0,3.0,3.0,4.0,3.0,3.0,3.0,3.0,4.0,3.0,3.0,3.0,3.0,3.0,4.0,3.0,3.0,3.0,3.0,3.0,3.0,3.0,3.0,3.0,3.0,3.0,3.0,3.0,3.0,3.0,3.0,3.0,3.0,4.0,3.0,4.0,4.0,4.0,3.0,3.0,2.0,3.0,4.0,3.0,3.0,3.0,4.0,4.0,3.0,6.0,3.0,3.0,3.0,1.0,3.0,3.0,3.0,,3.0,3.0,3.0,1.0,3.0,2.0,3.0,3.0,3.0,2.0,3.0,3.0,2.0,2.0,2.0,2.0,2.0,4.0,4.0,4.0,4.0,4.0,4.0,4.0,4.0,4.0,4.0,4.0,4.0,4.0,4.0,4.0,3.0,6.0,6.0,2.0,2.0,2.0,2.0,2.0,1.0,4.0,,4.0,2.0,1.0,3.0,3.0,1.044509,3.0,4.0,3.0,3.0,1.0
9691.0,10.0,3.0,2.0,27.0,1.0,5.0,5.0,3.0,2.0,3.0,3.0,4.0,4.0,4.0,2.0,,,,,,,,,,,,,,,,,,2.0,2.0,,,,,,,,4.0,3.0,4.0,2.0,4.0,3.0,4.0,2.0,4.0,3.0,3.0,3.0,3.0,2.0,4.0,5.0,3.0,4.0,4.0,3.0,5.0,3.0,4.0,5.0,4.0,4.0,4.0,4.0,3.0,3.0,3.0,3.0,5.0,3.0,3.0,5.0,3.0,3.0,5.0,3.0,3.0,3.0,2.0,5.0,4.0,2.0,3.0,3.0,4.0,3.0,5.0,3.0,2.0,4.0,3.0,3.0,4.0,3.0,5.0,3.0,2.0,2.0,5.0,5.0,4.0,5.0,3.0,4.0,3.0,3.0,3.0,3.0,4.0,3.0,4.0,3.0,4.0,5.0,3.0,3.0,4.0,2.0,3.0,3.0,2.0,,3.0,3.0,4.0,2.0,2.0,2.0,2.0,4.0,3.0,2.0,4.0,4.0,2.0,2.0,2.0,2.0,2.0,3.0,4.0,3.0,4.0,3.0,4.0,3.0,2.0,4.0,3.0,4.0,4.0,4.0,2.0,3.0,3.0,5.0,5.0,2.0,2.0,1.0,2.0,1.0,,6.0,,3.0,1.0,2.0,5.0,2.0,0.987061,4.0,3.0,3.0,2.0,2.0
9702.0,9.0,2.0,1.0,36.0,2.0,5.0,5.0,4.0,3.0,4.0,3.0,3.0,3.0,4.0,2.0,,,,,,,,,,,,,,,,,,2.0,1.0,,,,4.0,,,,2.0,3.0,4.0,3.0,3.0,3.0,4.0,3.0,4.0,4.0,4.0,4.0,4.0,4.0,4.0,4.0,3.0,3.0,3.0,3.0,3.0,3.0,3.0,3.0,3.0,3.0,3.0,3.0,4.0,3.0,3.0,2.0,2.0,2.0,2.0,2.0,2.0,2.0,2.0,2.0,2.0,2.0,2.0,3.0,2.0,2.0,3.0,3.0,3.0,3.0,3.0,3.0,3.0,3.0,3.0,3.0,3.0,3.0,4.0,3.0,3.0,2.0,4.0,4.0,4.0,5.0,2.0,2.0,4.0,4.0,4.0,3.0,4.0,4.0,4.0,4.0,3.0,5.0,4.0,4.0,4.0,1.0,4.0,4.0,3.0,,3.0,2.0,3.0,1.0,4.0,2.0,2.0,3.0,3.0,3.0,4.0,3.0,2.0,2.0,2.0,1.0,2.0,4.0,4.0,2.0,2.0,2.0,4.0,2.0,2.0,2.0,2.0,2.0,2.0,2.0,2.0,2.0,3.0,7.0,7.0,2.0,2.0,2.0,2.0,1.0,,4.0,,3.0,1.0,2.0,3.0,2.0,0.921551,3.3333333333333335,3.5,4.0,4.0,1.0
9715.0,2.0,6.0,1.0,31.0,2.0,5.0,5.0,3.0,2.0,3.0,3.0,3.0,3.0,2.0,2.0,,,,,,,,,,,,,,,,,,2.0,1.0,,,3.0,,,,,2.0,4.0,3.0,2.0,2.0,4.0,5.0,2.0,4.0,4.0,2.0,2.0,4.0,2.0,4.0,5.0,1.0,1.0,1.0,1.0,1.0,1.0,1.0,1.0,1.0,1.0,1.0,1.0,3.0,1.0,3.0,1.0,1.0,1.0,1.0,1.0,1.0,1.0,1.0,1.0,1.0,1.0,1.0,3.0,1.0,3.0,1.0,1.0,1.0,1.0,1.0,1.0,1.0,1.0,1.0,1.0,1.0,1.0,4.0,1.0,1.0,3.0,4.0,4.0,4.0,3.0,4.0,4.0,4.0,4.0,4.0,2.0,3.0,5.0,3.0,4.0,3.0,2.0,4.0,1.0,5.0,1.0,5.0,5.0,4.0,,2.0,2.0,2.0,2.0,2.0,1.0,2.0,1.0,3.0,1.0,3.0,1.0,2.0,2.0,2.0,2.0,2.0,3.0,3.0,2.0,3.0,1.0,2.0,1.0,1.0,1.0,1.0,1.0,1.0,1.0,1.0,1.0,2.0,10.0,9.0,2.0,2.0,2.0,2.0,1.0,,7.0,,4.0,1.0,2.0,6.0,3.0,0.80892,2.6666666666666665,3.0,5.0,2.0,2.0
9756.0,16.0,6.0,2.0,42.0,3.0,3.0,3.0,3.0,3.0,3.0,3.0,3.0,2.0,3.0,2.0,,,,,,,,,,,,,,,,,,2.0,2.0,,,,,,,,2.0,3.0,3.0,3.0,3.0,3.0,4.0,3.0,4.0,3.0,4.0,4.0,3.0,4.0,3.0,3.0,3.0,3.0,4.0,3.0,3.0,4.0,4.0,3.0,3.0,3.0,4.0,4.0,3.0,3.0,3.0,3.0,3.0,3.0,3.0,4.0,3.0,3.0,3.0,3.0,4.0,3.0,3.0,4.0,4.0,4.0,3.0,4.0,4.0,4.0,3.0,4.0,3.0,3.0,3.0,4.0,4.0,3.0,3.0,3.0,3.0,3.0,4.0,4.0,4.0,3.0,3.0,3.0,4.0,4.0,4.0,3.0,3.0,3.0,4.0,4.0,4.0,8.0,3.0,3.0,3.0,2.0,3.0,3.0,3.0,,3.0,4.0,3.0,2.0,3.0,3.0,3.0,4.0,4.0,4.0,3.0,3.0,2.0,2.0,2.0,2.0,2.0,4.0,4.0,3.0,3.0,3.0,3.0,4.0,3.0,3.0,3.0,3.0,3.0,3.0,4.0,3.0,3.0,7.0,6.0,2.0,2.0,2.0,2.0,3.0,1.0,4.0,,4.0,3.0,1.0,3.0,3.0,1.115818,2.6666666666666665,3.0,3.0,3.0,2.0
9821.0,9.0,2.0,2.0,24.0,1.0,5.0,5.0,4.0,3.0,4.0,4.0,4.0,4.0,4.0,2.0,,,,,,,,,,,,,,,,,,2.0,2.0,,,,,,,,3.0,3.0,4.0,3.0,3.0,3.0,4.0,3.0,4.0,3.0,3.0,2.0,4.0,4.0,4.0,5.0,4.0,5.0,5.0,4.0,5.0,4.0,4.0,5.0,5.0,5.0,4.0,4.0,5.0,5.0,4.0,3.0,3.0,3.0,3.0,3.0,3.0,3.0,3.0,3.0,3.0,3.0,3.0,2.0,2.0,1.0,4.0,4.0,4.0,3.0,4.0,4.0,4.0,4.0,4.0,4.0,4.0,4.0,4.0,4.0,3.0,4.0,4.0,4.0,4.0,4.0,2.0,4.0,2.0,4.0,4.0,3.0,3.0,4.0,4.0,4.0,4.0,6.0,3.0,5.0,3.0,1.0,4.0,4.0,4.0,,4.0,4.0,3.0,2.0,3.0,1.0,3.0,4.0,3.0,3.0,4.0,4.0,2.0,2.0,2.0,2.0,2.0,4.0,4.0,4.0,4.0,3.0,4.0,3.0,2.0,1.0,3.0,3.0,3.0,3.0,2.0,3.0,2.0,9.0,5.0,2.0,2.0,2.0,2.0,1.0,,4.0,,3.0,1.0,2.0,3.0,2.0,1.026542,4.0,4.0,4.0,3.0,2.0
9858.0,16.0,6.0,1.0,37.0,2.0,4.0,4.0,4.0,4.0,4.0,4.0,3.0,3.0,4.0,2.0,,,,,,,,,,,,,,,,,,2.0,1.0,,,,,5.0,,,2.0,3.0,4.0,3.0,3.0,3.0,4.0,3.0,4.0,4.0,4.0,3.0,4.0,3.0,3.0,3.0,3.0,3.0,3.0,3.0,3.0,3.0,3.0,3.0,3.0,3.0,3.0,3.0,3.0,3.0,3.0,3.0,3.0,3.0,3.0,3.0,3.0,3.0,3.0,3.0,3.0,3.0,3.0,3.0,3.0,3.0,3.0,3.0,3.0,3.0,3.0,3.0,3.0,3.0,3.0,3.0,3.0,3.0,3.0,3.0,3.0,4.0,3.0,3.0,4.0,3.0,2.0,3.0,3.0,4.0,4.0,4.0,4.0,4.0,4.0,4.0,4.0,8.0,3.0,4.0,3.0,1.0,3.0,3.0,3.0,,4.0,3.0,3.0,1.0,3.0,3.0,3.0,4.0,2.0,3.0,4.0,3.0,1.0,2.0,2.0,1.0,1.0,4.0,4.0,3.0,4.0,3.0,4.0,3.0,3.0,4.0,3.0,3.0,3.0,3.0,3.0,3.0,4.0,9.0,9.0,1.0,1.0,1.0,1.0,2.0,2.0,4.0,,4.0,2.0,2.0,3.0,3.0,0.80892,3.3333333333333335,4.0,3.0,3.0,1.0
9868.0,16.0,6.0,2.0,43.0,3.0,5.0,5.0,4.0,5.0,5.0,4.0,4.0,4.0,4.0,2.0,,,,,,,,,,,,,,,,,,2.0,1.0,,,,4.0,5.0,9997.0,스팸문자,1.0,5.0,4.0,5.0,4.0,4.0,4.0,3.0,5.0,4.0,5.0,5.0,4.0,5.0,3.0,4.0,5.0,4.0,5.0,4.0,4.0,3.0,3.0,5.0,4.0,5.0,4.0,4.0,4.0,3.0,3.0,3.0,3.0,4.0,1.0,3.0,2.0,2.0,4.0,4.0,4.0,3.0,2.0,3.0,2.0,1.0,5.0,3.0,4.0,4.0,4.0,4.0,3.0,4.0,4.0,4.0,3.0,3.0,5.0,2.0,3.0,5.0,5.0,5.0,3.0,2.0,3.0,2.0,4.0,3.0,3.0,2.0,3.0,1.0,4.0,4.0,3.0,3.0,5.0,1.0,4.0,1.0,5.0,5.0,3.0,,1.0,1.0,3.0,2.0,2.0,1.0,3.0,2.0,1.0,2.0,2.0,3.0,2.0,1.0,2.0,1.0,1.0,2.0,4.0,2.0,4.0,1.0,2.0,3.0,1.0,1.0,2.0,3.0,1.0,2.0,2.0,4.0,4.0,10.0,3.0,1.0,2.0,2.0,1.0,3.0,2.0,3.0,,4.0,3.0,2.0,2.0,3.0,1.115818,4.0,4.5,5.0,2.0,2.0
9902.0,1.0,1.0,2.0,46.0,3.0,5.0,5.0,4.0,4.0,4.0,4.0,4.0,4.0,4.0,2.0,,,,,,,,,,,,,,,,,,2.0,2.0,,,,,,,,2.0,4.0,5.0,4.0,4.0,5.0,5.0,2.0,5.0,5.0,4.0,2.0,5.0,4.0,4.0,5.0,4.0,5.0,5.0,4.0,4.0,5.0,3.0,5.0,5.0,5.0,3.0,5.0,4.0,4.0,5.0,4.0,4.0,5.0,4.0,3.0,4.0,2.0,5.0,4.0,4.0,3.0,4.0,4.0,4.0,3.0,4.0,4.0,5.0,3.0,3.0,4.0,3.0,4.0,4.0,4.0,3.0,3.0,5.0,3.0,4.0,4.0,4.0,5.0,4.0,4.0,2.0,3.0,2.0,2.0,4.0,5.0,4.0,5.0,5.0,4.0,4.0,11.0,4.0,4.0,3.0,1.0,4.0,5.0,3.0,,4.0,4.0,5.0,2.0,3.0,2.0,2.0,3.0,3.0,2.0,4.0,2.0,2.0,2.0,2.0,1.0,2.0,4.0,4.0,4.0,1.0,1.0,1.0,1.0,1.0,1.0,1.0,1.0,1.0,1.0,1.0,4.0,4.0,11.0,2.0,2.0,2.0,2.0,2.0,2.0,1.0,5.0,,3.0,2.0,1.0,4.0,2.0,1.098998,4.0,4.0,4.5,3.0,2.0
9932.0,9.0,2.0,2.0,41.0,3.0,5.0,5.0,2.0,1.0,3.0,3.0,3.0,3.0,3.0,1.0,,,3.0,,,,,,,,,,,,,,,1.0,1.0,,,3.0,4.0,5.0,,,3.0,3.0,4.0,2.0,4.0,3.0,4.0,3.0,4.0,4.0,3.0,1.0,4.0,4.0,5.0,5.0,5.0,3.0,3.0,3.0,3.0,3.0,3.0,4.0,5.0,5.0,5.0,4.0,5.0,5.0,5.0,5.0,4.0,4.0,4.0,4.0,4.0,4.0,4.0,4.0,4.0,4.0,4.0,4.0,4.0,4.0,3.0,5.0,4.0,3.0,4.0,3.0,4.0,4.0,4.0,4.0,4.0,4.0,4.0,4.0,4.0,5.0,5.0,3.0,5.0,3.0,1.0,3.0,1.0,4.0,3.0,3.0,3.0,3.0,2.0,3.0,3.0,6.0,2.0,3.0,4.0,1.0,5.0,4.0,2.0,,3.0,3.0,3.0,2.0,2.0,1.0,1.0,4.0,1.0,1.0,4.0,3.0,1.0,2.0,1.0,1.0,2.0,1.0,1.0,1.0,1.0,1.0,4.0,1.0,1.0,1.0,1.0,1.0,1.0,1.0,1.0,2.0,3.0,6.0,8.0,1.0,1.0,1.0,1.0,1.0,,4.0,,3.0,1.0,2.0,3.0,2.0,0.965456,3.0,3.0,4.5,2.0,2.0
9961.0,9.0,2.0,2.0,21.0,1.0,4.0,4.0,5.0,4.0,5.0,5.0,4.0,4.0,5.0,1.0,1.0,2.0,3.0,4.0,5.0,6.0,7.0,,,,,,,,,,,2.0,2.0,,,,,,,,4.0,3.0,3.0,3.0,3.0,3.0,3.0,3.0,4.0,4.0,3.0,3.0,5.0,4.0,2.0,5.0,3.0,3.0,3.0,3.0,4.0,4.0,3.0,4.0,4.0,3.0,3.0,5.0,5.0,3.0,5.0,3.0,3.0,4.0,3.0,3.0,3.0,3.0,5.0,5.0,5.0,3.0,2.0,4.0,2.0,5.0,3.0,3.0,3.0,3.0,3.0,3.0,3.0,4.0,3.0,3.0,3.0,3.0,3.0,3.0,3.0,4.0,4.0,5.0,3.0,5.0,4.0,4.0,5.0,3.0,3.0,3.0,4.0,2.0,2.0,3.0,3.0,3.0,3.0,2.0,4.0,1.0,2.0,2.0,3.0,,3.0,3.0,3.0,1.0,3.0,3.0,3.0,3.0,4.0,3.0,4.0,3.0,1.0,2.0,1.0,1.0,2.0,5.0,5.0,5.0,5.0,5.0,3.0,4.0,4.0,3.0,4.0,3.0,5.0,2.0,2.0,1.0,4.0,9.0,3.0,1.0,2.0,1.0,2.0,1.0,,6.0,,3.0,1.0,2.0,5.0,2.0,1.026542,4.333333333333333,5.0,2.0,3.0,1.0
9971.0,15.0,5.0,1.0,58.0,4.0,4.0,5.0,4.0,3.0,4.0,4.0,4.0,4.0,3.0,1.0,1.0,2.0,3.0,4.0,5.0,6.0,,,,,11.0,,13.0,14.0,,,,2.0,2.0,,,,,,,,3.0,3.0,3.0,3.0,3.0,3.0,3.0,2.0,2.0,2.0,2.0,3.0,3.0,4.0,4.0,5.0,3.0,3.0,4.0,3.0,3.0,4.0,3.0,3.0,3.0,3.0,3.0,4.0,5.0,3.0,4.0,3.0,3.0,4.0,3.0,2.0,3.0,3.0,3.0,2.0,3.0,3.0,4.0,5.0,3.0,4.0,3.0,3.0,4.0,3.0,3.0,3.0,3.0,3.0,3.0,3.0,4.0,4.0,5.0,3.0,4.0,4.0,3.0,3.0,5.0,4.0,3.0,4.0,3.0,4.0,4.0,3.0,4.0,4.0,5.0,4.0,3.0,6.0,3.0,2.0,3.0,1.0,3.0,3.0,5.0,,3.0,3.0,3.0,1.0,4.0,1.0,1.0,4.0,2.0,2.0,4.0,1.0,1.0,2.0,2.0,2.0,2.0,4.0,4.0,3.0,3.0,3.0,3.0,3.0,2.0,2.0,1.0,1.0,3.0,3.0,3.0,3.0,4.0,7.0,6.0,1.0,2.0,1.0,1.0,2.0,1.0,2.0,,4.0,2.0,1.0,1.0,3.0,0.92937,3.6666666666666665,4.0,3.0,4.0,1.0
9986.0,7.0,6.0,1.0,39.0,2.0,5.0,5.0,4.0,3.0,4.0,3.0,3.0,4.0,2.0,2.0,,,,,,,,,,,,,,,,,,2.0,2.0,,,,,,,,4.0,4.0,4.0,4.0,4.0,4.0,4.0,3.0,4.0,4.0,4.0,3.0,4.0,4.0,3.0,5.0,4.0,4.0,4.0,5.0,5.0,4.0,5.0,5.0,5.0,5.0,3.0,4.0,4.0,4.0,4.0,5.0,5.0,5.0,5.0,5.0,4.0,5.0,5.0,5.0,5.0,4.0,4.0,5.0,4.0,4.0,5.0,5.0,5.0,5.0,5.0,5.0,5.0,5.0,5.0,5.0,5.0,5.0,5.0,5.0,4.0,4.0,4.0,4.0,5.0,5.0,3.0,4.0,2.0,4.0,4.0,4.0,3.0,5.0,5.0,4.0,4.0,9.0,4.0,4.0,2.0,1.0,5.0,5.0,2.0,,3.0,2.0,4.0,2.0,2.0,1.0,2.0,4.0,3.0,3.0,3.0,3.0,1.0,2.0,1.0,1.0,1.0,4.0,4.0,3.0,4.0,3.0,4.0,3.0,2.0,2.0,3.0,3.0,2.0,3.0,2.0,2.0,4.0,3.0,3.0,1.0,2.0,1.0,1.0,2.0,1.0,4.0,,3.0,2.0,1.0,3.0,2.0,0.80892,3.0,3.5,5.0,2.0,2.0
9990.0,17.0,4.0,2.0,21.0,1.0,5.0,5.0,3.0,3.0,4.0,4.0,4.0,3.0,4.0,2.0,,,,,,,,,,,,,,,,,,2.0,1.0,,,3.0,,5.0,,,2.0,3.0,4.0,4.0,3.0,3.0,4.0,2.0,4.0,3.0,3.0,3.0,4.0,4.0,3.0,4.0,4.0,4.0,4.0,3.0,4.0,4.0,4.0,4.0,4.0,4.0,3.0,3.0,4.0,4.0,3.0,3.0,3.0,4.0,3.0,4.0,3.0,4.0,4.0,4.0,4.0,3.0,3.0,4.0,4.0,3.0,3.0,4.0,4.0,3.0,4.0,4.0,4.0,4.0,4.0,4.0,4.0,4.0,4.0,4.0,3.0,4.0,4.0,4.0,4.0,3.0,2.0,3.0,2.0,3.0,3.0,2.0,3.0,4.0,3.0,3.0,4.0,4.0,4.0,4.0,2.0,1.0,4.0,4.0,4.0,,3.0,3.0,4.0,2.0,3.0,2.0,2.0,3.0,2.0,3.0,3.0,3.0,1.0,2.0,2.0,1.0,2.0,4.0,4.0,4.0,4.0,2.0,3.0,3.0,2.0,2.0,2.0,2.0,2.0,2.0,2.0,2.0,3.0,8.0,4.0,1.0,2.0,1.0,2.0,1.0,,6.0,,3.0,1.0,2.0,5.0,2.0,1.080984,3.6666666666666665,4.0,4.0,3.0,2.0
9992.0,16.0,6.0,1.0,21.0,1.0,4.0,5.0,3.0,3.0,3.0,3.0,4.0,3.0,3.0,2.0,,,,,,,,,,,,,,,,,,2.0,2.0,,,,,,,,2.0,4.0,3.0,3.0,4.0,5.0,3.0,5.0,4.0,5.0,5.0,5.0,3.0,4.0,3.0,3.0,4.0,3.0,4.0,2.0,3.0,3.0,5.0,4.0,5.0,5.0,5.0,2.0,3.0,2.0,2.0,3.0,3.0,5.0,3.0,5.0,3.0,4.0,4.0,5.0,5.0,5.0,3.0,3.0,2.0,3.0,4.0,3.0,4.0,3.0,3.0,3.0,5.0,4.0,5.0,5.0,5.0,3.0,3.0,3.0,3.0,4.0,4.0,4.0,5.0,3.0,2.0,4.0,2.0,3.0,3.0,3.0,3.0,3.0,3.0,3.0,4.0,4.0,2.0,2.0,4.0,1.0,3.0,4.0,3.0,,2.0,3.0,4.0,2.0,2.0,2.0,2.0,2.0,2.0,3.0,3.0,2.0,1.0,2.0,2.0,2.0,2.0,4.0,4.0,4.0,3.0,3.0,4.0,3.0,2.0,2.0,2.0,3.0,4.0,3.0,2.0,2.0,3.0,9.0,4.0,2.0,2.0,1.0,2.0,1.0,,6.0,,3.0,1.0,2.0,5.0,2.0,1.00476,3.3333333333333335,3.0,3.5,2.0,2.0
10086.0,5.0,4.0,1.0,51.0,4.0,5.0,5.0,4.0,3.0,4.0,4.0,4.0,4.0,4.0,1.0,1.0,2.0,3.0,4.0,,,,,,,,,13.0,,,,,1.0,1.0,1.0,,3.0,,5.0,,,3.0,4.0,4.0,3.0,4.0,4.0,5.0,3.0,4.0,4.0,3.0,3.0,5.0,4.0,3.0,5.0,4.0,4.0,4.0,4.0,3.0,4.0,3.0,4.0,4.0,3.0,3.0,3.0,4.0,3.0,4.0,4.0,4.0,4.0,4.0,4.0,4.0,3.0,4.0,4.0,4.0,3.0,3.0,3.0,3.0,3.0,4.0,4.0,4.0,4.0,3.0,4.0,4.0,4.0,4.0,4.0,3.0,4.0,4.0,4.0,4.0,4.0,2.0,4.0,4.0,3.0,2.0,3.0,2.0,3.0,2.0,4.0,4.0,5.0,5.0,5.0,4.0,3.0,4.0,3.0,5.0,1.0,4.0,4.0,2.0,,4.0,4.0,4.0,1.0,4.0,1.0,1.0,3.0,1.0,4.0,3.0,3.0,2.0,2.0,2.0,2.0,2.0,4.0,4.0,4.0,4.0,3.0,4.0,3.0,2.0,2.0,3.0,2.0,2.0,4.0,2.0,2.0,4.0,3.0,6.0,2.0,2.0,2.0,2.0,2.0,1.0,4.0,,3.0,2.0,1.0,3.0,2.0,1.073801,4.0,4.0,4.0,4.0,1.0
10091.0,4.0,2.0,2.0,26.0,1.0,5.0,5.0,4.0,4.0,3.0,3.0,3.0,4.0,4.0,2.0,,,,,,,,,,,,,,,,,,2.0,1.0,1.0,,3.0,4.0,5.0,,,2.0,3.0,3.0,4.0,4.0,3.0,4.0,3.0,4.0,3.0,3.0,3.0,4.0,4.0,3.0,4.0,3.0,3.0,3.0,3.0,3.0,3.0,3.0,4.0,3.0,3.0,3.0,3.0,4.0,3.0,3.0,4.0,4.0,4.0,4.0,4.0,4.0,4.0,5.0,5.0,5.0,4.0,4.0,5.0,4.0,4.0,3.0,3.0,4.0,3.0,3.0,4.0,3.0,4.0,4.0,4.0,3.0,3.0,4.0,3.0,3.0,3.0,2.0,2.0,3.0,4.0,4.0,4.0,4.0,3.0,3.0,3.0,3.0,4.0,2.0,2.0,4.0,5.0,5.0,3.0,3.0,1.0,4.0,3.0,3.0,,3.0,3.0,3.0,2.0,2.0,1.0,1.0,3.0,3.0,3.0,4.0,3.0,1.0,2.0,2.0,1.0,1.0,5.0,5.0,3.0,3.0,3.0,3.0,3.0,2.0,2.0,1.0,3.0,3.0,2.0,2.0,1.0,3.0,6.0,11.0,1.0,2.0,2.0,2.0,1.0,,7.0,,4.0,1.0,2.0,6.0,3.0,1.026542,3.6666666666666665,3.0,3.5,2.0,2.0
10102.0,1.0,1.0,1.0,41.0,3.0,5.0,5.0,4.0,4.0,5.0,4.0,3.0,4.0,4.0,1.0,1.0,2.0,3.0,,5.0,,,,,,,,,,,,,1.0,1.0,,,,4.0,,,,3.0,3.0,4.0,3.0,3.0,3.0,4.0,3.0,4.0,3.0,3.0,4.0,4.0,4.0,3.0,4.0,4.0,4.0,4.0,4.0,4.0,3.0,4.0,4.0,4.0,4.0,4.0,4.0,4.0,4.0,4.0,4.0,4.0,4.0,3.0,4.0,4.0,3.0,4.0,4.0,4.0,4.0,3.0,4.0,3.0,3.0,4.0,4.0,4.0,4.0,4.0,5.0,3.0,4.0,4.0,4.0,4.0,4.0,4.0,3.0,3.0,4.0,4.0,4.0,4.0,5.0,3.0,4.0,3.0,4.0,3.0,2.0,3.0,3.0,3.0,2.0,4.0,2.0,2.0,4.0,4.0,1.0,5.0,5.0,1.0,,4.0,4.0,4.0,1.0,3.0,3.0,2.0,4.0,3.0,3.0,4.0,3.0,1.0,2.0,2.0,1.0,2.0,4.0,4.0,2.0,3.0,3.0,4.0,2.0,2.0,4.0,3.0,2.0,3.0,4.0,2.0,2.0,3.0,9.0,9.0,1.0,1.0,1.0,1.0,1.0,,4.0,,3.0,1.0,2.0,3.0,2.0,1.074504,3.6666666666666665,4.5,5.0,3.0,1.0
10130.0,14.0,4.0,2.0,54.0,4.0,5.0,5.0,4.0,3.0,4.0,4.0,4.0,4.0,4.0,2.0,,,,,,,,,,,,,,,,,,2.0,2.0,,,,,,,,4.0,3.0,3.0,4.0,3.0,4.0,4.0,4.0,4.0,4.0,3.0,3.0,4.0,5.0,4.0,4.0,4.0,4.0,4.0,4.0,4.0,4.0,4.0,4.0,4.0,4.0,4.0,4.0,4.0,4.0,4.0,3.0,3.0,4.0,3.0,3.0,3.0,3.0,4.0,3.0,3.0,3.0,3.0,3.0,3.0,3.0,4.0,4.0,4.0,3.0,4.0,3.0,4.0,4.0,4.0,4.0,3.0,3.0,4.0,4.0,3.0,3.0,3.0,2.0,4.0,4.0,2.0,3.0,2.0,3.0,3.0,3.0,4.0,3.0,4.0,4.0,4.0,9.0,4.0,2.0,3.0,1.0,3.0,3.0,4.0,,3.0,3.0,4.0,1.0,4.0,2.0,3.0,4.0,4.0,4.0,4.0,4.0,2.0,2.0,2.0,2.0,2.0,4.0,4.0,4.0,4.0,4.0,4.0,4.0,2.0,2.0,2.0,3.0,3.0,3.0,3.0,2.0,4.0,6.0,5.0,2.0,2.0,2.0,2.0,2.0,1.0,4.0,,4.0,2.0,1.0,3.0,3.0,1.055948,4.0,4.0,3.0,4.0,1.0
10166.0,8.0,3.0,2.0,41.0,3.0,5.0,5.0,5.0,5.0,5.0,5.0,5.0,5.0,5.0,2.0,,,,,,,,,,,,,,,,,,2.0,2.0,,,,,,,,3.0,3.0,3.0,3.0,3.0,3.0,4.0,3.0,4.0,3.0,3.0,3.0,5.0,5.0,3.0,5.0,3.0,3.0,3.0,3.0,3.0,3.0,3.0,3.0,3.0,3.0,3.0,3.0,3.0,3.0,3.0,3.0,3.0,3.0,3.0,3.0,3.0,3.0,3.0,3.0,3.0,3.0,3.0,3.0,3.0,3.0,3.0,3.0,3.0,3.0,3.0,3.0,3.0,3.0,3.0,3.0,3.0,3.0,3.0,3.0,3.0,3.0,3.0,3.0,3.0,3.0,3.0,3.0,3.0,3.0,3.0,3.0,3.0,3.0,3.0,3.0,3.0,6.0,3.0,4.0,3.0,1.0,5.0,5.0,1.0,,3.0,3.0,3.0,1.0,3.0,1.0,3.0,2.0,2.0,2.0,2.0,2.0,2.0,2.0,2.0,1.0,2.0,3.0,3.0,3.0,3.0,3.0,3.0,3.0,1.0,1.0,1.0,1.0,3.0,3.0,1.0,3.0,3.0,5.0,6.0,1.0,1.0,1.0,1.0,2.0,1.0,4.0,,4.0,2.0,1.0,3.0,3.0,0.951541,5.0,5.0,5.0,3.0,1.0
10185.0,3.0,5.0,1.0,31.0,2.0,5.0,5.0,4.0,4.0,4.0,4.0,4.0,4.0,4.0,2.0,,,,,,,,,,,,,,,,,,2.0,2.0,,,,,,,,4.0,3.0,3.0,2.0,3.0,2.0,4.0,2.0,3.0,2.0,2.0,2.0,3.0,3.0,3.0,3.0,3.0,3.0,2.0,3.0,4.0,3.0,3.0,4.0,4.0,3.0,3.0,4.0,4.0,3.0,3.0,3.0,4.0,4.0,3.0,4.0,3.0,3.0,4.0,4.0,3.0,3.0,4.0,4.0,3.0,3.0,3.0,4.0,4.0,3.0,4.0,3.0,3.0,4.0,4.0,3.0,3.0,4.0,4.0,3.0,3.0,3.0,3.0,4.0,4.0,3.0,3.0,3.0,3.0,4.0,3.0,4.0,4.0,4.0,4.0,4.0,4.0,6.0,3.0,3.0,3.0,1.0,2.0,2.0,4.0,,4.0,4.0,4.0,1.0,4.0,4.0,4.0,5.0,4.0,4.0,5.0,4.0,1.0,1.0,1.0,1.0,1.0,4.0,4.0,4.0,4.0,3.0,4.0,3.0,3.0,3.0,4.0,4.0,4.0,4.0,4.0,4.0,4.0,6.0,6.0,1.0,1.0,1.0,1.0,1.0,,4.0,,3.0,1.0,2.0,3.0,2.0,0.96424,4.0,4.0,2.0,4.0,1.0
10187.0,9.0,2.0,1.0,45.0,3.0,4.0,5.0,3.0,3.0,4.0,3.0,3.0,3.0,3.0,2.0,,,,,,,,,,,,,,,,,,2.0,2.0,,,,,,,,4.0,3.0,3.0,3.0,3.0,3.0,4.0,3.0,3.0,3.0,3.0,3.0,4.0,4.0,3.0,4.0,3.0,3.0,3.0,3.0,3.0,3.0,3.0,3.0,3.0,3.0,3.0,3.0,4.0,3.0,3.0,4.0,3.0,4.0,3.0,3.0,3.0,4.0,4.0,3.0,3.0,3.0,3.0,4.0,2.0,2.0,3.0,4.0,4.0,3.0,3.0,2.0,4.0,3.0,3.0,3.0,3.0,2.0,4.0,2.0,3.0,4.0,3.0,2.0,3.0,4.0,3.0,3.0,2.0,3.0,4.0,4.0,4.0,4.0,4.0,3.0,4.0,6.0,4.0,3.0,3.0,1.0,4.0,4.0,2.0,,3.0,2.0,3.0,2.0,3.0,1.0,1.0,4.0,3.0,3.0,4.0,3.0,2.0,2.0,2.0,2.0,2.0,4.0,4.0,4.0,3.0,2.0,4.0,3.0,2.0,2.0,2.0,2.0,1.0,3.0,2.0,2.0,4.0,4.0,7.0,2.0,2.0,2.0,2.0,2.0,1.0,4.0,,3.0,2.0,1.0,3.0,2.0,1.065336,3.0,3.5,4.0,3.0,2.0
10194.0,9.0,2.0,1.0,59.0,4.0,3.0,3.0,4.0,3.0,4.0,3.0,3.0,4.0,4.0,1.0,1.0,2.0,3.0,,5.0,,,,,,,12.0,13.0,,,,,2.0,2.0,,,,,,,,3.0,3.0,3.0,3.0,3.0,3.0,3.0,3.0,4.0,3.0,3.0,3.0,4.0,4.0,4.0,3.0,3.0,3.0,3.0,3.0,2.0,3.0,3.0,4.0,2.0,3.0,3.0,3.0,4.0,3.0,3.0,3.0,3.0,3.0,3.0,3.0,3.0,3.0,3.0,3.0,3.0,3.0,3.0,3.0,3.0,3.0,3.0,3.0,3.0,3.0,3.0,3.0,3.0,4.0,3.0,3.0,4.0,3.0,4.0,3.0,3.0,2.0,3.0,2.0,3.0,4.0,2.0,3.0,2.0,4.0,4.0,4.0,4.0,4.0,5.0,5.0,3.0,6.0,4.0,3.0,4.0,1.0,3.0,3.0,4.0,,3.0,3.0,4.0,1.0,3.0,1.0,3.0,3.0,3.0,2.0,3.0,3.0,2.0,2.0,2.0,2.0,2.0,4.0,4.0,4.0,4.0,4.0,4.0,3.0,2.0,2.0,4.0,4.0,4.0,4.0,2.0,2.0,4.0,11.0,3.0,1.0,2.0,2.0,2.0,1.0,,3.0,,5.0,1.0,2.0,2.0,3.0,1.048518,3.6666666666666665,3.5,3.0,3.0,1.0
10238.0,1.0,1.0,1.0,41.0,3.0,5.0,5.0,4.0,4.0,4.0,4.0,3.0,3.0,4.0,2.0,,,,,,,,,,,,,,,,,,2.0,1.0,,,,4.0,5.0,,,2.0,4.0,4.0,4.0,4.0,3.0,4.0,3.0,4.0,3.0,3.0,2.0,4.0,4.0,3.0,5.0,3.0,3.0,4.0,3.0,3.0,3.0,3.0,4.0,4.0,4.0,3.0,3.0,4.0,4.0,3.0,3.0,3.0,4.0,3.0,3.0,3.0,3.0,3.0,4.0,4.0,3.0,2.0,4.0,3.0,2.0,3.0,3.0,4.0,3.0,3.0,3.0,3.0,4.0,4.0,4.0,3.0,2.0,4.0,3.0,1.0,4.0,3.0,4.0,4.0,2.0,1.0,2.0,1.0,3.0,4.0,4.0,3.0,4.0,4.0,4.0,4.0,8.0,3.0,3.0,3.0,1.0,4.0,4.0,3.0,,3.0,3.0,3.0,2.0,3.0,2.0,2.0,4.0,2.0,2.0,4.0,3.0,1.0,2.0,2.0,1.0,2.0,3.0,4.0,3.0,3.0,3.0,3.0,2.0,1.0,1.0,1.0,1.0,1.0,1.0,1.0,1.0,3.0,6.0,6.0,2.0,2.0,2.0,2.0,1.0,,7.0,,4.0,1.0,2.0,6.0,3.0,1.074504,3.3333333333333335,4.0,4.0,3.0,2.0
10301.0,4.0,2.0,2.0,25.0,1.0,5.0,5.0,4.0,4.0,5.0,5.0,5.0,5.0,5.0,1.0,1.0,2.0,3.0,4.0,5.0,,,,,,11.0,12.0,,,,,,2.0,2.0,,,,,,,,2.0,4.0,4.0,3.0,2.0,2.0,3.0,3.0,4.0,4.0,4.0,3.0,5.0,4.0,3.0,4.0,5.0,5.0,5.0,5.0,5.0,5.0,5.0,5.0,5.0,5.0,5.0,5.0,5.0,5.0,5.0,5.0,5.0,5.0,5.0,5.0,5.0,5.0,5.0,5.0,5.0,4.0,4.0,5.0,5.0,4.0,5.0,5.0,5.0,5.0,5.0,5.0,5.0,5.0,5.0,5.0,5.0,5.0,5.0,5.0,5.0,3.0,3.0,4.0,5.0,5.0,1.0,4.0,4.0,3.0,4.0,4.0,4.0,3.0,3.0,3.0,4.0,10.0,3.0,2.0,4.0,1.0,4.0,4.0,2.0,,4.0,5.0,5.0,1.0,4.0,3.0,3.0,4.0,3.0,3.0,4.0,4.0,1.0,2.0,2.0,1.0,2.0,5.0,5.0,5.0,5.0,5.0,5.0,5.0,5.0,5.0,5.0,5.0,5.0,4.0,4.0,3.0,4.0,4.0,1.0,1.0,2.0,1.0,2.0,1.0,,4.0,,3.0,1.0,2.0,3.0,2.0,1.026542,5.0,5.0,4.0,4.0,1.0
10317.0,1.0,1.0,1.0,54.0,4.0,5.0,4.0,5.0,4.0,5.0,4.0,5.0,4.0,4.0,1.0,1.0,,3.0,4.0,,,,,,,,,,,,,,1.0,1.0,,,3.0,,5.0,,,3.0,3.0,4.0,5.0,4.0,3.0,3.0,4.0,4.0,3.0,4.0,3.0,4.0,3.0,3.0,4.0,3.0,4.0,4.0,4.0,4.0,3.0,3.0,4.0,4.0,3.0,4.0,4.0,5.0,4.0,4.0,3.0,4.0,4.0,4.0,3.0,4.0,3.0,4.0,4.0,4.0,4.0,5.0,5.0,4.0,5.0,4.0,4.0,4.0,3.0,3.0,4.0,4.0,5.0,3.0,4.0,4.0,5.0,5.0,4.0,3.0,5.0,4.0,3.0,4.0,5.0,4.0,3.0,4.0,5.0,4.0,5.0,4.0,4.0,5.0,4.0,4.0,10.0,3.0,4.0,4.0,1.0,5.0,5.0,2.0,,4.0,3.0,4.0,1.0,4.0,5.0,4.0,4.0,4.0,3.0,4.0,5.0,1.0,1.0,1.0,1.0,1.0,4.0,5.0,4.0,4.0,3.0,4.0,4.0,3.0,3.0,3.0,4.0,4.0,5.0,4.0,3.0,4.0,10.0,10.0,1.0,1.0,1.0,1.0,2.0,2.0,4.0,,3.0,2.0,2.0,3.0,2.0,1.101675,4.333333333333333,4.5,5.0,4.0,1.0
10378.0,15.0,5.0,1.0,41.0,3.0,5.0,4.0,4.0,5.0,5.0,4.0,4.0,4.0,3.0,1.0,1.0,,,4.0,,6.0,,,,,,,,,,,,1.0,1.0,,,3.0,,,,,3.0,3.0,3.0,3.0,3.0,3.0,4.0,3.0,4.0,3.0,3.0,3.0,3.0,2.0,4.0,4.0,4.0,4.0,4.0,3.0,3.0,5.0,4.0,4.0,4.0,3.0,4.0,4.0,4.0,4.0,4.0,4.0,4.0,4.0,4.0,4.0,3.0,3.0,3.0,3.0,3.0,3.0,4.0,3.0,2.0,3.0,3.0,4.0,4.0,4.0,4.0,3.0,3.0,3.0,4.0,5.0,4.0,4.0,3.0,3.0,3.0,4.0,3.0,3.0,4.0,4.0,5.0,5.0,5.0,4.0,4.0,4.0,4.0,4.0,3.0,4.0,4.0,4.0,3.0,3.0,4.0,1.0,3.0,4.0,2.0,,4.0,4.0,3.0,1.0,3.0,1.0,3.0,4.0,4.0,4.0,4.0,4.0,1.0,2.0,1.0,1.0,1.0,4.0,4.0,3.0,3.0,3.0,3.0,3.0,3.0,4.0,3.0,3.0,3.0,3.0,3.0,3.0,3.0,3.0,6.0,1.0,1.0,1.0,1.0,2.0,1.0,3.0,,3.0,2.0,1.0,2.0,2.0,0.956937,3.6666666666666665,4.5,3.5,3.0,1.0
10415.0,11.0,3.0,1.0,33.0,2.0,5.0,5.0,4.0,3.0,2.0,2.0,2.0,2.0,1.0,2.0,,,,,,,,,,,,,,,,,,2.0,1.0,,,,,5.0,9997.0,스팸문자,4.0,4.0,4.0,3.0,2.0,2.0,3.0,2.0,3.0,3.0,2.0,1.0,4.0,3.0,3.0,5.0,2.0,3.0,3.0,1.0,3.0,1.0,3.0,1.0,1.0,1.0,3.0,2.0,3.0,1.0,1.0,1.0,1.0,1.0,1.0,1.0,1.0,1.0,1.0,1.0,1.0,1.0,1.0,2.0,2.0,1.0,3.0,3.0,3.0,3.0,3.0,2.0,3.0,3.0,3.0,3.0,3.0,2.0,4.0,4.0,1.0,4.0,4.0,5.0,5.0,5.0,1.0,5.0,1.0,4.0,4.0,3.0,3.0,4.0,3.0,3.0,3.0,3.0,5.0,3.0,3.0,1.0,5.0,3.0,2.0,,3.0,2.0,3.0,2.0,2.0,1.0,2.0,4.0,1.0,2.0,4.0,3.0,2.0,2.0,2.0,2.0,2.0,3.0,2.0,3.0,1.0,3.0,1.0,1.0,1.0,1.0,1.0,1.0,1.0,2.0,1.0,1.0,3.0,8.0,6.0,1.0,2.0,2.0,2.0,1.0,,7.0,,3.0,1.0,2.0,6.0,2.0,0.865768,1.6666666666666667,2.0,4.0,2.0,2.0
10450.0,1.0,1.0,1.0,34.0,2.0,5.0,5.0,5.0,1.0,5.0,5.0,4.0,5.0,5.0,1.0,1.0,,3.0,,,,,,,,,,13.0,,,,,1.0,1.0,1.0,,3.0,,5.0,,,2.0,5.0,5.0,5.0,4.0,3.0,5.0,3.0,5.0,5.0,5.0,5.0,5.0,5.0,5.0,5.0,5.0,5.0,5.0,3.0,3.0,3.0,5.0,5.0,5.0,5.0,5.0,3.0,4.0,5.0,2.0,5.0,4.0,5.0,3.0,5.0,3.0,5.0,5.0,5.0,5.0,5.0,4.0,5.0,5.0,2.0,5.0,5.0,5.0,4.0,5.0,5.0,5.0,5.0,5.0,5.0,5.0,5.0,5.0,5.0,2.0,3.0,4.0,5.0,5.0,3.0,4.0,4.0,3.0,3.0,4.0,2.0,3.0,5.0,4.0,3.0,4.0,10.0,4.0,4.0,4.0,1.0,4.0,4.0,2.0,,4.0,4.0,4.0,2.0,2.0,1.0,1.0,5.0,1.0,1.0,5.0,5.0,1.0,2.0,1.0,2.0,2.0,5.0,3.0,4.0,3.0,3.0,3.0,2.0,1.0,1.0,1.0,1.0,3.0,5.0,4.0,1.0,4.0,8.0,1.0,1.0,1.0,1.0,1.0,1.0,,4.0,,4.0,1.0,2.0,3.0,3.0,1.080947,4.666666666666667,5.0,4.0,2.0,2.0
10454.0,5.0,4.0,2.0,49.0,3.0,4.0,5.0,4.0,3.0,4.0,4.0,4.0,4.0,4.0,2.0,,,,,,,,,,,,,,,,,,2.0,2.0,,,,,,,,4.0,3.0,4.0,4.0,4.0,5.0,5.0,4.0,5.0,5.0,4.0,4.0,4.0,4.0,3.0,4.0,3.0,3.0,3.0,3.0,3.0,3.0,3.0,3.0,3.0,3.0,3.0,3.0,3.0,2.0,3.0,3.0,3.0,3.0,3.0,3.0,3.0,3.0,4.0,3.0,3.0,3.0,3.0,3.0,3.0,3.0,4.0,4.0,4.0,4.0,4.0,4.0,4.0,4.0,4.0,4.0,4.0,4.0,4.0,4.0,4.0,4.0,4.0,4.0,4.0,4.0,4.0,4.0,3.0,4.0,4.0,4.0,3.0,4.0,4.0,4.0,4.0,6.0,4.0,4.0,4.0,1.0,4.0,4.0,3.0,,4.0,4.0,4.0,1.0,3.0,1.0,2.0,4.0,3.0,2.0,3.0,3.0,2.0,2.0,2.0,2.0,2.0,4.0,4.0,4.0,4.0,4.0,4.0,4.0,3.0,3.0,4.0,4.0,4.0,4.0,3.0,3.0,4.0,6.0,6.0,2.0,2.0,2.0,2.0,2.0,1.0,5.0,,3.0,2.0,1.0,4.0,2.0,0.826771,4.0,4.0,4.0,3.0,1.0
10489.0,16.0,6.0,1.0,44.0,3.0,5.0,5.0,5.0,5.0,5.0,4.0,5.0,4.0,4.0,2.0,,,,,,,,,,,,,,,,,,2.0,1.0,,,3.0,4.0,5.0,,,3.0,3.0,4.0,2.0,3.0,3.0,4.0,3.0,4.0,3.0,3.0,3.0,4.0,3.0,4.0,4.0,5.0,5.0,5.0,5.0,5.0,5.0,3.0,5.0,3.0,5.0,5.0,5.0,5.0,5.0,4.0,4.0,5.0,5.0,5.0,5.0,5.0,5.0,5.0,4.0,5.0,5.0,4.0,5.0,5.0,4.0,5.0,5.0,4.0,4.0,5.0,4.0,4.0,5.0,4.0,5.0,5.0,5.0,4.0,4.0,5.0,4.0,3.0,4.0,3.0,4.0,3.0,4.0,4.0,3.0,4.0,3.0,4.0,4.0,3.0,4.0,4.0,9.0,4.0,4.0,4.0,1.0,4.0,4.0,2.0,,4.0,3.0,5.0,2.0,4.0,2.0,2.0,3.0,4.0,4.0,4.0,3.0,1.0,2.0,1.0,1.0,2.0,2.0,4.0,2.0,2.0,2.0,4.0,4.0,2.0,2.0,2.0,4.0,4.0,4.0,4.0,4.0,4.0,9.0,8.0,1.0,1.0,1.0,2.0,2.0,1.0,4.0,,3.0,2.0,1.0,3.0,2.0,0.846161,4.333333333333333,4.5,4.0,4.0,2.0
10492.0,1.0,1.0,2.0,51.0,4.0,5.0,5.0,4.0,3.0,4.0,4.0,5.0,5.0,5.0,2.0,,,,,,,,,,,,,,,,,,2.0,2.0,,,,,,,,4.0,4.0,4.0,3.0,3.0,4.0,5.0,4.0,4.0,4.0,5.0,4.0,4.0,3.0,4.0,4.0,4.0,3.0,4.0,4.0,4.0,4.0,4.0,4.0,4.0,4.0,4.0,4.0,5.0,4.0,4.0,4.0,3.0,4.0,3.0,3.0,4.0,4.0,4.0,3.0,3.0,4.0,4.0,4.0,3.0,4.0,4.0,5.0,5.0,5.0,5.0,4.0,5.0,5.0,4.0,4.0,4.0,5.0,4.0,5.0,5.0,3.0,3.0,4.0,4.0,4.0,3.0,3.0,3.0,4.0,3.0,3.0,4.0,2.0,4.0,4.0,4.0,10.0,3.0,4.0,4.0,1.0,3.0,2.0,2.0,,4.0,4.0,4.0,1.0,4.0,4.0,4.0,4.0,4.0,3.0,4.0,3.0,1.0,1.0,1.0,1.0,1.0,4.0,4.0,4.0,4.0,4.0,4.0,4.0,2.0,2.0,3.0,3.0,3.0,3.0,2.0,3.0,3.0,3.0,8.0,1.0,1.0,1.0,2.0,2.0,1.0,5.0,,3.0,2.0,1.0,4.0,2.0,1.053567,5.0,4.0,2.5,4.0,1.0
10513.0,3.0,5.0,1.0,55.0,4.0,4.0,5.0,4.0,2.0,4.0,4.0,3.0,4.0,4.0,2.0,,,,,,,,,,,,,,,,,,2.0,2.0,,,,,,,,3.0,4.0,3.0,3.0,2.0,2.0,5.0,3.0,4.0,3.0,1.0,1.0,4.0,5.0,4.0,5.0,1.0,1.0,2.0,1.0,1.0,2.0,2.0,3.0,2.0,2.0,2.0,4.0,4.0,4.0,2.0,3.0,4.0,4.0,2.0,2.0,4.0,3.0,4.0,2.0,2.0,2.0,4.0,5.0,5.0,2.0,2.0,2.0,2.0,1.0,1.0,1.0,1.0,4.0,2.0,2.0,4.0,5.0,4.0,4.0,1.0,4.0,3.0,4.0,4.0,5.0,3.0,5.0,2.0,3.0,3.0,2.0,4.0,5.0,5.0,5.0,5.0,3.0,4.0,2.0,4.0,1.0,2.0,2.0,1.0,,4.0,4.0,2.0,1.0,4.0,5.0,4.0,4.0,4.0,3.0,3.0,4.0,1.0,2.0,1.0,1.0,2.0,4.0,4.0,2.0,1.0,2.0,3.0,2.0,1.0,1.0,1.0,1.0,1.0,1.0,2.0,3.0,3.0,9.0,4.0,2.0,2.0,1.0,1.0,2.0,1.0,3.0,,3.0,2.0,1.0,2.0,2.0,0.92937,3.6666666666666665,4.0,2.0,4.0,1.0
10537.0,9.0,2.0,2.0,39.0,2.0,3.0,3.0,3.0,3.0,3.0,3.0,3.0,3.0,3.0,2.0,,,,,,,,,,,,,,,,,,2.0,2.0,,,,,,,,2.0,4.0,4.0,4.0,4.0,4.0,4.0,4.0,4.0,4.0,3.0,3.0,4.0,4.0,3.0,3.0,3.0,3.0,3.0,3.0,3.0,3.0,3.0,3.0,3.0,3.0,3.0,3.0,3.0,3.0,3.0,3.0,3.0,3.0,3.0,3.0,3.0,3.0,3.0,4.0,4.0,3.0,3.0,4.0,3.0,3.0,3.0,3.0,3.0,3.0,3.0,3.0,3.0,3.0,3.0,3.0,3.0,3.0,3.0,3.0,3.0,3.0,3.0,3.0,3.0,3.0,2.0,3.0,3.0,3.0,3.0,3.0,3.0,3.0,3.0,3.0,3.0,6.0,3.0,3.0,3.0,1.0,3.0,3.0,4.0,,3.0,3.0,3.0,2.0,3.0,3.0,3.0,3.0,3.0,3.0,3.0,3.0,1.0,2.0,2.0,1.0,2.0,3.0,3.0,3.0,3.0,3.0,3.0,2.0,1.0,1.0,2.0,2.0,3.0,2.0,2.0,3.0,3.0,6.0,6.0,2.0,2.0,1.0,1.0,1.0,,2.0,,3.0,1.0,2.0,1.0,2.0,1.051499,3.0,3.0,3.0,3.0,2.0
10543.0,2.0,6.0,1.0,42.0,3.0,4.0,4.0,4.0,4.0,4.0,4.0,3.0,4.0,4.0,2.0,,,,,,,,,,,,,,,,,,2.0,2.0,,,,,,,,3.0,3.0,3.0,2.0,3.0,3.0,3.0,3.0,3.0,3.0,3.0,3.0,4.0,3.0,4.0,4.0,3.0,3.0,2.0,2.0,3.0,3.0,3.0,3.0,3.0,3.0,3.0,3.0,4.0,4.0,3.0,3.0,3.0,2.0,3.0,3.0,3.0,3.0,3.0,3.0,3.0,3.0,3.0,4.0,4.0,2.0,3.0,3.0,2.0,2.0,2.0,3.0,3.0,3.0,3.0,3.0,3.0,3.0,4.0,4.0,3.0,3.0,2.0,4.0,3.0,3.0,2.0,2.0,2.0,3.0,3.0,3.0,3.0,4.0,2.0,3.0,3.0,5.0,3.0,2.0,3.0,1.0,4.0,4.0,3.0,,4.0,3.0,3.0,2.0,3.0,2.0,3.0,3.0,3.0,2.0,3.0,3.0,1.0,2.0,1.0,1.0,2.0,4.0,4.0,3.0,3.0,2.0,3.0,4.0,2.0,3.0,2.0,3.0,3.0,3.0,2.0,3.0,3.0,7.0,7.0,1.0,2.0,2.0,2.0,1.0,,3.0,,4.0,1.0,2.0,2.0,3.0,0.846161,3.6666666666666665,4.0,4.0,3.0,2.0
10558.0,3.0,5.0,2.0,46.0,3.0,4.0,4.0,5.0,5.0,4.0,4.0,4.0,4.0,4.0,2.0,,,,,,,,,,,,,,,,,,1.0,2.0,,,,,,,,4.0,3.0,3.0,3.0,3.0,3.0,4.0,3.0,3.0,3.0,3.0,3.0,3.0,3.0,3.0,4.0,4.0,4.0,4.0,4.0,4.0,4.0,4.0,4.0,4.0,4.0,4.0,4.0,4.0,4.0,4.0,4.0,4.0,4.0,4.0,4.0,4.0,4.0,4.0,4.0,4.0,4.0,4.0,4.0,4.0,4.0,4.0,4.0,4.0,4.0,4.0,4.0,4.0,4.0,4.0,4.0,4.0,4.0,4.0,4.0,4.0,5.0,4.0,4.0,4.0,3.0,2.0,4.0,2.0,3.0,4.0,2.0,3.0,3.0,2.0,2.0,4.0,7.0,1.0,2.0,3.0,2.0,4.0,4.0,3.0,,3.0,4.0,4.0,2.0,4.0,3.0,3.0,4.0,3.0,3.0,4.0,3.0,1.0,1.0,1.0,1.0,1.0,4.0,4.0,4.0,4.0,4.0,4.0,4.0,3.0,3.0,4.0,3.0,3.0,4.0,4.0,4.0,4.0,5.0,5.0,1.0,1.0,1.0,1.0,1.0,,4.0,,5.0,1.0,2.0,3.0,3.0,0.871396,4.0,4.0,4.0,4.0,2.0
10560.0,3.0,5.0,2.0,57.0,4.0,3.0,5.0,4.0,4.0,4.0,4.0,4.0,5.0,4.0,2.0,,,,,,,,,,,,,,,,,,2.0,2.0,,,,,,,,2.0,3.0,4.0,5.0,5.0,5.0,5.0,4.0,4.0,4.0,5.0,5.0,4.0,4.0,5.0,5.0,5.0,4.0,4.0,4.0,5.0,4.0,5.0,4.0,4.0,5.0,5.0,4.0,4.0,4.0,5.0,4.0,5.0,4.0,3.0,4.0,3.0,4.0,5.0,4.0,3.0,4.0,5.0,4.0,4.0,5.0,5.0,4.0,3.0,5.0,4.0,3.0,4.0,5.0,4.0,3.0,4.0,3.0,5.0,4.0,4.0,3.0,4.0,5.0,4.0,3.0,4.0,4.0,5.0,4.0,4.0,3.0,5.0,4.0,4.0,3.0,4.0,8.0,3.0,3.0,4.0,1.0,3.0,3.0,4.0,,3.0,4.0,3.0,1.0,3.0,2.0,3.0,2.0,4.0,3.0,4.0,3.0,1.0,2.0,1.0,1.0,2.0,4.0,3.0,4.0,5.0,3.0,4.0,4.0,2.0,2.0,1.0,2.0,3.0,2.0,3.0,4.0,4.0,9.0,7.0,1.0,2.0,1.0,1.0,2.0,1.0,5.0,,3.0,2.0,1.0,4.0,2.0,1.111192,4.333333333333333,4.0,3.0,3.0,1.0
10577.0,5.0,4.0,2.0,43.0,3.0,5.0,5.0,5.0,5.0,3.0,3.0,5.0,5.0,5.0,2.0,,,,,,,,,,,,,,,,,,2.0,2.0,,,,,,,,2.0,5.0,5.0,4.0,4.0,4.0,5.0,4.0,5.0,5.0,4.0,4.0,4.0,5.0,4.0,5.0,5.0,5.0,4.0,4.0,4.0,4.0,3.0,4.0,4.0,4.0,3.0,4.0,3.0,3.0,5.0,4.0,5.0,4.0,4.0,4.0,4.0,4.0,5.0,5.0,4.0,4.0,2.0,4.0,4.0,5.0,3.0,5.0,5.0,5.0,4.0,4.0,4.0,5.0,5.0,4.0,3.0,3.0,5.0,4.0,2.0,3.0,2.0,2.0,3.0,3.0,3.0,2.0,3.0,2.0,3.0,2.0,3.0,2.0,2.0,2.0,3.0,2.0,2.0,3.0,3.0,2.0,5.0,5.0,2.0,,3.0,2.0,5.0,2.0,3.0,1.0,1.0,3.0,1.0,2.0,2.0,2.0,1.0,2.0,2.0,2.0,2.0,4.0,4.0,4.0,3.0,3.0,3.0,3.0,3.0,3.0,2.0,1.0,1.0,1.0,2.0,2.0,3.0,4.0,4.0,2.0,2.0,1.0,2.0,2.0,1.0,3.0,,4.0,2.0,1.0,2.0,3.0,0.826771,5.0,3.0,5.0,3.0,2.0
10607.0,2.0,6.0,1.0,39.0,2.0,4.0,5.0,4.0,3.0,5.0,4.0,4.0,4.0,4.0,2.0,,,,,,,,,,,,,,,,,,1.0,2.0,,,,,,,,4.0,5.0,5.0,5.0,4.0,4.0,4.0,5.0,5.0,5.0,5.0,4.0,4.0,4.0,4.0,5.0,5.0,5.0,5.0,5.0,5.0,5.0,5.0,5.0,5.0,5.0,5.0,5.0,5.0,4.0,4.0,1.0,1.0,1.0,1.0,1.0,1.0,1.0,1.0,1.0,1.0,1.0,1.0,4.0,4.0,1.0,5.0,5.0,5.0,5.0,5.0,5.0,5.0,5.0,5.0,5.0,5.0,5.0,5.0,5.0,5.0,4.0,3.0,3.0,5.0,3.0,1.0,4.0,1.0,5.0,5.0,4.0,5.0,5.0,5.0,5.0,4.0,11.0,1.0,3.0,5.0,1.0,4.0,4.0,2.0,,4.0,4.0,5.0,1.0,5.0,4.0,4.0,4.0,4.0,4.0,5.0,4.0,1.0,2.0,2.0,1.0,2.0,5.0,5.0,3.0,5.0,1.0,3.0,3.0,1.0,1.0,1.0,3.0,3.0,1.0,1.0,4.0,3.0,6.0,1.0,1.0,2.0,1.0,2.0,2.0,1.0,4.0,,3.0,2.0,1.0,3.0,2.0,0.80892,4.0,4.5,4.0,5.0,1.0
10611.0,9.0,2.0,1.0,42.0,3.0,5.0,5.0,5.0,4.0,5.0,4.0,4.0,4.0,4.0,2.0,,,,,,,,,,,,,,,,,,2.0,2.0,,,,,,,,5.0,5.0,3.0,2.0,5.0,2.0,3.0,1.0,3.0,2.0,1.0,1.0,5.0,4.0,4.0,5.0,4.0,3.0,4.0,3.0,3.0,2.0,3.0,4.0,3.0,4.0,5.0,4.0,5.0,3.0,4.0,4.0,4.0,5.0,3.0,4.0,3.0,4.0,5.0,3.0,5.0,4.0,3.0,5.0,3.0,3.0,5.0,5.0,5.0,4.0,4.0,3.0,5.0,5.0,4.0,5.0,5.0,3.0,5.0,4.0,3.0,4.0,4.0,3.0,3.0,4.0,4.0,4.0,3.0,4.0,4.0,5.0,5.0,5.0,4.0,3.0,4.0,10.0,4.0,2.0,5.0,1.0,2.0,2.0,5.0,,4.0,5.0,5.0,1.0,5.0,3.0,4.0,5.0,4.0,3.0,4.0,4.0,1.0,1.0,1.0,1.0,2.0,3.0,5.0,5.0,3.0,3.0,5.0,4.0,1.0,1.0,2.0,2.0,2.0,4.0,2.0,1.0,4.0,10.0,2.0,1.0,2.0,2.0,1.0,1.0,,4.0,,4.0,1.0,2.0,3.0,3.0,1.065336,4.0,4.5,2.0,5.0,1.0
10629.0,13.0,4.0,1.0,19.0,1.0,5.0,5.0,3.0,3.0,5.0,4.0,4.0,4.0,3.0,1.0,1.0,2.0,3.0,4.0,,,,,,,,,,,,,,2.0,2.0,,,,,,,,3.0,3.0,4.0,5.0,3.0,3.0,5.0,4.0,4.0,4.0,5.0,4.0,3.0,4.0,3.0,3.0,4.0,5.0,5.0,3.0,3.0,4.0,5.0,4.0,4.0,4.0,3.0,3.0,5.0,2.0,2.0,4.0,3.0,4.0,2.0,3.0,2.0,4.0,3.0,3.0,3.0,2.0,2.0,3.0,3.0,2.0,5.0,3.0,5.0,3.0,3.0,3.0,4.0,4.0,4.0,4.0,3.0,3.0,4.0,3.0,3.0,2.0,3.0,4.0,3.0,2.0,3.0,4.0,4.0,5.0,4.0,3.0,4.0,4.0,3.0,2.0,3.0,10.0,4.0,2.0,4.0,2.0,4.0,4.0,2.0,,3.0,2.0,4.0,2.0,3.0,1.0,3.0,4.0,2.0,3.0,3.0,4.0,1.0,2.0,2.0,1.0,2.0,5.0,5.0,4.0,4.0,3.0,4.0,4.0,2.0,3.0,4.0,3.0,4.0,3.0,3.0,4.0,4.0,9.0,2.0,1.0,2.0,1.0,2.0,1.0,,6.0,,4.0,1.0,2.0,5.0,3.0,1.158012,3.6666666666666665,4.5,4.0,3.0,2.0
10715.0,12.0,3.0,1.0,19.0,1.0,5.0,5.0,4.0,1.0,5.0,4.0,4.0,3.0,4.0,2.0,,,,,,,,,,,,,,,,,,2.0,2.0,,,,,,,,3.0,5.0,5.0,3.0,4.0,5.0,4.0,5.0,5.0,5.0,5.0,5.0,5.0,5.0,5.0,5.0,5.0,5.0,4.0,2.0,5.0,3.0,5.0,4.0,5.0,5.0,4.0,3.0,3.0,3.0,1.0,5.0,5.0,3.0,2.0,4.0,1.0,5.0,5.0,4.0,3.0,4.0,1.0,1.0,2.0,1.0,5.0,5.0,4.0,1.0,5.0,1.0,5.0,3.0,4.0,5.0,4.0,1.0,1.0,3.0,1.0,5.0,5.0,4.0,5.0,1.0,1.0,4.0,1.0,4.0,2.0,4.0,4.0,5.0,1.0,4.0,5.0,9.0,2.0,4.0,4.0,1.0,4.0,4.0,2.0,,4.0,5.0,5.0,1.0,4.0,5.0,4.0,5.0,5.0,4.0,5.0,4.0,1.0,2.0,2.0,1.0,2.0,4.0,5.0,4.0,4.0,1.0,1.0,1.0,1.0,1.0,4.0,2.0,4.0,4.0,5.0,1.0,4.0,11.0,1.0,2.0,2.0,2.0,2.0,1.0,,3.0,,4.0,1.0,2.0,2.0,3.0,0.984842,3.6666666666666665,4.5,4.0,4.0,1.0
10717.0,16.0,6.0,1.0,43.0,3.0,5.0,5.0,4.0,3.0,3.0,3.0,2.0,1.0,1.0,2.0,,,,,,,,,,,,,,,,,,2.0,1.0,,,3.0,,5.0,,,1.0,3.0,3.0,3.0,2.0,3.0,3.0,2.0,3.0,3.0,3.0,2.0,4.0,4.0,3.0,3.0,3.0,3.0,3.0,2.0,3.0,3.0,2.0,2.0,2.0,2.0,2.0,3.0,3.0,2.0,3.0,3.0,3.0,3.0,3.0,3.0,3.0,3.0,3.0,3.0,3.0,2.0,3.0,3.0,2.0,3.0,3.0,3.0,3.0,2.0,3.0,3.0,2.0,3.0,3.0,3.0,2.0,3.0,3.0,2.0,3.0,4.0,3.0,4.0,4.0,4.0,2.0,3.0,3.0,3.0,3.0,2.0,3.0,4.0,4.0,3.0,3.0,5.0,5.0,2.0,4.0,2.0,5.0,5.0,2.0,,1.0,1.0,1.0,2.0,1.0,2.0,2.0,2.0,2.0,1.0,3.0,2.0,1.0,2.0,2.0,2.0,2.0,3.0,3.0,1.0,2.0,1.0,1.0,1.0,1.0,1.0,1.0,2.0,1.0,1.0,1.0,1.0,3.0,11.0,3.0,2.0,2.0,2.0,2.0,2.0,1.0,4.0,,2.0,2.0,1.0,3.0,1.0,0.846161,1.3333333333333333,3.0,5.0,1.0,2.0
10726.0,9.0,2.0,2.0,52.0,4.0,5.0,5.0,5.0,5.0,5.0,5.0,5.0,5.0,5.0,2.0,,,,,,,,,,,,,,,,,,1.0,1.0,,,3.0,,5.0,9997.0,"보험회사, 주식리딩방으로부터의 문자 및 ",4.0,3.0,4.0,2.0,4.0,3.0,4.0,2.0,4.0,3.0,2.0,1.0,4.0,4.0,4.0,5.0,5.0,5.0,5.0,5.0,5.0,5.0,5.0,5.0,5.0,5.0,5.0,5.0,5.0,5.0,5.0,4.0,4.0,5.0,4.0,5.0,3.0,5.0,5.0,5.0,5.0,5.0,4.0,4.0,3.0,3.0,5.0,5.0,5.0,5.0,5.0,5.0,5.0,5.0,5.0,5.0,5.0,5.0,5.0,5.0,5.0,4.0,5.0,5.0,5.0,2.0,1.0,3.0,1.0,3.0,3.0,2.0,4.0,4.0,2.0,1.0,4.0,10.0,2.0,3.0,5.0,1.0,2.0,2.0,3.0,,5.0,5.0,5.0,1.0,4.0,1.0,1.0,4.0,1.0,4.0,5.0,2.0,1.0,2.0,2.0,1.0,2.0,5.0,5.0,5.0,5.0,5.0,5.0,1.0,1.0,5.0,1.0,1.0,3.0,4.0,1.0,1.0,5.0,6.0,1.0,1.0,2.0,1.0,2.0,3.0,1.0,4.0,,4.0,3.0,1.0,3.0,3.0,1.05617,5.0,5.0,2.0,4.0,1.0
10749.0,14.0,4.0,2.0,22.0,1.0,4.0,4.0,4.0,4.0,4.0,4.0,4.0,4.0,4.0,1.0,,,,,,,7.0,,,,,,,,,,,2.0,2.0,,,,,,,,4.0,4.0,3.0,4.0,4.0,4.0,3.0,4.0,4.0,3.0,4.0,4.0,3.0,4.0,4.0,4.0,4.0,4.0,3.0,3.0,3.0,4.0,4.0,4.0,4.0,4.0,4.0,3.0,4.0,4.0,4.0,4.0,3.0,4.0,4.0,3.0,4.0,3.0,4.0,4.0,3.0,4.0,4.0,3.0,4.0,4.0,3.0,4.0,4.0,4.0,3.0,4.0,4.0,3.0,4.0,3.0,4.0,4.0,3.0,4.0,4.0,4.0,3.0,3.0,4.0,4.0,4.0,3.0,4.0,4.0,3.0,4.0,4.0,3.0,4.0,4.0,4.0,8.0,4.0,4.0,4.0,1.0,4.0,4.0,4.0,,4.0,3.0,4.0,1.0,4.0,4.0,4.0,4.0,4.0,4.0,3.0,4.0,1.0,1.0,1.0,1.0,2.0,4.0,4.0,4.0,3.0,4.0,4.0,4.0,3.0,4.0,4.0,4.0,3.0,4.0,4.0,3.0,4.0,9.0,9.0,1.0,2.0,1.0,1.0,1.0,,4.0,,2.0,1.0,2.0,3.0,1.0,1.080984,4.0,4.0,4.0,4.0,1.0
10768.0,10.0,3.0,1.0,57.0,4.0,4.0,5.0,4.0,3.0,3.0,3.0,2.0,2.0,3.0,2.0,,,,,,,,,,,,,,,,,,1.0,2.0,,,,,,,,3.0,3.0,3.0,3.0,3.0,2.0,3.0,2.0,3.0,3.0,2.0,2.0,2.0,3.0,3.0,4.0,3.0,2.0,3.0,2.0,2.0,2.0,2.0,2.0,2.0,2.0,2.0,2.0,4.0,3.0,3.0,3.0,3.0,3.0,3.0,3.0,2.0,3.0,3.0,2.0,3.0,2.0,3.0,3.0,2.0,3.0,3.0,3.0,4.0,3.0,3.0,3.0,3.0,3.0,2.0,3.0,2.0,3.0,4.0,3.0,3.0,3.0,4.0,3.0,3.0,4.0,3.0,4.0,2.0,4.0,3.0,3.0,3.0,3.0,4.0,4.0,3.0,5.0,4.0,3.0,3.0,1.0,4.0,4.0,4.0,,3.0,3.0,4.0,2.0,3.0,3.0,3.0,4.0,3.0,2.0,4.0,3.0,2.0,2.0,2.0,1.0,1.0,4.0,4.0,3.0,3.0,2.0,3.0,2.0,1.0,1.0,2.0,1.0,2.0,3.0,2.0,3.0,3.0,4.0,4.0,1.0,1.0,2.0,2.0,2.0,1.0,4.0,,2.0,2.0,1.0,3.0,1.0,0.875187,2.3333333333333335,3.0,4.0,3.0,2.0
10776.0,11.0,3.0,1.0,51.0,4.0,5.0,5.0,4.0,2.0,4.0,4.0,3.0,4.0,4.0,1.0,1.0,2.0,3.0,4.0,5.0,6.0,,,,,,,,,,,,1.0,2.0,,,,,,,,3.0,3.0,3.0,3.0,3.0,2.0,4.0,2.0,4.0,3.0,2.0,2.0,4.0,3.0,3.0,4.0,3.0,3.0,3.0,3.0,3.0,2.0,2.0,3.0,3.0,3.0,4.0,4.0,5.0,3.0,4.0,3.0,3.0,3.0,3.0,3.0,2.0,2.0,3.0,2.0,3.0,3.0,3.0,4.0,2.0,3.0,3.0,3.0,3.0,3.0,3.0,3.0,2.0,3.0,2.0,3.0,3.0,4.0,4.0,3.0,3.0,4.0,3.0,2.0,3.0,4.0,2.0,2.0,3.0,3.0,2.0,3.0,3.0,4.0,4.0,4.0,4.0,8.0,4.0,2.0,2.0,1.0,4.0,4.0,2.0,,3.0,2.0,4.0,2.0,3.0,1.0,2.0,4.0,3.0,3.0,4.0,3.0,1.0,1.0,1.0,1.0,1.0,3.0,3.0,2.0,3.0,2.0,3.0,2.0,1.0,1.0,1.0,1.0,2.0,2.0,1.0,1.0,3.0,6.0,5.0,1.0,1.0,1.0,1.0,2.0,1.0,4.0,,4.0,2.0,1.0,3.0,3.0,0.875187,3.6666666666666665,4.0,4.0,3.0,2.0
10815.0,16.0,6.0,2.0,43.0,3.0,5.0,5.0,5.0,3.0,4.0,4.0,4.0,4.0,4.0,1.0,1.0,2.0,3.0,4.0,5.0,,,,,,11.0,12.0,13.0,14.0,,,,1.0,1.0,,,3.0,4.0,5.0,,,2.0,3.0,3.0,3.0,3.0,3.0,4.0,3.0,4.0,3.0,3.0,3.0,5.0,5.0,4.0,4.0,3.0,3.0,3.0,3.0,3.0,3.0,3.0,3.0,3.0,3.0,3.0,3.0,4.0,3.0,2.0,2.0,2.0,2.0,2.0,2.0,2.0,2.0,2.0,2.0,2.0,2.0,2.0,3.0,2.0,2.0,3.0,3.0,3.0,3.0,3.0,3.0,3.0,3.0,3.0,3.0,3.0,3.0,4.0,3.0,3.0,3.0,3.0,3.0,4.0,2.0,2.0,2.0,3.0,3.0,3.0,3.0,4.0,3.0,3.0,3.0,3.0,7.0,3.0,2.0,4.0,1.0,5.0,4.0,3.0,,4.0,4.0,3.0,2.0,3.0,2.0,2.0,4.0,4.0,3.0,4.0,4.0,1.0,1.0,1.0,1.0,2.0,3.0,3.0,3.0,3.0,2.0,1.0,1.0,1.0,1.0,2.0,1.0,3.0,3.0,2.0,1.0,3.0,9.0,7.0,1.0,1.0,1.0,1.0,1.0,,4.0,,4.0,1.0,2.0,3.0,3.0,1.115818,4.0,4.0,4.5,3.0,2.0
10829.0,9.0,2.0,2.0,47.0,3.0,4.0,5.0,3.0,2.0,3.0,3.0,3.0,4.0,3.0,2.0,,,,,,,,,,,,,,,,,,2.0,1.0,,,,4.0,5.0,,,3.0,4.0,5.0,3.0,4.0,4.0,5.0,3.0,5.0,4.0,3.0,3.0,3.0,3.0,4.0,4.0,4.0,4.0,4.0,3.0,3.0,3.0,3.0,4.0,3.0,3.0,3.0,3.0,4.0,3.0,3.0,4.0,4.0,4.0,3.0,4.0,4.0,4.0,4.0,4.0,4.0,3.0,3.0,4.0,3.0,2.0,3.0,3.0,3.0,3.0,3.0,3.0,3.0,3.0,3.0,3.0,3.0,3.0,4.0,3.0,2.0,3.0,5.0,5.0,5.0,4.0,2.0,3.0,3.0,3.0,3.0,2.0,3.0,4.0,3.0,3.0,3.0,9.0,4.0,3.0,4.0,1.0,4.0,4.0,3.0,,3.0,3.0,4.0,1.0,4.0,3.0,3.0,4.0,3.0,3.0,3.0,3.0,2.0,2.0,2.0,1.0,2.0,3.0,3.0,3.0,3.0,3.0,1.0,2.0,3.0,2.0,2.0,2.0,2.0,3.0,2.0,1.0,4.0,8.0,5.0,2.0,2.0,1.0,2.0,1.0,,7.0,,4.0,1.0,2.0,6.0,3.0,0.965456,3.3333333333333335,3.0,4.0,4.0,1.0
10868.0,12.0,3.0,1.0,40.0,3.0,5.0,5.0,4.0,3.0,5.0,4.0,3.0,3.0,3.0,2.0,,,,,,,,,,,,,,,,,,2.0,2.0,,,,,,,,5.0,4.0,3.0,3.0,3.0,3.0,3.0,2.0,4.0,4.0,2.0,2.0,4.0,4.0,4.0,4.0,4.0,2.0,4.0,2.0,2.0,2.0,4.0,4.0,2.0,2.0,4.0,2.0,4.0,2.0,2.0,2.0,2.0,2.0,2.0,2.0,2.0,3.0,2.0,2.0,2.0,2.0,2.0,2.0,2.0,2.0,4.0,2.0,2.0,4.0,4.0,2.0,4.0,2.0,2.0,2.0,2.0,2.0,4.0,2.0,2.0,5.0,2.0,3.0,4.0,2.0,2.0,2.0,2.0,4.0,4.0,2.0,4.0,4.0,4.0,3.0,4.0,9.0,4.0,3.0,4.0,1.0,4.0,4.0,2.0,,3.0,2.0,4.0,2.0,4.0,1.0,1.0,4.0,4.0,4.0,4.0,3.0,1.0,1.0,2.0,2.0,2.0,4.0,4.0,2.0,2.0,2.0,2.0,2.0,2.0,2.0,2.0,2.0,2.0,4.0,4.0,2.0,4.0,6.0,8.0,1.0,2.0,2.0,2.0,2.0,1.0,4.0,,3.0,2.0,1.0,3.0,2.0,0.776027,3.0,4.5,4.0,4.0,2.0
10895.0,1.0,1.0,1.0,32.0,2.0,4.0,4.0,4.0,4.0,4.0,4.0,3.0,4.0,2.0,2.0,,,,,,,,,,,,,,,,,,1.0,1.0,,2.0,,,,,,3.0,3.0,3.0,4.0,3.0,3.0,3.0,4.0,3.0,3.0,4.0,3.0,3.0,4.0,3.0,4.0,3.0,4.0,3.0,3.0,3.0,3.0,3.0,4.0,3.0,4.0,3.0,3.0,4.0,3.0,4.0,4.0,3.0,4.0,3.0,3.0,4.0,3.0,3.0,3.0,4.0,3.0,4.0,3.0,3.0,3.0,3.0,3.0,4.0,3.0,3.0,3.0,3.0,4.0,4.0,3.0,3.0,4.0,3.0,3.0,4.0,4.0,4.0,2.0,3.0,4.0,3.0,4.0,3.0,3.0,4.0,3.0,3.0,4.0,3.0,4.0,3.0,8.0,4.0,2.0,4.0,1.0,4.0,3.0,3.0,,4.0,3.0,5.0,1.0,3.0,3.0,4.0,4.0,3.0,3.0,3.0,3.0,1.0,2.0,1.0,1.0,1.0,2.0,3.0,3.0,4.0,3.0,3.0,4.0,3.0,2.0,4.0,4.0,2.0,3.0,1.0,3.0,3.0,8.0,7.0,1.0,2.0,1.0,1.0,1.0,,2.0,,2.0,1.0,2.0,1.0,1.0,1.080947,3.0,4.0,3.5,3.0,1.0
10897.0,2.0,6.0,1.0,33.0,2.0,5.0,5.0,4.0,3.0,5.0,4.0,4.0,4.0,4.0,2.0,,,,,,,,,,,,,,,,,,2.0,1.0,,,,,5.0,,,3.0,5.0,5.0,2.0,4.0,3.0,5.0,2.0,4.0,2.0,3.0,2.0,4.0,4.0,4.0,5.0,5.0,5.0,4.0,4.0,4.0,2.0,4.0,2.0,4.0,4.0,4.0,4.0,4.0,2.0,2.0,5.0,4.0,4.0,4.0,4.0,3.0,4.0,4.0,4.0,4.0,4.0,4.0,4.0,4.0,5.0,5.0,5.0,4.0,4.0,5.0,4.0,4.0,4.0,5.0,4.0,4.0,3.0,4.0,4.0,5.0,4.0,4.0,4.0,5.0,5.0,2.0,3.0,2.0,3.0,4.0,4.0,4.0,4.0,4.0,4.0,4.0,4.0,4.0,4.0,4.0,1.0,4.0,4.0,3.0,,4.0,5.0,4.0,1.0,4.0,4.0,5.0,4.0,4.0,4.0,4.0,5.0,1.0,2.0,2.0,2.0,2.0,4.0,5.0,4.0,4.0,2.0,4.0,2.0,1.0,1.0,1.0,4.0,1.0,1.0,1.0,1.0,4.0,6.0,6.0,1.0,1.0,2.0,1.0,1.0,,4.0,,3.0,1.0,2.0,3.0,2.0,0.80892,4.0,4.5,4.0,4.0,1.0
10903.0,1.0,1.0,2.0,24.0,1.0,4.0,4.0,3.0,3.0,4.0,4.0,4.0,4.0,4.0,1.0,1.0,2.0,3.0,4.0,5.0,6.0,,,,,,,13.0,,,,,2.0,2.0,,,,,,,,3.0,3.0,2.0,2.0,2.0,2.0,3.0,2.0,4.0,3.0,2.0,2.0,4.0,2.0,2.0,4.0,4.0,4.0,4.0,4.0,4.0,4.0,4.0,4.0,4.0,4.0,4.0,4.0,4.0,4.0,4.0,4.0,4.0,4.0,4.0,4.0,4.0,4.0,4.0,4.0,4.0,4.0,4.0,5.0,4.0,4.0,4.0,4.0,4.0,4.0,4.0,4.0,4.0,4.0,4.0,4.0,4.0,4.0,4.0,4.0,4.0,4.0,3.0,3.0,4.0,4.0,2.0,3.0,3.0,4.0,4.0,4.0,4.0,2.0,2.0,2.0,4.0,8.0,2.0,4.0,4.0,1.0,4.0,3.0,2.0,,2.0,4.0,4.0,2.0,3.0,2.0,2.0,4.0,2.0,2.0,2.0,2.0,1.0,2.0,2.0,1.0,1.0,4.0,4.0,4.0,4.0,4.0,4.0,4.0,2.0,2.0,3.0,4.0,4.0,3.0,4.0,4.0,4.0,3.0,3.0,1.0,1.0,1.0,1.0,1.0,,6.0,,2.0,1.0,2.0,5.0,1.0,1.034762,4.0,4.0,3.5,3.0,2.0
10953.0,9.0,2.0,2.0,22.0,1.0,4.0,5.0,4.0,3.0,4.0,4.0,4.0,4.0,3.0,1.0,1.0,2.0,3.0,4.0,,6.0,,,,,,,,,,,,2.0,2.0,,,,,,,,3.0,4.0,4.0,2.0,3.0,4.0,4.0,3.0,3.0,3.0,3.0,3.0,4.0,3.0,4.0,4.0,4.0,4.0,4.0,3.0,4.0,4.0,4.0,4.0,4.0,4.0,3.0,3.0,4.0,4.0,3.0,4.0,4.0,4.0,3.0,4.0,3.0,4.0,4.0,4.0,4.0,4.0,3.0,2.0,3.0,2.0,4.0,4.0,4.0,3.0,4.0,4.0,4.0,4.0,4.0,4.0,3.0,3.0,4.0,3.0,3.0,4.0,3.0,4.0,4.0,4.0,2.0,3.0,3.0,3.0,4.0,3.0,3.0,3.0,2.0,3.0,4.0,9.0,2.0,3.0,4.0,1.0,4.0,4.0,5.0,,4.0,4.0,3.0,1.0,3.0,3.0,4.0,3.0,3.0,4.0,3.0,3.0,2.0,2.0,2.0,1.0,1.0,4.0,4.0,4.0,4.0,3.0,4.0,3.0,2.0,3.0,2.0,3.0,4.0,3.0,3.0,4.0,4.0,8.0,4.0,2.0,2.0,1.0,2.0,1.0,,6.0,,3.0,1.0,2.0,5.0,2.0,1.026542,3.6666666666666665,4.0,4.0,3.0,1.0
10962.0,9.0,2.0,1.0,26.0,1.0,5.0,5.0,5.0,4.0,4.0,4.0,4.0,4.0,4.0,2.0,,,,,,,,,,,,,,,,,,2.0,1.0,,,3.0,4.0,5.0,,,4.0,2.0,3.0,2.0,1.0,1.0,4.0,1.0,4.0,2.0,1.0,3.0,2.0,2.0,3.0,5.0,4.0,4.0,4.0,4.0,4.0,4.0,4.0,4.0,4.0,4.0,4.0,4.0,5.0,4.0,4.0,4.0,4.0,4.0,4.0,4.0,4.0,4.0,4.0,4.0,4.0,4.0,4.0,4.0,3.0,3.0,4.0,4.0,4.0,4.0,4.0,4.0,4.0,4.0,4.0,4.0,4.0,5.0,5.0,4.0,4.0,5.0,5.0,5.0,5.0,5.0,1.0,4.0,4.0,3.0,2.0,2.0,3.0,4.0,4.0,4.0,4.0,9.0,3.0,5.0,4.0,1.0,5.0,5.0,3.0,,1.0,1.0,4.0,2.0,2.0,1.0,2.0,4.0,4.0,4.0,5.0,4.0,1.0,2.0,1.0,1.0,2.0,4.0,4.0,4.0,4.0,3.0,5.0,4.0,4.0,1.0,4.0,3.0,5.0,5.0,5.0,4.0,4.0,3.0,2.0,2.0,2.0,2.0,2.0,1.0,,7.0,,4.0,1.0,2.0,6.0,3.0,1.051424,4.0,4.0,5.0,2.0,2.0
11010.0,13.0,4.0,2.0,25.0,1.0,4.0,5.0,4.0,3.0,4.0,4.0,4.0,4.0,5.0,2.0,,,,,,,,,,,,,,,,,,2.0,2.0,,,,,,,,3.0,4.0,3.0,4.0,4.0,3.0,4.0,3.0,4.0,4.0,4.0,4.0,4.0,5.0,3.0,4.0,4.0,3.0,4.0,4.0,3.0,4.0,3.0,5.0,4.0,4.0,3.0,4.0,4.0,4.0,3.0,4.0,4.0,4.0,5.0,3.0,4.0,3.0,4.0,4.0,5.0,3.0,4.0,4.0,4.0,3.0,4.0,5.0,4.0,5.0,5.0,3.0,4.0,4.0,5.0,4.0,3.0,4.0,4.0,4.0,3.0,5.0,5.0,5.0,5.0,3.0,2.0,4.0,2.0,4.0,4.0,2.0,2.0,2.0,1.0,1.0,2.0,6.0,3.0,2.0,4.0,2.0,2.0,2.0,5.0,,3.0,4.0,4.0,1.0,4.0,3.0,4.0,5.0,5.0,3.0,5.0,4.0,1.0,2.0,2.0,2.0,2.0,5.0,5.0,3.0,4.0,3.0,4.0,3.0,2.0,2.0,4.0,2.0,4.0,4.0,4.0,3.0,4.0,6.0,6.0,2.0,2.0,1.0,2.0,1.0,,4.0,,4.0,1.0,2.0,3.0,3.0,1.080984,4.333333333333333,4.0,2.0,4.0,1.0
11042.0,15.0,5.0,2.0,38.0,2.0,3.0,3.0,3.0,3.0,3.0,3.0,3.0,3.0,3.0,2.0,,,,,,,,,,,,,,,,,,2.0,2.0,,,,,,,,3.0,4.0,3.0,3.0,3.0,3.0,3.0,3.0,3.0,3.0,3.0,3.0,3.0,3.0,3.0,3.0,3.0,3.0,4.0,3.0,4.0,3.0,4.0,3.0,4.0,3.0,4.0,3.0,4.0,3.0,4.0,4.0,3.0,3.0,4.0,3.0,4.0,3.0,4.0,3.0,4.0,3.0,4.0,3.0,4.0,3.0,4.0,3.0,3.0,3.0,3.0,4.0,3.0,4.0,3.0,4.0,3.0,4.0,3.0,4.0,3.0,3.0,3.0,3.0,2.0,3.0,2.0,3.0,2.0,3.0,2.0,3.0,2.0,3.0,2.0,3.0,2.0,7.0,3.0,3.0,3.0,2.0,3.0,3.0,1.0,,3.0,3.0,3.0,2.0,3.0,3.0,3.0,3.0,3.0,3.0,2.0,3.0,2.0,2.0,2.0,2.0,2.0,3.0,3.0,3.0,3.0,3.0,3.0,3.0,4.0,3.0,4.0,3.0,4.0,3.0,4.0,3.0,3.0,7.0,6.0,2.0,2.0,2.0,2.0,1.0,,7.0,,5.0,1.0,2.0,6.0,3.0,1.024093,3.0,3.0,3.0,3.0,2.0
11052.0,7.0,6.0,1.0,40.0,3.0,5.0,5.0,4.0,3.0,5.0,5.0,4.0,4.0,4.0,2.0,,,,,,,,,,,,,,,,,,2.0,2.0,,,,,,,,3.0,3.0,3.0,3.0,3.0,3.0,4.0,2.0,3.0,3.0,2.0,1.0,3.0,3.0,3.0,4.0,2.0,3.0,3.0,3.0,2.0,1.0,1.0,2.0,3.0,3.0,2.0,4.0,4.0,1.0,3.0,3.0,3.0,3.0,3.0,3.0,3.0,2.0,4.0,4.0,2.0,2.0,3.0,4.0,2.0,3.0,2.0,2.0,2.0,1.0,1.0,1.0,3.0,3.0,2.0,2.0,1.0,4.0,4.0,2.0,3.0,4.0,3.0,4.0,4.0,4.0,3.0,4.0,4.0,4.0,3.0,2.0,2.0,5.0,5.0,5.0,4.0,11.0,3.0,2.0,4.0,1.0,4.0,2.0,3.0,,4.0,4.0,5.0,1.0,4.0,4.0,4.0,4.0,4.0,3.0,4.0,3.0,2.0,2.0,2.0,2.0,2.0,4.0,4.0,3.0,4.0,2.0,4.0,2.0,1.0,1.0,1.0,2.0,1.0,1.0,1.0,1.0,4.0,3.0,3.0,2.0,2.0,2.0,2.0,2.0,1.0,3.0,,3.0,2.0,1.0,2.0,2.0,0.846161,4.0,5.0,3.0,4.0,1.0
11116.0,13.0,4.0,1.0,54.0,4.0,5.0,5.0,5.0,4.0,4.0,4.0,4.0,4.0,4.0,1.0,1.0,2.0,3.0,4.0,5.0,6.0,,,,,,,,,,,,2.0,2.0,,,,,,,,4.0,4.0,4.0,4.0,4.0,4.0,3.0,3.0,4.0,4.0,4.0,4.0,4.0,4.0,4.0,4.0,4.0,4.0,4.0,4.0,4.0,4.0,4.0,4.0,4.0,4.0,4.0,4.0,4.0,4.0,4.0,4.0,4.0,4.0,4.0,4.0,4.0,4.0,4.0,4.0,4.0,4.0,4.0,4.0,4.0,4.0,4.0,4.0,4.0,4.0,4.0,4.0,4.0,4.0,4.0,4.0,4.0,4.0,4.0,4.0,4.0,5.0,5.0,5.0,4.0,3.0,2.0,3.0,2.0,4.0,4.0,4.0,4.0,5.0,5.0,5.0,4.0,6.0,4.0,4.0,3.0,1.0,4.0,4.0,3.0,,4.0,4.0,4.0,1.0,4.0,3.0,3.0,4.0,3.0,3.0,4.0,4.0,1.0,2.0,2.0,1.0,1.0,4.0,4.0,4.0,3.0,3.0,4.0,4.0,3.0,3.0,3.0,3.0,3.0,3.0,3.0,3.0,4.0,6.0,6.0,1.0,1.0,1.0,1.0,2.0,1.0,4.0,,3.0,2.0,1.0,3.0,2.0,1.073801,4.0,4.0,4.0,4.0,1.0
11127.0,2.0,6.0,2.0,41.0,3.0,5.0,5.0,4.0,4.0,4.0,4.0,4.0,5.0,5.0,1.0,1.0,2.0,3.0,4.0,5.0,6.0,,,,,,,13.0,,,,,1.0,2.0,,,,,,,,3.0,4.0,3.0,3.0,3.0,3.0,3.0,2.0,3.0,2.0,2.0,2.0,3.0,3.0,3.0,4.0,3.0,4.0,3.0,3.0,3.0,3.0,3.0,3.0,3.0,3.0,3.0,3.0,4.0,3.0,4.0,3.0,2.0,3.0,2.0,2.0,2.0,2.0,3.0,3.0,2.0,2.0,2.0,3.0,2.0,2.0,3.0,3.0,3.0,2.0,2.0,2.0,2.0,3.0,2.0,2.0,2.0,3.0,3.0,2.0,3.0,4.0,5.0,4.0,5.0,3.0,2.0,3.0,3.0,3.0,3.0,3.0,3.0,5.0,4.0,4.0,3.0,6.0,3.0,4.0,3.0,1.0,4.0,3.0,1.0,,4.0,3.0,3.0,1.0,4.0,1.0,4.0,3.0,2.0,4.0,3.0,3.0,1.0,2.0,2.0,2.0,2.0,5.0,5.0,4.0,5.0,4.0,5.0,3.0,1.0,1.0,3.0,3.0,4.0,3.0,1.0,1.0,4.0,6.0,2.0,1.0,1.0,1.0,1.0,1.0,,4.0,,3.0,1.0,2.0,3.0,2.0,1.115818,4.666666666666667,4.0,3.5,4.0,1.0
11137.0,9.0,2.0,1.0,29.0,1.0,5.0,5.0,3.0,3.0,3.0,3.0,3.0,3.0,3.0,1.0,1.0,2.0,3.0,4.0,5.0,6.0,,,,,,12.0,,,,,,2.0,2.0,,,,,,,,3.0,3.0,3.0,3.0,4.0,4.0,4.0,2.0,3.0,3.0,3.0,3.0,3.0,3.0,4.0,5.0,3.0,3.0,4.0,4.0,4.0,4.0,3.0,3.0,3.0,3.0,4.0,3.0,3.0,3.0,3.0,3.0,3.0,3.0,3.0,3.0,3.0,3.0,3.0,3.0,3.0,3.0,3.0,3.0,3.0,3.0,4.0,4.0,4.0,4.0,4.0,4.0,3.0,4.0,4.0,4.0,4.0,4.0,4.0,4.0,3.0,4.0,4.0,4.0,4.0,3.0,3.0,3.0,3.0,3.0,3.0,3.0,3.0,3.0,3.0,3.0,4.0,5.0,1.0,3.0,4.0,1.0,4.0,4.0,4.0,,3.0,3.0,3.0,2.0,3.0,3.0,3.0,3.0,3.0,3.0,3.0,3.0,1.0,2.0,2.0,2.0,2.0,3.0,3.0,3.0,3.0,1.0,1.0,1.0,1.0,1.0,1.0,1.0,2.0,1.0,1.0,1.0,3.0,6.0,6.0,2.0,2.0,2.0,2.0,1.0,,7.0,,3.0,1.0,2.0,6.0,2.0,1.051424,3.0,3.0,4.0,3.0,2.0
11148.0,1.0,1.0,1.0,38.0,2.0,5.0,5.0,3.0,3.0,4.0,4.0,2.0,3.0,3.0,1.0,1.0,2.0,3.0,4.0,,6.0,,,,,,,,,,,,2.0,1.0,1.0,,,,5.0,,,2.0,4.0,3.0,4.0,4.0,3.0,4.0,4.0,3.0,4.0,3.0,4.0,4.0,3.0,4.0,4.0,3.0,4.0,4.0,3.0,3.0,4.0,4.0,3.0,4.0,4.0,3.0,4.0,4.0,5.0,4.0,3.0,3.0,4.0,3.0,3.0,4.0,3.0,3.0,4.0,4.0,3.0,4.0,3.0,4.0,4.0,3.0,4.0,4.0,3.0,4.0,5.0,4.0,3.0,4.0,5.0,4.0,4.0,3.0,4.0,4.0,4.0,4.0,4.0,5.0,3.0,4.0,5.0,4.0,5.0,4.0,5.0,4.0,3.0,4.0,5.0,4.0,8.0,3.0,4.0,3.0,2.0,3.0,4.0,3.0,,4.0,3.0,3.0,2.0,3.0,3.0,2.0,2.0,3.0,2.0,2.0,3.0,1.0,2.0,1.0,2.0,1.0,4.0,3.0,4.0,3.0,4.0,4.0,3.0,3.0,2.0,2.0,3.0,3.0,2.0,2.0,3.0,2.0,7.0,6.0,2.0,2.0,1.0,2.0,2.0,2.0,3.0,,4.0,2.0,2.0,2.0,3.0,1.080947,2.6666666666666665,4.0,3.5,3.0,2.0
11193.0,10.0,3.0,1.0,39.0,2.0,2.0,2.0,3.0,3.0,2.0,2.0,3.0,4.0,4.0,2.0,,,,,,,,,,,,,,,,,,2.0,2.0,,,,,,,,3.0,4.0,4.0,3.0,4.0,3.0,4.0,3.0,5.0,4.0,3.0,3.0,3.0,3.0,3.0,3.0,3.0,3.0,4.0,4.0,4.0,4.0,3.0,3.0,3.0,4.0,3.0,3.0,3.0,3.0,3.0,4.0,4.0,4.0,4.0,4.0,4.0,3.0,3.0,3.0,4.0,3.0,3.0,3.0,4.0,5.0,4.0,4.0,4.0,4.0,4.0,4.0,3.0,4.0,4.0,4.0,4.0,3.0,3.0,3.0,4.0,4.0,4.0,4.0,4.0,4.0,4.0,4.0,4.0,4.0,5.0,5.0,4.0,4.0,5.0,5.0,4.0,8.0,3.0,4.0,4.0,1.0,4.0,4.0,2.0,,4.0,4.0,4.0,1.0,4.0,4.0,5.0,5.0,5.0,3.0,4.0,4.0,1.0,1.0,1.0,1.0,1.0,4.0,4.0,4.0,4.0,4.0,4.0,4.0,4.0,4.0,4.0,4.0,4.0,4.0,4.0,3.0,4.0,6.0,3.0,1.0,1.0,1.0,1.0,1.0,,4.0,,3.0,1.0,2.0,3.0,2.0,0.865768,3.6666666666666665,2.0,4.0,4.0,1.0
11206.0,11.0,3.0,2.0,34.0,2.0,4.0,4.0,4.0,4.0,4.0,4.0,4.0,4.0,4.0,1.0,1.0,,,,,,,,,,,,,,,,,2.0,2.0,,,,,,,,2.0,4.0,4.0,4.0,4.0,4.0,4.0,4.0,4.0,4.0,4.0,4.0,4.0,5.0,4.0,5.0,3.0,3.0,4.0,4.0,3.0,4.0,3.0,4.0,4.0,4.0,4.0,4.0,4.0,4.0,4.0,4.0,4.0,4.0,4.0,3.0,3.0,3.0,3.0,4.0,4.0,3.0,4.0,4.0,4.0,4.0,4.0,4.0,4.0,4.0,4.0,3.0,3.0,4.0,4.0,4.0,3.0,4.0,4.0,3.0,4.0,4.0,4.0,4.0,4.0,4.0,3.0,4.0,4.0,4.0,4.0,4.0,4.0,4.0,4.0,4.0,4.0,9.0,3.0,4.0,4.0,1.0,5.0,4.0,4.0,,3.0,3.0,3.0,2.0,3.0,1.0,2.0,4.0,2.0,2.0,3.0,2.0,1.0,2.0,2.0,2.0,2.0,4.0,4.0,2.0,2.0,2.0,4.0,2.0,2.0,2.0,2.0,2.0,2.0,2.0,2.0,3.0,2.0,6.0,6.0,1.0,2.0,2.0,2.0,1.0,,7.0,,3.0,1.0,2.0,6.0,2.0,0.900154,4.0,4.0,4.5,3.0,2.0
11249.0,1.0,1.0,1.0,42.0,3.0,4.0,4.0,4.0,4.0,4.0,4.0,3.0,4.0,3.0,2.0,,,,,,,,,,,,,,,,,,1.0,2.0,,,,,,,,4.0,3.0,4.0,3.0,4.0,3.0,4.0,3.0,4.0,3.0,4.0,3.0,4.0,3.0,3.0,4.0,5.0,4.0,5.0,4.0,5.0,4.0,5.0,4.0,5.0,4.0,5.0,4.0,5.0,4.0,4.0,4.0,5.0,4.0,5.0,4.0,5.0,4.0,5.0,4.0,5.0,4.0,5.0,4.0,4.0,5.0,4.0,5.0,4.0,5.0,4.0,5.0,4.0,5.0,4.0,5.0,4.0,5.0,4.0,4.0,5.0,4.0,4.0,4.0,5.0,4.0,3.0,3.0,2.0,3.0,4.0,4.0,4.0,4.0,4.0,3.0,4.0,6.0,3.0,3.0,3.0,1.0,3.0,3.0,3.0,,3.0,4.0,3.0,1.0,3.0,3.0,4.0,3.0,4.0,3.0,4.0,3.0,1.0,2.0,1.0,2.0,1.0,3.0,4.0,3.0,4.0,3.0,4.0,3.0,4.0,3.0,4.0,3.0,4.0,3.0,4.0,3.0,4.0,6.0,6.0,2.0,1.0,2.0,1.0,2.0,1.0,4.0,,2.0,2.0,1.0,3.0,1.0,1.074504,3.3333333333333335,4.0,3.0,3.0,1.0
11317.0,7.0,6.0,2.0,19.0,1.0,5.0,5.0,5.0,4.0,5.0,5.0,5.0,4.0,5.0,2.0,,,,,,,,,,,,,,,,,,2.0,2.0,,,,,,,,2.0,5.0,5.0,4.0,4.0,5.0,5.0,5.0,5.0,5.0,5.0,4.0,4.0,5.0,5.0,5.0,5.0,5.0,3.0,2.0,3.0,3.0,5.0,5.0,4.0,5.0,4.0,5.0,5.0,5.0,2.0,4.0,4.0,3.0,4.0,4.0,3.0,4.0,4.0,4.0,4.0,5.0,5.0,5.0,5.0,3.0,5.0,5.0,5.0,5.0,5.0,5.0,5.0,5.0,5.0,5.0,5.0,5.0,5.0,5.0,5.0,5.0,4.0,3.0,5.0,4.0,4.0,3.0,5.0,4.0,5.0,4.0,4.0,4.0,3.0,5.0,5.0,6.0,2.0,5.0,4.0,1.0,3.0,3.0,4.0,,4.0,3.0,4.0,1.0,3.0,2.0,4.0,4.0,3.0,2.0,2.0,4.0,1.0,2.0,2.0,2.0,2.0,4.0,4.0,1.0,1.0,1.0,1.0,1.0,1.0,1.0,1.0,2.0,2.0,3.0,1.0,1.0,3.0,6.0,6.0,2.0,2.0,2.0,2.0,1.0,,6.0,,3.0,1.0,2.0,5.0,2.0,1.101295,4.666666666666667,5.0,3.0,3.0,1.0
11349.0,9.0,2.0,1.0,35.0,2.0,4.0,3.0,4.0,3.0,4.0,2.0,1.0,2.0,1.0,1.0,1.0,,3.0,,5.0,,,,,,,,,,,,,2.0,1.0,1.0,2.0,,,,,,1.0,3.0,2.0,3.0,2.0,3.0,2.0,3.0,2.0,2.0,3.0,4.0,2.0,3.0,4.0,2.0,3.0,2.0,3.0,2.0,3.0,2.0,3.0,2.0,2.0,3.0,2.0,3.0,2.0,3.0,2.0,3.0,2.0,3.0,2.0,3.0,2.0,3.0,2.0,2.0,3.0,2.0,3.0,2.0,3.0,2.0,4.0,3.0,4.0,3.0,4.0,3.0,4.0,3.0,3.0,4.0,3.0,4.0,3.0,4.0,3.0,3.0,4.0,3.0,4.0,3.0,2.0,3.0,4.0,3.0,4.0,3.0,4.0,3.0,4.0,3.0,2.0,6.0,3.0,3.0,4.0,1.0,3.0,3.0,3.0,,3.0,4.0,3.0,1.0,4.0,3.0,4.0,3.0,4.0,3.0,4.0,3.0,1.0,2.0,1.0,2.0,1.0,3.0,4.0,3.0,4.0,3.0,4.0,3.0,4.0,2.0,3.0,4.0,2.0,3.0,4.0,3.0,4.0,6.0,9.0,1.0,2.0,1.0,2.0,1.0,,3.0,,4.0,1.0,2.0,2.0,3.0,0.921551,1.3333333333333333,3.0,3.0,4.0,1.0
11389.0,2.0,6.0,1.0,40.0,3.0,3.0,4.0,3.0,3.0,3.0,3.0,3.0,3.0,3.0,1.0,,,,,5.0,,,,,,,,,,,,,1.0,1.0,,,3.0,,,,,3.0,3.0,4.0,3.0,2.0,3.0,3.0,3.0,2.0,4.0,3.0,3.0,3.0,3.0,3.0,3.0,3.0,3.0,3.0,3.0,4.0,3.0,3.0,2.0,4.0,3.0,3.0,3.0,3.0,3.0,4.0,3.0,5.0,4.0,3.0,3.0,4.0,3.0,3.0,3.0,3.0,3.0,3.0,4.0,3.0,3.0,5.0,4.0,4.0,4.0,2.0,4.0,4.0,5.0,4.0,5.0,4.0,4.0,4.0,4.0,5.0,4.0,5.0,5.0,4.0,4.0,5.0,5.0,4.0,4.0,4.0,5.0,5.0,4.0,3.0,1.0,3.0,9.0,3.0,3.0,4.0,2.0,3.0,4.0,4.0,,3.0,2.0,3.0,1.0,4.0,3.0,3.0,4.0,4.0,5.0,4.0,3.0,1.0,1.0,2.0,2.0,1.0,3.0,4.0,4.0,3.0,3.0,2.0,4.0,4.0,4.0,3.0,3.0,3.0,2.0,5.0,4.0,3.0,9.0,6.0,1.0,2.0,1.0,1.0,1.0,,3.0,,3.0,1.0,2.0,2.0,2.0,0.846161,3.0,3.0,3.5,4.0,1.0
11395.0,1.0,1.0,2.0,45.0,3.0,5.0,5.0,3.0,4.0,4.0,4.0,3.0,3.0,3.0,1.0,1.0,,,,,6.0,,,,,,,,,,,,2.0,2.0,,,,,,,,2.0,5.0,5.0,5.0,5.0,4.0,5.0,4.0,5.0,4.0,4.0,4.0,5.0,5.0,5.0,5.0,3.0,3.0,4.0,3.0,3.0,3.0,4.0,3.0,4.0,3.0,3.0,4.0,4.0,3.0,4.0,4.0,3.0,3.0,3.0,3.0,4.0,3.0,4.0,3.0,3.0,3.0,4.0,4.0,3.0,5.0,4.0,3.0,3.0,3.0,3.0,3.0,3.0,3.0,3.0,3.0,3.0,4.0,4.0,3.0,4.0,3.0,2.0,3.0,4.0,3.0,2.0,3.0,3.0,3.0,3.0,3.0,4.0,3.0,3.0,3.0,4.0,9.0,5.0,3.0,5.0,1.0,3.0,3.0,3.0,,2.0,2.0,3.0,2.0,2.0,1.0,1.0,3.0,3.0,3.0,3.0,3.0,2.0,2.0,2.0,2.0,2.0,3.0,3.0,3.0,2.0,2.0,2.0,2.0,1.0,1.0,1.0,1.0,3.0,2.0,1.0,1.0,3.0,6.0,4.0,1.0,1.0,1.0,1.0,2.0,2.0,5.0,,4.0,2.0,2.0,4.0,3.0,1.098998,3.0,4.0,3.0,2.0,2.0
11402.0,9.0,2.0,1.0,51.0,4.0,3.0,2.0,3.0,2.0,4.0,3.0,4.0,4.0,3.0,2.0,,,,,,,,,,,,,,,,,,1.0,2.0,,,,,,,,4.0,2.0,4.0,2.0,4.0,4.0,3.0,2.0,2.0,3.0,3.0,2.0,3.0,2.0,3.0,3.0,4.0,4.0,3.0,4.0,5.0,4.0,3.0,4.0,3.0,4.0,3.0,2.0,3.0,4.0,3.0,3.0,3.0,4.0,3.0,2.0,4.0,3.0,4.0,3.0,4.0,3.0,4.0,2.0,3.0,4.0,4.0,4.0,3.0,2.0,3.0,4.0,3.0,4.0,3.0,4.0,3.0,2.0,3.0,4.0,3.0,3.0,4.0,3.0,4.0,3.0,2.0,4.0,3.0,4.0,3.0,2.0,3.0,4.0,3.0,4.0,3.0,8.0,3.0,4.0,4.0,1.0,3.0,3.0,2.0,,3.0,4.0,3.0,1.0,3.0,3.0,4.0,3.0,4.0,3.0,4.0,2.0,2.0,1.0,2.0,1.0,1.0,4.0,3.0,4.0,3.0,2.0,3.0,4.0,3.0,4.0,3.0,4.0,3.0,2.0,4.0,3.0,4.0,8.0,7.0,2.0,1.0,2.0,1.0,2.0,1.0,4.0,,2.0,2.0,1.0,3.0,1.0,1.048518,3.6666666666666665,3.5,3.0,3.0,1.0
11418.0,16.0,6.0,1.0,19.0,1.0,5.0,5.0,5.0,5.0,5.0,5.0,5.0,5.0,4.0,2.0,,,,,,,,,,,,,,,,,,2.0,2.0,,,,,,,,4.0,4.0,3.0,4.0,3.0,3.0,4.0,3.0,4.0,3.0,2.0,2.0,2.0,2.0,3.0,5.0,5.0,5.0,5.0,5.0,5.0,3.0,5.0,5.0,5.0,5.0,5.0,5.0,5.0,4.0,2.0,4.0,5.0,4.0,4.0,3.0,2.0,4.0,4.0,4.0,4.0,4.0,2.0,5.0,2.0,2.0,3.0,5.0,5.0,5.0,5.0,2.0,5.0,5.0,5.0,5.0,4.0,2.0,5.0,4.0,2.0,5.0,5.0,3.0,5.0,5.0,1.0,5.0,2.0,4.0,5.0,4.0,4.0,2.0,4.0,2.0,5.0,11.0,5.0,1.0,3.0,2.0,5.0,5.0,5.0,,4.0,3.0,5.0,1.0,5.0,1.0,4.0,5.0,5.0,2.0,5.0,4.0,1.0,2.0,2.0,2.0,2.0,5.0,5.0,5.0,5.0,5.0,5.0,5.0,4.0,4.0,5.0,3.0,5.0,4.0,4.0,3.0,4.0,11.0,1.0,1.0,2.0,1.0,2.0,1.0,,6.0,,4.0,1.0,2.0,5.0,3.0,1.00476,4.666666666666667,5.0,5.0,5.0,1.0
11421.0,1.0,1.0,1.0,26.0,1.0,5.0,5.0,5.0,5.0,4.0,5.0,4.0,5.0,4.0,2.0,,,,,,,,,,,,,,,,,,2.0,2.0,,,,,,,,5.0,4.0,4.0,2.0,3.0,4.0,5.0,2.0,3.0,1.0,2.0,1.0,3.0,4.0,5.0,5.0,5.0,4.0,3.0,3.0,3.0,5.0,3.0,3.0,2.0,2.0,2.0,2.0,4.0,3.0,5.0,4.0,3.0,3.0,3.0,4.0,4.0,5.0,3.0,4.0,3.0,2.0,2.0,5.0,4.0,5.0,4.0,4.0,3.0,4.0,5.0,5.0,5.0,4.0,5.0,3.0,5.0,4.0,5.0,3.0,5.0,4.0,5.0,3.0,5.0,4.0,2.0,3.0,2.0,5.0,4.0,4.0,4.0,5.0,5.0,4.0,5.0,6.0,3.0,4.0,3.0,1.0,2.0,3.0,2.0,,5.0,4.0,4.0,1.0,4.0,5.0,5.0,5.0,4.0,4.0,5.0,5.0,1.0,1.0,1.0,1.0,1.0,5.0,5.0,4.0,5.0,3.0,5.0,4.0,3.0,4.0,4.0,5.0,4.0,5.0,4.0,5.0,4.0,6.0,5.0,1.0,1.0,2.0,1.0,1.0,,4.0,,3.0,1.0,2.0,3.0,2.0,1.112248,4.333333333333333,4.5,2.5,4.0,1.0
11455.0,9.0,2.0,1.0,47.0,3.0,4.0,4.0,4.0,4.0,5.0,4.0,5.0,5.0,5.0,1.0,1.0,2.0,3.0,,,6.0,,,,,11.0,,,,,,,1.0,1.0,1.0,,,,5.0,,,4.0,3.0,3.0,3.0,3.0,2.0,3.0,2.0,4.0,3.0,3.0,3.0,4.0,4.0,4.0,5.0,5.0,5.0,5.0,4.0,4.0,4.0,5.0,4.0,5.0,4.0,5.0,3.0,5.0,3.0,3.0,5.0,4.0,5.0,4.0,4.0,4.0,5.0,4.0,5.0,3.0,3.0,3.0,5.0,3.0,4.0,4.0,4.0,5.0,3.0,4.0,4.0,5.0,4.0,5.0,3.0,4.0,3.0,5.0,4.0,3.0,4.0,4.0,4.0,4.0,3.0,2.0,4.0,4.0,3.0,4.0,3.0,4.0,4.0,5.0,5.0,4.0,10.0,2.0,4.0,2.0,1.0,3.0,2.0,4.0,,4.0,4.0,5.0,1.0,4.0,1.0,3.0,4.0,4.0,4.0,4.0,4.0,1.0,2.0,1.0,1.0,1.0,5.0,5.0,4.0,4.0,4.0,5.0,3.0,2.0,2.0,1.0,4.0,4.0,4.0,4.0,4.0,4.0,4.0,1.0,1.0,1.0,1.0,1.0,1.0,,4.0,,3.0,1.0,2.0,3.0,2.0,1.065336,5.0,4.5,2.5,4.0,1.0
11490.0,9.0,2.0,1.0,42.0,3.0,5.0,5.0,2.0,2.0,3.0,3.0,2.0,2.0,2.0,2.0,,,,,,,,,,,,,,,,,,2.0,1.0,1.0,,,4.0,,,,2.0,4.0,4.0,4.0,3.0,4.0,3.0,4.0,5.0,5.0,4.0,4.0,4.0,5.0,5.0,5.0,1.0,1.0,2.0,2.0,2.0,2.0,2.0,3.0,3.0,3.0,3.0,3.0,3.0,2.0,1.0,4.0,4.0,4.0,4.0,4.0,4.0,4.0,4.0,4.0,4.0,4.0,4.0,4.0,4.0,2.0,2.0,2.0,2.0,2.0,2.0,2.0,2.0,2.0,2.0,2.0,2.0,2.0,2.0,2.0,2.0,4.0,2.0,3.0,4.0,2.0,2.0,4.0,2.0,4.0,4.0,4.0,4.0,5.0,5.0,4.0,4.0,10.0,4.0,4.0,4.0,1.0,5.0,5.0,2.0,,2.0,3.0,2.0,2.0,2.0,2.0,3.0,4.0,2.0,2.0,3.0,2.0,1.0,2.0,1.0,1.0,1.0,4.0,4.0,3.0,2.0,1.0,4.0,2.0,1.0,1.0,2.0,2.0,1.0,1.0,1.0,3.0,4.0,10.0,3.0,1.0,1.0,1.0,1.0,2.0,1.0,4.0,,3.0,2.0,1.0,3.0,2.0,1.065336,2.0,3.0,5.0,2.0,2.0
11532.0,1.0,1.0,2.0,39.0,2.0,5.0,5.0,2.0,1.0,3.0,3.0,3.0,3.0,3.0,2.0,,,,,,,,,,,,,,,,,,2.0,2.0,,,,,,,,3.0,4.0,4.0,2.0,3.0,2.0,4.0,2.0,3.0,3.0,2.0,2.0,4.0,3.0,3.0,5.0,3.0,3.0,3.0,3.0,3.0,3.0,3.0,3.0,3.0,3.0,3.0,3.0,3.0,3.0,3.0,3.0,3.0,3.0,3.0,3.0,3.0,3.0,3.0,3.0,3.0,3.0,3.0,3.0,3.0,3.0,3.0,3.0,3.0,3.0,3.0,3.0,3.0,3.0,3.0,3.0,3.0,3.0,3.0,3.0,3.0,3.0,4.0,4.0,3.0,3.0,2.0,3.0,4.0,4.0,3.0,3.0,3.0,5.0,4.0,3.0,3.0,9.0,4.0,2.0,3.0,1.0,4.0,4.0,2.0,,3.0,3.0,4.0,1.0,4.0,1.0,3.0,4.0,2.0,3.0,5.0,3.0,2.0,2.0,2.0,2.0,2.0,2.0,4.0,3.0,2.0,2.0,2.0,1.0,1.0,1.0,1.0,1.0,1.0,2.0,1.0,3.0,3.0,7.0,5.0,2.0,2.0,2.0,2.0,2.0,1.0,4.0,,3.0,2.0,1.0,3.0,2.0,1.036816,3.0,3.0,4.0,4.0,1.0
11537.0,10.0,3.0,2.0,56.0,4.0,5.0,5.0,4.0,4.0,5.0,4.0,3.0,5.0,4.0,2.0,,,,,,,,,,,,,,,,,,2.0,1.0,,,,4.0,5.0,,,3.0,3.0,4.0,4.0,4.0,3.0,4.0,3.0,4.0,4.0,3.0,3.0,4.0,4.0,4.0,5.0,3.0,4.0,4.0,4.0,4.0,4.0,4.0,4.0,4.0,4.0,4.0,4.0,4.0,3.0,4.0,4.0,3.0,4.0,4.0,5.0,4.0,4.0,5.0,4.0,4.0,4.0,4.0,5.0,3.0,4.0,4.0,4.0,4.0,4.0,5.0,3.0,3.0,5.0,5.0,4.0,4.0,4.0,5.0,3.0,4.0,5.0,2.0,2.0,5.0,4.0,2.0,2.0,4.0,3.0,4.0,5.0,4.0,4.0,5.0,4.0,5.0,4.0,5.0,3.0,3.0,1.0,4.0,2.0,2.0,,3.0,4.0,5.0,2.0,2.0,2.0,4.0,4.0,2.0,2.0,4.0,4.0,1.0,2.0,1.0,2.0,2.0,4.0,4.0,2.0,4.0,2.0,2.0,2.0,2.0,1.0,1.0,2.0,2.0,2.0,1.0,2.0,4.0,4.0,4.0,1.0,2.0,2.0,2.0,2.0,1.0,4.0,,3.0,2.0,1.0,3.0,2.0,0.976223,4.0,4.5,3.0,2.0,2.0
11555.0,12.0,3.0,2.0,25.0,1.0,5.0,5.0,4.0,4.0,4.0,5.0,4.0,5.0,5.0,1.0,,2.0,3.0,,,,,,,,,,,,,,,1.0,2.0,,,,,,,,4.0,5.0,5.0,3.0,4.0,4.0,4.0,4.0,5.0,5.0,5.0,5.0,5.0,5.0,5.0,5.0,4.0,3.0,4.0,5.0,3.0,4.0,5.0,5.0,3.0,4.0,5.0,5.0,5.0,4.0,4.0,4.0,4.0,3.0,4.0,4.0,3.0,1.0,2.0,3.0,4.0,4.0,4.0,4.0,4.0,4.0,4.0,4.0,4.0,5.0,3.0,3.0,4.0,4.0,4.0,2.0,3.0,4.0,5.0,4.0,4.0,4.0,3.0,3.0,4.0,4.0,4.0,4.0,4.0,4.0,4.0,4.0,4.0,5.0,4.0,5.0,2.0,9.0,4.0,4.0,3.0,2.0,2.0,3.0,3.0,,4.0,3.0,3.0,2.0,2.0,3.0,5.0,2.0,5.0,5.0,5.0,5.0,2.0,1.0,1.0,2.0,2.0,4.0,5.0,4.0,5.0,5.0,5.0,5.0,1.0,5.0,5.0,5.0,5.0,5.0,5.0,5.0,4.0,11.0,8.0,1.0,1.0,1.0,2.0,1.0,,4.0,,2.0,1.0,2.0,3.0,1.0,0.987061,4.666666666666667,4.5,2.5,2.0,2.0
11610.0,4.0,2.0,1.0,55.0,4.0,5.0,5.0,5.0,5.0,5.0,5.0,5.0,5.0,5.0,2.0,,,,,,,,,,,,,,,,,,1.0,1.0,1.0,,3.0,,5.0,,,2.0,3.0,4.0,3.0,4.0,4.0,4.0,3.0,5.0,4.0,3.0,4.0,4.0,3.0,5.0,4.0,5.0,5.0,5.0,5.0,5.0,5.0,5.0,5.0,5.0,5.0,4.0,5.0,5.0,5.0,5.0,5.0,5.0,5.0,5.0,5.0,5.0,5.0,5.0,5.0,4.0,4.0,5.0,5.0,5.0,4.0,5.0,5.0,5.0,5.0,5.0,5.0,4.0,5.0,5.0,4.0,4.0,5.0,5.0,4.0,5.0,2.0,2.0,2.0,4.0,2.0,1.0,2.0,3.0,5.0,5.0,5.0,5.0,5.0,5.0,5.0,5.0,11.0,3.0,5.0,4.0,1.0,4.0,5.0,3.0,,5.0,5.0,5.0,1.0,5.0,5.0,5.0,5.0,5.0,4.0,5.0,5.0,1.0,1.0,1.0,1.0,1.0,4.0,4.0,3.0,4.0,3.0,3.0,4.0,1.0,2.0,2.0,1.0,1.0,1.0,1.0,3.0,5.0,11.0,11.0,1.0,1.0,1.0,1.0,2.0,1.0,4.0,,3.0,2.0,1.0,3.0,2.0,1.048518,5.0,5.0,4.5,5.0,1.0
11646.0,9.0,2.0,1.0,38.0,2.0,5.0,5.0,5.0,4.0,4.0,3.0,2.0,3.0,4.0,1.0,1.0,,3.0,,5.0,,,,,,,,13.0,,,,,1.0,2.0,,,,,,,,4.0,3.0,3.0,1.0,3.0,3.0,5.0,2.0,3.0,2.0,1.0,2.0,4.0,2.0,2.0,5.0,3.0,4.0,5.0,5.0,4.0,2.0,2.0,4.0,4.0,4.0,2.0,1.0,5.0,3.0,2.0,4.0,4.0,4.0,4.0,4.0,3.0,2.0,5.0,4.0,4.0,2.0,3.0,5.0,4.0,3.0,4.0,4.0,4.0,4.0,2.0,4.0,2.0,4.0,3.0,4.0,2.0,3.0,4.0,4.0,4.0,4.0,2.0,4.0,3.0,4.0,2.0,2.0,3.0,4.0,4.0,2.0,3.0,4.0,4.0,4.0,5.0,7.0,4.0,3.0,4.0,1.0,4.0,4.0,1.0,,3.0,5.0,2.0,2.0,2.0,2.0,3.0,4.0,4.0,2.0,3.0,2.0,1.0,1.0,2.0,1.0,2.0,3.0,4.0,4.0,1.0,2.0,1.0,1.0,1.0,1.0,4.0,2.0,1.0,4.0,3.0,1.0,3.0,6.0,8.0,2.0,2.0,1.0,1.0,1.0,,3.0,,4.0,1.0,2.0,2.0,3.0,0.921551,3.0,3.5,4.0,2.0,2.0
11675.0,11.0,3.0,1.0,27.0,1.0,4.0,4.0,3.0,3.0,4.0,4.0,4.0,4.0,4.0,2.0,,,,,,,,,,,,,,,,,,2.0,2.0,,,,,,,,2.0,3.0,3.0,3.0,3.0,3.0,4.0,3.0,4.0,3.0,3.0,3.0,4.0,4.0,3.0,4.0,4.0,4.0,4.0,4.0,4.0,4.0,4.0,4.0,4.0,4.0,4.0,4.0,4.0,3.0,4.0,4.0,4.0,4.0,4.0,4.0,4.0,4.0,4.0,4.0,4.0,4.0,4.0,4.0,3.0,3.0,4.0,4.0,4.0,4.0,4.0,4.0,4.0,4.0,4.0,4.0,4.0,4.0,4.0,3.0,3.0,2.0,3.0,3.0,2.0,2.0,2.0,4.0,3.0,3.0,4.0,2.0,3.0,4.0,4.0,4.0,4.0,4.0,3.0,3.0,4.0,1.0,4.0,3.0,3.0,,4.0,4.0,4.0,1.0,3.0,3.0,3.0,4.0,4.0,3.0,4.0,4.0,1.0,2.0,2.0,1.0,1.0,4.0,4.0,4.0,4.0,4.0,3.0,4.0,2.0,2.0,3.0,3.0,3.0,3.0,3.0,3.0,4.0,8.0,3.0,1.0,1.0,1.0,2.0,1.0,,6.0,,5.0,1.0,2.0,5.0,3.0,0.984842,4.0,4.0,3.5,3.0,1.0
11694.0,9.0,2.0,1.0,53.0,4.0,5.0,5.0,5.0,3.0,5.0,5.0,4.0,4.0,4.0,2.0,,,,,,,,,,,,,,,,,,2.0,2.0,,,,,,,,4.0,4.0,4.0,3.0,3.0,4.0,4.0,2.0,4.0,3.0,2.0,2.0,4.0,3.0,3.0,5.0,5.0,4.0,4.0,5.0,5.0,4.0,4.0,4.0,4.0,5.0,4.0,4.0,4.0,4.0,5.0,5.0,5.0,5.0,5.0,5.0,5.0,5.0,5.0,5.0,5.0,5.0,5.0,5.0,5.0,5.0,5.0,5.0,5.0,5.0,5.0,5.0,5.0,5.0,5.0,5.0,5.0,5.0,5.0,5.0,5.0,4.0,4.0,4.0,4.0,3.0,1.0,3.0,3.0,3.0,4.0,3.0,4.0,3.0,3.0,3.0,3.0,10.0,2.0,4.0,4.0,1.0,4.0,4.0,4.0,,4.0,4.0,4.0,1.0,4.0,3.0,3.0,3.0,3.0,3.0,3.0,3.0,1.0,2.0,2.0,2.0,2.0,4.0,4.0,4.0,4.0,4.0,4.0,4.0,1.0,1.0,3.0,4.0,1.0,4.0,4.0,1.0,4.0,2.0,2.0,1.0,1.0,1.0,2.0,2.0,2.0,4.0,,2.0,2.0,2.0,3.0,1.0,1.048518,4.0,5.0,4.0,4.0,1.0
11725.0,1.0,1.0,1.0,26.0,1.0,4.0,4.0,4.0,4.0,4.0,4.0,4.0,4.0,4.0,2.0,,,,,,,,,,,,,,,,,,1.0,2.0,,,,,,,,4.0,3.0,4.0,2.0,3.0,3.0,4.0,2.0,3.0,3.0,2.0,2.0,3.0,3.0,3.0,4.0,4.0,4.0,4.0,4.0,4.0,4.0,4.0,4.0,4.0,4.0,4.0,4.0,4.0,4.0,4.0,3.0,3.0,3.0,3.0,3.0,3.0,3.0,3.0,3.0,3.0,3.0,3.0,4.0,3.0,3.0,3.0,3.0,3.0,3.0,3.0,3.0,3.0,3.0,3.0,3.0,3.0,3.0,4.0,4.0,3.0,4.0,4.0,4.0,5.0,3.0,1.0,2.0,1.0,4.0,4.0,3.0,5.0,4.0,3.0,3.0,5.0,6.0,3.0,3.0,3.0,1.0,4.0,4.0,2.0,,3.0,3.0,4.0,1.0,3.0,2.0,2.0,3.0,3.0,2.0,3.0,2.0,1.0,2.0,1.0,1.0,1.0,4.0,4.0,4.0,4.0,2.0,4.0,4.0,2.0,2.0,2.0,3.0,4.0,4.0,4.0,2.0,3.0,6.0,6.0,1.0,1.0,1.0,1.0,1.0,,6.0,,3.0,1.0,2.0,5.0,2.0,1.112248,4.0,4.0,4.0,3.0,1.0
11754.0,9.0,2.0,1.0,40.0,3.0,5.0,5.0,2.0,2.0,3.0,4.0,4.0,3.0,2.0,2.0,,,,,,,,,,,,,,,,,,2.0,2.0,,,,,,,,3.0,3.0,2.0,2.0,3.0,2.0,3.0,2.0,3.0,3.0,2.0,2.0,4.0,3.0,3.0,5.0,3.0,3.0,3.0,3.0,3.0,2.0,3.0,3.0,3.0,3.0,3.0,2.0,4.0,3.0,2.0,2.0,3.0,3.0,3.0,3.0,1.0,3.0,3.0,3.0,3.0,3.0,2.0,5.0,3.0,1.0,3.0,4.0,4.0,2.0,3.0,3.0,4.0,2.0,3.0,4.0,5.0,4.0,3.0,3.0,3.0,2.0,4.0,4.0,4.0,2.0,2.0,4.0,3.0,3.0,2.0,3.0,3.0,4.0,3.0,2.0,3.0,1.0,3.0,2.0,3.0,1.0,3.0,4.0,1.0,,3.0,4.0,4.0,2.0,2.0,3.0,3.0,4.0,3.0,3.0,3.0,3.0,2.0,2.0,2.0,2.0,1.0,3.0,5.0,3.0,3.0,1.0,4.0,1.0,1.0,1.0,1.0,2.0,3.0,3.0,1.0,1.0,3.0,11.0,4.0,2.0,2.0,1.0,1.0,1.0,,3.0,,3.0,1.0,2.0,2.0,2.0,1.065336,3.0,3.5,3.5,2.0,2.0
11772.0,9.0,2.0,1.0,27.0,1.0,4.0,4.0,5.0,4.0,4.0,4.0,4.0,4.0,4.0,2.0,,,,,,,,,,,,,,,,,,1.0,2.0,,,,,,,,4.0,2.0,2.0,2.0,2.0,2.0,2.0,1.0,4.0,2.0,2.0,1.0,2.0,3.0,3.0,3.0,4.0,4.0,4.0,4.0,4.0,4.0,4.0,4.0,4.0,3.0,4.0,4.0,5.0,3.0,4.0,3.0,2.0,2.0,2.0,2.0,2.0,2.0,3.0,2.0,2.0,2.0,3.0,3.0,3.0,2.0,3.0,3.0,3.0,4.0,3.0,3.0,3.0,4.0,3.0,3.0,3.0,3.0,4.0,3.0,3.0,4.0,4.0,4.0,4.0,3.0,3.0,4.0,3.0,4.0,3.0,3.0,4.0,3.0,3.0,3.0,4.0,6.0,3.0,3.0,4.0,1.0,3.0,2.0,3.0,,4.0,4.0,4.0,1.0,4.0,3.0,3.0,4.0,4.0,4.0,4.0,4.0,1.0,2.0,2.0,1.0,2.0,4.0,4.0,4.0,4.0,4.0,4.0,3.0,2.0,2.0,3.0,3.0,3.0,3.0,2.0,2.0,2.0,7.0,4.0,1.0,1.0,2.0,2.0,1.0,,6.0,,2.0,1.0,2.0,5.0,1.0,1.051424,4.0,4.0,2.5,4.0,1.0
11775.0,14.0,4.0,2.0,32.0,2.0,4.0,4.0,2.0,2.0,3.0,4.0,2.0,3.0,3.0,1.0,1.0,2.0,3.0,4.0,5.0,,7.0,,,,,,,,,,,2.0,1.0,,,,4.0,5.0,,,1.0,4.0,4.0,4.0,4.0,4.0,5.0,3.0,5.0,4.0,4.0,3.0,5.0,5.0,4.0,5.0,3.0,4.0,4.0,3.0,3.0,2.0,3.0,3.0,4.0,2.0,4.0,3.0,3.0,3.0,3.0,2.0,2.0,3.0,2.0,1.0,3.0,2.0,4.0,2.0,3.0,2.0,5.0,5.0,4.0,3.0,3.0,4.0,4.0,4.0,4.0,4.0,3.0,4.0,4.0,3.0,4.0,5.0,5.0,4.0,3.0,3.0,4.0,4.0,5.0,2.0,2.0,2.0,3.0,4.0,4.0,3.0,2.0,5.0,3.0,3.0,3.0,4.0,4.0,3.0,3.0,1.0,5.0,5.0,2.0,,2.0,3.0,3.0,2.0,3.0,1.0,1.0,3.0,3.0,3.0,3.0,2.0,2.0,1.0,1.0,1.0,2.0,3.0,2.0,1.0,1.0,1.0,1.0,1.0,1.0,1.0,1.0,1.0,1.0,1.0,1.0,1.0,2.0,3.0,5.0,2.0,1.0,2.0,2.0,1.0,,4.0,,3.0,1.0,2.0,3.0,2.0,0.880586,2.6666666666666665,3.5,5.0,3.0,2.0
11813.0,3.0,5.0,2.0,27.0,1.0,5.0,5.0,3.0,3.0,3.0,3.0,4.0,3.0,3.0,2.0,,,,,,,,,,,,,,,,,,2.0,2.0,,,,,,,,3.0,4.0,4.0,5.0,3.0,4.0,4.0,4.0,4.0,4.0,4.0,3.0,3.0,4.0,3.0,4.0,4.0,4.0,5.0,4.0,4.0,3.0,3.0,3.0,3.0,3.0,3.0,3.0,5.0,3.0,4.0,3.0,4.0,4.0,4.0,4.0,4.0,4.0,3.0,3.0,3.0,3.0,4.0,5.0,3.0,4.0,3.0,4.0,4.0,4.0,4.0,4.0,4.0,4.0,3.0,4.0,3.0,4.0,4.0,4.0,4.0,3.0,3.0,2.0,3.0,4.0,2.0,3.0,2.0,4.0,3.0,2.0,3.0,3.0,2.0,2.0,4.0,8.0,3.0,3.0,3.0,1.0,2.0,2.0,3.0,,3.0,3.0,4.0,1.0,3.0,2.0,3.0,3.0,3.0,3.0,4.0,3.0,1.0,2.0,2.0,2.0,2.0,4.0,4.0,4.0,4.0,4.0,4.0,4.0,4.0,3.0,3.0,3.0,5.0,3.0,3.0,5.0,3.0,6.0,7.0,1.0,1.0,1.0,1.0,1.0,,7.0,,3.0,1.0,2.0,6.0,2.0,0.976825,3.3333333333333335,3.0,2.0,3.0,1.0
11824.0,10.0,3.0,2.0,35.0,2.0,4.0,4.0,4.0,4.0,5.0,4.0,3.0,3.0,3.0,2.0,,,,,,,,,,,,,,,,,,2.0,1.0,1.0,,,,,,,3.0,4.0,4.0,4.0,4.0,4.0,4.0,3.0,5.0,4.0,4.0,4.0,4.0,5.0,4.0,5.0,4.0,4.0,4.0,2.0,2.0,2.0,2.0,4.0,4.0,4.0,3.0,2.0,4.0,3.0,3.0,4.0,4.0,4.0,3.0,3.0,3.0,3.0,4.0,4.0,4.0,3.0,2.0,4.0,2.0,3.0,4.0,4.0,4.0,3.0,3.0,3.0,3.0,3.0,4.0,3.0,4.0,4.0,4.0,4.0,4.0,2.0,4.0,4.0,5.0,3.0,3.0,3.0,2.0,4.0,2.0,2.0,1.0,4.0,4.0,4.0,4.0,1.0,3.0,3.0,4.0,1.0,4.0,4.0,5.0,,3.0,3.0,3.0,1.0,3.0,2.0,2.0,2.0,2.0,2.0,2.0,2.0,2.0,2.0,2.0,2.0,2.0,3.0,4.0,2.0,3.0,1.0,3.0,3.0,1.0,1.0,1.0,1.0,1.0,1.0,1.0,2.0,3.0,10.0,10.0,2.0,2.0,2.0,2.0,1.0,,4.0,,4.0,1.0,2.0,3.0,3.0,0.900154,3.0,4.5,4.0,3.0,1.0
11851.0,2.0,6.0,1.0,27.0,1.0,4.0,5.0,4.0,3.0,5.0,4.0,4.0,5.0,5.0,2.0,,,,,,,,,,,,,,,,,,2.0,1.0,,,,4.0,5.0,,,2.0,3.0,3.0,3.0,4.0,3.0,4.0,2.0,4.0,3.0,2.0,1.0,2.0,5.0,4.0,5.0,3.0,3.0,3.0,3.0,2.0,3.0,3.0,4.0,5.0,5.0,5.0,4.0,5.0,4.0,1.0,4.0,4.0,4.0,4.0,4.0,3.0,4.0,4.0,4.0,5.0,5.0,5.0,5.0,4.0,5.0,5.0,5.0,5.0,5.0,4.0,4.0,4.0,5.0,5.0,5.0,5.0,5.0,5.0,4.0,3.0,4.0,5.0,5.0,5.0,4.0,2.0,4.0,4.0,4.0,3.0,4.0,4.0,5.0,5.0,5.0,4.0,10.0,4.0,3.0,4.0,1.0,4.0,3.0,2.0,,4.0,2.0,5.0,2.0,3.0,4.0,2.0,2.0,3.0,2.0,4.0,4.0,1.0,2.0,2.0,2.0,2.0,5.0,5.0,5.0,5.0,4.0,3.0,4.0,3.0,3.0,4.0,3.0,2.0,2.0,4.0,1.0,4.0,5.0,2.0,1.0,1.0,1.0,2.0,1.0,,6.0,,3.0,1.0,2.0,5.0,2.0,1.00476,4.666666666666667,4.5,3.5,3.0,2.0
11853.0,3.0,5.0,1.0,26.0,1.0,4.0,4.0,4.0,3.0,4.0,4.0,4.0,4.0,4.0,1.0,1.0,2.0,3.0,4.0,5.0,,7.0,,,,,,13.0,,,,,2.0,1.0,,,3.0,,5.0,,,3.0,2.0,2.0,2.0,3.0,3.0,4.0,3.0,4.0,2.0,2.0,2.0,4.0,4.0,3.0,4.0,5.0,5.0,5.0,4.0,5.0,3.0,4.0,5.0,5.0,5.0,5.0,3.0,5.0,3.0,3.0,5.0,4.0,5.0,4.0,4.0,3.0,4.0,5.0,5.0,5.0,5.0,4.0,5.0,4.0,3.0,4.0,4.0,4.0,5.0,5.0,5.0,5.0,4.0,4.0,4.0,5.0,3.0,5.0,4.0,3.0,4.0,4.0,4.0,5.0,3.0,2.0,4.0,3.0,3.0,3.0,2.0,3.0,3.0,3.0,2.0,4.0,5.0,4.0,2.0,3.0,1.0,4.0,4.0,2.0,,3.0,4.0,4.0,1.0,3.0,3.0,4.0,5.0,3.0,3.0,4.0,3.0,2.0,2.0,2.0,1.0,2.0,4.0,4.0,4.0,4.0,3.0,4.0,3.0,2.0,2.0,2.0,2.0,4.0,3.0,2.0,1.0,3.0,5.0,5.0,1.0,1.0,2.0,2.0,1.0,,3.0,,3.0,1.0,2.0,2.0,2.0,0.98424,4.0,4.0,4.0,3.0,1.0
11899.0,2.0,6.0,1.0,43.0,3.0,5.0,5.0,4.0,3.0,4.0,4.0,3.0,3.0,4.0,1.0,1.0,2.0,3.0,4.0,,,,,,,,,,,,,,2.0,2.0,,,,,,,,4.0,3.0,3.0,4.0,3.0,4.0,4.0,3.0,4.0,3.0,4.0,3.0,4.0,5.0,4.0,5.0,4.0,5.0,4.0,3.0,4.0,3.0,4.0,3.0,4.0,5.0,4.0,4.0,3.0,4.0,5.0,5.0,4.0,3.0,4.0,4.0,3.0,4.0,3.0,4.0,4.0,5.0,4.0,3.0,4.0,4.0,4.0,4.0,5.0,4.0,4.0,3.0,4.0,3.0,4.0,3.0,3.0,4.0,5.0,4.0,5.0,3.0,4.0,3.0,4.0,5.0,5.0,4.0,4.0,3.0,4.0,4.0,5.0,4.0,3.0,4.0,4.0,6.0,4.0,3.0,4.0,1.0,4.0,3.0,1.0,,3.0,4.0,3.0,1.0,4.0,3.0,4.0,3.0,4.0,3.0,4.0,3.0,1.0,1.0,1.0,1.0,1.0,4.0,4.0,4.0,4.0,4.0,5.0,4.0,3.0,4.0,4.0,5.0,4.0,4.0,4.0,3.0,4.0,6.0,8.0,1.0,1.0,2.0,2.0,2.0,1.0,3.0,,3.0,2.0,1.0,2.0,2.0,0.846161,3.3333333333333335,4.0,3.5,4.0,1.0
11917.0,12.0,3.0,1.0,28.0,1.0,4.0,5.0,5.0,5.0,4.0,5.0,3.0,3.0,3.0,1.0,1.0,2.0,3.0,4.0,5.0,,,,,,,,,,,,,1.0,2.0,,,,,,,,4.0,4.0,4.0,3.0,4.0,4.0,3.0,3.0,4.0,4.0,3.0,3.0,4.0,4.0,4.0,5.0,3.0,3.0,3.0,3.0,3.0,3.0,3.0,4.0,4.0,4.0,3.0,5.0,5.0,3.0,4.0,3.0,3.0,3.0,3.0,3.0,3.0,3.0,4.0,4.0,4.0,3.0,5.0,5.0,3.0,4.0,3.0,3.0,3.0,3.0,3.0,3.0,3.0,4.0,4.0,4.0,3.0,5.0,5.0,3.0,4.0,4.0,3.0,4.0,4.0,4.0,2.0,4.0,2.0,4.0,4.0,4.0,5.0,3.0,4.0,4.0,4.0,6.0,4.0,3.0,4.0,1.0,2.0,2.0,4.0,,3.0,3.0,4.0,1.0,3.0,4.0,4.0,5.0,5.0,4.0,5.0,4.0,1.0,1.0,1.0,1.0,1.0,4.0,4.0,4.0,4.0,3.0,4.0,3.0,2.0,3.0,4.0,3.0,3.0,3.0,2.0,3.0,3.0,6.0,4.0,1.0,1.0,1.0,1.0,1.0,,2.0,,3.0,1.0,2.0,1.0,2.0,0.984842,3.0,4.5,2.0,3.0,1.0
11926.0,5.0,4.0,2.0,45.0,3.0,5.0,5.0,5.0,5.0,3.0,3.0,3.0,4.0,3.0,2.0,,,,,,,,,,,,,,,,,,2.0,1.0,1.0,,3.0,,5.0,,,1.0,3.0,3.0,2.0,3.0,3.0,3.0,2.0,4.0,3.0,2.0,3.0,3.0,3.0,3.0,4.0,4.0,4.0,4.0,4.0,4.0,4.0,4.0,4.0,4.0,4.0,4.0,4.0,4.0,4.0,4.0,4.0,4.0,4.0,4.0,4.0,3.0,3.0,4.0,4.0,4.0,4.0,3.0,4.0,3.0,4.0,4.0,4.0,4.0,4.0,4.0,3.0,3.0,4.0,4.0,4.0,4.0,3.0,4.0,3.0,4.0,4.0,4.0,4.0,5.0,4.0,4.0,4.0,3.0,3.0,3.0,3.0,4.0,5.0,4.0,4.0,4.0,7.0,2.0,3.0,3.0,1.0,5.0,5.0,2.0,,3.0,3.0,4.0,2.0,2.0,1.0,1.0,1.0,1.0,2.0,2.0,2.0,2.0,2.0,2.0,2.0,2.0,4.0,4.0,2.0,2.0,1.0,1.0,2.0,1.0,1.0,2.0,1.0,2.0,4.0,1.0,1.0,3.0,7.0,7.0,1.0,2.0,2.0,2.0,1.0,,4.0,,3.0,1.0,2.0,3.0,2.0,0.826771,3.3333333333333335,3.0,5.0,2.0,2.0
11933.0,9.0,2.0,2.0,20.0,1.0,4.0,5.0,3.0,2.0,4.0,3.0,4.0,3.0,3.0,2.0,,,,,,,,,,,,,,,,,,2.0,2.0,,,,,,,,2.0,4.0,4.0,3.0,4.0,3.0,3.0,2.0,3.0,3.0,2.0,2.0,5.0,3.0,3.0,4.0,4.0,4.0,4.0,3.0,4.0,2.0,4.0,4.0,4.0,4.0,2.0,2.0,4.0,1.0,3.0,2.0,3.0,3.0,2.0,3.0,2.0,3.0,2.0,3.0,3.0,2.0,2.0,3.0,1.0,1.0,2.0,3.0,4.0,2.0,3.0,2.0,3.0,4.0,4.0,4.0,3.0,2.0,3.0,1.0,2.0,3.0,4.0,4.0,2.0,3.0,2.0,3.0,3.0,3.0,2.0,3.0,3.0,4.0,3.0,3.0,4.0,7.0,4.0,1.0,3.0,1.0,2.0,3.0,1.0,,3.0,4.0,4.0,1.0,3.0,2.0,3.0,3.0,3.0,3.0,3.0,3.0,1.0,1.0,2.0,2.0,2.0,3.0,4.0,2.0,1.0,1.0,1.0,1.0,1.0,3.0,2.0,2.0,3.0,4.0,2.0,1.0,4.0,8.0,4.0,2.0,1.0,2.0,2.0,1.0,,6.0,,5.0,1.0,2.0,5.0,3.0,1.026542,3.3333333333333335,3.5,2.5,3.0,1.0
11982.0,1.0,1.0,2.0,28.0,1.0,5.0,5.0,2.0,3.0,1.0,1.0,1.0,1.0,1.0,2.0,,,,,,,,,,,,,,,,,,2.0,1.0,1.0,,3.0,4.0,5.0,,,1.0,5.0,5.0,5.0,5.0,5.0,5.0,5.0,5.0,5.0,5.0,3.0,5.0,3.0,3.0,5.0,1.0,1.0,1.0,1.0,1.0,1.0,1.0,1.0,1.0,1.0,1.0,1.0,3.0,1.0,1.0,1.0,1.0,1.0,1.0,1.0,1.0,1.0,1.0,1.0,1.0,1.0,1.0,3.0,1.0,1.0,1.0,1.0,1.0,1.0,1.0,1.0,1.0,1.0,1.0,1.0,1.0,1.0,4.0,1.0,1.0,1.0,4.0,5.0,5.0,3.0,1.0,3.0,4.0,3.0,5.0,2.0,4.0,3.0,2.0,4.0,4.0,4.0,5.0,4.0,3.0,1.0,5.0,5.0,2.0,,1.0,1.0,1.0,2.0,1.0,1.0,1.0,3.0,2.0,4.0,5.0,1.0,1.0,1.0,1.0,1.0,2.0,1.0,1.0,1.0,1.0,1.0,1.0,1.0,1.0,1.0,1.0,1.0,1.0,1.0,1.0,1.0,1.0,11.0,5.0,1.0,1.0,2.0,2.0,1.0,,2.0,,2.0,1.0,2.0,1.0,1.0,1.034762,1.0,1.0,5.0,1.0,2.0
11995.0,1.0,1.0,1.0,25.0,1.0,4.0,4.0,4.0,3.0,4.0,4.0,4.0,4.0,4.0,2.0,,,,,,,,,,,,,,,,,,1.0,2.0,,,,,,,,4.0,2.0,2.0,2.0,2.0,2.0,2.0,2.0,2.0,2.0,2.0,2.0,2.0,2.0,2.0,2.0,3.0,3.0,3.0,3.0,3.0,3.0,3.0,3.0,3.0,3.0,3.0,3.0,3.0,3.0,3.0,3.0,3.0,3.0,3.0,3.0,3.0,3.0,3.0,3.0,3.0,3.0,3.0,3.0,3.0,3.0,3.0,3.0,3.0,3.0,3.0,3.0,3.0,3.0,3.0,3.0,3.0,3.0,3.0,3.0,3.0,4.0,4.0,4.0,4.0,4.0,3.0,3.0,2.0,4.0,4.0,3.0,4.0,4.0,3.0,4.0,4.0,6.0,3.0,4.0,4.0,1.0,3.0,3.0,2.0,,4.0,4.0,4.0,1.0,4.0,3.0,3.0,4.0,4.0,4.0,4.0,4.0,1.0,1.0,1.0,1.0,1.0,4.0,4.0,4.0,4.0,4.0,4.0,4.0,4.0,4.0,4.0,4.0,4.0,4.0,4.0,4.0,4.0,6.0,6.0,1.0,1.0,1.0,1.0,1.0,,6.0,,3.0,1.0,2.0,5.0,2.0,1.112248,4.0,4.0,3.0,4.0,1.0
12029.0,1.0,1.0,1.0,20.0,1.0,5.0,5.0,5.0,5.0,5.0,5.0,4.0,4.0,4.0,2.0,,,,,,,,,,,,,,,,,,2.0,1.0,,,,4.0,5.0,,,4.0,4.0,3.0,2.0,3.0,2.0,4.0,1.0,3.0,4.0,3.0,1.0,4.0,4.0,3.0,4.0,4.0,4.0,4.0,4.0,4.0,2.0,4.0,4.0,4.0,4.0,5.0,4.0,5.0,1.0,1.0,4.0,4.0,4.0,4.0,4.0,4.0,4.0,4.0,4.0,4.0,5.0,3.0,3.0,1.0,2.0,5.0,5.0,5.0,5.0,5.0,5.0,5.0,5.0,5.0,5.0,5.0,5.0,5.0,3.0,5.0,4.0,4.0,4.0,4.0,3.0,2.0,4.0,2.0,5.0,5.0,5.0,5.0,4.0,3.0,3.0,3.0,8.0,3.0,2.0,2.0,1.0,4.0,2.0,1.0,,4.0,4.0,4.0,1.0,4.0,1.0,2.0,5.0,4.0,3.0,5.0,3.0,2.0,2.0,2.0,2.0,2.0,4.0,4.0,4.0,3.0,3.0,4.0,3.0,2.0,2.0,3.0,3.0,4.0,2.0,2.0,1.0,2.0,8.0,4.0,2.0,2.0,2.0,2.0,1.0,,6.0,,2.0,1.0,2.0,5.0,1.0,1.112248,4.0,5.0,3.0,4.0,1.0
12040.0,9.0,2.0,1.0,22.0,1.0,5.0,5.0,4.0,4.0,5.0,4.0,5.0,5.0,5.0,2.0,,,,,,,,,,,,,,,,,,2.0,1.0,,,,,5.0,9997.0,기타 온라인 서비스 계정 해킹,3.0,3.0,2.0,3.0,2.0,2.0,4.0,2.0,3.0,2.0,2.0,2.0,4.0,5.0,4.0,4.0,1.0,1.0,1.0,1.0,3.0,1.0,3.0,3.0,4.0,2.0,2.0,4.0,5.0,2.0,1.0,1.0,1.0,3.0,1.0,1.0,1.0,1.0,3.0,3.0,1.0,1.0,1.0,4.0,1.0,1.0,3.0,4.0,4.0,2.0,3.0,1.0,4.0,4.0,5.0,5.0,5.0,3.0,5.0,2.0,2.0,4.0,5.0,4.0,5.0,2.0,1.0,1.0,2.0,4.0,4.0,2.0,3.0,5.0,4.0,3.0,4.0,8.0,4.0,3.0,4.0,1.0,2.0,2.0,5.0,,4.0,2.0,3.0,1.0,4.0,1.0,4.0,5.0,3.0,4.0,5.0,4.0,2.0,1.0,2.0,1.0,1.0,4.0,2.0,4.0,2.0,3.0,1.0,2.0,1.0,1.0,4.0,5.0,5.0,3.0,3.0,1.0,3.0,11.0,4.0,1.0,2.0,1.0,2.0,1.0,,6.0,,2.0,1.0,2.0,5.0,1.0,1.051424,5.0,4.5,2.0,4.0,1.0
12046.0,4.0,2.0,1.0,46.0,3.0,5.0,5.0,4.0,3.0,4.0,3.0,1.0,1.0,1.0,2.0,,,,,,,,,,,,,,,,,,2.0,2.0,,,,,,,,2.0,3.0,2.0,3.0,3.0,4.0,4.0,2.0,3.0,3.0,2.0,2.0,5.0,4.0,4.0,5.0,2.0,2.0,2.0,2.0,2.0,2.0,2.0,2.0,2.0,2.0,2.0,4.0,4.0,2.0,2.0,2.0,2.0,2.0,1.0,1.0,2.0,2.0,2.0,2.0,2.0,4.0,4.0,4.0,2.0,3.0,1.0,1.0,1.0,1.0,1.0,1.0,1.0,1.0,1.0,1.0,4.0,4.0,4.0,3.0,4.0,3.0,4.0,3.0,3.0,4.0,2.0,3.0,3.0,3.0,2.0,2.0,2.0,3.0,4.0,2.0,4.0,7.0,4.0,2.0,2.0,1.0,4.0,4.0,2.0,,2.0,3.0,4.0,2.0,1.0,1.0,2.0,3.0,2.0,2.0,3.0,2.0,1.0,2.0,2.0,1.0,2.0,2.0,4.0,2.0,4.0,2.0,2.0,2.0,1.0,1.0,1.0,1.0,1.0,2.0,2.0,1.0,2.0,10.0,6.0,2.0,2.0,2.0,2.0,1.0,,4.0,,4.0,1.0,2.0,3.0,3.0,1.065336,1.0,3.5,4.0,1.0,2.0
12100.0,1.0,1.0,1.0,30.0,2.0,5.0,5.0,5.0,5.0,5.0,5.0,5.0,5.0,5.0,2.0,,,,,,,,,,,,,,,,,,2.0,2.0,,,,,,,,2.0,2.0,3.0,1.0,1.0,2.0,2.0,1.0,5.0,2.0,2.0,1.0,4.0,2.0,1.0,5.0,2.0,2.0,2.0,1.0,1.0,2.0,2.0,5.0,1.0,1.0,1.0,5.0,2.0,2.0,1.0,4.0,5.0,3.0,5.0,5.0,5.0,3.0,5.0,4.0,5.0,4.0,5.0,3.0,4.0,5.0,4.0,3.0,4.0,3.0,3.0,4.0,3.0,4.0,3.0,4.0,3.0,4.0,3.0,4.0,3.0,4.0,4.0,3.0,4.0,3.0,4.0,3.0,4.0,3.0,4.0,3.0,4.0,3.0,4.0,3.0,4.0,9.0,4.0,4.0,5.0,1.0,4.0,4.0,3.0,,4.0,3.0,4.0,1.0,4.0,1.0,1.0,5.0,1.0,1.0,1.0,1.0,1.0,1.0,1.0,1.0,1.0,4.0,5.0,4.0,3.0,4.0,5.0,4.0,5.0,4.0,5.0,4.0,5.0,4.0,5.0,4.0,4.0,10.0,9.0,1.0,2.0,1.0,2.0,1.0,,4.0,,4.0,1.0,2.0,3.0,3.0,1.080947,5.0,5.0,4.0,4.0,1.0
12117.0,16.0,6.0,1.0,57.0,4.0,5.0,5.0,1.0,1.0,1.0,1.0,1.0,1.0,1.0,1.0,1.0,2.0,3.0,4.0,5.0,,,,,10.0,11.0,,,,,,,2.0,1.0,1.0,,,,5.0,,,3.0,3.0,4.0,3.0,3.0,2.0,4.0,3.0,4.0,3.0,3.0,3.0,5.0,5.0,5.0,5.0,2.0,3.0,2.0,3.0,2.0,2.0,2.0,2.0,2.0,2.0,1.0,1.0,3.0,2.0,3.0,2.0,2.0,2.0,2.0,2.0,3.0,3.0,3.0,3.0,2.0,1.0,1.0,1.0,1.0,1.0,2.0,3.0,2.0,2.0,3.0,2.0,2.0,1.0,1.0,1.0,1.0,1.0,1.0,2.0,1.0,3.0,2.0,2.0,3.0,4.0,4.0,3.0,3.0,3.0,3.0,4.0,4.0,4.0,3.0,3.0,4.0,1.0,1.0,4.0,4.0,1.0,5.0,5.0,2.0,,1.0,1.0,1.0,2.0,1.0,1.0,2.0,2.0,2.0,1.0,1.0,1.0,2.0,2.0,2.0,2.0,2.0,1.0,2.0,1.0,2.0,1.0,1.0,2.0,1.0,2.0,1.0,1.0,2.0,2.0,1.0,2.0,1.0,11.0,11.0,2.0,2.0,2.0,2.0,2.0,1.0,4.0,,4.0,2.0,1.0,3.0,3.0,1.044509,1.0,1.0,5.0,1.0,2.0
12168.0,9.0,2.0,1.0,22.0,1.0,5.0,5.0,4.0,3.0,5.0,5.0,4.0,4.0,3.0,2.0,,,,,,,,,,,,,,,,,,2.0,2.0,,,,,,,,5.0,4.0,4.0,1.0,3.0,3.0,2.0,1.0,4.0,2.0,2.0,1.0,1.0,1.0,3.0,4.0,3.0,3.0,3.0,5.0,4.0,4.0,4.0,3.0,4.0,3.0,1.0,1.0,5.0,4.0,2.0,2.0,2.0,1.0,2.0,2.0,2.0,2.0,2.0,2.0,2.0,2.0,2.0,4.0,4.0,1.0,3.0,3.0,4.0,4.0,4.0,3.0,4.0,3.0,3.0,3.0,3.0,3.0,5.0,5.0,2.0,4.0,4.0,4.0,4.0,5.0,5.0,5.0,1.0,3.0,3.0,4.0,4.0,5.0,5.0,5.0,3.0,9.0,3.0,3.0,3.0,1.0,2.0,3.0,1.0,,3.0,2.0,3.0,1.0,5.0,4.0,4.0,5.0,4.0,3.0,4.0,3.0,2.0,2.0,2.0,1.0,2.0,4.0,4.0,4.0,3.0,3.0,3.0,3.0,1.0,1.0,3.0,1.0,3.0,5.0,4.0,1.0,4.0,6.0,4.0,2.0,2.0,2.0,2.0,1.0,,6.0,,3.0,1.0,2.0,5.0,2.0,1.051424,3.6666666666666665,5.0,2.5,5.0,1.0
12172.0,1.0,1.0,1.0,49.0,3.0,5.0,5.0,5.0,5.0,3.0,3.0,3.0,3.0,3.0,2.0,,,,,,,,,,,,,,,,,,2.0,1.0,,,,,5.0,,,2.0,5.0,5.0,4.0,5.0,5.0,5.0,4.0,5.0,5.0,5.0,5.0,5.0,5.0,5.0,5.0,5.0,5.0,5.0,5.0,5.0,5.0,5.0,5.0,5.0,5.0,5.0,5.0,5.0,5.0,5.0,2.0,2.0,2.0,2.0,2.0,2.0,2.0,2.0,2.0,2.0,2.0,2.0,4.0,2.0,1.0,4.0,4.0,3.0,4.0,4.0,4.0,3.0,4.0,3.0,3.0,4.0,3.0,3.0,4.0,3.0,4.0,4.0,4.0,2.0,1.0,1.0,3.0,4.0,3.0,3.0,3.0,3.0,3.0,3.0,4.0,3.0,6.0,3.0,3.0,4.0,1.0,3.0,3.0,2.0,,3.0,3.0,3.0,2.0,2.0,3.0,2.0,3.0,3.0,2.0,3.0,2.0,2.0,2.0,2.0,2.0,2.0,3.0,3.0,1.0,3.0,1.0,2.0,2.0,1.0,1.0,1.0,1.0,1.0,1.0,2.0,3.0,3.0,6.0,6.0,2.0,2.0,2.0,2.0,2.0,1.0,2.0,,3.0,2.0,1.0,1.0,2.0,1.074504,3.0,3.0,3.0,2.0,2.0
12209.0,9.0,2.0,2.0,58.0,4.0,5.0,5.0,3.0,3.0,4.0,3.0,4.0,4.0,4.0,2.0,,,,,,,,,,,,,,,,,,2.0,2.0,,,,,,,,2.0,4.0,4.0,5.0,4.0,4.0,4.0,3.0,5.0,4.0,3.0,3.0,3.0,4.0,3.0,5.0,4.0,4.0,4.0,4.0,3.0,4.0,3.0,4.0,5.0,5.0,5.0,4.0,5.0,3.0,4.0,4.0,4.0,5.0,5.0,5.0,5.0,3.0,4.0,4.0,5.0,5.0,4.0,5.0,4.0,4.0,4.0,4.0,5.0,4.0,4.0,4.0,3.0,5.0,5.0,5.0,5.0,4.0,5.0,4.0,4.0,3.0,3.0,4.0,4.0,4.0,3.0,4.0,4.0,3.0,4.0,2.0,3.0,4.0,4.0,4.0,4.0,10.0,2.0,3.0,4.0,1.0,4.0,4.0,4.0,,3.0,4.0,4.0,1.0,3.0,2.0,2.0,4.0,3.0,3.0,4.0,4.0,2.0,2.0,2.0,2.0,2.0,3.0,4.0,4.0,4.0,4.0,4.0,3.0,2.0,2.0,3.0,3.0,4.0,4.0,4.0,4.0,4.0,6.0,10.0,2.0,2.0,1.0,2.0,3.0,1.0,4.0,,4.0,3.0,1.0,3.0,3.0,1.05617,4.0,3.5,4.0,3.0,1.0
12218.0,3.0,5.0,1.0,47.0,3.0,4.0,5.0,4.0,4.0,4.0,4.0,4.0,4.0,4.0,2.0,,,,,,,,,,,,,,,,,,2.0,1.0,,,3.0,4.0,5.0,,,3.0,3.0,3.0,3.0,3.0,3.0,3.0,3.0,3.0,3.0,3.0,3.0,4.0,4.0,4.0,4.0,2.0,2.0,2.0,2.0,2.0,2.0,2.0,2.0,2.0,2.0,2.0,2.0,4.0,3.0,3.0,2.0,2.0,2.0,2.0,2.0,2.0,2.0,3.0,2.0,2.0,2.0,2.0,4.0,3.0,3.0,2.0,2.0,2.0,2.0,2.0,2.0,2.0,3.0,2.0,2.0,2.0,2.0,4.0,4.0,3.0,4.0,3.0,4.0,4.0,3.0,2.0,3.0,2.0,3.0,3.0,4.0,4.0,4.0,4.0,3.0,3.0,9.0,2.0,3.0,4.0,1.0,4.0,4.0,2.0,,3.0,4.0,3.0,2.0,3.0,1.0,2.0,4.0,3.0,2.0,4.0,2.0,1.0,1.0,1.0,2.0,2.0,4.0,4.0,3.0,4.0,3.0,4.0,3.0,2.0,3.0,2.0,2.0,3.0,2.0,2.0,3.0,3.0,9.0,4.0,1.0,1.0,2.0,1.0,2.0,1.0,4.0,,4.0,2.0,1.0,3.0,3.0,0.956937,4.0,4.0,4.0,3.0,2.0
12220.0,16.0,6.0,2.0,20.0,1.0,5.0,5.0,4.0,4.0,4.0,4.0,4.0,3.0,4.0,2.0,,,,,,,,,,,,,,,,,,1.0,2.0,,,,,,,,3.0,4.0,3.0,4.0,3.0,3.0,5.0,3.0,3.0,3.0,3.0,3.0,5.0,5.0,4.0,5.0,3.0,4.0,4.0,3.0,3.0,3.0,3.0,3.0,3.0,4.0,3.0,4.0,5.0,4.0,3.0,3.0,3.0,3.0,3.0,3.0,3.0,3.0,3.0,2.0,3.0,3.0,3.0,5.0,4.0,4.0,3.0,3.0,3.0,4.0,3.0,4.0,4.0,3.0,4.0,3.0,2.0,4.0,5.0,4.0,4.0,5.0,4.0,4.0,5.0,5.0,4.0,4.0,4.0,3.0,3.0,4.0,3.0,4.0,3.0,3.0,4.0,7.0,2.0,3.0,4.0,1.0,5.0,5.0,1.0,,3.0,2.0,3.0,2.0,3.0,3.0,3.0,3.0,3.0,3.0,3.0,3.0,1.0,2.0,2.0,2.0,2.0,4.0,4.0,4.0,4.0,3.0,4.0,3.0,3.0,2.0,2.0,2.0,3.0,3.0,1.0,1.0,2.0,7.0,9.0,1.0,2.0,2.0,2.0,1.0,,6.0,,4.0,1.0,2.0,5.0,3.0,1.101295,3.6666666666666665,4.0,5.0,3.0,2.0
12224.0,1.0,1.0,1.0,38.0,2.0,5.0,5.0,5.0,5.0,4.0,3.0,3.0,3.0,3.0,2.0,,,,,,,,,,,,,,,,,,2.0,2.0,,,,,,,,3.0,5.0,5.0,3.0,5.0,3.0,5.0,3.0,3.0,3.0,3.0,3.0,3.0,5.0,3.0,5.0,5.0,5.0,5.0,3.0,5.0,3.0,3.0,5.0,5.0,5.0,5.0,3.0,5.0,3.0,3.0,5.0,5.0,5.0,3.0,5.0,3.0,3.0,5.0,5.0,5.0,5.0,3.0,5.0,3.0,3.0,5.0,5.0,5.0,3.0,5.0,3.0,3.0,5.0,5.0,5.0,5.0,3.0,5.0,3.0,3.0,1.0,3.0,3.0,3.0,3.0,1.0,1.0,1.0,3.0,3.0,3.0,3.0,3.0,3.0,5.0,3.0,6.0,3.0,3.0,3.0,1.0,3.0,3.0,4.0,,3.0,3.0,5.0,1.0,3.0,3.0,4.0,4.0,4.0,3.0,4.0,4.0,2.0,2.0,2.0,1.0,2.0,3.0,3.0,3.0,3.0,3.0,3.0,3.0,1.0,1.0,1.0,3.0,1.0,3.0,1.0,3.0,4.0,6.0,6.0,2.0,2.0,2.0,2.0,1.0,,4.0,,5.0,1.0,2.0,3.0,3.0,1.080947,3.0,3.5,3.0,3.0,1.0
12243.0,3.0,5.0,1.0,23.0,1.0,4.0,5.0,4.0,3.0,4.0,4.0,3.0,4.0,3.0,2.0,,,,,,,,,,,,,,,,,,2.0,2.0,,,,,,,,4.0,4.0,4.0,2.0,2.0,1.0,4.0,1.0,4.0,3.0,1.0,2.0,4.0,5.0,5.0,4.0,3.0,3.0,4.0,2.0,2.0,4.0,2.0,4.0,2.0,2.0,2.0,5.0,5.0,5.0,3.0,4.0,4.0,3.0,2.0,2.0,4.0,2.0,4.0,3.0,4.0,2.0,5.0,5.0,5.0,3.0,3.0,4.0,2.0,2.0,2.0,4.0,2.0,4.0,3.0,3.0,3.0,4.0,5.0,4.0,2.0,5.0,4.0,4.0,5.0,5.0,4.0,5.0,3.0,3.0,3.0,2.0,3.0,4.0,4.0,5.0,5.0,2.0,3.0,2.0,4.0,1.0,2.0,2.0,5.0,,3.0,4.0,3.0,1.0,4.0,5.0,4.0,5.0,5.0,3.0,4.0,5.0,1.0,2.0,2.0,1.0,2.0,4.0,5.0,3.0,2.0,2.0,3.0,3.0,1.0,1.0,1.0,1.0,1.0,2.0,2.0,3.0,4.0,9.0,3.0,2.0,2.0,1.0,2.0,1.0,,4.0,,3.0,1.0,2.0,3.0,2.0,0.98424,3.3333333333333335,4.0,2.0,4.0,1.0
12358.0,9.0,2.0,2.0,31.0,2.0,4.0,5.0,4.0,3.0,3.0,3.0,4.0,3.0,3.0,2.0,,,,,,,,,,,,,,,,,,2.0,1.0,1.0,,,,5.0,,,3.0,3.0,3.0,3.0,3.0,3.0,4.0,3.0,5.0,3.0,3.0,3.0,3.0,5.0,3.0,5.0,3.0,3.0,3.0,3.0,3.0,3.0,3.0,3.0,3.0,3.0,3.0,3.0,4.0,2.0,2.0,3.0,3.0,3.0,3.0,3.0,3.0,3.0,3.0,3.0,3.0,3.0,3.0,2.0,1.0,1.0,4.0,4.0,4.0,4.0,4.0,3.0,4.0,4.0,4.0,4.0,4.0,3.0,3.0,3.0,2.0,4.0,4.0,4.0,4.0,3.0,2.0,3.0,2.0,4.0,3.0,3.0,3.0,3.0,3.0,2.0,3.0,6.0,4.0,2.0,2.0,1.0,2.0,2.0,4.0,,3.0,3.0,4.0,2.0,3.0,2.0,2.0,4.0,3.0,1.0,4.0,3.0,2.0,2.0,2.0,2.0,2.0,4.0,4.0,3.0,3.0,1.0,2.0,2.0,1.0,1.0,1.0,2.0,4.0,3.0,1.0,1.0,3.0,4.0,7.0,2.0,2.0,2.0,2.0,2.0,2.0,5.0,,4.0,2.0,2.0,4.0,3.0,1.051499,3.3333333333333335,3.0,2.0,3.0,2.0
12361.0,15.0,5.0,1.0,34.0,2.0,5.0,5.0,4.0,3.0,5.0,5.0,4.0,4.0,4.0,2.0,,,,,,,,,,,,,,,,,,2.0,2.0,,,,,,,,3.0,4.0,4.0,3.0,3.0,3.0,4.0,3.0,3.0,3.0,3.0,3.0,3.0,4.0,3.0,5.0,5.0,5.0,5.0,5.0,5.0,5.0,5.0,5.0,5.0,5.0,5.0,5.0,5.0,5.0,5.0,5.0,5.0,5.0,5.0,5.0,5.0,5.0,5.0,5.0,5.0,5.0,5.0,5.0,5.0,5.0,5.0,5.0,5.0,5.0,5.0,5.0,5.0,5.0,5.0,5.0,5.0,5.0,5.0,5.0,5.0,4.0,4.0,4.0,4.0,3.0,2.0,2.0,3.0,3.0,3.0,3.0,3.0,4.0,4.0,4.0,3.0,9.0,4.0,2.0,3.0,2.0,4.0,3.0,1.0,,3.0,3.0,5.0,1.0,3.0,1.0,2.0,3.0,3.0,3.0,3.0,3.0,2.0,2.0,2.0,2.0,2.0,4.0,4.0,4.0,4.0,4.0,4.0,4.0,4.0,4.0,4.0,4.0,4.0,4.0,4.0,2.0,4.0,6.0,1.0,2.0,2.0,2.0,2.0,1.0,,4.0,,3.0,1.0,2.0,3.0,2.0,0.96424,4.0,5.0,3.5,3.0,1.0
12408.0,1.0,1.0,1.0,32.0,2.0,4.0,4.0,5.0,4.0,4.0,4.0,4.0,4.0,2.0,2.0,,,,,,,,,,,,,,,,,,2.0,1.0,1.0,,3.0,,5.0,,,2.0,4.0,2.0,2.0,4.0,3.0,4.0,3.0,5.0,4.0,4.0,3.0,5.0,4.0,4.0,5.0,4.0,4.0,4.0,5.0,4.0,4.0,2.0,4.0,4.0,4.0,4.0,5.0,5.0,4.0,2.0,2.0,1.0,2.0,2.0,2.0,2.0,2.0,2.0,2.0,2.0,2.0,4.0,4.0,4.0,1.0,2.0,3.0,2.0,1.0,1.0,2.0,3.0,4.0,2.0,4.0,3.0,5.0,5.0,4.0,1.0,5.0,4.0,5.0,5.0,4.0,2.0,4.0,4.0,4.0,4.0,3.0,4.0,5.0,2.0,4.0,4.0,9.0,2.0,4.0,4.0,1.0,4.0,5.0,1.0,,4.0,4.0,5.0,2.0,2.0,1.0,2.0,2.0,1.0,2.0,3.0,2.0,2.0,1.0,2.0,1.0,2.0,4.0,4.0,1.0,1.0,1.0,4.0,3.0,1.0,1.0,1.0,1.0,4.0,5.0,2.0,4.0,4.0,11.0,7.0,1.0,2.0,2.0,2.0,1.0,,4.0,,3.0,1.0,2.0,3.0,2.0,1.080947,3.3333333333333335,4.0,4.5,2.0,2.0
12414.0,9.0,2.0,2.0,27.0,1.0,4.0,4.0,2.0,2.0,3.0,2.0,2.0,3.0,3.0,2.0,,,,,,,,,,,,,,,,,,1.0,1.0,,,,4.0,5.0,,,2.0,3.0,4.0,3.0,3.0,3.0,3.0,3.0,3.0,3.0,3.0,2.0,4.0,4.0,3.0,5.0,3.0,3.0,3.0,3.0,3.0,3.0,3.0,3.0,3.0,3.0,3.0,3.0,3.0,3.0,5.0,2.0,2.0,2.0,2.0,2.0,2.0,2.0,2.0,2.0,2.0,2.0,4.0,2.0,2.0,3.0,4.0,4.0,4.0,4.0,4.0,4.0,4.0,4.0,4.0,4.0,4.0,5.0,4.0,4.0,5.0,5.0,5.0,5.0,5.0,5.0,4.0,4.0,3.0,2.0,2.0,2.0,3.0,3.0,4.0,3.0,3.0,2.0,4.0,5.0,4.0,1.0,4.0,4.0,1.0,,2.0,2.0,4.0,2.0,2.0,1.0,2.0,2.0,2.0,2.0,3.0,2.0,1.0,2.0,1.0,1.0,1.0,4.0,4.0,3.0,4.0,2.0,2.0,2.0,2.0,2.0,1.0,2.0,3.0,1.0,1.0,1.0,2.0,5.0,8.0,1.0,2.0,2.0,1.0,3.0,1.0,4.0,,2.0,3.0,1.0,3.0,1.0,1.026542,2.6666666666666665,2.5,4.0,2.0,2.0
12415.0,1.0,1.0,1.0,37.0,2.0,5.0,5.0,4.0,4.0,5.0,4.0,5.0,4.0,5.0,2.0,,,,,,,,,,,,,,,,,,2.0,1.0,,,,4.0,5.0,,,4.0,4.0,4.0,3.0,3.0,3.0,4.0,2.0,5.0,3.0,1.0,1.0,4.0,3.0,2.0,5.0,4.0,4.0,5.0,5.0,5.0,5.0,5.0,5.0,5.0,5.0,5.0,4.0,4.0,4.0,5.0,4.0,5.0,5.0,4.0,5.0,4.0,5.0,5.0,5.0,4.0,5.0,5.0,5.0,5.0,5.0,5.0,5.0,5.0,5.0,5.0,5.0,5.0,5.0,5.0,5.0,5.0,5.0,5.0,5.0,5.0,4.0,4.0,5.0,5.0,5.0,5.0,5.0,2.0,4.0,4.0,5.0,5.0,5.0,5.0,5.0,5.0,1.0,4.0,4.0,4.0,1.0,4.0,4.0,4.0,,4.0,5.0,4.0,2.0,3.0,3.0,4.0,4.0,4.0,1.0,4.0,4.0,2.0,2.0,2.0,1.0,2.0,4.0,4.0,5.0,4.0,4.0,5.0,5.0,4.0,5.0,1.0,4.0,5.0,4.0,5.0,1.0,4.0,2.0,2.0,2.0,2.0,2.0,2.0,2.0,2.0,4.0,,3.0,2.0,2.0,3.0,2.0,1.080947,4.666666666666667,4.5,4.0,3.0,2.0
12423.0,1.0,1.0,2.0,31.0,2.0,4.0,3.0,3.0,3.0,3.0,3.0,3.0,3.0,3.0,1.0,1.0,,3.0,,5.0,,,,,,,,,,,,,2.0,2.0,,,,,,,,3.0,5.0,4.0,3.0,5.0,5.0,5.0,5.0,5.0,5.0,4.0,5.0,5.0,5.0,5.0,5.0,3.0,3.0,3.0,4.0,4.0,3.0,4.0,3.0,3.0,3.0,3.0,3.0,3.0,3.0,3.0,3.0,3.0,3.0,4.0,3.0,4.0,4.0,3.0,3.0,4.0,4.0,3.0,3.0,4.0,4.0,3.0,3.0,3.0,4.0,4.0,3.0,3.0,4.0,3.0,4.0,4.0,3.0,3.0,4.0,4.0,3.0,4.0,3.0,4.0,4.0,3.0,3.0,4.0,4.0,3.0,3.0,4.0,4.0,3.0,3.0,4.0,9.0,3.0,4.0,3.0,2.0,3.0,4.0,2.0,,4.0,3.0,4.0,2.0,4.0,4.0,3.0,3.0,4.0,4.0,3.0,3.0,1.0,2.0,1.0,2.0,2.0,4.0,3.0,4.0,3.0,3.0,4.0,4.0,3.0,4.0,4.0,3.0,3.0,4.0,4.0,3.0,4.0,9.0,8.0,2.0,1.0,1.0,2.0,1.0,,4.0,,3.0,1.0,2.0,3.0,2.0,1.036816,3.0,3.0,3.5,4.0,2.0
12424.0,4.0,2.0,2.0,34.0,2.0,4.0,4.0,4.0,4.0,4.0,4.0,4.0,4.0,4.0,2.0,,,,,,,,,,,,,,,,,,2.0,1.0,1.0,,,,,,,2.0,4.0,4.0,3.0,3.0,4.0,4.0,3.0,5.0,3.0,3.0,4.0,5.0,4.0,5.0,5.0,4.0,4.0,3.0,3.0,3.0,4.0,4.0,4.0,4.0,4.0,4.0,4.0,4.0,4.0,4.0,4.0,3.0,4.0,3.0,1.0,4.0,2.0,3.0,4.0,5.0,4.0,4.0,5.0,4.0,5.0,5.0,4.0,3.0,2.0,2.0,3.0,3.0,4.0,4.0,4.0,4.0,5.0,4.0,4.0,4.0,3.0,1.0,3.0,2.0,3.0,3.0,4.0,4.0,3.0,5.0,4.0,2.0,3.0,3.0,4.0,3.0,10.0,3.0,3.0,4.0,2.0,4.0,3.0,3.0,,4.0,1.0,3.0,2.0,3.0,3.0,1.0,2.0,3.0,4.0,4.0,3.0,1.0,1.0,2.0,2.0,2.0,3.0,1.0,2.0,4.0,3.0,3.0,3.0,3.0,4.0,4.0,3.0,3.0,5.0,4.0,3.0,2.0,10.0,7.0,2.0,1.0,1.0,2.0,1.0,,4.0,,3.0,1.0,2.0,3.0,2.0,1.051499,4.0,4.0,3.5,3.0,2.0
12432.0,4.0,2.0,1.0,36.0,2.0,4.0,4.0,4.0,4.0,4.0,4.0,4.0,3.0,3.0,2.0,,,,,,,,,,,,,,,,,,2.0,2.0,,,,,,,,3.0,2.0,3.0,2.0,2.0,2.0,4.0,2.0,3.0,3.0,3.0,1.0,4.0,4.0,3.0,5.0,2.0,4.0,4.0,2.0,4.0,3.0,4.0,4.0,4.0,4.0,4.0,2.0,4.0,4.0,3.0,3.0,4.0,4.0,2.0,4.0,4.0,4.0,4.0,4.0,4.0,4.0,3.0,4.0,4.0,2.0,5.0,5.0,5.0,5.0,5.0,5.0,5.0,5.0,5.0,5.0,5.0,5.0,5.0,5.0,5.0,4.0,4.0,4.0,4.0,4.0,2.0,4.0,2.0,4.0,4.0,4.0,4.0,4.0,4.0,4.0,3.0,4.0,4.0,3.0,4.0,1.0,3.0,2.0,4.0,,2.0,2.0,4.0,1.0,3.0,2.0,3.0,3.0,2.0,2.0,3.0,3.0,2.0,2.0,2.0,2.0,2.0,4.0,4.0,1.0,3.0,1.0,4.0,1.0,1.0,2.0,1.0,1.0,3.0,2.0,1.0,1.0,3.0,9.0,4.0,2.0,2.0,2.0,2.0,1.0,,3.0,,4.0,1.0,2.0,2.0,3.0,0.921551,3.3333333333333335,4.0,2.5,3.0,1.0
12449.0,1.0,1.0,1.0,25.0,1.0,4.0,5.0,5.0,4.0,5.0,5.0,5.0,5.0,5.0,2.0,,,,,,,,,,,,,,,,,,2.0,2.0,,,,,,,,3.0,4.0,4.0,3.0,1.0,3.0,3.0,1.0,4.0,5.0,3.0,2.0,4.0,3.0,2.0,5.0,5.0,5.0,5.0,4.0,3.0,3.0,5.0,5.0,5.0,5.0,5.0,2.0,4.0,1.0,1.0,5.0,5.0,5.0,3.0,3.0,3.0,5.0,5.0,5.0,5.0,4.0,3.0,5.0,1.0,1.0,5.0,5.0,5.0,5.0,5.0,5.0,5.0,5.0,5.0,5.0,5.0,5.0,5.0,5.0,5.0,3.0,4.0,5.0,5.0,2.0,1.0,4.0,4.0,4.0,5.0,2.0,5.0,4.0,4.0,4.0,3.0,11.0,4.0,3.0,3.0,1.0,4.0,4.0,1.0,,3.0,4.0,5.0,2.0,3.0,2.0,4.0,5.0,2.0,2.0,4.0,5.0,2.0,2.0,1.0,1.0,1.0,5.0,5.0,5.0,5.0,5.0,4.0,4.0,2.0,3.0,4.0,4.0,4.0,2.0,1.0,1.0,4.0,4.0,1.0,2.0,2.0,2.0,2.0,1.0,,7.0,,3.0,1.0,2.0,6.0,2.0,1.112248,5.0,5.0,4.0,3.0,2.0
12457.0,9.0,2.0,2.0,30.0,2.0,5.0,4.0,5.0,4.0,4.0,4.0,3.0,4.0,3.0,2.0,,,,,,,,,,,,,,,,,,2.0,2.0,,,,,,,,2.0,4.0,4.0,3.0,4.0,3.0,3.0,3.0,5.0,3.0,3.0,3.0,4.0,5.0,4.0,5.0,5.0,5.0,3.0,4.0,3.0,3.0,3.0,4.0,3.0,4.0,3.0,4.0,4.0,4.0,5.0,4.0,4.0,3.0,3.0,3.0,3.0,3.0,3.0,3.0,3.0,3.0,4.0,3.0,3.0,4.0,5.0,4.0,4.0,5.0,4.0,5.0,4.0,4.0,4.0,4.0,4.0,4.0,5.0,4.0,5.0,3.0,4.0,3.0,4.0,4.0,2.0,2.0,2.0,2.0,3.0,4.0,3.0,2.0,3.0,3.0,3.0,8.0,4.0,3.0,4.0,1.0,4.0,3.0,2.0,,3.0,3.0,3.0,2.0,3.0,3.0,4.0,3.0,4.0,3.0,3.0,4.0,1.0,2.0,2.0,2.0,2.0,4.0,4.0,3.0,4.0,2.0,3.0,2.0,1.0,1.0,1.0,1.0,1.0,1.0,1.0,1.0,3.0,4.0,5.0,2.0,2.0,2.0,2.0,1.0,,4.0,,2.0,1.0,2.0,3.0,1.0,1.051499,3.3333333333333335,4.0,3.5,3.0,2.0
12508.0,1.0,1.0,1.0,34.0,2.0,5.0,4.0,5.0,4.0,4.0,5.0,4.0,5.0,4.0,2.0,,,,,,,,,,,,,,,,,,1.0,1.0,,,3.0,4.0,,,,4.0,5.0,4.0,5.0,4.0,4.0,5.0,4.0,5.0,4.0,5.0,3.0,3.0,4.0,5.0,4.0,5.0,4.0,5.0,4.0,5.0,4.0,5.0,4.0,3.0,4.0,5.0,5.0,4.0,5.0,4.0,4.0,4.0,5.0,4.0,4.0,5.0,3.0,3.0,4.0,5.0,4.0,4.0,4.0,4.0,5.0,4.0,4.0,5.0,5.0,4.0,4.0,5.0,5.0,4.0,5.0,4.0,5.0,4.0,4.0,5.0,4.0,4.0,5.0,4.0,4.0,5.0,4.0,5.0,4.0,5.0,4.0,5.0,4.0,5.0,4.0,4.0,11.0,4.0,4.0,4.0,1.0,4.0,4.0,4.0,,5.0,4.0,4.0,1.0,4.0,1.0,2.0,5.0,2.0,4.0,4.0,4.0,1.0,1.0,1.0,2.0,2.0,4.0,5.0,4.0,5.0,4.0,4.0,5.0,4.0,5.0,4.0,5.0,5.0,4.0,5.0,4.0,4.0,11.0,9.0,2.0,1.0,2.0,2.0,1.0,,4.0,,3.0,1.0,2.0,3.0,2.0,1.080947,4.333333333333333,4.5,4.0,4.0,1.0
12516.0,4.0,2.0,1.0,34.0,2.0,4.0,4.0,4.0,4.0,4.0,4.0,4.0,3.0,4.0,2.0,,,,,,,,,,,,,,,,,,1.0,1.0,1.0,2.0,3.0,,,,,3.0,3.0,4.0,4.0,4.0,4.0,3.0,3.0,3.0,4.0,4.0,4.0,3.0,3.0,2.0,3.0,3.0,3.0,3.0,4.0,4.0,3.0,3.0,3.0,2.0,3.0,3.0,3.0,2.0,2.0,2.0,3.0,3.0,2.0,3.0,3.0,3.0,2.0,3.0,3.0,3.0,3.0,4.0,4.0,4.0,3.0,4.0,4.0,3.0,3.0,2.0,3.0,3.0,3.0,3.0,3.0,3.0,2.0,2.0,3.0,3.0,2.0,3.0,4.0,3.0,3.0,2.0,3.0,3.0,4.0,3.0,2.0,2.0,3.0,4.0,3.0,2.0,7.0,3.0,3.0,4.0,1.0,3.0,4.0,2.0,,3.0,4.0,3.0,1.0,3.0,3.0,3.0,4.0,4.0,3.0,3.0,4.0,1.0,1.0,1.0,1.0,1.0,3.0,4.0,4.0,3.0,3.0,3.0,4.0,4.0,3.0,3.0,4.0,4.0,4.0,4.0,3.0,4.0,8.0,8.0,1.0,1.0,1.0,1.0,1.0,,4.0,,3.0,1.0,2.0,3.0,2.0,0.921551,3.6666666666666665,4.0,3.5,3.0,1.0
12573.0,16.0,6.0,1.0,51.0,4.0,4.0,4.0,4.0,4.0,4.0,4.0,4.0,4.0,4.0,2.0,,,,,,,,,,,,,,,,,,2.0,2.0,,,,,,,,4.0,3.0,2.0,2.0,3.0,2.0,3.0,2.0,3.0,3.0,2.0,2.0,3.0,3.0,3.0,3.0,5.0,5.0,4.0,4.0,4.0,4.0,4.0,4.0,4.0,4.0,5.0,5.0,5.0,4.0,5.0,5.0,5.0,4.0,4.0,4.0,4.0,4.0,4.0,4.0,4.0,4.0,5.0,5.0,4.0,5.0,4.0,4.0,4.0,4.0,4.0,5.0,4.0,4.0,4.0,4.0,4.0,4.0,5.0,4.0,4.0,4.0,4.0,3.0,4.0,3.0,2.0,3.0,3.0,3.0,3.0,3.0,3.0,3.0,3.0,3.0,3.0,8.0,3.0,3.0,3.0,1.0,2.0,2.0,3.0,,3.0,3.0,3.0,1.0,4.0,2.0,3.0,4.0,4.0,4.0,3.0,4.0,2.0,1.0,2.0,2.0,2.0,4.0,4.0,4.0,4.0,3.0,4.0,4.0,3.0,3.0,3.0,3.0,3.0,3.0,3.0,3.0,3.0,7.0,7.0,1.0,2.0,1.0,1.0,2.0,1.0,4.0,,3.0,2.0,1.0,3.0,2.0,1.044509,4.0,4.0,2.0,4.0,1.0
12580.0,17.0,4.0,2.0,27.0,1.0,4.0,5.0,3.0,3.0,3.0,3.0,3.0,4.0,4.0,2.0,,,,,,,,,,,,,,,,,,2.0,2.0,,,,,,,,3.0,4.0,4.0,3.0,3.0,4.0,4.0,4.0,4.0,4.0,4.0,3.0,3.0,3.0,4.0,3.0,2.0,3.0,4.0,2.0,3.0,3.0,3.0,4.0,4.0,3.0,3.0,3.0,3.0,3.0,2.0,2.0,2.0,1.0,2.0,2.0,2.0,2.0,2.0,2.0,2.0,2.0,2.0,3.0,3.0,2.0,3.0,3.0,3.0,3.0,3.0,3.0,3.0,3.0,3.0,3.0,3.0,3.0,4.0,4.0,3.0,2.0,4.0,3.0,4.0,4.0,2.0,3.0,4.0,3.0,3.0,3.0,3.0,5.0,4.0,4.0,4.0,6.0,4.0,2.0,3.0,1.0,3.0,3.0,3.0,,3.0,3.0,3.0,1.0,3.0,2.0,3.0,3.0,3.0,3.0,3.0,3.0,1.0,2.0,2.0,1.0,2.0,4.0,4.0,2.0,4.0,2.0,4.0,2.0,2.0,2.0,1.0,2.0,3.0,2.0,1.0,3.0,3.0,9.0,6.0,2.0,2.0,2.0,2.0,1.0,,3.0,,4.0,1.0,2.0,2.0,3.0,1.080984,3.6666666666666665,3.0,3.0,3.0,1.0
12614.0,6.0,3.0,1.0,50.0,4.0,4.0,4.0,4.0,3.0,4.0,4.0,5.0,4.0,4.0,2.0,,,,,,,,,,,,,,,,,,2.0,2.0,,,,,,,,4.0,3.0,2.0,2.0,2.0,2.0,2.0,3.0,3.0,2.0,3.0,2.0,3.0,3.0,3.0,3.0,3.0,3.0,3.0,3.0,3.0,3.0,3.0,3.0,3.0,3.0,3.0,3.0,5.0,3.0,3.0,3.0,2.0,2.0,2.0,2.0,3.0,3.0,3.0,3.0,3.0,3.0,3.0,4.0,2.0,3.0,2.0,3.0,3.0,2.0,3.0,2.0,3.0,4.0,4.0,4.0,3.0,3.0,5.0,3.0,2.0,4.0,3.0,2.0,3.0,3.0,2.0,3.0,3.0,3.0,3.0,4.0,3.0,3.0,3.0,3.0,4.0,8.0,2.0,3.0,3.0,1.0,3.0,3.0,2.0,,4.0,4.0,5.0,2.0,4.0,3.0,3.0,5.0,3.0,3.0,3.0,3.0,1.0,2.0,2.0,2.0,2.0,4.0,4.0,4.0,4.0,4.0,4.0,4.0,3.0,3.0,3.0,3.0,3.0,3.0,3.0,3.0,4.0,3.0,3.0,1.0,1.0,2.0,2.0,2.0,1.0,4.0,,4.0,2.0,1.0,3.0,3.0,0.875187,4.333333333333333,4.0,3.0,4.0,2.0
12680.0,1.0,1.0,1.0,52.0,4.0,5.0,5.0,4.0,3.0,5.0,4.0,3.0,4.0,2.0,2.0,,,,,,,,,,,,,,,,,,2.0,2.0,,,,,,,,3.0,4.0,4.0,4.0,4.0,2.0,5.0,3.0,4.0,3.0,2.0,3.0,4.0,5.0,4.0,5.0,4.0,5.0,5.0,5.0,3.0,2.0,3.0,4.0,5.0,5.0,4.0,5.0,4.0,3.0,5.0,4.0,4.0,5.0,4.0,3.0,4.0,5.0,5.0,4.0,5.0,4.0,4.0,4.0,4.0,4.0,4.0,5.0,5.0,5.0,2.0,3.0,4.0,4.0,4.0,4.0,5.0,5.0,5.0,5.0,5.0,4.0,4.0,3.0,4.0,3.0,2.0,4.0,4.0,4.0,4.0,4.0,4.0,4.0,4.0,4.0,3.0,2.0,2.0,3.0,5.0,1.0,4.0,4.0,2.0,,3.0,3.0,3.0,2.0,4.0,2.0,2.0,4.0,3.0,5.0,4.0,3.0,1.0,1.0,1.0,1.0,2.0,4.0,4.0,4.0,3.0,3.0,4.0,5.0,4.0,5.0,4.0,4.0,4.0,4.0,3.0,3.0,4.0,11.0,7.0,2.0,2.0,2.0,1.0,2.0,1.0,4.0,,4.0,2.0,1.0,3.0,3.0,1.101675,3.0,4.5,4.0,4.0,2.0
12685.0,10.0,3.0,2.0,21.0,1.0,5.0,5.0,5.0,5.0,4.0,4.0,3.0,3.0,3.0,2.0,,,,,,,,,,,,,,,,,,2.0,2.0,,,,,,,,2.0,4.0,4.0,3.0,4.0,4.0,4.0,5.0,5.0,4.0,1.0,4.0,4.0,5.0,4.0,5.0,4.0,4.0,4.0,4.0,4.0,4.0,4.0,4.0,4.0,4.0,4.0,4.0,4.0,4.0,4.0,5.0,5.0,5.0,4.0,5.0,5.0,5.0,5.0,5.0,5.0,5.0,5.0,4.0,5.0,5.0,5.0,5.0,5.0,5.0,5.0,5.0,5.0,5.0,5.0,5.0,5.0,5.0,5.0,5.0,5.0,5.0,4.0,5.0,5.0,5.0,5.0,5.0,5.0,3.0,3.0,5.0,5.0,5.0,5.0,4.0,4.0,1.0,3.0,3.0,3.0,1.0,1.0,1.0,3.0,,3.0,3.0,5.0,1.0,3.0,3.0,4.0,4.0,4.0,3.0,5.0,4.0,2.0,2.0,2.0,2.0,2.0,4.0,4.0,5.0,5.0,5.0,5.0,5.0,5.0,5.0,5.0,4.0,5.0,5.0,5.0,4.0,3.0,1.0,1.0,1.0,1.0,1.0,1.0,1.0,,6.0,,4.0,1.0,2.0,5.0,3.0,0.987061,3.0,4.0,1.0,3.0,1.0
12699.0,16.0,6.0,2.0,54.0,4.0,5.0,5.0,5.0,5.0,5.0,5.0,5.0,5.0,5.0,2.0,,,,,,,,,,,,,,,,,,1.0,2.0,,,,,,,,4.0,5.0,5.0,4.0,4.0,5.0,5.0,4.0,5.0,4.0,4.0,4.0,5.0,5.0,4.0,5.0,5.0,5.0,4.0,5.0,5.0,5.0,4.0,5.0,4.0,4.0,4.0,5.0,5.0,4.0,5.0,5.0,5.0,4.0,5.0,5.0,5.0,4.0,5.0,4.0,4.0,4.0,5.0,5.0,4.0,5.0,5.0,5.0,4.0,5.0,5.0,5.0,4.0,5.0,4.0,4.0,4.0,5.0,5.0,4.0,5.0,5.0,4.0,2.0,5.0,4.0,2.0,5.0,2.0,5.0,5.0,4.0,5.0,5.0,5.0,5.0,5.0,10.0,4.0,5.0,5.0,1.0,5.0,4.0,2.0,,4.0,5.0,5.0,1.0,5.0,4.0,4.0,4.0,4.0,2.0,3.0,4.0,1.0,1.0,1.0,1.0,1.0,4.0,5.0,2.0,2.0,2.0,4.0,1.0,1.0,2.0,1.0,1.0,1.0,2.0,1.0,3.0,5.0,10.0,11.0,1.0,1.0,1.0,1.0,2.0,1.0,4.0,,2.0,2.0,1.0,3.0,1.0,1.142237,5.0,5.0,4.5,5.0,1.0
12700.0,16.0,6.0,1.0,27.0,1.0,5.0,5.0,5.0,5.0,5.0,5.0,5.0,5.0,5.0,2.0,,,,,,,,,,,,,,,,,,1.0,2.0,,,,,,,,4.0,5.0,5.0,4.0,4.0,4.0,5.0,4.0,5.0,5.0,4.0,4.0,5.0,5.0,5.0,5.0,5.0,5.0,5.0,4.0,5.0,5.0,4.0,5.0,5.0,4.0,4.0,5.0,5.0,5.0,5.0,5.0,5.0,5.0,5.0,5.0,5.0,4.0,5.0,5.0,4.0,4.0,5.0,5.0,5.0,5.0,5.0,5.0,5.0,5.0,5.0,5.0,4.0,5.0,5.0,4.0,4.0,5.0,5.0,5.0,5.0,5.0,4.0,2.0,5.0,4.0,3.0,5.0,2.0,5.0,5.0,4.0,5.0,5.0,5.0,5.0,5.0,11.0,4.0,5.0,4.0,1.0,5.0,4.0,2.0,,4.0,4.0,5.0,1.0,4.0,4.0,3.0,4.0,4.0,2.0,3.0,4.0,1.0,1.0,1.0,1.0,1.0,4.0,5.0,3.0,3.0,3.0,4.0,2.0,1.0,2.0,1.0,1.0,1.0,2.0,1.0,3.0,4.0,11.0,10.0,1.0,1.0,1.0,1.0,1.0,,4.0,,2.0,1.0,2.0,3.0,1.0,1.00476,5.0,5.0,4.5,4.0,1.0
12720.0,3.0,5.0,2.0,30.0,2.0,4.0,4.0,3.0,3.0,3.0,3.0,3.0,3.0,3.0,2.0,,,,,,,,,,,,,,,,,,2.0,2.0,,,,,,,,3.0,3.0,3.0,4.0,3.0,3.0,3.0,3.0,5.0,3.0,3.0,3.0,3.0,3.0,3.0,4.0,2.0,2.0,2.0,2.0,2.0,2.0,2.0,2.0,2.0,2.0,3.0,2.0,3.0,3.0,2.0,1.0,1.0,1.0,1.0,1.0,1.0,1.0,1.0,1.0,1.0,1.0,1.0,1.0,1.0,1.0,3.0,3.0,3.0,3.0,3.0,3.0,3.0,3.0,3.0,3.0,3.0,3.0,3.0,3.0,3.0,4.0,3.0,4.0,4.0,3.0,2.0,2.0,2.0,3.0,3.0,2.0,3.0,3.0,3.0,2.0,3.0,5.0,4.0,3.0,3.0,1.0,4.0,3.0,2.0,,3.0,3.0,3.0,2.0,2.0,2.0,3.0,3.0,2.0,3.0,3.0,3.0,2.0,2.0,2.0,2.0,2.0,4.0,4.0,2.0,4.0,2.0,2.0,1.0,2.0,2.0,2.0,2.0,3.0,2.0,2.0,1.0,2.0,8.0,8.0,1.0,2.0,1.0,2.0,1.0,,2.0,,2.0,1.0,2.0,1.0,1.0,1.024093,3.0,3.0,3.5,2.0,2.0
12725.0,10.0,3.0,2.0,36.0,2.0,4.0,5.0,3.0,2.0,3.0,3.0,3.0,3.0,3.0,2.0,,,,,,,,,,,,,,,,,,2.0,1.0,1.0,,3.0,,5.0,,,2.0,4.0,4.0,3.0,3.0,3.0,4.0,3.0,4.0,4.0,3.0,3.0,5.0,4.0,4.0,5.0,4.0,4.0,4.0,4.0,4.0,3.0,4.0,4.0,4.0,4.0,4.0,3.0,4.0,4.0,2.0,4.0,4.0,4.0,4.0,4.0,3.0,4.0,4.0,4.0,4.0,4.0,3.0,4.0,4.0,2.0,4.0,4.0,4.0,4.0,4.0,4.0,4.0,4.0,4.0,4.0,4.0,3.0,4.0,4.0,2.0,4.0,3.0,4.0,4.0,2.0,2.0,3.0,2.0,4.0,3.0,3.0,3.0,3.0,4.0,3.0,3.0,6.0,5.0,2.0,4.0,1.0,5.0,4.0,3.0,,3.0,2.0,3.0,2.0,3.0,2.0,3.0,3.0,3.0,3.0,3.0,3.0,2.0,2.0,2.0,2.0,2.0,4.0,4.0,4.0,4.0,4.0,2.0,2.0,1.0,1.0,3.0,3.0,4.0,3.0,3.0,1.0,3.0,6.0,5.0,1.0,2.0,1.0,2.0,1.0,,7.0,,4.0,1.0,2.0,6.0,3.0,0.900154,3.0,3.0,4.5,3.0,2.0
12743.0,11.0,3.0,1.0,29.0,1.0,3.0,2.0,4.0,3.0,3.0,3.0,3.0,2.0,4.0,2.0,,,,,,,,,,,,,,,,,,1.0,2.0,,,,,,,,2.0,3.0,2.0,2.0,2.0,2.0,4.0,4.0,2.0,2.0,3.0,4.0,3.0,3.0,3.0,3.0,3.0,3.0,3.0,3.0,3.0,4.0,2.0,1.0,2.0,3.0,4.0,4.0,4.0,4.0,3.0,3.0,2.0,3.0,3.0,3.0,4.0,3.0,2.0,3.0,4.0,4.0,4.0,4.0,3.0,3.0,3.0,3.0,3.0,2.0,2.0,2.0,2.0,2.0,1.0,2.0,3.0,3.0,3.0,3.0,3.0,1.0,2.0,4.0,4.0,4.0,4.0,4.0,3.0,3.0,3.0,3.0,3.0,2.0,4.0,4.0,3.0,8.0,3.0,2.0,4.0,2.0,2.0,3.0,3.0,,1.0,3.0,3.0,2.0,3.0,1.0,3.0,4.0,3.0,3.0,3.0,2.0,1.0,2.0,2.0,2.0,1.0,2.0,3.0,4.0,3.0,3.0,3.0,3.0,3.0,3.0,2.0,1.0,3.0,3.0,3.0,1.0,3.0,8.0,5.0,1.0,2.0,2.0,2.0,1.0,,2.0,,4.0,1.0,2.0,1.0,3.0,0.984842,3.0,3.0,2.5,3.0,2.0
12798.0,9.0,2.0,2.0,49.0,3.0,4.0,4.0,4.0,4.0,3.0,3.0,3.0,3.0,3.0,2.0,,,,,,,,,,,,,,,,,,2.0,2.0,,,,,,,,2.0,3.0,4.0,3.0,4.0,3.0,4.0,3.0,4.0,4.0,4.0,4.0,4.0,3.0,3.0,4.0,3.0,3.0,3.0,3.0,3.0,3.0,3.0,3.0,3.0,3.0,3.0,3.0,4.0,3.0,3.0,3.0,3.0,3.0,3.0,3.0,3.0,3.0,3.0,3.0,3.0,3.0,3.0,3.0,3.0,3.0,4.0,4.0,4.0,4.0,4.0,4.0,4.0,4.0,4.0,4.0,4.0,4.0,4.0,4.0,4.0,4.0,2.0,2.0,4.0,3.0,2.0,3.0,3.0,3.0,4.0,4.0,4.0,3.0,3.0,3.0,4.0,6.0,4.0,2.0,4.0,1.0,5.0,4.0,2.0,,3.0,3.0,3.0,2.0,3.0,2.0,2.0,3.0,3.0,3.0,3.0,3.0,2.0,2.0,2.0,2.0,2.0,3.0,3.0,3.0,3.0,3.0,3.0,3.0,3.0,3.0,3.0,3.0,3.0,3.0,3.0,3.0,3.0,6.0,6.0,2.0,2.0,2.0,2.0,2.0,1.0,5.0,,3.0,2.0,1.0,4.0,2.0,0.965456,3.0,3.0,4.5,3.0,2.0
12801.0,9.0,2.0,2.0,56.0,4.0,4.0,4.0,4.0,4.0,4.0,4.0,4.0,4.0,4.0,2.0,,,,,,,,,,,,,,,,,,2.0,2.0,,,,,,,,3.0,4.0,4.0,4.0,4.0,3.0,4.0,5.0,4.0,3.0,3.0,3.0,3.0,3.0,3.0,3.0,3.0,5.0,5.0,5.0,4.0,5.0,5.0,5.0,4.0,5.0,5.0,4.0,5.0,3.0,5.0,4.0,4.0,4.0,4.0,3.0,4.0,4.0,4.0,4.0,3.0,4.0,3.0,4.0,4.0,2.0,4.0,4.0,4.0,3.0,3.0,4.0,4.0,4.0,3.0,4.0,4.0,3.0,4.0,4.0,2.0,4.0,4.0,4.0,4.0,4.0,3.0,4.0,4.0,3.0,4.0,4.0,4.0,5.0,4.0,4.0,4.0,6.0,3.0,3.0,2.0,1.0,4.0,4.0,3.0,,3.0,3.0,4.0,1.0,4.0,4.0,4.0,3.0,3.0,3.0,2.0,3.0,1.0,2.0,2.0,1.0,2.0,4.0,4.0,4.0,4.0,4.0,4.0,4.0,3.0,3.0,3.0,3.0,4.0,4.0,3.0,3.0,4.0,6.0,2.0,1.0,1.0,1.0,1.0,2.0,1.0,2.0,,4.0,2.0,1.0,1.0,3.0,1.05617,4.0,4.0,4.0,4.0,1.0
12811.0,8.0,3.0,1.0,48.0,3.0,5.0,5.0,5.0,5.0,4.0,3.0,4.0,4.0,2.0,1.0,1.0,2.0,3.0,4.0,5.0,6.0,,,,,,,13.0,14.0,15.0,,,2.0,1.0,,,,4.0,,,,3.0,4.0,4.0,3.0,3.0,3.0,4.0,3.0,4.0,3.0,4.0,3.0,4.0,5.0,5.0,5.0,4.0,4.0,4.0,4.0,4.0,4.0,4.0,4.0,4.0,4.0,4.0,4.0,4.0,3.0,4.0,4.0,4.0,4.0,4.0,4.0,4.0,4.0,4.0,4.0,4.0,4.0,4.0,4.0,4.0,4.0,4.0,4.0,4.0,4.0,4.0,4.0,4.0,4.0,4.0,4.0,4.0,4.0,4.0,4.0,4.0,4.0,4.0,4.0,4.0,4.0,3.0,4.0,4.0,3.0,3.0,2.0,4.0,4.0,4.0,4.0,4.0,7.0,4.0,4.0,4.0,1.0,5.0,4.0,5.0,,4.0,3.0,4.0,2.0,4.0,3.0,3.0,3.0,4.0,2.0,3.0,3.0,1.0,2.0,2.0,1.0,1.0,3.0,3.0,3.0,2.0,2.0,3.0,2.0,1.0,1.0,1.0,1.0,1.0,3.0,1.0,1.0,4.0,10.0,3.0,1.0,2.0,1.0,2.0,2.0,1.0,4.0,,4.0,2.0,1.0,3.0,3.0,0.776027,3.3333333333333335,3.5,4.5,4.0,2.0
12813.0,1.0,1.0,2.0,33.0,2.0,5.0,5.0,4.0,3.0,4.0,3.0,4.0,3.0,4.0,1.0,1.0,2.0,,,,,,,,,,,,,,,,2.0,1.0,1.0,,,,5.0,,,2.0,3.0,3.0,3.0,4.0,3.0,4.0,3.0,4.0,3.0,5.0,3.0,3.0,5.0,4.0,3.0,4.0,4.0,4.0,3.0,3.0,4.0,3.0,4.0,3.0,3.0,4.0,4.0,3.0,4.0,3.0,4.0,4.0,3.0,3.0,3.0,4.0,3.0,4.0,3.0,4.0,3.0,3.0,4.0,3.0,4.0,3.0,4.0,3.0,3.0,4.0,4.0,3.0,4.0,4.0,3.0,4.0,4.0,4.0,4.0,4.0,3.0,3.0,4.0,3.0,3.0,4.0,3.0,4.0,3.0,4.0,3.0,3.0,4.0,4.0,3.0,4.0,6.0,3.0,4.0,3.0,1.0,5.0,5.0,3.0,,2.0,4.0,2.0,2.0,3.0,2.0,2.0,3.0,2.0,3.0,2.0,3.0,2.0,2.0,1.0,2.0,1.0,3.0,1.0,1.0,1.0,1.0,3.0,1.0,1.0,1.0,1.0,1.0,1.0,1.0,1.0,2.0,1.0,6.0,7.0,2.0,1.0,2.0,1.0,1.0,,4.0,,4.0,1.0,2.0,3.0,3.0,1.036816,3.6666666666666665,3.5,5.0,3.0,2.0
12824.0,1.0,1.0,1.0,43.0,3.0,4.0,4.0,5.0,4.0,3.0,4.0,4.0,5.0,4.0,1.0,,,3.0,4.0,,,,,,,,,,,,,,1.0,1.0,,,3.0,4.0,,,,3.0,3.0,2.0,3.0,4.0,4.0,4.0,3.0,3.0,4.0,4.0,3.0,4.0,4.0,4.0,4.0,4.0,3.0,4.0,4.0,4.0,3.0,4.0,4.0,4.0,4.0,4.0,3.0,3.0,3.0,4.0,3.0,4.0,4.0,3.0,4.0,4.0,3.0,4.0,3.0,4.0,3.0,4.0,4.0,3.0,4.0,4.0,3.0,4.0,3.0,3.0,4.0,3.0,4.0,3.0,4.0,4.0,3.0,4.0,3.0,4.0,3.0,4.0,3.0,4.0,3.0,3.0,4.0,4.0,4.0,4.0,3.0,4.0,4.0,4.0,4.0,4.0,9.0,3.0,4.0,4.0,1.0,2.0,4.0,3.0,,4.0,4.0,3.0,1.0,3.0,4.0,3.0,4.0,4.0,3.0,4.0,4.0,1.0,1.0,1.0,1.0,1.0,3.0,4.0,4.0,3.0,4.0,4.0,3.0,4.0,4.0,3.0,3.0,4.0,4.0,4.0,4.0,4.0,10.0,9.0,1.0,1.0,1.0,1.0,2.0,1.0,4.0,,3.0,2.0,1.0,3.0,2.0,1.074504,4.333333333333333,3.5,3.0,3.0,1.0
12826.0,1.0,1.0,2.0,28.0,1.0,5.0,5.0,3.0,4.0,2.0,2.0,3.0,3.0,3.0,2.0,,,,,,,,,,,,,,,,,,2.0,1.0,1.0,,3.0,,5.0,,,2.0,4.0,4.0,3.0,3.0,3.0,4.0,2.0,4.0,3.0,3.0,2.0,4.0,4.0,4.0,5.0,2.0,2.0,2.0,2.0,2.0,2.0,2.0,2.0,2.0,2.0,2.0,2.0,2.0,2.0,2.0,2.0,2.0,2.0,2.0,2.0,2.0,2.0,3.0,2.0,3.0,2.0,2.0,3.0,2.0,2.0,2.0,3.0,3.0,2.0,2.0,2.0,2.0,4.0,3.0,3.0,2.0,2.0,3.0,2.0,2.0,4.0,3.0,4.0,4.0,2.0,1.0,2.0,1.0,4.0,4.0,4.0,4.0,3.0,3.0,3.0,4.0,9.0,2.0,1.0,3.0,1.0,4.0,4.0,3.0,,4.0,3.0,5.0,2.0,2.0,3.0,3.0,3.0,2.0,3.0,4.0,3.0,1.0,2.0,1.0,1.0,1.0,4.0,2.0,3.0,3.0,2.0,3.0,1.0,1.0,1.0,2.0,1.0,3.0,3.0,3.0,1.0,3.0,9.0,4.0,1.0,2.0,1.0,1.0,1.0,,4.0,,3.0,1.0,2.0,3.0,2.0,1.034762,3.0,2.0,4.0,2.0,2.0
12836.0,5.0,4.0,2.0,50.0,4.0,4.0,4.0,3.0,5.0,4.0,3.0,3.0,4.0,4.0,1.0,1.0,,,,5.0,,,,,,,,,,,,,2.0,2.0,,,,,,,,4.0,3.0,3.0,2.0,3.0,2.0,4.0,1.0,4.0,3.0,2.0,3.0,3.0,2.0,3.0,4.0,2.0,3.0,2.0,2.0,3.0,3.0,2.0,4.0,3.0,2.0,2.0,2.0,3.0,3.0,4.0,3.0,2.0,1.0,2.0,3.0,4.0,2.0,4.0,3.0,2.0,2.0,2.0,3.0,2.0,2.0,1.0,2.0,2.0,3.0,2.0,2.0,3.0,3.0,2.0,1.0,3.0,2.0,1.0,2.0,1.0,4.0,4.0,5.0,4.0,3.0,2.0,4.0,4.0,2.0,3.0,2.0,2.0,3.0,4.0,2.0,1.0,6.0,3.0,4.0,4.0,1.0,3.0,2.0,3.0,,4.0,4.0,5.0,1.0,4.0,4.0,3.0,4.0,2.0,1.0,4.0,2.0,2.0,2.0,1.0,1.0,2.0,4.0,3.0,4.0,2.0,3.0,2.0,1.0,1.0,1.0,1.0,2.0,1.0,4.0,2.0,4.0,3.0,5.0,7.0,2.0,2.0,1.0,2.0,1.0,,4.0,,3.0,1.0,2.0,3.0,2.0,1.055948,3.6666666666666665,3.5,2.5,4.0,1.0
12839.0,9.0,2.0,1.0,44.0,3.0,4.0,4.0,5.0,4.0,3.0,4.0,4.0,4.0,4.0,1.0,1.0,2.0,,,,,,,,,,,,,,,,2.0,1.0,,,,4.0,5.0,,,2.0,3.0,3.0,4.0,3.0,3.0,4.0,3.0,5.0,3.0,2.0,2.0,3.0,4.0,3.0,5.0,4.0,4.0,5.0,4.0,5.0,4.0,3.0,5.0,5.0,3.0,3.0,4.0,5.0,2.0,4.0,3.0,3.0,4.0,4.0,4.0,5.0,3.0,4.0,3.0,4.0,3.0,3.0,5.0,3.0,4.0,4.0,4.0,4.0,4.0,4.0,5.0,3.0,5.0,3.0,3.0,2.0,3.0,5.0,3.0,2.0,3.0,4.0,5.0,4.0,3.0,2.0,3.0,4.0,4.0,3.0,4.0,2.0,4.0,5.0,4.0,3.0,4.0,4.0,2.0,4.0,1.0,4.0,4.0,3.0,,3.0,4.0,3.0,2.0,2.0,1.0,1.0,4.0,1.0,2.0,4.0,2.0,2.0,1.0,1.0,1.0,2.0,4.0,4.0,2.0,2.0,1.0,1.0,1.0,1.0,2.0,2.0,1.0,2.0,2.0,1.0,3.0,2.0,10.0,10.0,2.0,2.0,2.0,2.0,2.0,1.0,4.0,,4.0,2.0,1.0,3.0,3.0,1.065336,4.0,3.5,4.0,2.0,2.0
12850.0,9.0,2.0,2.0,44.0,3.0,4.0,4.0,4.0,5.0,4.0,4.0,4.0,4.0,4.0,2.0,,,,,,,,,,,,,,,,,,1.0,1.0,,,,,5.0,,,4.0,3.0,3.0,3.0,3.0,3.0,3.0,3.0,3.0,3.0,3.0,2.0,4.0,4.0,4.0,4.0,4.0,4.0,4.0,3.0,4.0,4.0,2.0,4.0,3.0,4.0,4.0,4.0,4.0,4.0,4.0,4.0,4.0,4.0,4.0,4.0,4.0,4.0,4.0,4.0,4.0,4.0,4.0,4.0,4.0,3.0,4.0,4.0,4.0,4.0,4.0,4.0,4.0,4.0,4.0,4.0,4.0,4.0,4.0,4.0,4.0,4.0,3.0,4.0,4.0,3.0,1.0,3.0,2.0,3.0,3.0,3.0,4.0,4.0,4.0,4.0,4.0,10.0,2.0,2.0,4.0,1.0,4.0,4.0,3.0,,3.0,3.0,3.0,1.0,3.0,1.0,1.0,3.0,3.0,3.0,4.0,3.0,1.0,2.0,2.0,2.0,2.0,4.0,4.0,4.0,4.0,4.0,2.0,2.0,1.0,1.0,1.0,1.0,1.0,1.0,1.0,1.0,4.0,2.0,9.0,2.0,2.0,2.0,2.0,2.0,1.0,4.0,,3.0,2.0,1.0,3.0,2.0,0.965456,4.0,4.0,4.0,3.0,1.0
12870.0,9.0,2.0,2.0,48.0,3.0,5.0,5.0,5.0,5.0,2.0,3.0,3.0,3.0,3.0,1.0,1.0,2.0,3.0,,,,,,,,,,,,,,,2.0,2.0,,,,,,,,2.0,3.0,3.0,2.0,3.0,3.0,4.0,3.0,4.0,4.0,3.0,4.0,4.0,4.0,4.0,4.0,3.0,3.0,3.0,3.0,3.0,3.0,3.0,3.0,3.0,3.0,3.0,3.0,3.0,3.0,1.0,3.0,3.0,3.0,3.0,3.0,2.0,3.0,3.0,3.0,3.0,3.0,3.0,3.0,2.0,1.0,3.0,3.0,3.0,3.0,3.0,2.0,3.0,3.0,3.0,3.0,3.0,2.0,3.0,2.0,1.0,4.0,4.0,4.0,4.0,4.0,4.0,4.0,4.0,3.0,3.0,3.0,3.0,3.0,4.0,4.0,3.0,6.0,2.0,3.0,4.0,1.0,4.0,4.0,4.0,,3.0,2.0,3.0,2.0,2.0,2.0,2.0,3.0,2.0,2.0,2.0,2.0,2.0,2.0,2.0,2.0,2.0,4.0,4.0,4.0,3.0,3.0,4.0,3.0,2.0,2.0,3.0,3.0,4.0,3.0,3.0,1.0,3.0,7.0,7.0,2.0,2.0,2.0,2.0,1.0,,4.0,,4.0,1.0,2.0,3.0,3.0,0.965456,3.0,2.5,4.0,2.0,2.0
12889.0,3.0,5.0,2.0,22.0,1.0,4.0,5.0,4.0,4.0,3.0,3.0,3.0,3.0,3.0,2.0,,,,,,,,,,,,,,,,,,2.0,2.0,,,,,,,,3.0,4.0,4.0,4.0,3.0,3.0,4.0,2.0,4.0,3.0,3.0,2.0,4.0,4.0,4.0,5.0,3.0,3.0,4.0,3.0,3.0,3.0,3.0,4.0,3.0,3.0,2.0,4.0,4.0,3.0,3.0,4.0,4.0,4.0,3.0,3.0,3.0,3.0,4.0,3.0,4.0,3.0,4.0,5.0,4.0,3.0,5.0,5.0,4.0,4.0,4.0,4.0,3.0,5.0,5.0,4.0,3.0,4.0,5.0,5.0,4.0,5.0,4.0,4.0,5.0,4.0,2.0,3.0,3.0,3.0,4.0,4.0,4.0,4.0,4.0,3.0,4.0,7.0,4.0,2.0,4.0,1.0,4.0,4.0,1.0,,4.0,4.0,4.0,1.0,4.0,3.0,3.0,4.0,3.0,4.0,3.0,3.0,1.0,2.0,2.0,2.0,2.0,4.0,4.0,3.0,4.0,3.0,3.0,3.0,2.0,2.0,2.0,2.0,3.0,3.0,3.0,2.0,3.0,6.0,4.0,2.0,2.0,2.0,2.0,1.0,,6.0,,2.0,1.0,2.0,5.0,1.0,0.976825,3.0,3.0,4.0,4.0,1.0
12902.0,9.0,2.0,1.0,46.0,3.0,3.0,4.0,3.0,2.0,3.0,4.0,3.0,3.0,3.0,1.0,1.0,2.0,3.0,4.0,5.0,6.0,,,,,,,,,,,,2.0,2.0,,,,,,,,3.0,2.0,3.0,2.0,4.0,3.0,2.0,3.0,2.0,2.0,2.0,3.0,3.0,2.0,4.0,3.0,3.0,3.0,4.0,2.0,4.0,4.0,3.0,4.0,4.0,3.0,4.0,3.0,3.0,2.0,4.0,4.0,3.0,4.0,4.0,4.0,3.0,4.0,3.0,4.0,3.0,3.0,4.0,3.0,4.0,3.0,2.0,3.0,4.0,4.0,3.0,4.0,2.0,4.0,3.0,4.0,3.0,2.0,4.0,3.0,2.0,3.0,4.0,4.0,3.0,2.0,2.0,3.0,2.0,3.0,4.0,4.0,3.0,4.0,3.0,4.0,2.0,8.0,4.0,3.0,3.0,2.0,2.0,1.0,4.0,,3.0,4.0,2.0,1.0,3.0,3.0,4.0,4.0,2.0,5.0,4.0,3.0,1.0,1.0,1.0,1.0,1.0,3.0,2.0,4.0,4.0,3.0,4.0,3.0,3.0,3.0,3.0,3.0,3.0,3.0,3.0,3.0,4.0,5.0,9.0,1.0,1.0,1.0,1.0,1.0,,4.0,,4.0,1.0,2.0,3.0,3.0,1.065336,3.0,3.5,1.5,3.0,1.0
12905.0,9.0,2.0,2.0,26.0,1.0,4.0,5.0,4.0,3.0,4.0,4.0,4.0,4.0,4.0,2.0,,,,,,,,,,,,,,,,,,2.0,1.0,,,,,5.0,,,2.0,4.0,4.0,4.0,4.0,3.0,4.0,2.0,4.0,3.0,3.0,4.0,4.0,5.0,3.0,5.0,5.0,5.0,5.0,3.0,3.0,2.0,4.0,5.0,5.0,5.0,5.0,3.0,5.0,4.0,3.0,3.0,4.0,4.0,3.0,3.0,2.0,2.0,2.0,2.0,3.0,3.0,3.0,3.0,3.0,3.0,4.0,4.0,4.0,4.0,3.0,3.0,3.0,3.0,2.0,3.0,4.0,4.0,4.0,3.0,4.0,4.0,4.0,4.0,4.0,3.0,2.0,4.0,2.0,4.0,4.0,2.0,4.0,4.0,2.0,2.0,4.0,9.0,4.0,2.0,4.0,1.0,5.0,5.0,3.0,,2.0,2.0,3.0,2.0,2.0,2.0,2.0,5.0,4.0,3.0,4.0,4.0,2.0,2.0,2.0,2.0,2.0,4.0,4.0,4.0,4.0,2.0,4.0,2.0,1.0,1.0,1.0,1.0,4.0,4.0,4.0,2.0,4.0,9.0,8.0,2.0,2.0,2.0,2.0,1.0,,4.0,,2.0,1.0,2.0,3.0,1.0,1.026542,4.0,4.0,5.0,2.0,2.0
12915.0,1.0,1.0,1.0,40.0,3.0,5.0,5.0,2.0,2.0,4.0,4.0,4.0,4.0,2.0,2.0,,,,,,,,,,,,,,,,,,2.0,2.0,,,,,,,,5.0,3.0,2.0,1.0,4.0,1.0,4.0,1.0,3.0,3.0,2.0,1.0,2.0,1.0,1.0,5.0,4.0,3.0,1.0,4.0,1.0,4.0,1.0,1.0,1.0,1.0,1.0,1.0,4.0,4.0,1.0,4.0,2.0,1.0,4.0,1.0,4.0,1.0,1.0,1.0,1.0,1.0,1.0,4.0,1.0,1.0,4.0,2.0,1.0,4.0,1.0,4.0,1.0,3.0,2.0,1.0,1.0,1.0,4.0,4.0,1.0,5.0,5.0,4.0,5.0,5.0,1.0,4.0,1.0,3.0,3.0,2.0,2.0,1.0,4.0,4.0,3.0,4.0,2.0,2.0,3.0,1.0,2.0,2.0,2.0,,4.0,3.0,4.0,1.0,5.0,3.0,4.0,5.0,4.0,3.0,4.0,3.0,1.0,2.0,2.0,1.0,2.0,5.0,5.0,4.0,5.0,4.0,4.0,4.0,1.0,1.0,1.0,1.0,1.0,1.0,1.0,1.0,4.0,8.0,1.0,2.0,2.0,2.0,2.0,1.0,,4.0,,3.0,1.0,2.0,3.0,2.0,1.074504,3.3333333333333335,4.0,2.0,5.0,1.0
12933.0,9.0,2.0,2.0,46.0,3.0,4.0,4.0,5.0,4.0,4.0,4.0,4.0,4.0,4.0,2.0,,,,,,,,,,,,,,,,,,2.0,1.0,1.0,,,,,,,2.0,4.0,4.0,4.0,4.0,5.0,5.0,4.0,5.0,4.0,4.0,4.0,4.0,4.0,4.0,5.0,4.0,4.0,4.0,4.0,4.0,3.0,4.0,5.0,4.0,3.0,4.0,5.0,4.0,3.0,4.0,3.0,5.0,4.0,4.0,5.0,3.0,4.0,4.0,5.0,3.0,4.0,4.0,5.0,5.0,4.0,3.0,5.0,4.0,4.0,5.0,3.0,4.0,4.0,5.0,4.0,3.0,4.0,5.0,4.0,4.0,4.0,4.0,5.0,4.0,4.0,5.0,5.0,4.0,5.0,5.0,4.0,4.0,3.0,5.0,4.0,3.0,4.0,3.0,4.0,3.0,1.0,4.0,3.0,2.0,,4.0,4.0,3.0,2.0,4.0,4.0,4.0,5.0,3.0,4.0,4.0,3.0,1.0,2.0,1.0,1.0,2.0,4.0,4.0,5.0,3.0,4.0,4.0,5.0,3.0,4.0,4.0,5.0,4.0,3.0,3.0,5.0,4.0,10.0,9.0,2.0,1.0,2.0,1.0,2.0,1.0,5.0,,3.0,2.0,1.0,4.0,2.0,0.965456,4.0,4.0,3.5,4.0,2.0
12994.0,3.0,5.0,2.0,31.0,2.0,5.0,5.0,4.0,5.0,5.0,5.0,4.0,4.0,4.0,2.0,,,,,,,,,,,,,,,,,,2.0,1.0,1.0,2.0,,4.0,,9997.0,sns해킹,1.0,4.0,5.0,5.0,4.0,4.0,5.0,3.0,5.0,5.0,3.0,2.0,5.0,5.0,5.0,5.0,4.0,5.0,5.0,4.0,4.0,3.0,4.0,5.0,5.0,4.0,3.0,3.0,5.0,3.0,2.0,1.0,1.0,1.0,1.0,1.0,1.0,1.0,1.0,1.0,1.0,1.0,1.0,4.0,1.0,1.0,4.0,4.0,5.0,3.0,3.0,2.0,4.0,5.0,5.0,5.0,2.0,3.0,5.0,2.0,2.0,4.0,5.0,4.0,5.0,5.0,3.0,5.0,5.0,2.0,4.0,3.0,4.0,5.0,3.0,2.0,4.0,10.0,4.0,1.0,3.0,1.0,5.0,5.0,1.0,,3.0,1.0,5.0,2.0,3.0,1.0,1.0,5.0,2.0,2.0,5.0,3.0,2.0,2.0,2.0,1.0,1.0,4.0,4.0,4.0,2.0,2.0,3.0,2.0,1.0,1.0,1.0,1.0,3.0,3.0,2.0,1.0,4.0,11.0,1.0,2.0,2.0,2.0,2.0,1.0,,4.0,,3.0,1.0,2.0,3.0,2.0,1.024093,4.0,5.0,5.0,3.0,2.0
13004.0,13.0,4.0,2.0,43.0,3.0,5.0,5.0,5.0,5.0,4.0,4.0,4.0,4.0,4.0,1.0,1.0,,3.0,4.0,5.0,6.0,7.0,,,,,,,,,,,2.0,2.0,,,,,,,,3.0,4.0,5.0,4.0,3.0,3.0,4.0,3.0,5.0,5.0,3.0,3.0,4.0,4.0,3.0,4.0,4.0,5.0,5.0,3.0,3.0,4.0,3.0,5.0,5.0,3.0,3.0,4.0,5.0,3.0,3.0,4.0,4.0,4.0,2.0,3.0,3.0,2.0,4.0,5.0,5.0,3.0,3.0,5.0,2.0,2.0,4.0,3.0,4.0,2.0,3.0,2.0,3.0,4.0,4.0,3.0,3.0,2.0,5.0,2.0,2.0,5.0,4.0,3.0,5.0,3.0,2.0,3.0,3.0,3.0,3.0,2.0,4.0,4.0,2.0,2.0,4.0,6.0,4.0,2.0,4.0,1.0,5.0,5.0,5.0,,3.0,2.0,4.0,2.0,3.0,1.0,1.0,4.0,3.0,3.0,4.0,2.0,1.0,2.0,2.0,2.0,2.0,4.0,4.0,3.0,4.0,2.0,3.0,2.0,1.0,2.0,1.0,2.0,3.0,3.0,2.0,3.0,4.0,8.0,3.0,1.0,2.0,2.0,2.0,1.0,,4.0,,4.0,1.0,2.0,3.0,3.0,0.826771,4.0,4.0,5.0,3.0,2.0
13010.0,1.0,1.0,2.0,28.0,1.0,3.0,4.0,4.0,3.0,4.0,5.0,5.0,5.0,5.0,2.0,,,,,,,,,,,,,,,,,,2.0,2.0,,,,,,,,4.0,3.0,3.0,3.0,2.0,2.0,2.0,2.0,2.0,2.0,2.0,2.0,2.0,2.0,2.0,4.0,4.0,4.0,3.0,3.0,4.0,4.0,3.0,4.0,4.0,4.0,4.0,3.0,3.0,4.0,4.0,3.0,3.0,3.0,4.0,3.0,4.0,4.0,4.0,4.0,4.0,3.0,3.0,4.0,4.0,3.0,4.0,4.0,3.0,3.0,4.0,4.0,4.0,3.0,3.0,4.0,4.0,4.0,3.0,3.0,4.0,4.0,4.0,4.0,4.0,4.0,4.0,2.0,2.0,4.0,3.0,4.0,4.0,4.0,4.0,4.0,3.0,8.0,3.0,3.0,4.0,2.0,3.0,3.0,4.0,,3.0,4.0,3.0,1.0,3.0,3.0,4.0,4.0,3.0,3.0,3.0,3.0,1.0,1.0,2.0,1.0,1.0,4.0,3.0,3.0,3.0,4.0,3.0,3.0,3.0,3.0,4.0,3.0,3.0,3.0,4.0,4.0,4.0,8.0,7.0,1.0,1.0,2.0,1.0,1.0,,7.0,,3.0,1.0,2.0,6.0,2.0,1.034762,5.0,4.5,3.0,3.0,1.0
13015.0,9.0,2.0,2.0,49.0,3.0,4.0,4.0,4.0,3.0,5.0,4.0,4.0,4.0,4.0,2.0,,,,,,,,,,,,,,,,,,1.0,2.0,,,,,,,,4.0,4.0,2.0,3.0,4.0,2.0,4.0,3.0,4.0,3.0,3.0,2.0,4.0,4.0,3.0,4.0,2.0,3.0,4.0,3.0,2.0,3.0,2.0,3.0,2.0,4.0,3.0,3.0,3.0,3.0,3.0,3.0,3.0,4.0,4.0,3.0,5.0,3.0,4.0,2.0,4.0,3.0,4.0,4.0,2.0,4.0,4.0,4.0,3.0,4.0,4.0,4.0,2.0,3.0,2.0,4.0,3.0,4.0,4.0,2.0,4.0,3.0,4.0,2.0,3.0,3.0,3.0,4.0,2.0,4.0,5.0,4.0,3.0,5.0,4.0,3.0,5.0,2.0,4.0,4.0,4.0,1.0,4.0,3.0,5.0,,2.0,3.0,4.0,1.0,4.0,1.0,2.0,3.0,2.0,3.0,3.0,3.0,1.0,1.0,1.0,1.0,1.0,4.0,4.0,4.0,4.0,1.0,1.0,1.0,1.0,1.0,1.0,1.0,1.0,3.0,1.0,1.0,4.0,6.0,9.0,1.0,1.0,1.0,1.0,2.0,1.0,4.0,,3.0,2.0,1.0,3.0,2.0,0.965456,4.0,4.5,3.5,4.0,1.0
13030.0,12.0,3.0,2.0,47.0,3.0,5.0,5.0,5.0,5.0,4.0,4.0,3.0,3.0,3.0,2.0,,,,,,,,,,,,,,,,,,2.0,2.0,,,,,,,,2.0,4.0,4.0,3.0,4.0,3.0,4.0,3.0,4.0,3.0,3.0,3.0,3.0,4.0,3.0,5.0,4.0,4.0,4.0,5.0,4.0,5.0,4.0,5.0,4.0,4.0,4.0,5.0,5.0,4.0,5.0,4.0,5.0,5.0,4.0,4.0,4.0,5.0,4.0,4.0,4.0,4.0,4.0,5.0,3.0,3.0,3.0,4.0,5.0,4.0,5.0,3.0,4.0,4.0,4.0,4.0,3.0,3.0,4.0,3.0,3.0,4.0,4.0,5.0,5.0,3.0,2.0,3.0,2.0,4.0,4.0,3.0,4.0,4.0,3.0,3.0,3.0,6.0,4.0,4.0,4.0,1.0,4.0,4.0,1.0,,3.0,3.0,4.0,2.0,3.0,1.0,1.0,4.0,3.0,3.0,3.0,2.0,1.0,2.0,2.0,1.0,1.0,3.0,4.0,3.0,2.0,2.0,2.0,3.0,1.0,1.0,2.0,2.0,3.0,3.0,3.0,4.0,3.0,6.0,4.0,1.0,1.0,1.0,1.0,1.0,,4.0,,4.0,1.0,2.0,3.0,3.0,0.951541,3.0,4.0,4.0,3.0,2.0
13084.0,17.0,4.0,2.0,48.0,3.0,5.0,5.0,4.0,4.0,4.0,4.0,4.0,4.0,4.0,1.0,1.0,2.0,3.0,4.0,5.0,,,,,,,,,,,,,1.0,2.0,,,,,,,,3.0,4.0,4.0,3.0,4.0,3.0,4.0,3.0,5.0,4.0,3.0,3.0,3.0,3.0,3.0,5.0,4.0,4.0,4.0,3.0,3.0,3.0,3.0,4.0,3.0,3.0,3.0,3.0,4.0,3.0,4.0,4.0,4.0,4.0,3.0,3.0,4.0,3.0,4.0,4.0,3.0,3.0,3.0,4.0,3.0,4.0,4.0,4.0,4.0,4.0,3.0,4.0,3.0,4.0,4.0,4.0,3.0,3.0,4.0,3.0,4.0,4.0,4.0,4.0,4.0,4.0,2.0,4.0,3.0,3.0,4.0,4.0,4.0,5.0,4.0,5.0,4.0,4.0,3.0,4.0,4.0,1.0,4.0,4.0,4.0,,4.0,4.0,4.0,1.0,4.0,4.0,4.0,4.0,3.0,3.0,4.0,4.0,1.0,1.0,1.0,1.0,1.0,4.0,4.0,4.0,4.0,4.0,4.0,4.0,1.0,1.0,3.0,3.0,3.0,4.0,3.0,1.0,4.0,5.0,5.0,1.0,1.0,1.0,1.0,2.0,1.0,5.0,,3.0,2.0,1.0,4.0,2.0,0.826771,4.0,4.0,4.0,4.0,1.0
13093.0,16.0,6.0,2.0,44.0,3.0,3.0,4.0,3.0,4.0,4.0,3.0,3.0,2.0,3.0,2.0,,,,,,,,,,,,,,,,,,2.0,1.0,,,,4.0,,,,3.0,2.0,2.0,4.0,4.0,1.0,3.0,3.0,4.0,3.0,1.0,4.0,3.0,2.0,3.0,4.0,3.0,1.0,4.0,4.0,3.0,4.0,4.0,4.0,3.0,2.0,4.0,4.0,3.0,1.0,5.0,2.0,1.0,1.0,2.0,5.0,4.0,3.0,3.0,3.0,4.0,3.0,3.0,2.0,5.0,4.0,4.0,4.0,4.0,4.0,5.0,4.0,4.0,4.0,2.0,2.0,4.0,2.0,3.0,3.0,4.0,3.0,4.0,2.0,2.0,1.0,4.0,4.0,4.0,4.0,2.0,4.0,4.0,4.0,4.0,4.0,4.0,9.0,3.0,4.0,4.0,1.0,2.0,2.0,3.0,,3.0,5.0,1.0,2.0,2.0,3.0,4.0,3.0,1.0,3.0,2.0,3.0,2.0,1.0,2.0,2.0,2.0,3.0,1.0,5.0,5.0,5.0,2.0,1.0,1.0,4.0,3.0,4.0,4.0,5.0,5.0,4.0,3.0,8.0,3.0,2.0,1.0,2.0,2.0,1.0,,1.0,,2.0,1.0,2.0,2.0,1.0,1.115818,2.6666666666666665,3.5,2.0,2.0,2.0
13121.0,9.0,2.0,1.0,25.0,1.0,4.0,4.0,4.0,4.0,4.0,4.0,4.0,4.0,4.0,2.0,,,,,,,,,,,,,,,,,,2.0,1.0,,,3.0,,5.0,,,3.0,3.0,4.0,5.0,3.0,3.0,3.0,3.0,5.0,4.0,4.0,3.0,3.0,5.0,4.0,4.0,4.0,4.0,5.0,3.0,4.0,3.0,3.0,5.0,4.0,4.0,5.0,3.0,5.0,4.0,4.0,3.0,4.0,5.0,3.0,3.0,3.0,3.0,5.0,4.0,4.0,5.0,3.0,5.0,4.0,4.0,4.0,4.0,5.0,3.0,3.0,3.0,3.0,5.0,4.0,4.0,5.0,3.0,5.0,4.0,4.0,4.0,4.0,5.0,5.0,2.0,2.0,4.0,4.0,3.0,3.0,3.0,4.0,3.0,4.0,3.0,4.0,11.0,4.0,2.0,3.0,1.0,4.0,4.0,3.0,,4.0,4.0,4.0,1.0,4.0,4.0,4.0,5.0,4.0,4.0,5.0,4.0,1.0,2.0,2.0,2.0,2.0,4.0,4.0,4.0,4.0,4.0,4.0,4.0,3.0,3.0,3.0,3.0,3.0,3.0,3.0,2.0,4.0,3.0,1.0,1.0,2.0,1.0,2.0,1.0,,6.0,,4.0,1.0,2.0,5.0,3.0,1.051424,4.0,4.0,4.0,4.0,1.0
13144.0,5.0,4.0,2.0,37.0,2.0,4.0,4.0,5.0,5.0,4.0,4.0,4.0,4.0,4.0,2.0,,,,,,,,,,,,,,,,,,2.0,1.0,1.0,,,,,,,4.0,3.0,3.0,3.0,3.0,3.0,3.0,3.0,2.0,4.0,3.0,3.0,4.0,3.0,2.0,3.0,4.0,4.0,4.0,3.0,2.0,3.0,3.0,3.0,3.0,4.0,4.0,3.0,4.0,4.0,3.0,3.0,3.0,3.0,3.0,3.0,2.0,2.0,3.0,3.0,3.0,2.0,2.0,3.0,3.0,3.0,4.0,3.0,3.0,3.0,2.0,3.0,3.0,2.0,4.0,3.0,3.0,3.0,3.0,3.0,3.0,3.0,3.0,3.0,4.0,3.0,3.0,3.0,2.0,2.0,3.0,1.0,3.0,3.0,3.0,4.0,3.0,5.0,3.0,3.0,4.0,2.0,3.0,3.0,2.0,,2.0,3.0,3.0,1.0,3.0,3.0,2.0,3.0,3.0,3.0,3.0,4.0,2.0,2.0,2.0,2.0,2.0,4.0,2.0,2.0,2.0,2.0,3.0,2.0,2.0,2.0,2.0,3.0,3.0,3.0,3.0,3.0,3.0,7.0,9.0,2.0,2.0,2.0,1.0,2.0,1.0,3.0,,4.0,2.0,1.0,2.0,3.0,0.880586,4.0,4.0,3.0,3.0,1.0
13150.0,3.0,5.0,1.0,28.0,1.0,3.0,3.0,3.0,3.0,3.0,3.0,3.0,3.0,3.0,2.0,,,,,,,,,,,,,,,,,,2.0,2.0,,,,,,,,3.0,3.0,3.0,3.0,2.0,3.0,3.0,3.0,4.0,3.0,3.0,2.0,3.0,2.0,2.0,4.0,2.0,2.0,2.0,2.0,2.0,2.0,2.0,2.0,2.0,2.0,2.0,2.0,2.0,2.0,2.0,2.0,2.0,2.0,2.0,2.0,2.0,2.0,2.0,2.0,2.0,2.0,2.0,2.0,2.0,2.0,4.0,4.0,4.0,4.0,3.0,4.0,4.0,4.0,4.0,4.0,4.0,4.0,4.0,4.0,2.0,3.0,4.0,5.0,5.0,2.0,2.0,3.0,2.0,4.0,4.0,4.0,4.0,2.0,3.0,3.0,3.0,6.0,4.0,2.0,4.0,1.0,4.0,4.0,1.0,,3.0,3.0,3.0,2.0,3.0,3.0,3.0,3.0,3.0,3.0,3.0,3.0,2.0,2.0,2.0,2.0,2.0,3.0,3.0,3.0,3.0,3.0,3.0,3.0,2.0,3.0,2.0,3.0,3.0,3.0,3.0,2.0,3.0,6.0,6.0,2.0,2.0,2.0,2.0,1.0,,7.0,,5.0,1.0,2.0,6.0,3.0,0.98424,3.0,3.0,4.0,3.0,2.0
13163.0,9.0,2.0,1.0,39.0,2.0,3.0,3.0,3.0,3.0,3.0,3.0,3.0,3.0,3.0,2.0,,,,,,,,,,,,,,,,,,2.0,2.0,,,,,,,,3.0,4.0,3.0,3.0,3.0,2.0,4.0,4.0,3.0,2.0,3.0,4.0,3.0,3.0,2.0,3.0,4.0,3.0,3.0,2.0,3.0,4.0,3.0,3.0,2.0,3.0,4.0,3.0,3.0,2.0,3.0,3.0,3.0,4.0,3.0,3.0,2.0,3.0,3.0,3.0,2.0,3.0,4.0,3.0,3.0,2.0,4.0,3.0,3.0,3.0,2.0,3.0,4.0,3.0,2.0,3.0,4.0,3.0,3.0,2.0,3.0,3.0,2.0,3.0,4.0,3.0,3.0,3.0,2.0,3.0,4.0,3.0,3.0,3.0,2.0,3.0,4.0,6.0,3.0,3.0,3.0,2.0,3.0,3.0,4.0,,3.0,2.0,4.0,2.0,3.0,3.0,2.0,3.0,4.0,3.0,3.0,3.0,1.0,1.0,2.0,1.0,1.0,3.0,2.0,3.0,4.0,3.0,2.0,3.0,4.0,3.0,3.0,4.0,3.0,2.0,3.0,4.0,3.0,6.0,6.0,1.0,2.0,1.0,1.0,2.0,1.0,4.0,,3.0,2.0,1.0,3.0,2.0,0.921551,3.0,3.0,3.0,3.0,2.0
13178.0,2.0,6.0,2.0,46.0,3.0,5.0,5.0,5.0,3.0,4.0,4.0,4.0,4.0,4.0,2.0,,,,,,,,,,,,,,,,,,2.0,1.0,,2.0,,4.0,5.0,,,3.0,4.0,2.0,2.0,4.0,3.0,4.0,3.0,2.0,2.0,2.0,1.0,4.0,2.0,3.0,4.0,4.0,4.0,4.0,4.0,4.0,3.0,3.0,4.0,4.0,4.0,3.0,4.0,5.0,3.0,3.0,4.0,4.0,4.0,4.0,4.0,4.0,3.0,4.0,4.0,4.0,3.0,4.0,5.0,4.0,3.0,4.0,4.0,4.0,4.0,4.0,4.0,3.0,4.0,4.0,4.0,3.0,4.0,5.0,3.0,4.0,3.0,4.0,5.0,5.0,4.0,2.0,3.0,3.0,3.0,4.0,3.0,4.0,5.0,4.0,4.0,4.0,9.0,2.0,3.0,2.0,1.0,3.0,2.0,3.0,,4.0,3.0,4.0,1.0,3.0,1.0,2.0,4.0,3.0,3.0,4.0,2.0,1.0,2.0,2.0,2.0,2.0,4.0,5.0,4.0,4.0,3.0,4.0,3.0,2.0,3.0,3.0,3.0,2.0,3.0,3.0,4.0,4.0,9.0,3.0,1.0,2.0,1.0,2.0,2.0,1.0,5.0,,3.0,2.0,1.0,4.0,2.0,1.115818,4.0,4.0,2.5,3.0,1.0
13239.0,6.0,3.0,2.0,42.0,3.0,5.0,5.0,4.0,3.0,4.0,4.0,4.0,4.0,4.0,2.0,,,,,,,,,,,,,,,,,,2.0,1.0,,,,4.0,5.0,,,2.0,4.0,4.0,4.0,4.0,3.0,4.0,2.0,4.0,3.0,3.0,3.0,3.0,3.0,3.0,4.0,4.0,4.0,4.0,4.0,4.0,4.0,2.0,5.0,3.0,4.0,2.0,2.0,4.0,2.0,3.0,4.0,4.0,4.0,4.0,4.0,4.0,2.0,4.0,4.0,4.0,3.0,2.0,4.0,3.0,3.0,4.0,4.0,4.0,4.0,4.0,4.0,2.0,4.0,5.0,5.0,2.0,3.0,5.0,3.0,3.0,3.0,2.0,3.0,4.0,3.0,1.0,2.0,2.0,3.0,3.0,3.0,4.0,4.0,4.0,3.0,3.0,8.0,2.0,3.0,4.0,1.0,4.0,5.0,2.0,,3.0,2.0,3.0,2.0,2.0,1.0,2.0,3.0,2.0,2.0,3.0,3.0,1.0,2.0,2.0,1.0,1.0,4.0,4.0,4.0,4.0,4.0,4.0,4.0,2.0,2.0,2.0,2.0,2.0,2.0,2.0,3.0,4.0,9.0,4.0,1.0,2.0,2.0,2.0,1.0,,4.0,,3.0,1.0,2.0,3.0,2.0,0.951541,4.0,4.0,4.5,2.0,2.0
13260.0,9.0,2.0,1.0,54.0,4.0,5.0,5.0,4.0,4.0,4.0,4.0,4.0,4.0,4.0,2.0,,,,,,,,,,,,,,,,,,2.0,1.0,1.0,,,,5.0,,,2.0,3.0,3.0,2.0,2.0,2.0,3.0,2.0,4.0,4.0,3.0,2.0,4.0,4.0,5.0,5.0,4.0,5.0,5.0,3.0,4.0,3.0,4.0,5.0,5.0,4.0,4.0,3.0,5.0,1.0,2.0,2.0,4.0,4.0,2.0,3.0,2.0,4.0,4.0,4.0,4.0,4.0,3.0,5.0,1.0,2.0,2.0,4.0,4.0,2.0,3.0,2.0,4.0,4.0,4.0,4.0,4.0,3.0,5.0,2.0,2.0,5.0,4.0,4.0,5.0,4.0,4.0,4.0,3.0,3.0,4.0,3.0,4.0,5.0,4.0,4.0,4.0,10.0,4.0,2.0,4.0,1.0,4.0,4.0,2.0,,3.0,3.0,5.0,2.0,3.0,4.0,3.0,4.0,1.0,2.0,4.0,3.0,2.0,2.0,2.0,1.0,2.0,4.0,4.0,4.0,4.0,3.0,4.0,2.0,2.0,2.0,3.0,2.0,4.0,3.0,1.0,1.0,4.0,11.0,2.0,1.0,1.0,1.0,2.0,3.0,2.0,2.0,,3.0,3.0,2.0,1.0,2.0,1.048518,4.0,4.0,4.0,3.0,2.0
13275.0,1.0,1.0,2.0,43.0,3.0,5.0,5.0,4.0,3.0,4.0,4.0,4.0,4.0,4.0,1.0,1.0,2.0,,4.0,5.0,,,,,,,12.0,13.0,,,,,1.0,2.0,,,,,,,,3.0,3.0,4.0,3.0,3.0,3.0,4.0,3.0,4.0,4.0,3.0,4.0,5.0,5.0,4.0,4.0,4.0,4.0,4.0,3.0,5.0,3.0,3.0,5.0,5.0,5.0,5.0,3.0,4.0,4.0,3.0,4.0,4.0,4.0,4.0,4.0,4.0,4.0,4.0,4.0,4.0,4.0,4.0,4.0,4.0,3.0,4.0,4.0,5.0,3.0,4.0,4.0,4.0,4.0,4.0,4.0,4.0,4.0,4.0,4.0,3.0,4.0,3.0,3.0,4.0,5.0,2.0,3.0,3.0,3.0,3.0,4.0,4.0,4.0,4.0,4.0,4.0,4.0,3.0,3.0,4.0,1.0,5.0,4.0,1.0,,4.0,3.0,4.0,2.0,3.0,3.0,3.0,3.0,3.0,3.0,3.0,3.0,2.0,2.0,2.0,2.0,2.0,2.0,3.0,3.0,2.0,2.0,3.0,2.0,1.0,1.0,1.0,1.0,1.0,2.0,1.0,1.0,4.0,7.0,7.0,2.0,2.0,2.0,2.0,2.0,1.0,4.0,,3.0,2.0,1.0,3.0,2.0,1.098998,4.0,4.0,4.5,3.0,2.0
13280.0,16.0,6.0,2.0,52.0,4.0,5.0,5.0,4.0,2.0,3.0,3.0,3.0,4.0,4.0,2.0,,,,,,,,,,,,,,,,,,2.0,2.0,,,,,,,,2.0,5.0,5.0,4.0,4.0,3.0,4.0,3.0,5.0,4.0,3.0,4.0,4.0,5.0,4.0,4.0,4.0,3.0,4.0,2.0,2.0,2.0,2.0,4.0,3.0,4.0,4.0,2.0,4.0,2.0,2.0,3.0,3.0,3.0,2.0,2.0,2.0,2.0,4.0,3.0,3.0,4.0,2.0,4.0,2.0,2.0,3.0,3.0,4.0,2.0,2.0,2.0,2.0,4.0,3.0,3.0,4.0,2.0,4.0,2.0,2.0,4.0,2.0,2.0,4.0,4.0,1.0,4.0,2.0,4.0,4.0,4.0,4.0,4.0,4.0,4.0,4.0,9.0,2.0,4.0,4.0,1.0,4.0,4.0,3.0,,4.0,4.0,4.0,2.0,3.0,4.0,4.0,4.0,2.0,2.0,3.0,3.0,1.0,1.0,1.0,1.0,1.0,3.0,4.0,3.0,4.0,2.0,4.0,4.0,1.0,3.0,1.0,4.0,4.0,4.0,2.0,2.0,2.0,9.0,4.0,1.0,2.0,1.0,1.0,3.0,1.0,5.0,,4.0,3.0,1.0,4.0,3.0,1.142237,3.6666666666666665,3.0,4.0,3.0,2.0
13304.0,5.0,4.0,2.0,21.0,1.0,5.0,5.0,3.0,3.0,4.0,4.0,4.0,4.0,4.0,2.0,,,,,,,,,,,,,,,,,,2.0,2.0,,,,,,,,3.0,3.0,3.0,3.0,4.0,3.0,4.0,3.0,3.0,3.0,3.0,3.0,3.0,4.0,3.0,4.0,3.0,3.0,3.0,3.0,3.0,3.0,3.0,4.0,4.0,4.0,4.0,3.0,3.0,3.0,3.0,3.0,4.0,3.0,3.0,3.0,3.0,3.0,4.0,4.0,4.0,4.0,3.0,3.0,4.0,3.0,3.0,3.0,3.0,3.0,4.0,3.0,3.0,3.0,4.0,3.0,3.0,4.0,4.0,4.0,3.0,3.0,4.0,4.0,4.0,4.0,3.0,4.0,4.0,3.0,4.0,4.0,3.0,4.0,4.0,4.0,4.0,5.0,3.0,3.0,3.0,1.0,3.0,2.0,2.0,,4.0,3.0,4.0,1.0,4.0,4.0,4.0,4.0,4.0,4.0,3.0,3.0,2.0,2.0,2.0,2.0,1.0,4.0,4.0,4.0,3.0,4.0,3.0,3.0,3.0,3.0,3.0,4.0,3.0,4.0,3.0,2.0,3.0,7.0,5.0,2.0,2.0,2.0,2.0,1.0,,6.0,,3.0,1.0,2.0,5.0,2.0,1.080984,4.0,4.0,2.5,4.0,1.0
13305.0,9.0,2.0,1.0,58.0,4.0,4.0,4.0,3.0,3.0,4.0,4.0,4.0,3.0,3.0,2.0,,,,,,,,,,,,,,,,,,2.0,2.0,,,,,,,,3.0,3.0,3.0,2.0,3.0,3.0,3.0,2.0,3.0,3.0,2.0,3.0,3.0,2.0,3.0,4.0,3.0,3.0,2.0,3.0,2.0,3.0,2.0,3.0,3.0,2.0,3.0,3.0,2.0,2.0,4.0,3.0,3.0,3.0,2.0,2.0,3.0,2.0,3.0,2.0,2.0,3.0,3.0,2.0,2.0,3.0,4.0,4.0,5.0,4.0,3.0,4.0,3.0,3.0,2.0,2.0,3.0,3.0,2.0,2.0,4.0,3.0,2.0,2.0,2.0,4.0,3.0,4.0,3.0,2.0,3.0,4.0,4.0,3.0,4.0,3.0,4.0,10.0,2.0,4.0,3.0,1.0,2.0,2.0,2.0,,4.0,3.0,3.0,1.0,4.0,4.0,4.0,4.0,4.0,4.0,4.0,4.0,2.0,2.0,2.0,1.0,2.0,4.0,4.0,4.0,3.0,3.0,2.0,3.0,2.0,2.0,2.0,3.0,2.0,2.0,2.0,3.0,3.0,9.0,3.0,1.0,2.0,2.0,2.0,2.0,1.0,3.0,,4.0,2.0,1.0,2.0,3.0,1.048518,3.3333333333333335,4.0,2.0,4.0,1.0
13331.0,9.0,2.0,1.0,25.0,1.0,3.0,3.0,3.0,3.0,3.0,3.0,3.0,3.0,3.0,2.0,,,,,,,,,,,,,,,,,,2.0,2.0,,,,,,,,3.0,3.0,3.0,3.0,3.0,3.0,3.0,3.0,3.0,3.0,3.0,3.0,3.0,3.0,4.0,4.0,4.0,4.0,4.0,3.0,3.0,3.0,3.0,3.0,3.0,3.0,3.0,2.0,4.0,4.0,4.0,4.0,4.0,3.0,4.0,4.0,3.0,3.0,3.0,3.0,3.0,4.0,1.0,2.0,4.0,4.0,3.0,3.0,3.0,3.0,3.0,3.0,3.0,4.0,4.0,4.0,3.0,4.0,3.0,3.0,3.0,3.0,3.0,3.0,3.0,3.0,4.0,4.0,4.0,4.0,3.0,3.0,3.0,3.0,3.0,3.0,3.0,7.0,3.0,3.0,3.0,2.0,3.0,4.0,2.0,,3.0,2.0,5.0,2.0,3.0,3.0,4.0,3.0,3.0,3.0,3.0,3.0,2.0,2.0,2.0,2.0,2.0,3.0,3.0,3.0,3.0,3.0,3.0,3.0,2.0,4.0,4.0,4.0,3.0,3.0,4.0,4.0,3.0,6.0,6.0,2.0,2.0,2.0,2.0,1.0,,6.0,,3.0,1.0,2.0,5.0,2.0,1.051424,3.0,3.0,3.5,3.0,2.0
13462.0,1.0,1.0,2.0,26.0,1.0,5.0,5.0,5.0,3.0,4.0,4.0,3.0,4.0,4.0,2.0,,,,,,,,,,,,,,,,,,1.0,1.0,1.0,,,,,,,3.0,4.0,3.0,3.0,3.0,3.0,3.0,3.0,5.0,3.0,3.0,3.0,4.0,4.0,4.0,5.0,5.0,4.0,5.0,4.0,5.0,4.0,4.0,5.0,4.0,5.0,5.0,5.0,5.0,5.0,5.0,5.0,5.0,5.0,5.0,5.0,5.0,4.0,5.0,5.0,5.0,4.0,5.0,5.0,5.0,5.0,5.0,5.0,5.0,5.0,5.0,5.0,5.0,5.0,5.0,5.0,5.0,5.0,5.0,5.0,5.0,3.0,5.0,4.0,4.0,5.0,3.0,3.0,3.0,4.0,4.0,3.0,3.0,4.0,3.0,4.0,4.0,4.0,4.0,3.0,3.0,1.0,4.0,4.0,3.0,,4.0,5.0,5.0,1.0,4.0,4.0,3.0,4.0,3.0,4.0,3.0,4.0,1.0,2.0,2.0,2.0,2.0,4.0,4.0,4.0,4.0,3.0,3.0,3.0,2.0,2.0,2.0,3.0,4.0,4.0,3.0,2.0,4.0,8.0,5.0,2.0,2.0,2.0,2.0,1.0,,6.0,,2.0,1.0,2.0,5.0,1.0,1.034762,3.6666666666666665,4.0,4.0,4.0,1.0
13464.0,1.0,1.0,2.0,53.0,4.0,5.0,5.0,4.0,4.0,4.0,4.0,4.0,4.0,4.0,2.0,,,,,,,,,,,,,,,,,,2.0,1.0,,,3.0,,5.0,,,4.0,3.0,3.0,2.0,2.0,2.0,2.0,3.0,3.0,2.0,2.0,2.0,3.0,3.0,3.0,4.0,4.0,4.0,4.0,3.0,4.0,3.0,4.0,4.0,4.0,4.0,4.0,4.0,4.0,3.0,3.0,4.0,4.0,4.0,3.0,4.0,3.0,4.0,4.0,4.0,4.0,4.0,4.0,3.0,3.0,3.0,4.0,4.0,4.0,4.0,4.0,4.0,4.0,4.0,4.0,4.0,4.0,4.0,4.0,4.0,4.0,4.0,3.0,4.0,4.0,4.0,2.0,3.0,3.0,3.0,4.0,4.0,4.0,5.0,3.0,4.0,3.0,8.0,2.0,2.0,4.0,1.0,4.0,4.0,4.0,,3.0,3.0,3.0,1.0,4.0,3.0,3.0,4.0,3.0,2.0,4.0,3.0,2.0,2.0,2.0,2.0,1.0,4.0,4.0,3.0,3.0,2.0,4.0,2.0,1.0,2.0,2.0,2.0,3.0,4.0,4.0,3.0,3.0,4.0,6.0,1.0,2.0,2.0,2.0,2.0,1.0,4.0,,1.0,2.0,1.0,3.0,1.0,1.053567,4.0,4.0,4.0,4.0,1.0
13532.0,9.0,2.0,1.0,35.0,2.0,5.0,5.0,5.0,5.0,5.0,4.0,5.0,3.0,4.0,1.0,1.0,,3.0,,5.0,,,,,,,,,,,,,1.0,1.0,,,3.0,4.0,5.0,,,2.0,4.0,4.0,4.0,5.0,4.0,5.0,5.0,5.0,5.0,5.0,5.0,4.0,5.0,4.0,5.0,3.0,5.0,4.0,3.0,4.0,5.0,3.0,4.0,5.0,3.0,4.0,5.0,3.0,4.0,5.0,4.0,3.0,3.0,4.0,4.0,5.0,5.0,4.0,4.0,5.0,5.0,4.0,4.0,5.0,4.0,5.0,4.0,4.0,5.0,4.0,5.0,5.0,5.0,5.0,4.0,4.0,4.0,5.0,4.0,4.0,4.0,3.0,5.0,5.0,4.0,4.0,3.0,3.0,5.0,4.0,5.0,3.0,4.0,5.0,3.0,4.0,11.0,4.0,3.0,3.0,1.0,4.0,3.0,3.0,,5.0,4.0,4.0,1.0,4.0,4.0,4.0,5.0,5.0,4.0,4.0,5.0,1.0,1.0,2.0,1.0,1.0,3.0,4.0,4.0,5.0,5.0,4.0,4.0,4.0,4.0,5.0,3.0,4.0,5.0,4.0,3.0,4.0,7.0,10.0,1.0,1.0,1.0,1.0,2.0,1.0,3.0,,5.0,2.0,1.0,2.0,3.0,0.921551,4.0,4.5,3.5,4.0,1.0
13579.0,9.0,2.0,1.0,32.0,2.0,3.0,4.0,4.0,4.0,3.0,3.0,3.0,3.0,4.0,1.0,,2.0,3.0,,,,7.0,,,,,,,,,,,1.0,1.0,1.0,2.0,3.0,,,,,3.0,3.0,3.0,3.0,3.0,4.0,3.0,3.0,4.0,3.0,3.0,3.0,2.0,2.0,3.0,4.0,4.0,3.0,4.0,3.0,3.0,3.0,1.0,3.0,3.0,1.0,3.0,4.0,4.0,3.0,4.0,2.0,4.0,4.0,4.0,3.0,3.0,3.0,3.0,3.0,3.0,3.0,4.0,4.0,4.0,3.0,3.0,3.0,4.0,4.0,3.0,3.0,3.0,3.0,3.0,4.0,4.0,3.0,2.0,3.0,4.0,2.0,1.0,4.0,4.0,3.0,4.0,3.0,4.0,4.0,3.0,4.0,2.0,3.0,3.0,4.0,4.0,8.0,3.0,3.0,4.0,1.0,3.0,2.0,5.0,,4.0,3.0,5.0,1.0,3.0,2.0,3.0,3.0,3.0,4.0,3.0,4.0,1.0,1.0,1.0,1.0,1.0,3.0,3.0,1.0,3.0,3.0,3.0,3.0,2.0,3.0,4.0,4.0,3.0,3.0,4.0,4.0,2.0,7.0,7.0,1.0,1.0,1.0,1.0,1.0,,4.0,,3.0,1.0,2.0,3.0,2.0,0.921551,3.3333333333333335,3.0,2.5,3.0,1.0
13608.0,9.0,2.0,1.0,57.0,4.0,5.0,5.0,3.0,2.0,3.0,2.0,2.0,3.0,2.0,2.0,,,,,,,,,,,,,,,,,,2.0,1.0,,,,,5.0,,,3.0,3.0,3.0,3.0,3.0,3.0,3.0,2.0,4.0,3.0,2.0,1.0,3.0,3.0,3.0,4.0,2.0,2.0,2.0,2.0,1.0,2.0,1.0,3.0,2.0,1.0,1.0,2.0,3.0,1.0,2.0,2.0,3.0,3.0,2.0,2.0,2.0,1.0,3.0,2.0,1.0,1.0,2.0,3.0,1.0,2.0,3.0,3.0,3.0,2.0,2.0,2.0,2.0,4.0,3.0,2.0,2.0,2.0,3.0,2.0,2.0,4.0,3.0,2.0,3.0,5.0,4.0,3.0,3.0,3.0,3.0,2.0,3.0,4.0,4.0,3.0,4.0,6.0,3.0,1.0,3.0,1.0,4.0,4.0,4.0,,3.0,2.0,4.0,1.0,3.0,3.0,3.0,4.0,4.0,3.0,3.0,4.0,2.0,2.0,2.0,1.0,2.0,4.0,5.0,4.0,4.0,4.0,4.0,3.0,1.0,1.0,3.0,3.0,2.0,4.0,2.0,1.0,4.0,7.0,3.0,2.0,2.0,2.0,2.0,2.0,1.0,2.0,,4.0,2.0,1.0,1.0,3.0,1.048518,2.3333333333333335,2.5,4.0,3.0,1.0
13683.0,7.0,6.0,2.0,25.0,1.0,4.0,5.0,4.0,4.0,4.0,3.0,4.0,4.0,4.0,2.0,,,,,,,,,,,,,,,,,,2.0,1.0,,,3.0,,5.0,,,3.0,4.0,4.0,4.0,4.0,4.0,4.0,3.0,5.0,4.0,3.0,3.0,4.0,4.0,4.0,5.0,3.0,3.0,3.0,3.0,3.0,3.0,3.0,3.0,4.0,4.0,3.0,3.0,4.0,4.0,4.0,4.0,4.0,4.0,4.0,4.0,4.0,4.0,4.0,4.0,4.0,4.0,4.0,4.0,3.0,4.0,4.0,5.0,5.0,3.0,4.0,3.0,4.0,5.0,4.0,4.0,4.0,4.0,4.0,3.0,3.0,4.0,4.0,4.0,4.0,4.0,1.0,3.0,2.0,3.0,3.0,4.0,4.0,3.0,3.0,3.0,4.0,6.0,2.0,3.0,4.0,1.0,4.0,4.0,4.0,,3.0,3.0,3.0,1.0,3.0,1.0,2.0,4.0,3.0,3.0,3.0,3.0,2.0,2.0,2.0,2.0,2.0,5.0,5.0,4.0,4.0,3.0,5.0,3.0,1.0,2.0,3.0,3.0,3.0,3.0,3.0,2.0,3.0,6.0,1.0,2.0,2.0,2.0,2.0,1.0,,4.0,,3.0,1.0,2.0,3.0,2.0,1.101295,4.0,3.5,4.0,3.0,1.0
13733.0,2.0,6.0,1.0,56.0,4.0,4.0,5.0,5.0,1.0,5.0,4.0,1.0,5.0,5.0,2.0,,,,,,,,,,,,,,,,,,2.0,1.0,1.0,,3.0,4.0,5.0,,,3.0,3.0,4.0,4.0,4.0,1.0,2.0,2.0,3.0,4.0,4.0,5.0,5.0,5.0,2.0,3.0,2.0,4.0,5.0,5.0,1.0,1.0,1.0,3.0,3.0,3.0,5.0,1.0,1.0,2.0,2.0,3.0,3.0,4.0,4.0,4.0,1.0,2.0,3.0,4.0,4.0,5.0,5.0,5.0,5.0,2.0,2.0,4.0,5.0,5.0,1.0,1.0,1.0,3.0,3.0,3.0,5.0,1.0,1.0,2.0,2.0,3.0,4.0,4.0,5.0,5.0,5.0,2.0,3.0,3.0,4.0,4.0,4.0,1.0,2.0,2.0,3.0,5.0,1.0,2.0,2.0,1.0,4.0,3.0,4.0,,5.0,5.0,5.0,1.0,2.0,2.0,3.0,3.0,3.0,3.0,5.0,1.0,1.0,2.0,2.0,1.0,1.0,3.0,3.0,4.0,4.0,4.0,4.0,5.0,5.0,5.0,4.0,5.0,5.0,1.0,1.0,1.0,3.0,6.0,7.0,1.0,2.0,2.0,1.0,1.0,,4.0,,5.0,1.0,2.0,3.0,3.0,1.044509,3.6666666666666665,4.5,3.5,2.0,1.0
13752.0,11.0,3.0,2.0,54.0,4.0,5.0,5.0,3.0,3.0,2.0,2.0,2.0,2.0,2.0,2.0,,,,,,,,,,,,,,,,,,2.0,1.0,,,3.0,,5.0,,,2.0,3.0,3.0,2.0,3.0,3.0,4.0,3.0,5.0,3.0,3.0,3.0,5.0,4.0,3.0,5.0,1.0,1.0,1.0,1.0,1.0,1.0,1.0,3.0,1.0,1.0,1.0,2.0,2.0,2.0,1.0,3.0,4.0,4.0,3.0,4.0,3.0,3.0,4.0,4.0,4.0,3.0,4.0,4.0,3.0,3.0,2.0,3.0,3.0,2.0,3.0,2.0,2.0,4.0,4.0,4.0,3.0,3.0,3.0,3.0,3.0,4.0,3.0,3.0,5.0,3.0,2.0,2.0,2.0,3.0,4.0,3.0,4.0,4.0,4.0,3.0,3.0,5.0,2.0,4.0,3.0,1.0,4.0,4.0,1.0,,2.0,3.0,4.0,2.0,2.0,1.0,1.0,4.0,3.0,3.0,4.0,2.0,1.0,2.0,2.0,1.0,2.0,2.0,3.0,3.0,3.0,1.0,1.0,1.0,1.0,1.0,1.0,1.0,1.0,1.0,1.0,1.0,3.0,3.0,8.0,2.0,2.0,2.0,2.0,2.0,1.0,5.0,,3.0,2.0,1.0,4.0,2.0,0.976223,2.0,2.0,4.0,2.0,2.0
13765.0,14.0,4.0,1.0,52.0,4.0,5.0,5.0,4.0,3.0,4.0,4.0,4.0,4.0,3.0,2.0,,,,,,,,,,,,,,,,,,1.0,2.0,,,,,,,,2.0,5.0,5.0,5.0,5.0,5.0,5.0,5.0,5.0,5.0,4.0,4.0,5.0,5.0,5.0,5.0,4.0,4.0,4.0,4.0,4.0,4.0,4.0,4.0,4.0,4.0,4.0,4.0,4.0,3.0,4.0,5.0,4.0,5.0,4.0,4.0,4.0,5.0,5.0,4.0,3.0,5.0,5.0,5.0,4.0,3.0,5.0,5.0,5.0,4.0,4.0,4.0,4.0,4.0,4.0,4.0,5.0,5.0,5.0,4.0,4.0,4.0,4.0,4.0,4.0,5.0,3.0,4.0,3.0,4.0,4.0,3.0,4.0,3.0,4.0,2.0,4.0,9.0,4.0,4.0,4.0,1.0,4.0,4.0,1.0,,4.0,3.0,4.0,2.0,4.0,2.0,2.0,4.0,3.0,3.0,4.0,3.0,1.0,2.0,2.0,1.0,2.0,4.0,4.0,4.0,4.0,3.0,3.0,3.0,2.0,1.0,2.0,3.0,3.0,4.0,3.0,3.0,4.0,8.0,8.0,1.0,2.0,1.0,2.0,2.0,1.0,4.0,,3.0,2.0,1.0,3.0,2.0,1.073801,3.6666666666666665,4.0,4.0,4.0,2.0
13767.0,3.0,5.0,2.0,54.0,4.0,5.0,5.0,5.0,4.0,5.0,5.0,5.0,4.0,4.0,1.0,,,3.0,,5.0,,,,,,,,,,,,,1.0,2.0,,,,,,,,4.0,4.0,3.0,4.0,3.0,3.0,3.0,4.0,3.0,3.0,4.0,3.0,4.0,3.0,3.0,4.0,4.0,3.0,4.0,3.0,4.0,5.0,3.0,5.0,5.0,5.0,5.0,4.0,3.0,3.0,4.0,4.0,4.0,4.0,4.0,4.0,4.0,4.0,4.0,4.0,3.0,3.0,3.0,3.0,3.0,4.0,3.0,4.0,4.0,4.0,3.0,4.0,4.0,4.0,4.0,4.0,4.0,3.0,3.0,3.0,3.0,3.0,3.0,3.0,4.0,4.0,4.0,3.0,3.0,3.0,3.0,3.0,5.0,5.0,5.0,4.0,5.0,8.0,5.0,5.0,4.0,1.0,4.0,3.0,2.0,,4.0,3.0,3.0,2.0,3.0,3.0,3.0,4.0,4.0,3.0,3.0,3.0,2.0,2.0,1.0,1.0,2.0,4.0,4.0,3.0,3.0,3.0,4.0,2.0,2.0,2.0,1.0,1.0,2.0,3.0,2.0,3.0,3.0,7.0,7.0,1.0,1.0,2.0,2.0,2.0,1.0,3.0,,4.0,2.0,1.0,2.0,3.0,1.111192,4.333333333333333,5.0,3.5,3.0,2.0
13818.0,1.0,1.0,2.0,25.0,1.0,4.0,5.0,4.0,3.0,4.0,4.0,3.0,4.0,4.0,2.0,,,,,,,,,,,,,,,,,,2.0,1.0,,,3.0,,,,,2.0,3.0,4.0,4.0,4.0,5.0,5.0,4.0,5.0,3.0,4.0,3.0,5.0,5.0,5.0,5.0,3.0,3.0,3.0,3.0,3.0,3.0,3.0,3.0,3.0,3.0,3.0,3.0,3.0,3.0,3.0,3.0,4.0,3.0,3.0,3.0,3.0,2.0,3.0,3.0,3.0,3.0,4.0,4.0,3.0,3.0,4.0,3.0,4.0,4.0,4.0,4.0,4.0,4.0,4.0,4.0,4.0,4.0,4.0,4.0,4.0,4.0,3.0,4.0,5.0,3.0,1.0,2.0,2.0,4.0,4.0,4.0,4.0,4.0,3.0,3.0,4.0,6.0,2.0,2.0,4.0,1.0,4.0,4.0,2.0,,3.0,3.0,2.0,1.0,3.0,3.0,3.0,3.0,3.0,3.0,3.0,3.0,2.0,2.0,2.0,1.0,2.0,4.0,4.0,3.0,3.0,2.0,3.0,3.0,2.0,2.0,1.0,3.0,3.0,1.0,1.0,1.0,3.0,5.0,7.0,2.0,1.0,2.0,2.0,1.0,,4.0,,3.0,1.0,2.0,3.0,2.0,1.034762,3.6666666666666665,4.0,4.0,3.0,1.0
14021.0,9.0,2.0,1.0,33.0,2.0,2.0,3.0,4.0,3.0,4.0,3.0,4.0,3.0,4.0,1.0,1.0,,3.0,,,,,,,,,,,,,,,1.0,1.0,,,,4.0,,,,3.0,2.0,2.0,4.0,3.0,4.0,3.0,3.0,4.0,3.0,3.0,3.0,3.0,2.0,3.0,4.0,3.0,4.0,4.0,4.0,4.0,4.0,3.0,3.0,4.0,3.0,3.0,3.0,4.0,5.0,5.0,4.0,3.0,4.0,5.0,5.0,3.0,2.0,2.0,3.0,5.0,1.0,4.0,4.0,4.0,3.0,4.0,3.0,1.0,3.0,2.0,4.0,3.0,4.0,5.0,5.0,5.0,4.0,4.0,4.0,4.0,3.0,3.0,3.0,3.0,2.0,3.0,2.0,2.0,2.0,4.0,3.0,3.0,3.0,2.0,2.0,3.0,7.0,3.0,3.0,4.0,2.0,3.0,3.0,3.0,,2.0,2.0,3.0,1.0,3.0,2.0,3.0,3.0,1.0,3.0,4.0,5.0,1.0,1.0,2.0,2.0,2.0,3.0,3.0,1.0,4.0,5.0,4.0,4.0,4.0,4.0,3.0,4.0,2.0,3.0,3.0,4.0,3.0,8.0,8.0,2.0,1.0,2.0,2.0,2.0,2.0,3.0,,3.0,2.0,2.0,2.0,2.0,0.921551,3.6666666666666665,3.5,3.0,3.0,1.0
14108.0,12.0,3.0,1.0,37.0,2.0,3.0,3.0,3.0,3.0,5.0,5.0,5.0,5.0,5.0,1.0,1.0,2.0,3.0,4.0,,,,,,,,,,,,,,1.0,2.0,,,,,,,,3.0,2.0,4.0,2.0,3.0,2.0,3.0,2.0,5.0,4.0,3.0,2.0,2.0,2.0,4.0,4.0,5.0,5.0,5.0,5.0,5.0,5.0,5.0,5.0,5.0,5.0,5.0,5.0,5.0,5.0,5.0,5.0,5.0,5.0,5.0,5.0,5.0,5.0,5.0,5.0,5.0,5.0,5.0,5.0,5.0,5.0,5.0,5.0,5.0,5.0,5.0,5.0,5.0,5.0,5.0,5.0,5.0,5.0,5.0,5.0,5.0,4.0,5.0,5.0,5.0,5.0,3.0,4.0,4.0,4.0,4.0,3.0,2.0,4.0,4.0,5.0,4.0,9.0,5.0,5.0,5.0,1.0,4.0,2.0,4.0,,4.0,4.0,4.0,1.0,4.0,5.0,5.0,5.0,5.0,3.0,3.0,5.0,2.0,1.0,2.0,2.0,2.0,5.0,5.0,5.0,5.0,1.0,4.0,2.0,1.0,1.0,1.0,1.0,4.0,1.0,1.0,3.0,4.0,2.0,2.0,2.0,2.0,2.0,2.0,2.0,2.0,4.0,,4.0,2.0,2.0,3.0,3.0,0.865768,5.0,5.0,3.0,4.0,1.0
14147.0,1.0,1.0,1.0,40.0,3.0,5.0,5.0,2.0,3.0,2.0,2.0,2.0,2.0,2.0,2.0,,,,,,,,,,,,,,,,,,2.0,1.0,,,3.0,,5.0,,,3.0,3.0,4.0,3.0,3.0,3.0,4.0,3.0,3.0,3.0,3.0,3.0,3.0,3.0,3.0,5.0,3.0,3.0,3.0,3.0,3.0,3.0,3.0,3.0,3.0,3.0,3.0,3.0,3.0,3.0,3.0,2.0,2.0,2.0,2.0,2.0,2.0,2.0,2.0,2.0,2.0,2.0,2.0,2.0,2.0,2.0,2.0,2.0,2.0,2.0,2.0,2.0,2.0,2.0,2.0,2.0,2.0,2.0,2.0,2.0,2.0,4.0,4.0,4.0,4.0,4.0,3.0,4.0,3.0,4.0,4.0,3.0,3.0,3.0,3.0,3.0,3.0,3.0,4.0,3.0,2.0,1.0,4.0,4.0,1.0,,2.0,2.0,5.0,2.0,2.0,3.0,3.0,3.0,3.0,3.0,3.0,3.0,2.0,2.0,2.0,1.0,2.0,3.0,3.0,3.0,3.0,2.0,2.0,2.0,2.0,2.0,2.0,2.0,2.0,2.0,2.0,2.0,2.0,11.0,11.0,2.0,2.0,2.0,2.0,1.0,,2.0,,3.0,1.0,2.0,1.0,2.0,1.074504,2.0,2.0,4.0,2.0,2.0
14214.0,6.0,3.0,1.0,57.0,4.0,3.0,5.0,4.0,4.0,4.0,4.0,4.0,4.0,4.0,1.0,,,,4.0,,,,,9.0,,,,,,,,,1.0,1.0,,2.0,,,,,,2.0,2.0,1.0,2.0,2.0,2.0,2.0,2.0,3.0,3.0,2.0,3.0,3.0,3.0,2.0,1.0,2.0,3.0,2.0,2.0,3.0,2.0,2.0,2.0,2.0,3.0,3.0,2.0,3.0,3.0,2.0,1.0,2.0,2.0,3.0,2.0,3.0,2.0,3.0,3.0,2.0,2.0,3.0,3.0,2.0,1.0,3.0,2.0,3.0,2.0,3.0,2.0,2.0,3.0,2.0,2.0,3.0,2.0,2.0,3.0,2.0,3.0,4.0,4.0,5.0,5.0,4.0,4.0,4.0,2.0,2.0,2.0,3.0,2.0,2.0,3.0,2.0,4.0,3.0,4.0,2.0,1.0,4.0,4.0,4.0,,3.0,3.0,3.0,1.0,3.0,3.0,4.0,4.0,3.0,3.0,4.0,4.0,1.0,2.0,1.0,1.0,1.0,4.0,3.0,3.0,3.0,3.0,3.0,2.0,2.0,3.0,4.0,3.0,3.0,4.0,3.0,3.0,4.0,11.0,7.0,1.0,1.0,1.0,1.0,2.0,1.0,3.0,,3.0,2.0,1.0,2.0,2.0,0.875187,4.0,4.0,4.0,3.0,1.0
14251.0,17.0,4.0,2.0,50.0,4.0,5.0,5.0,2.0,2.0,1.0,1.0,1.0,1.0,1.0,2.0,,,,,,,,,,,,,,,,,,2.0,2.0,,,,,,,,4.0,4.0,4.0,3.0,2.0,2.0,2.0,1.0,4.0,3.0,3.0,1.0,5.0,4.0,3.0,5.0,1.0,1.0,1.0,1.0,1.0,1.0,1.0,1.0,1.0,1.0,1.0,2.0,2.0,1.0,1.0,1.0,1.0,2.0,1.0,1.0,1.0,1.0,2.0,1.0,1.0,1.0,2.0,2.0,1.0,2.0,1.0,1.0,2.0,1.0,1.0,1.0,1.0,2.0,1.0,1.0,1.0,2.0,2.0,1.0,2.0,5.0,5.0,5.0,5.0,3.0,1.0,1.0,1.0,5.0,5.0,3.0,5.0,5.0,4.0,4.0,5.0,6.0,5.0,4.0,4.0,1.0,3.0,2.0,5.0,,3.0,3.0,3.0,1.0,4.0,1.0,1.0,3.0,2.0,4.0,3.0,1.0,1.0,2.0,2.0,2.0,2.0,4.0,4.0,2.0,3.0,2.0,2.0,2.0,1.0,1.0,1.0,1.0,1.0,2.0,1.0,1.0,2.0,11.0,5.0,1.0,2.0,1.0,2.0,2.0,1.0,5.0,,4.0,2.0,1.0,4.0,3.0,1.055948,1.0,1.0,2.5,4.0,1.0
14309.0,9.0,2.0,1.0,19.0,1.0,5.0,5.0,5.0,4.0,3.0,3.0,2.0,2.0,3.0,2.0,,,,,,,,,,,,,,,,,,2.0,2.0,,,,,,,,1.0,3.0,3.0,3.0,3.0,2.0,3.0,2.0,4.0,3.0,3.0,5.0,5.0,4.0,3.0,5.0,3.0,2.0,3.0,2.0,2.0,2.0,2.0,4.0,4.0,4.0,2.0,3.0,4.0,2.0,2.0,3.0,3.0,3.0,2.0,2.0,2.0,3.0,4.0,4.0,4.0,4.0,4.0,4.0,3.0,2.0,3.0,3.0,3.0,2.0,2.0,2.0,2.0,4.0,3.0,3.0,3.0,4.0,4.0,3.0,2.0,4.0,4.0,3.0,5.0,4.0,2.0,4.0,3.0,4.0,4.0,3.0,2.0,2.0,2.0,2.0,4.0,7.0,2.0,2.0,4.0,1.0,5.0,4.0,2.0,,2.0,1.0,3.0,2.0,2.0,2.0,2.0,4.0,2.0,2.0,3.0,3.0,1.0,2.0,2.0,2.0,2.0,4.0,4.0,3.0,4.0,3.0,4.0,2.0,2.0,3.0,3.0,3.0,4.0,4.0,4.0,3.0,2.0,10.0,5.0,2.0,2.0,2.0,2.0,1.0,,6.0,,3.0,1.0,2.0,5.0,2.0,1.051424,2.3333333333333335,3.0,4.5,2.0,2.0
14316.0,7.0,6.0,1.0,29.0,1.0,4.0,4.0,4.0,4.0,5.0,3.0,4.0,4.0,4.0,1.0,1.0,,3.0,,,,,,,,,,,,,,,1.0,1.0,,2.0,,,,,,3.0,3.0,2.0,3.0,3.0,2.0,3.0,3.0,2.0,4.0,3.0,1.0,2.0,3.0,4.0,3.0,4.0,3.0,3.0,3.0,2.0,3.0,4.0,3.0,2.0,3.0,3.0,3.0,4.0,4.0,4.0,4.0,2.0,4.0,3.0,4.0,4.0,4.0,4.0,3.0,4.0,3.0,4.0,3.0,5.0,3.0,2.0,2.0,5.0,4.0,4.0,4.0,3.0,2.0,2.0,3.0,5.0,1.0,3.0,3.0,4.0,4.0,4.0,3.0,3.0,3.0,5.0,2.0,3.0,4.0,4.0,4.0,3.0,4.0,4.0,2.0,2.0,11.0,3.0,4.0,4.0,1.0,4.0,4.0,4.0,,3.0,3.0,4.0,1.0,4.0,4.0,4.0,4.0,3.0,3.0,3.0,4.0,1.0,2.0,2.0,1.0,1.0,3.0,3.0,3.0,3.0,4.0,3.0,2.0,2.0,4.0,3.0,4.0,3.0,3.0,4.0,5.0,4.0,10.0,8.0,1.0,1.0,1.0,2.0,1.0,,4.0,,3.0,1.0,2.0,3.0,2.0,1.00476,4.0,4.0,4.0,4.0,1.0
14361.0,4.0,2.0,1.0,19.0,1.0,5.0,5.0,5.0,5.0,3.0,3.0,3.0,4.0,4.0,2.0,,,,,,,,,,,,,,,,,,2.0,2.0,,,,,,,,4.0,3.0,3.0,3.0,4.0,4.0,4.0,2.0,5.0,2.0,3.0,2.0,5.0,5.0,2.0,5.0,4.0,4.0,4.0,4.0,4.0,4.0,4.0,4.0,4.0,4.0,4.0,4.0,4.0,4.0,4.0,3.0,4.0,4.0,5.0,3.0,4.0,3.0,5.0,4.0,3.0,4.0,3.0,5.0,5.0,4.0,5.0,5.0,5.0,5.0,3.0,4.0,3.0,5.0,5.0,5.0,5.0,5.0,4.0,5.0,3.0,4.0,4.0,5.0,5.0,3.0,2.0,5.0,2.0,4.0,4.0,3.0,4.0,4.0,4.0,4.0,4.0,3.0,4.0,2.0,3.0,1.0,5.0,5.0,5.0,,4.0,4.0,5.0,1.0,4.0,3.0,4.0,5.0,3.0,4.0,5.0,4.0,1.0,2.0,2.0,2.0,2.0,3.0,4.0,2.0,3.0,2.0,4.0,4.0,1.0,3.0,2.0,2.0,4.0,3.0,2.0,4.0,3.0,4.0,8.0,2.0,2.0,2.0,2.0,1.0,,6.0,,3.0,1.0,2.0,5.0,2.0,1.051424,3.6666666666666665,3.0,5.0,4.0,1.0
14376.0,13.0,4.0,1.0,21.0,1.0,5.0,5.0,5.0,4.0,4.0,5.0,4.0,5.0,4.0,2.0,,,,,,,,,,,,,,,,,,2.0,2.0,,,,,,,,2.0,4.0,4.0,4.0,4.0,3.0,3.0,2.0,4.0,3.0,4.0,2.0,4.0,5.0,5.0,4.0,5.0,5.0,5.0,4.0,5.0,5.0,4.0,5.0,5.0,5.0,5.0,5.0,5.0,4.0,5.0,4.0,4.0,4.0,3.0,3.0,3.0,4.0,4.0,4.0,4.0,5.0,4.0,5.0,3.0,4.0,4.0,4.0,3.0,3.0,2.0,3.0,4.0,4.0,4.0,3.0,4.0,3.0,4.0,3.0,4.0,4.0,4.0,5.0,4.0,4.0,5.0,4.0,5.0,3.0,4.0,3.0,3.0,4.0,4.0,5.0,4.0,6.0,3.0,2.0,4.0,1.0,4.0,3.0,4.0,,4.0,5.0,4.0,2.0,3.0,1.0,3.0,3.0,2.0,2.0,4.0,3.0,2.0,2.0,2.0,2.0,2.0,2.0,4.0,2.0,4.0,1.0,1.0,1.0,1.0,1.0,2.0,2.0,3.0,2.0,2.0,3.0,3.0,7.0,6.0,2.0,2.0,2.0,2.0,1.0,,6.0,,3.0,1.0,2.0,5.0,2.0,1.158012,4.333333333333333,4.5,3.5,3.0,2.0
14507.0,2.0,6.0,1.0,45.0,3.0,5.0,5.0,5.0,5.0,4.0,4.0,5.0,5.0,4.0,2.0,,,,,,,,,,,,,,,,,,1.0,2.0,,,,,,,,3.0,4.0,4.0,4.0,3.0,4.0,4.0,3.0,4.0,3.0,4.0,4.0,4.0,3.0,4.0,3.0,4.0,3.0,4.0,4.0,4.0,5.0,5.0,4.0,5.0,5.0,4.0,5.0,5.0,4.0,4.0,5.0,5.0,4.0,4.0,5.0,4.0,4.0,5.0,5.0,4.0,4.0,5.0,5.0,4.0,4.0,4.0,4.0,3.0,4.0,5.0,4.0,4.0,5.0,4.0,4.0,5.0,5.0,4.0,4.0,5.0,2.0,3.0,4.0,3.0,4.0,3.0,3.0,4.0,3.0,3.0,4.0,3.0,4.0,4.0,3.0,3.0,8.0,4.0,4.0,4.0,1.0,5.0,4.0,2.0,,5.0,4.0,5.0,1.0,5.0,4.0,5.0,4.0,5.0,5.0,4.0,5.0,1.0,1.0,1.0,1.0,1.0,5.0,4.0,5.0,5.0,4.0,5.0,4.0,4.0,5.0,4.0,5.0,4.0,4.0,5.0,4.0,5.0,9.0,9.0,1.0,1.0,1.0,1.0,1.0,,3.0,,3.0,1.0,2.0,2.0,2.0,0.846161,4.666666666666667,4.0,4.5,5.0,1.0
14567.0,1.0,1.0,2.0,57.0,4.0,5.0,5.0,5.0,5.0,5.0,5.0,5.0,5.0,5.0,1.0,1.0,,3.0,4.0,,6.0,,,,,,,,,,,,1.0,2.0,,,,,,,,4.0,5.0,5.0,3.0,5.0,4.0,5.0,4.0,5.0,5.0,4.0,3.0,5.0,5.0,5.0,5.0,5.0,5.0,5.0,5.0,5.0,5.0,5.0,5.0,5.0,5.0,5.0,4.0,5.0,5.0,5.0,3.0,3.0,3.0,3.0,3.0,3.0,3.0,4.0,3.0,3.0,3.0,3.0,3.0,1.0,3.0,4.0,4.0,4.0,4.0,4.0,4.0,3.0,4.0,4.0,4.0,4.0,4.0,5.0,2.0,4.0,5.0,4.0,4.0,4.0,5.0,5.0,5.0,4.0,4.0,4.0,4.0,5.0,5.0,4.0,5.0,5.0,11.0,5.0,5.0,5.0,1.0,5.0,5.0,1.0,,4.0,5.0,5.0,1.0,5.0,5.0,5.0,5.0,4.0,5.0,5.0,5.0,1.0,1.0,1.0,1.0,1.0,5.0,4.0,5.0,5.0,5.0,4.0,4.0,5.0,5.0,4.0,5.0,5.0,5.0,5.0,4.0,5.0,11.0,10.0,1.0,1.0,1.0,1.0,2.0,1.0,4.0,,3.0,2.0,1.0,3.0,2.0,1.053567,5.0,5.0,5.0,5.0,1.0
14571.0,1.0,1.0,2.0,29.0,1.0,5.0,5.0,3.0,3.0,4.0,4.0,4.0,5.0,5.0,2.0,,,,,,,,,,,,,,,,,,2.0,2.0,,,,,,,,2.0,3.0,3.0,3.0,3.0,3.0,3.0,2.0,3.0,3.0,3.0,3.0,4.0,3.0,3.0,5.0,4.0,4.0,4.0,4.0,4.0,3.0,3.0,4.0,4.0,4.0,4.0,4.0,4.0,4.0,5.0,3.0,4.0,3.0,4.0,4.0,4.0,3.0,4.0,4.0,4.0,3.0,4.0,3.0,3.0,3.0,4.0,4.0,4.0,4.0,4.0,4.0,4.0,4.0,4.0,4.0,3.0,4.0,4.0,4.0,4.0,4.0,4.0,4.0,4.0,4.0,3.0,3.0,2.0,2.0,3.0,4.0,4.0,4.0,3.0,4.0,3.0,11.0,3.0,3.0,3.0,1.0,3.0,3.0,3.0,,3.0,3.0,3.0,1.0,3.0,3.0,3.0,3.0,3.0,3.0,3.0,3.0,2.0,2.0,2.0,2.0,2.0,3.0,4.0,2.0,3.0,2.0,3.0,2.0,1.0,1.0,1.0,2.0,3.0,3.0,3.0,2.0,4.0,11.0,11.0,2.0,2.0,2.0,2.0,2.0,1.0,4.0,,4.0,2.0,1.0,3.0,3.0,1.034762,4.666666666666667,4.0,3.0,3.0,1.0
14604.0,9.0,2.0,2.0,59.0,4.0,4.0,5.0,4.0,4.0,4.0,4.0,4.0,4.0,4.0,2.0,,,,,,,,,,,,,,,,,,2.0,1.0,,,3.0,4.0,5.0,,,2.0,4.0,5.0,4.0,5.0,4.0,4.0,4.0,4.0,4.0,3.0,4.0,5.0,4.0,4.0,5.0,3.0,4.0,4.0,3.0,3.0,3.0,4.0,4.0,3.0,4.0,4.0,3.0,4.0,3.0,3.0,4.0,5.0,5.0,4.0,4.0,4.0,4.0,5.0,4.0,4.0,4.0,5.0,5.0,5.0,4.0,3.0,3.0,4.0,3.0,4.0,4.0,4.0,4.0,4.0,4.0,4.0,4.0,5.0,4.0,3.0,4.0,3.0,3.0,5.0,4.0,2.0,4.0,4.0,3.0,4.0,4.0,4.0,4.0,4.0,4.0,4.0,9.0,4.0,4.0,5.0,1.0,5.0,4.0,4.0,,4.0,4.0,4.0,2.0,2.0,1.0,2.0,4.0,3.0,3.0,4.0,3.0,2.0,2.0,1.0,2.0,1.0,4.0,4.0,3.0,4.0,3.0,3.0,3.0,3.0,3.0,2.0,2.0,2.0,3.0,2.0,4.0,4.0,4.0,4.0,1.0,2.0,1.0,1.0,2.0,1.0,5.0,,3.0,2.0,1.0,4.0,2.0,1.05617,4.0,4.0,4.5,2.0,2.0
14612.0,11.0,3.0,2.0,27.0,1.0,5.0,5.0,5.0,5.0,5.0,5.0,4.0,4.0,4.0,2.0,,,,,,,,,,,,,,,,,,2.0,1.0,,,3.0,4.0,,,,3.0,5.0,4.0,4.0,5.0,5.0,5.0,4.0,5.0,3.0,3.0,3.0,5.0,4.0,3.0,5.0,3.0,3.0,3.0,3.0,3.0,3.0,3.0,4.0,4.0,4.0,4.0,3.0,4.0,3.0,3.0,4.0,4.0,4.0,4.0,4.0,3.0,4.0,4.0,4.0,4.0,4.0,3.0,4.0,2.0,2.0,4.0,4.0,4.0,4.0,4.0,2.0,4.0,4.0,4.0,4.0,4.0,2.0,4.0,2.0,2.0,3.0,4.0,4.0,4.0,3.0,2.0,4.0,4.0,5.0,4.0,3.0,4.0,5.0,5.0,4.0,4.0,11.0,4.0,4.0,4.0,1.0,3.0,2.0,3.0,,3.0,4.0,5.0,1.0,4.0,1.0,2.0,4.0,3.0,3.0,5.0,4.0,2.0,2.0,2.0,1.0,2.0,4.0,4.0,1.0,4.0,1.0,2.0,1.0,1.0,1.0,1.0,3.0,2.0,3.0,2.0,1.0,4.0,9.0,1.0,1.0,2.0,1.0,2.0,2.0,2.0,5.0,,2.0,2.0,2.0,4.0,1.0,0.987061,4.0,5.0,2.5,4.0,1.0
14613.0,9.0,2.0,2.0,19.0,1.0,5.0,5.0,3.0,3.0,4.0,3.0,4.0,4.0,4.0,2.0,,,,,,,,,,,,,,,,,,2.0,2.0,,,,,,,,2.0,4.0,4.0,2.0,2.0,2.0,4.0,2.0,3.0,2.0,2.0,2.0,4.0,4.0,3.0,4.0,4.0,4.0,4.0,4.0,4.0,4.0,4.0,4.0,4.0,4.0,4.0,4.0,4.0,4.0,4.0,4.0,4.0,4.0,4.0,4.0,4.0,4.0,4.0,4.0,4.0,4.0,4.0,4.0,4.0,4.0,4.0,4.0,4.0,4.0,4.0,4.0,4.0,4.0,4.0,4.0,4.0,4.0,4.0,4.0,4.0,4.0,3.0,2.0,5.0,4.0,1.0,4.0,2.0,2.0,3.0,3.0,3.0,3.0,3.0,2.0,3.0,8.0,3.0,2.0,3.0,2.0,4.0,4.0,1.0,,3.0,3.0,4.0,2.0,3.0,2.0,3.0,3.0,3.0,3.0,3.0,3.0,2.0,2.0,2.0,2.0,2.0,4.0,4.0,4.0,4.0,4.0,4.0,4.0,2.0,3.0,4.0,3.0,2.0,4.0,2.0,2.0,4.0,6.0,4.0,2.0,2.0,2.0,2.0,1.0,,6.0,,3.0,1.0,2.0,5.0,2.0,1.026542,4.0,3.5,4.0,3.0,2.0
14615.0,9.0,2.0,1.0,56.0,4.0,5.0,5.0,4.0,3.0,4.0,4.0,3.0,3.0,3.0,2.0,,,,,,,,,,,,,,,,,,2.0,1.0,1.0,,3.0,,5.0,,,2.0,3.0,3.0,3.0,3.0,2.0,4.0,3.0,4.0,3.0,3.0,3.0,4.0,4.0,4.0,4.0,3.0,3.0,3.0,4.0,3.0,3.0,3.0,3.0,3.0,3.0,3.0,4.0,4.0,3.0,3.0,3.0,3.0,3.0,4.0,3.0,3.0,3.0,3.0,3.0,3.0,3.0,4.0,4.0,4.0,3.0,3.0,3.0,3.0,3.0,4.0,4.0,4.0,4.0,4.0,4.0,4.0,4.0,5.0,5.0,3.0,4.0,4.0,4.0,4.0,3.0,3.0,3.0,3.0,3.0,4.0,4.0,4.0,4.0,4.0,3.0,3.0,9.0,3.0,3.0,3.0,1.0,4.0,4.0,3.0,,3.0,3.0,4.0,2.0,3.0,3.0,3.0,4.0,3.0,3.0,3.0,4.0,2.0,2.0,2.0,2.0,1.0,3.0,3.0,4.0,3.0,3.0,3.0,3.0,2.0,2.0,3.0,3.0,2.0,3.0,3.0,3.0,3.0,8.0,9.0,2.0,2.0,1.0,1.0,2.0,1.0,4.0,,3.0,2.0,1.0,3.0,2.0,1.048518,3.0,4.0,4.0,3.0,2.0
14627.0,1.0,1.0,1.0,47.0,3.0,4.0,4.0,3.0,2.0,3.0,3.0,3.0,2.0,2.0,2.0,,,,,,,,,,,,,,,,,,2.0,2.0,,,,,,,,3.0,3.0,3.0,2.0,3.0,2.0,3.0,2.0,3.0,3.0,2.0,2.0,3.0,2.0,2.0,4.0,1.0,1.0,2.0,2.0,1.0,2.0,2.0,2.0,1.0,2.0,2.0,2.0,1.0,2.0,2.0,2.0,2.0,1.0,1.0,2.0,2.0,1.0,1.0,1.0,2.0,2.0,2.0,2.0,1.0,2.0,2.0,2.0,1.0,1.0,1.0,1.0,2.0,2.0,2.0,1.0,2.0,2.0,2.0,1.0,1.0,3.0,3.0,2.0,3.0,3.0,2.0,3.0,3.0,3.0,2.0,3.0,3.0,3.0,2.0,3.0,3.0,6.0,3.0,3.0,3.0,1.0,4.0,4.0,2.0,,3.0,2.0,3.0,2.0,2.0,4.0,3.0,2.0,1.0,1.0,3.0,2.0,2.0,2.0,2.0,1.0,2.0,1.0,3.0,1.0,1.0,1.0,1.0,1.0,1.0,1.0,1.0,1.0,1.0,1.0,1.0,1.0,2.0,6.0,6.0,2.0,2.0,2.0,2.0,2.0,1.0,4.0,,3.0,2.0,1.0,3.0,2.0,1.074504,2.3333333333333335,3.0,4.0,2.0,2.0
14636.0,6.0,3.0,2.0,51.0,4.0,4.0,4.0,3.0,3.0,4.0,3.0,3.0,3.0,3.0,2.0,,,,,,,,,,,,,,,,,,2.0,1.0,1.0,,3.0,,5.0,,,3.0,4.0,3.0,4.0,3.0,3.0,4.0,2.0,3.0,2.0,2.0,4.0,4.0,4.0,3.0,5.0,4.0,4.0,4.0,3.0,3.0,4.0,3.0,4.0,4.0,4.0,3.0,3.0,4.0,3.0,4.0,4.0,4.0,4.0,4.0,3.0,3.0,3.0,4.0,4.0,4.0,3.0,3.0,4.0,3.0,4.0,4.0,4.0,4.0,3.0,3.0,4.0,3.0,4.0,4.0,4.0,3.0,3.0,4.0,3.0,3.0,4.0,4.0,4.0,4.0,3.0,2.0,3.0,3.0,3.0,3.0,3.0,3.0,2.0,2.0,2.0,3.0,7.0,4.0,3.0,4.0,1.0,5.0,5.0,2.0,,3.0,2.0,3.0,2.0,2.0,1.0,2.0,2.0,1.0,1.0,3.0,3.0,2.0,2.0,2.0,2.0,2.0,4.0,4.0,3.0,2.0,1.0,2.0,2.0,1.0,1.0,1.0,1.0,2.0,4.0,3.0,1.0,3.0,5.0,5.0,2.0,2.0,2.0,2.0,2.0,2.0,8.0,,4.0,2.0,2.0,7.0,3.0,0.976223,3.0,3.5,5.0,2.0,2.0
14646.0,9.0,2.0,2.0,52.0,4.0,5.0,5.0,4.0,2.0,4.0,4.0,4.0,4.0,2.0,2.0,,,,,,,,,,,,,,,,,,2.0,2.0,,,,,,,,2.0,3.0,3.0,3.0,3.0,3.0,3.0,3.0,3.0,3.0,3.0,2.0,4.0,4.0,4.0,4.0,4.0,4.0,4.0,3.0,4.0,3.0,4.0,4.0,4.0,4.0,4.0,4.0,4.0,2.0,3.0,4.0,4.0,4.0,3.0,4.0,2.0,3.0,4.0,3.0,4.0,3.0,3.0,4.0,2.0,3.0,4.0,4.0,4.0,3.0,4.0,3.0,3.0,3.0,3.0,4.0,3.0,3.0,4.0,3.0,3.0,4.0,4.0,4.0,3.0,3.0,1.0,3.0,1.0,4.0,3.0,4.0,5.0,4.0,4.0,4.0,5.0,9.0,2.0,1.0,4.0,1.0,4.0,3.0,4.0,,4.0,3.0,4.0,2.0,3.0,4.0,4.0,4.0,4.0,4.0,4.0,3.0,2.0,2.0,2.0,2.0,2.0,2.0,4.0,2.0,3.0,2.0,4.0,3.0,2.0,3.0,2.0,3.0,2.0,4.0,4.0,4.0,2.0,8.0,4.0,1.0,2.0,1.0,2.0,2.0,1.0,5.0,,3.0,2.0,1.0,4.0,2.0,1.05617,3.3333333333333335,4.0,3.5,3.0,2.0
14674.0,11.0,3.0,1.0,24.0,1.0,5.0,5.0,4.0,4.0,5.0,4.0,3.0,3.0,3.0,2.0,,,,,,,,,,,,,,,,,,1.0,2.0,,,,,,,,2.0,2.0,2.0,2.0,2.0,2.0,3.0,1.0,4.0,3.0,1.0,2.0,4.0,4.0,3.0,3.0,3.0,4.0,3.0,3.0,3.0,3.0,4.0,4.0,4.0,3.0,4.0,3.0,4.0,3.0,4.0,4.0,3.0,4.0,3.0,4.0,4.0,4.0,3.0,4.0,4.0,4.0,4.0,4.0,5.0,3.0,4.0,3.0,4.0,4.0,4.0,4.0,5.0,4.0,4.0,5.0,4.0,3.0,3.0,3.0,4.0,2.0,4.0,4.0,3.0,2.0,3.0,3.0,3.0,3.0,3.0,4.0,4.0,3.0,3.0,3.0,4.0,4.0,3.0,3.0,4.0,1.0,3.0,3.0,1.0,,3.0,4.0,2.0,1.0,3.0,3.0,3.0,3.0,2.0,3.0,3.0,2.0,2.0,2.0,2.0,1.0,1.0,3.0,2.0,3.0,3.0,3.0,4.0,3.0,3.0,3.0,2.0,2.0,2.0,2.0,2.0,3.0,3.0,6.0,7.0,2.0,2.0,1.0,1.0,1.0,,3.0,,4.0,1.0,2.0,2.0,3.0,0.984842,3.0,4.5,3.0,3.0,1.0
14695.0,9.0,2.0,1.0,24.0,1.0,4.0,4.0,4.0,4.0,4.0,4.0,4.0,4.0,4.0,1.0,1.0,2.0,3.0,4.0,5.0,6.0,,,,,,,,,,,,2.0,2.0,,,,,,,,4.0,2.0,3.0,2.0,3.0,2.0,3.0,2.0,2.0,2.0,2.0,2.0,2.0,4.0,2.0,3.0,3.0,3.0,3.0,3.0,3.0,3.0,3.0,3.0,3.0,3.0,3.0,3.0,4.0,3.0,3.0,4.0,4.0,4.0,4.0,4.0,3.0,3.0,3.0,3.0,3.0,3.0,3.0,4.0,3.0,3.0,4.0,4.0,4.0,4.0,4.0,4.0,3.0,4.0,3.0,3.0,3.0,3.0,4.0,3.0,3.0,3.0,3.0,3.0,3.0,3.0,3.0,2.0,2.0,3.0,3.0,3.0,3.0,3.0,3.0,4.0,3.0,7.0,3.0,3.0,3.0,1.0,2.0,2.0,2.0,,4.0,3.0,4.0,1.0,3.0,3.0,4.0,5.0,5.0,4.0,4.0,5.0,1.0,1.0,1.0,1.0,1.0,5.0,5.0,5.0,5.0,4.0,4.0,4.0,2.0,2.0,3.0,3.0,3.0,3.0,3.0,2.0,4.0,6.0,5.0,1.0,1.0,1.0,1.0,1.0,,7.0,,3.0,1.0,2.0,6.0,2.0,1.051424,4.0,4.0,2.0,3.0,1.0
14696.0,2.0,6.0,2.0,40.0,3.0,5.0,5.0,4.0,4.0,4.0,4.0,4.0,4.0,4.0,1.0,1.0,2.0,3.0,4.0,5.0,,,,,,,,13.0,,,,,2.0,1.0,1.0,,3.0,4.0,5.0,,,3.0,3.0,4.0,3.0,3.0,3.0,4.0,3.0,4.0,3.0,3.0,3.0,4.0,4.0,4.0,4.0,3.0,4.0,4.0,3.0,4.0,3.0,4.0,4.0,4.0,4.0,3.0,3.0,4.0,2.0,3.0,3.0,4.0,4.0,3.0,3.0,3.0,4.0,4.0,4.0,4.0,4.0,3.0,4.0,2.0,3.0,4.0,4.0,4.0,3.0,4.0,4.0,4.0,4.0,4.0,4.0,4.0,4.0,4.0,3.0,4.0,4.0,4.0,4.0,5.0,3.0,2.0,3.0,3.0,4.0,4.0,3.0,4.0,3.0,2.0,2.0,3.0,6.0,4.0,4.0,4.0,1.0,4.0,4.0,2.0,,3.0,3.0,4.0,1.0,4.0,3.0,3.0,4.0,3.0,4.0,4.0,3.0,1.0,2.0,2.0,2.0,1.0,4.0,4.0,4.0,4.0,4.0,3.0,4.0,3.0,3.0,4.0,3.0,4.0,4.0,4.0,2.0,3.0,6.0,4.0,1.0,2.0,1.0,1.0,1.0,,4.0,,4.0,1.0,2.0,3.0,3.0,1.115818,4.0,4.0,4.0,4.0,1.0
14707.0,9.0,2.0,1.0,30.0,2.0,5.0,5.0,5.0,5.0,4.0,3.0,3.0,4.0,3.0,2.0,,,,,,,,,,,,,,,,,,2.0,2.0,,,,,,,,3.0,5.0,4.0,5.0,5.0,4.0,5.0,4.0,5.0,5.0,4.0,5.0,4.0,5.0,5.0,5.0,4.0,5.0,5.0,5.0,5.0,5.0,4.0,5.0,5.0,5.0,5.0,5.0,4.0,4.0,4.0,5.0,5.0,5.0,5.0,4.0,4.0,4.0,4.0,5.0,5.0,5.0,5.0,5.0,5.0,5.0,4.0,4.0,5.0,5.0,5.0,5.0,4.0,4.0,5.0,5.0,5.0,5.0,5.0,4.0,4.0,3.0,4.0,4.0,5.0,5.0,3.0,5.0,3.0,5.0,4.0,3.0,3.0,5.0,4.0,5.0,3.0,6.0,3.0,3.0,3.0,1.0,4.0,4.0,3.0,,3.0,3.0,3.0,2.0,3.0,3.0,3.0,3.0,1.0,2.0,3.0,3.0,1.0,1.0,1.0,1.0,1.0,3.0,3.0,3.0,4.0,4.0,4.0,4.0,3.0,3.0,4.0,3.0,4.0,4.0,3.0,3.0,3.0,6.0,6.0,1.0,1.0,1.0,1.0,1.0,,7.0,,3.0,1.0,2.0,6.0,2.0,0.921551,3.3333333333333335,3.5,4.0,3.0,2.0
14729.0,9.0,2.0,2.0,36.0,2.0,5.0,5.0,5.0,5.0,4.0,3.0,4.0,4.0,4.0,2.0,,,,,,,,,,,,,,,,,,2.0,1.0,,,3.0,,5.0,,,4.0,3.0,3.0,3.0,3.0,3.0,4.0,3.0,3.0,3.0,3.0,3.0,3.0,5.0,3.0,4.0,3.0,4.0,4.0,4.0,4.0,4.0,4.0,5.0,5.0,5.0,5.0,5.0,5.0,3.0,3.0,4.0,5.0,5.0,5.0,5.0,5.0,5.0,5.0,5.0,5.0,5.0,5.0,5.0,4.0,4.0,4.0,5.0,5.0,5.0,5.0,5.0,5.0,5.0,5.0,5.0,5.0,5.0,5.0,4.0,5.0,5.0,5.0,5.0,5.0,5.0,5.0,5.0,5.0,3.0,2.0,1.0,1.0,4.0,5.0,3.0,3.0,9.0,4.0,2.0,5.0,1.0,5.0,4.0,2.0,,3.0,3.0,4.0,1.0,4.0,2.0,3.0,4.0,4.0,4.0,4.0,4.0,2.0,2.0,2.0,2.0,2.0,4.0,4.0,3.0,4.0,3.0,4.0,2.0,1.0,1.0,1.0,1.0,1.0,1.0,1.0,1.0,5.0,3.0,3.0,2.0,2.0,2.0,2.0,1.0,,4.0,,4.0,1.0,2.0,3.0,3.0,1.051499,4.0,3.5,4.5,4.0,1.0
14780.0,9.0,2.0,1.0,31.0,2.0,4.0,5.0,4.0,4.0,4.0,4.0,4.0,4.0,4.0,1.0,1.0,2.0,3.0,4.0,,6.0,,,,,,,,,,,,2.0,1.0,,,,,5.0,,,5.0,3.0,3.0,2.0,1.0,1.0,4.0,1.0,3.0,2.0,1.0,1.0,1.0,3.0,1.0,5.0,3.0,4.0,3.0,2.0,3.0,2.0,3.0,4.0,4.0,4.0,3.0,3.0,5.0,1.0,2.0,1.0,1.0,1.0,1.0,1.0,1.0,1.0,1.0,1.0,1.0,1.0,1.0,1.0,1.0,1.0,4.0,2.0,4.0,1.0,2.0,3.0,2.0,4.0,3.0,3.0,1.0,1.0,5.0,1.0,1.0,5.0,5.0,5.0,5.0,3.0,4.0,5.0,2.0,5.0,3.0,4.0,4.0,5.0,3.0,4.0,5.0,3.0,5.0,1.0,3.0,1.0,5.0,5.0,4.0,,3.0,3.0,4.0,2.0,4.0,4.0,4.0,4.0,3.0,3.0,5.0,4.0,1.0,2.0,2.0,2.0,2.0,5.0,5.0,5.0,5.0,3.0,5.0,3.0,2.0,2.0,3.0,2.0,3.0,2.0,2.0,2.0,3.0,10.0,1.0,1.0,1.0,2.0,2.0,1.0,,4.0,,2.0,1.0,2.0,3.0,1.0,0.921551,4.0,4.0,5.0,4.0,2.0
14912.0,6.0,3.0,1.0,49.0,3.0,4.0,4.0,3.0,3.0,4.0,4.0,3.0,4.0,3.0,2.0,,,,,,,,,,,,,,,,,,2.0,2.0,,,,,,,,4.0,4.0,4.0,4.0,4.0,4.0,4.0,4.0,4.0,4.0,4.0,4.0,4.0,4.0,4.0,4.0,4.0,4.0,4.0,4.0,4.0,4.0,4.0,4.0,4.0,4.0,4.0,4.0,4.0,3.0,3.0,4.0,4.0,4.0,4.0,4.0,4.0,4.0,4.0,4.0,4.0,4.0,4.0,4.0,4.0,3.0,4.0,4.0,4.0,4.0,4.0,4.0,4.0,4.0,4.0,4.0,4.0,4.0,4.0,3.0,3.0,4.0,4.0,4.0,4.0,3.0,2.0,3.0,3.0,3.0,3.0,3.0,3.0,3.0,4.0,4.0,3.0,8.0,4.0,3.0,3.0,1.0,4.0,4.0,3.0,,3.0,3.0,4.0,2.0,3.0,3.0,3.0,3.0,3.0,3.0,3.0,3.0,2.0,2.0,2.0,2.0,2.0,4.0,4.0,3.0,3.0,3.0,3.0,1.0,1.0,3.0,1.0,1.0,1.0,1.0,2.0,2.0,4.0,4.0,8.0,2.0,2.0,2.0,2.0,2.0,1.0,4.0,,4.0,2.0,1.0,3.0,3.0,0.776027,3.3333333333333335,4.0,4.0,3.0,2.0
15054.0,9.0,2.0,1.0,50.0,4.0,5.0,5.0,4.0,3.0,4.0,4.0,4.0,5.0,5.0,1.0,1.0,2.0,3.0,4.0,,,,,,,,,13.0,,,,,2.0,2.0,,,,,,,,2.0,3.0,3.0,2.0,2.0,2.0,3.0,1.0,3.0,3.0,2.0,2.0,3.0,3.0,3.0,5.0,4.0,4.0,5.0,4.0,4.0,4.0,4.0,4.0,4.0,4.0,4.0,4.0,4.0,4.0,4.0,4.0,4.0,4.0,4.0,4.0,4.0,4.0,4.0,4.0,4.0,4.0,4.0,3.0,2.0,4.0,4.0,4.0,5.0,4.0,4.0,4.0,4.0,4.0,4.0,4.0,4.0,4.0,4.0,4.0,4.0,2.0,3.0,3.0,3.0,4.0,2.0,3.0,3.0,3.0,3.0,3.0,3.0,4.0,5.0,4.0,4.0,7.0,3.0,3.0,4.0,1.0,4.0,4.0,3.0,,4.0,4.0,3.0,1.0,4.0,4.0,4.0,4.0,4.0,4.0,4.0,4.0,1.0,2.0,2.0,1.0,2.0,4.0,4.0,4.0,4.0,4.0,3.0,3.0,2.0,2.0,1.0,2.0,3.0,4.0,2.0,2.0,3.0,6.0,6.0,1.0,2.0,2.0,2.0,2.0,1.0,4.0,,2.0,2.0,1.0,3.0,1.0,1.048518,4.666666666666667,4.0,4.0,4.0,1.0
15138.0,15.0,5.0,1.0,21.0,1.0,5.0,5.0,4.0,5.0,5.0,5.0,5.0,5.0,5.0,2.0,,,,,,,,,,,,,,,,,,2.0,2.0,,,,,,,,2.0,5.0,5.0,2.0,5.0,3.0,5.0,3.0,4.0,4.0,3.0,4.0,5.0,3.0,4.0,5.0,5.0,5.0,5.0,5.0,4.0,5.0,4.0,5.0,5.0,5.0,5.0,3.0,5.0,5.0,3.0,2.0,2.0,2.0,2.0,2.0,2.0,2.0,2.0,2.0,2.0,2.0,2.0,2.0,2.0,2.0,5.0,5.0,5.0,5.0,5.0,5.0,5.0,5.0,5.0,5.0,5.0,3.0,5.0,3.0,3.0,4.0,5.0,5.0,4.0,5.0,5.0,5.0,5.0,4.0,5.0,4.0,4.0,5.0,4.0,5.0,3.0,11.0,4.0,2.0,5.0,1.0,2.0,2.0,3.0,,4.0,5.0,5.0,1.0,4.0,4.0,4.0,5.0,4.0,2.0,5.0,5.0,1.0,2.0,2.0,1.0,1.0,5.0,5.0,5.0,5.0,5.0,5.0,5.0,2.0,2.0,5.0,5.0,5.0,5.0,5.0,1.0,3.0,4.0,1.0,1.0,1.0,1.0,1.0,1.0,,6.0,,2.0,1.0,2.0,5.0,1.0,0.98424,5.0,5.0,2.0,4.0,1.0
15202.0,16.0,6.0,1.0,59.0,4.0,5.0,5.0,4.0,2.0,4.0,3.0,3.0,4.0,4.0,2.0,,,,,,,,,,,,,,,,,,2.0,2.0,,,,,,,,2.0,4.0,4.0,4.0,4.0,2.0,4.0,3.0,4.0,3.0,3.0,4.0,4.0,4.0,4.0,4.0,4.0,4.0,4.0,2.0,2.0,2.0,2.0,4.0,2.0,4.0,4.0,2.0,4.0,2.0,2.0,4.0,4.0,4.0,2.0,2.0,2.0,2.0,4.0,3.0,4.0,4.0,2.0,4.0,2.0,2.0,4.0,4.0,4.0,2.0,2.0,2.0,2.0,4.0,3.0,4.0,4.0,2.0,4.0,2.0,2.0,4.0,2.0,3.0,4.0,4.0,2.0,4.0,2.0,4.0,4.0,4.0,4.0,3.0,4.0,4.0,4.0,10.0,3.0,4.0,4.0,1.0,4.0,4.0,3.0,,3.0,3.0,4.0,2.0,3.0,4.0,4.0,3.0,1.0,2.0,3.0,3.0,1.0,1.0,1.0,1.0,1.0,2.0,4.0,2.0,4.0,2.0,3.0,3.0,1.0,1.0,1.0,3.0,4.0,3.0,1.0,3.0,3.0,9.0,3.0,1.0,1.0,1.0,1.0,4.0,1.0,4.0,,3.0,3.0,1.0,3.0,2.0,1.044509,3.6666666666666665,3.5,4.0,3.0,2.0
15253.0,9.0,2.0,1.0,28.0,1.0,4.0,4.0,4.0,3.0,3.0,3.0,4.0,4.0,4.0,2.0,,,,,,,,,,,,,,,,,,1.0,2.0,,,,,,,,5.0,2.0,2.0,2.0,2.0,1.0,3.0,2.0,2.0,1.0,1.0,2.0,3.0,2.0,2.0,4.0,4.0,4.0,5.0,3.0,4.0,4.0,4.0,4.0,4.0,4.0,4.0,4.0,4.0,3.0,5.0,2.0,1.0,1.0,1.0,1.0,1.0,1.0,3.0,2.0,2.0,2.0,2.0,5.0,3.0,3.0,4.0,4.0,4.0,4.0,4.0,4.0,4.0,4.0,4.0,4.0,4.0,4.0,4.0,4.0,5.0,4.0,4.0,4.0,5.0,3.0,2.0,3.0,3.0,4.0,4.0,2.0,3.0,4.0,4.0,3.0,4.0,9.0,4.0,3.0,3.0,1.0,2.0,2.0,4.0,,3.0,3.0,4.0,1.0,4.0,2.0,3.0,4.0,4.0,5.0,5.0,4.0,1.0,2.0,2.0,2.0,1.0,5.0,5.0,3.0,4.0,2.0,4.0,3.0,3.0,3.0,3.0,1.0,3.0,3.0,3.0,1.0,4.0,5.0,9.0,1.0,1.0,2.0,2.0,1.0,,7.0,,2.0,1.0,2.0,6.0,1.0,1.051424,4.0,3.0,2.0,4.0,1.0
15372.0,4.0,2.0,2.0,34.0,2.0,3.0,4.0,4.0,4.0,3.0,3.0,3.0,4.0,3.0,2.0,,,,,,,,,,,,,,,,,,2.0,2.0,,,,,,,,3.0,2.0,2.0,3.0,2.0,2.0,2.0,2.0,3.0,2.0,2.0,3.0,3.0,3.0,3.0,3.0,2.0,3.0,3.0,3.0,2.0,2.0,2.0,2.0,2.0,2.0,2.0,3.0,3.0,2.0,3.0,3.0,3.0,4.0,3.0,3.0,3.0,3.0,3.0,3.0,3.0,3.0,2.0,2.0,3.0,3.0,3.0,2.0,3.0,3.0,3.0,3.0,3.0,3.0,3.0,2.0,3.0,3.0,3.0,3.0,2.0,3.0,2.0,2.0,2.0,2.0,3.0,3.0,3.0,3.0,3.0,2.0,2.0,3.0,3.0,3.0,3.0,6.0,3.0,3.0,3.0,1.0,3.0,4.0,2.0,,3.0,3.0,3.0,2.0,2.0,3.0,3.0,3.0,2.0,3.0,3.0,3.0,2.0,2.0,2.0,2.0,2.0,3.0,3.0,3.0,2.0,2.0,3.0,2.0,1.0,1.0,1.0,1.0,2.0,3.0,3.0,3.0,2.0,11.0,11.0,2.0,2.0,2.0,2.0,1.0,,4.0,,5.0,1.0,2.0,3.0,3.0,1.051499,3.3333333333333335,3.0,3.5,2.0,2.0
15449.0,4.0,2.0,1.0,41.0,3.0,4.0,4.0,4.0,4.0,4.0,3.0,3.0,3.0,3.0,2.0,,,,,,,,,,,,,,,,,,1.0,2.0,,,,,,,,3.0,2.0,2.0,2.0,2.0,2.0,2.0,2.0,3.0,2.0,2.0,2.0,2.0,2.0,2.0,2.0,2.0,2.0,2.0,2.0,3.0,3.0,3.0,3.0,3.0,3.0,3.0,2.0,2.0,2.0,2.0,2.0,3.0,3.0,3.0,3.0,3.0,3.0,2.0,2.0,2.0,2.0,3.0,3.0,2.0,2.0,2.0,2.0,3.0,3.0,3.0,3.0,3.0,2.0,2.0,2.0,2.0,2.0,3.0,2.0,2.0,1.0,1.0,1.0,1.0,2.0,2.0,2.0,2.0,2.0,2.0,2.0,2.0,2.0,2.0,2.0,2.0,6.0,3.0,3.0,3.0,2.0,3.0,3.0,4.0,,2.0,2.0,2.0,2.0,3.0,1.0,1.0,2.0,1.0,1.0,1.0,1.0,2.0,2.0,2.0,2.0,1.0,1.0,1.0,1.0,1.0,2.0,2.0,2.0,2.0,2.0,1.0,1.0,1.0,1.0,1.0,2.0,3.0,6.0,6.0,1.0,1.0,1.0,1.0,2.0,2.0,3.0,,4.0,2.0,2.0,2.0,3.0,1.065336,3.0,3.5,3.0,3.0,2.0
15498.0,9.0,2.0,2.0,44.0,3.0,5.0,5.0,3.0,4.0,4.0,4.0,4.0,4.0,4.0,2.0,,,,,,,,,,,,,,,,,,2.0,2.0,,,,,,,,2.0,3.0,4.0,4.0,4.0,4.0,5.0,3.0,5.0,5.0,5.0,4.0,5.0,4.0,4.0,5.0,4.0,4.0,5.0,3.0,4.0,3.0,4.0,4.0,5.0,4.0,3.0,3.0,4.0,2.0,2.0,4.0,5.0,4.0,3.0,4.0,2.0,4.0,4.0,5.0,5.0,3.0,4.0,2.0,2.0,2.0,4.0,4.0,4.0,4.0,4.0,2.0,4.0,4.0,5.0,5.0,2.0,2.0,2.0,2.0,2.0,4.0,2.0,3.0,4.0,3.0,1.0,3.0,2.0,5.0,4.0,4.0,5.0,3.0,3.0,3.0,4.0,9.0,3.0,4.0,4.0,1.0,5.0,4.0,2.0,,3.0,3.0,4.0,2.0,2.0,2.0,2.0,3.0,2.0,1.0,2.0,2.0,1.0,2.0,2.0,1.0,2.0,4.0,5.0,4.0,5.0,3.0,3.0,4.0,3.0,2.0,4.0,4.0,4.0,2.0,1.0,2.0,4.0,4.0,2.0,1.0,1.0,1.0,1.0,2.0,2.0,3.0,,3.0,2.0,2.0,2.0,2.0,0.965456,4.0,4.0,4.5,2.0,2.0
15561.0,9.0,2.0,1.0,29.0,1.0,4.0,4.0,5.0,4.0,4.0,4.0,5.0,4.0,3.0,2.0,,,,,,,,,,,,,,,,,,2.0,2.0,,,,,,,,4.0,4.0,4.0,4.0,3.0,3.0,4.0,3.0,3.0,3.0,3.0,3.0,3.0,3.0,3.0,4.0,3.0,5.0,4.0,4.0,4.0,4.0,4.0,3.0,4.0,4.0,4.0,3.0,5.0,4.0,4.0,3.0,3.0,4.0,3.0,3.0,3.0,3.0,3.0,3.0,4.0,3.0,2.0,3.0,3.0,4.0,3.0,3.0,3.0,4.0,3.0,3.0,4.0,4.0,3.0,4.0,4.0,3.0,3.0,4.0,2.0,3.0,4.0,4.0,4.0,5.0,2.0,4.0,3.0,4.0,4.0,3.0,4.0,3.0,4.0,3.0,3.0,8.0,4.0,3.0,3.0,1.0,3.0,3.0,4.0,,3.0,4.0,3.0,1.0,4.0,1.0,1.0,3.0,2.0,3.0,3.0,2.0,1.0,2.0,2.0,1.0,2.0,3.0,4.0,3.0,4.0,3.0,3.0,4.0,3.0,3.0,4.0,3.0,3.0,4.0,4.0,3.0,3.0,7.0,9.0,2.0,2.0,1.0,2.0,1.0,,4.0,,3.0,1.0,2.0,3.0,2.0,1.051424,4.0,4.0,3.0,4.0,1.0
15613.0,2.0,6.0,1.0,33.0,2.0,5.0,5.0,3.0,2.0,3.0,3.0,2.0,2.0,2.0,2.0,,,,,,,,,,,,,,,,,,2.0,1.0,1.0,,3.0,,5.0,,,3.0,4.0,4.0,2.0,4.0,4.0,4.0,3.0,3.0,2.0,2.0,2.0,3.0,4.0,4.0,5.0,2.0,2.0,2.0,2.0,2.0,2.0,2.0,2.0,2.0,2.0,2.0,2.0,3.0,3.0,1.0,2.0,2.0,2.0,2.0,2.0,2.0,2.0,2.0,2.0,2.0,2.0,2.0,4.0,4.0,1.0,2.0,2.0,2.0,2.0,2.0,2.0,1.0,2.0,2.0,1.0,2.0,2.0,4.0,4.0,1.0,4.0,4.0,4.0,5.0,4.0,3.0,3.0,3.0,4.0,4.0,3.0,3.0,4.0,5.0,4.0,4.0,3.0,1.0,3.0,4.0,1.0,4.0,4.0,1.0,,3.0,3.0,2.0,2.0,3.0,3.0,3.0,3.0,3.0,1.0,4.0,3.0,2.0,2.0,2.0,1.0,2.0,2.0,4.0,1.0,2.0,1.0,2.0,2.0,1.0,1.0,1.0,3.0,4.0,4.0,1.0,1.0,2.0,11.0,9.0,2.0,2.0,2.0,2.0,1.0,,2.0,,3.0,1.0,2.0,1.0,2.0,0.80892,2.0,3.0,4.0,3.0,2.0
15636.0,1.0,1.0,1.0,22.0,1.0,4.0,5.0,3.0,3.0,5.0,5.0,4.0,4.0,5.0,2.0,,,,,,,,,,,,,,,,,,2.0,2.0,,,,,,,,2.0,4.0,5.0,5.0,5.0,4.0,3.0,3.0,4.0,5.0,4.0,5.0,4.0,5.0,4.0,5.0,5.0,5.0,5.0,5.0,4.0,4.0,3.0,4.0,5.0,4.0,5.0,4.0,5.0,4.0,5.0,3.0,4.0,5.0,3.0,2.0,2.0,3.0,4.0,5.0,4.0,5.0,4.0,5.0,2.0,3.0,5.0,5.0,5.0,5.0,4.0,5.0,5.0,4.0,5.0,4.0,5.0,4.0,5.0,4.0,5.0,2.0,3.0,4.0,5.0,3.0,3.0,3.0,2.0,4.0,4.0,3.0,4.0,5.0,5.0,5.0,4.0,8.0,3.0,4.0,4.0,2.0,4.0,4.0,3.0,,4.0,3.0,5.0,1.0,5.0,5.0,5.0,5.0,5.0,5.0,5.0,5.0,1.0,2.0,2.0,1.0,1.0,5.0,5.0,5.0,5.0,5.0,3.0,3.0,2.0,2.0,3.0,4.0,4.0,4.0,1.0,1.0,4.0,9.0,3.0,1.0,2.0,2.0,2.0,1.0,,6.0,,4.0,1.0,2.0,5.0,3.0,1.112248,4.333333333333333,5.0,4.0,5.0,1.0
15668.0,7.0,6.0,1.0,44.0,3.0,4.0,4.0,4.0,5.0,4.0,4.0,4.0,4.0,2.0,2.0,,,,,,,,,,,,,,,,,,2.0,2.0,,,,,,,,3.0,3.0,3.0,2.0,2.0,2.0,3.0,1.0,4.0,4.0,3.0,2.0,2.0,4.0,3.0,4.0,3.0,3.0,4.0,3.0,4.0,3.0,4.0,4.0,4.0,4.0,3.0,3.0,4.0,3.0,3.0,4.0,3.0,4.0,4.0,3.0,4.0,3.0,4.0,4.0,3.0,4.0,4.0,3.0,4.0,3.0,4.0,3.0,4.0,4.0,3.0,4.0,3.0,4.0,3.0,4.0,3.0,4.0,4.0,3.0,4.0,4.0,4.0,3.0,4.0,5.0,4.0,4.0,4.0,5.0,4.0,4.0,5.0,4.0,4.0,5.0,4.0,9.0,2.0,4.0,4.0,1.0,4.0,4.0,1.0,,4.0,4.0,3.0,2.0,3.0,3.0,3.0,4.0,2.0,2.0,4.0,3.0,1.0,1.0,1.0,2.0,1.0,4.0,4.0,3.0,2.0,2.0,4.0,3.0,1.0,1.0,2.0,2.0,2.0,1.0,1.0,4.0,4.0,8.0,8.0,1.0,1.0,1.0,2.0,3.0,1.0,4.0,,3.0,3.0,1.0,3.0,2.0,0.846161,3.3333333333333335,4.0,4.0,3.0,2.0
15725.0,12.0,3.0,1.0,49.0,3.0,2.0,4.0,4.0,4.0,4.0,4.0,5.0,5.0,5.0,2.0,,,,,,,,,,,,,,,,,,2.0,1.0,,,,,5.0,,,3.0,5.0,5.0,5.0,5.0,4.0,4.0,4.0,4.0,5.0,4.0,5.0,4.0,5.0,4.0,4.0,5.0,5.0,5.0,5.0,4.0,4.0,4.0,4.0,4.0,4.0,4.0,4.0,5.0,4.0,5.0,5.0,5.0,5.0,5.0,4.0,4.0,4.0,5.0,5.0,5.0,5.0,5.0,5.0,4.0,5.0,5.0,5.0,5.0,4.0,5.0,5.0,5.0,5.0,5.0,5.0,5.0,5.0,5.0,5.0,5.0,4.0,2.0,2.0,4.0,4.0,2.0,4.0,2.0,3.0,3.0,4.0,4.0,3.0,4.0,3.0,3.0,8.0,4.0,4.0,3.0,2.0,4.0,4.0,4.0,,4.0,4.0,5.0,2.0,3.0,3.0,3.0,3.0,4.0,2.0,3.0,4.0,2.0,2.0,2.0,1.0,2.0,4.0,4.0,5.0,4.0,3.0,3.0,4.0,2.0,2.0,2.0,4.0,4.0,5.0,3.0,3.0,4.0,4.0,4.0,2.0,2.0,2.0,1.0,2.0,1.0,4.0,,3.0,2.0,1.0,3.0,2.0,0.776027,5.0,4.0,4.0,3.0,2.0
15767.0,9.0,2.0,1.0,40.0,3.0,5.0,4.0,4.0,4.0,3.0,4.0,3.0,3.0,4.0,1.0,1.0,2.0,3.0,4.0,5.0,6.0,,,,,,,,,,,,2.0,1.0,1.0,,,4.0,,,,2.0,5.0,5.0,3.0,4.0,3.0,4.0,4.0,4.0,4.0,3.0,3.0,3.0,4.0,4.0,4.0,3.0,4.0,4.0,4.0,4.0,4.0,4.0,4.0,4.0,4.0,3.0,4.0,4.0,4.0,3.0,5.0,4.0,3.0,4.0,3.0,4.0,4.0,3.0,3.0,4.0,3.0,3.0,4.0,3.0,3.0,4.0,4.0,4.0,5.0,5.0,4.0,4.0,5.0,4.0,4.0,4.0,4.0,5.0,5.0,4.0,4.0,4.0,3.0,3.0,4.0,4.0,3.0,3.0,4.0,4.0,4.0,4.0,4.0,3.0,3.0,4.0,6.0,4.0,4.0,4.0,1.0,4.0,4.0,3.0,,2.0,2.0,3.0,2.0,3.0,2.0,2.0,3.0,3.0,3.0,4.0,4.0,2.0,1.0,1.0,2.0,2.0,4.0,3.0,4.0,4.0,4.0,4.0,3.0,3.0,4.0,4.0,3.0,3.0,4.0,4.0,4.0,4.0,7.0,8.0,2.0,2.0,1.0,1.0,1.0,,7.0,,3.0,1.0,2.0,6.0,2.0,1.065336,3.3333333333333335,3.5,4.0,3.0,2.0
15771.0,16.0,6.0,2.0,53.0,4.0,4.0,5.0,4.0,3.0,3.0,3.0,3.0,2.0,1.0,2.0,,,,,,,,,,,,,,,,,,1.0,1.0,1.0,2.0,3.0,,5.0,,,2.0,4.0,4.0,4.0,3.0,3.0,5.0,3.0,4.0,4.0,4.0,3.0,4.0,5.0,5.0,5.0,2.0,2.0,3.0,1.0,2.0,2.0,2.0,3.0,4.0,2.0,2.0,2.0,4.0,3.0,1.0,2.0,2.0,3.0,4.0,3.0,2.0,2.0,3.0,2.0,3.0,2.0,2.0,4.0,2.0,1.0,3.0,3.0,4.0,3.0,2.0,2.0,1.0,2.0,1.0,2.0,3.0,3.0,2.0,3.0,3.0,4.0,4.0,4.0,5.0,4.0,3.0,3.0,2.0,3.0,3.0,2.0,3.0,3.0,4.0,4.0,4.0,8.0,4.0,4.0,4.0,1.0,4.0,4.0,2.0,,4.0,4.0,3.0,1.0,4.0,4.0,4.0,4.0,4.0,2.0,3.0,3.0,1.0,2.0,1.0,1.0,1.0,5.0,5.0,4.0,4.0,4.0,4.0,3.0,2.0,1.0,2.0,4.0,4.0,3.0,4.0,4.0,4.0,4.0,4.0,1.0,1.0,1.0,2.0,2.0,1.0,3.0,,4.0,2.0,1.0,2.0,3.0,1.142237,2.0,3.0,4.0,4.0,1.0
15775.0,9.0,2.0,2.0,19.0,1.0,5.0,5.0,5.0,5.0,4.0,4.0,4.0,4.0,4.0,1.0,1.0,2.0,3.0,4.0,5.0,,,,,,,12.0,,,,,,2.0,2.0,,,,,,,,3.0,4.0,4.0,4.0,4.0,3.0,4.0,2.0,4.0,4.0,4.0,5.0,5.0,4.0,3.0,4.0,3.0,3.0,4.0,4.0,3.0,4.0,4.0,4.0,4.0,5.0,5.0,3.0,4.0,4.0,3.0,3.0,3.0,4.0,3.0,3.0,3.0,4.0,3.0,4.0,3.0,3.0,2.0,3.0,2.0,3.0,4.0,4.0,4.0,4.0,4.0,4.0,4.0,4.0,3.0,4.0,4.0,4.0,4.0,4.0,4.0,4.0,4.0,5.0,4.0,4.0,3.0,3.0,4.0,4.0,4.0,4.0,4.0,3.0,3.0,3.0,4.0,8.0,4.0,2.0,4.0,1.0,4.0,4.0,4.0,,3.0,3.0,4.0,1.0,3.0,3.0,3.0,3.0,2.0,3.0,3.0,3.0,1.0,1.0,1.0,2.0,1.0,4.0,4.0,4.0,4.0,3.0,2.0,3.0,2.0,2.0,2.0,3.0,4.0,5.0,3.0,3.0,2.0,8.0,8.0,1.0,2.0,1.0,2.0,1.0,,7.0,,2.0,1.0,2.0,6.0,1.0,1.026542,4.0,4.0,4.0,3.0,1.0
15817.0,2.0,6.0,1.0,49.0,3.0,4.0,5.0,5.0,5.0,4.0,4.0,3.0,3.0,3.0,1.0,1.0,2.0,3.0,,5.0,,,,,,,,,,,,,2.0,2.0,,,,,,,,2.0,4.0,4.0,3.0,3.0,3.0,3.0,2.0,5.0,4.0,2.0,2.0,3.0,3.0,4.0,4.0,4.0,4.0,4.0,3.0,3.0,3.0,3.0,4.0,3.0,3.0,3.0,3.0,4.0,3.0,2.0,4.0,4.0,4.0,4.0,4.0,3.0,3.0,5.0,4.0,4.0,3.0,3.0,4.0,3.0,2.0,4.0,4.0,4.0,4.0,3.0,3.0,3.0,5.0,4.0,4.0,3.0,3.0,4.0,3.0,3.0,3.0,3.0,3.0,3.0,3.0,3.0,3.0,3.0,3.0,3.0,3.0,3.0,3.0,3.0,3.0,3.0,6.0,3.0,3.0,3.0,1.0,4.0,4.0,1.0,,3.0,3.0,3.0,1.0,3.0,4.0,4.0,4.0,3.0,3.0,3.0,4.0,1.0,2.0,1.0,1.0,1.0,3.0,3.0,3.0,3.0,3.0,3.0,3.0,1.0,1.0,1.0,1.0,1.0,3.0,1.0,1.0,3.0,6.0,6.0,1.0,1.0,1.0,1.0,2.0,1.0,4.0,,4.0,2.0,1.0,3.0,3.0,0.846161,3.0,4.0,4.0,3.0,1.0
15886.0,1.0,1.0,2.0,21.0,1.0,4.0,5.0,4.0,4.0,4.0,4.0,4.0,4.0,4.0,2.0,,,,,,,,,,,,,,,,,,2.0,1.0,1.0,,,,5.0,,,3.0,4.0,4.0,3.0,5.0,4.0,5.0,3.0,5.0,5.0,4.0,5.0,5.0,5.0,4.0,5.0,4.0,4.0,4.0,4.0,4.0,4.0,4.0,4.0,4.0,4.0,4.0,4.0,4.0,4.0,4.0,4.0,4.0,5.0,4.0,5.0,4.0,5.0,4.0,5.0,4.0,4.0,4.0,4.0,4.0,4.0,4.0,4.0,4.0,4.0,5.0,4.0,5.0,4.0,5.0,4.0,5.0,4.0,5.0,4.0,5.0,5.0,5.0,5.0,5.0,5.0,5.0,5.0,5.0,5.0,5.0,5.0,5.0,5.0,5.0,5.0,5.0,6.0,4.0,2.0,3.0,1.0,3.0,5.0,4.0,,4.0,4.0,4.0,1.0,4.0,3.0,4.0,3.0,3.0,3.0,3.0,3.0,2.0,2.0,2.0,2.0,2.0,4.0,4.0,3.0,4.0,2.0,2.0,4.0,2.0,2.0,2.0,2.0,3.0,2.0,2.0,2.0,4.0,10.0,6.0,2.0,2.0,2.0,2.0,1.0,,6.0,,2.0,1.0,2.0,5.0,1.0,1.034762,4.0,4.0,4.0,4.0,1.0
15901.0,16.0,6.0,1.0,54.0,4.0,5.0,5.0,4.0,4.0,4.0,4.0,4.0,4.0,4.0,2.0,,,,,,,,,,,,,,,,,,2.0,1.0,,,3.0,,,,,2.0,4.0,4.0,3.0,4.0,4.0,4.0,4.0,5.0,5.0,5.0,5.0,5.0,5.0,5.0,4.0,4.0,4.0,4.0,4.0,4.0,4.0,4.0,4.0,4.0,4.0,4.0,4.0,4.0,4.0,4.0,4.0,4.0,4.0,4.0,4.0,4.0,4.0,4.0,4.0,4.0,4.0,4.0,4.0,4.0,4.0,4.0,4.0,4.0,4.0,4.0,4.0,4.0,4.0,4.0,4.0,4.0,4.0,4.0,4.0,4.0,5.0,5.0,4.0,5.0,4.0,2.0,4.0,3.0,4.0,4.0,4.0,4.0,5.0,5.0,5.0,4.0,10.0,3.0,4.0,4.0,1.0,4.0,4.0,1.0,,4.0,4.0,4.0,1.0,3.0,4.0,4.0,4.0,4.0,4.0,4.0,4.0,2.0,2.0,2.0,2.0,2.0,4.0,4.0,3.0,3.0,3.0,3.0,3.0,2.0,2.0,2.0,1.0,2.0,2.0,2.0,2.0,3.0,3.0,4.0,2.0,2.0,2.0,2.0,2.0,1.0,4.0,,5.0,2.0,1.0,3.0,3.0,1.044509,4.0,4.0,4.0,3.0,1.0
15910.0,5.0,4.0,1.0,53.0,4.0,5.0,5.0,4.0,2.0,4.0,4.0,4.0,4.0,4.0,2.0,,,,,,,,,,,,,,,,,,2.0,1.0,,,3.0,,5.0,,,1.0,4.0,3.0,4.0,3.0,3.0,4.0,3.0,3.0,4.0,4.0,3.0,4.0,5.0,4.0,5.0,3.0,3.0,4.0,3.0,2.0,3.0,3.0,4.0,4.0,2.0,1.0,2.0,4.0,2.0,4.0,3.0,3.0,4.0,2.0,3.0,2.0,3.0,4.0,4.0,2.0,2.0,3.0,4.0,2.0,3.0,3.0,3.0,4.0,2.0,3.0,2.0,3.0,4.0,4.0,4.0,2.0,3.0,4.0,2.0,3.0,4.0,3.0,3.0,4.0,4.0,2.0,4.0,3.0,4.0,4.0,4.0,4.0,4.0,5.0,4.0,4.0,9.0,4.0,2.0,4.0,1.0,4.0,5.0,3.0,,3.0,3.0,5.0,2.0,3.0,1.0,2.0,3.0,2.0,2.0,3.0,3.0,2.0,2.0,2.0,1.0,2.0,4.0,4.0,4.0,4.0,4.0,4.0,3.0,2.0,2.0,4.0,3.0,2.0,4.0,3.0,3.0,3.0,10.0,3.0,2.0,2.0,1.0,2.0,2.0,1.0,4.0,,3.0,2.0,1.0,3.0,2.0,1.073801,4.0,4.0,4.5,3.0,2.0
15973.0,9.0,2.0,1.0,41.0,3.0,5.0,5.0,5.0,5.0,4.0,3.0,4.0,4.0,4.0,2.0,,,,,,,,,,,,,,,,,,1.0,1.0,,2.0,3.0,4.0,5.0,,,2.0,4.0,4.0,4.0,5.0,4.0,4.0,3.0,5.0,4.0,4.0,5.0,5.0,5.0,5.0,5.0,3.0,3.0,3.0,3.0,3.0,3.0,3.0,3.0,3.0,3.0,3.0,3.0,5.0,3.0,3.0,3.0,3.0,3.0,3.0,3.0,3.0,3.0,3.0,3.0,3.0,3.0,3.0,5.0,3.0,3.0,5.0,5.0,5.0,5.0,5.0,5.0,5.0,5.0,5.0,5.0,5.0,5.0,5.0,5.0,5.0,5.0,4.0,4.0,4.0,5.0,1.0,1.0,2.0,3.0,5.0,5.0,5.0,4.0,3.0,4.0,1.0,11.0,4.0,3.0,4.0,1.0,3.0,3.0,2.0,,3.0,3.0,3.0,2.0,3.0,1.0,1.0,4.0,1.0,1.0,2.0,1.0,2.0,2.0,2.0,2.0,2.0,3.0,4.0,4.0,3.0,3.0,4.0,3.0,3.0,3.0,3.0,3.0,3.0,4.0,3.0,4.0,5.0,1.0,1.0,2.0,2.0,2.0,2.0,2.0,1.0,4.0,,3.0,2.0,1.0,3.0,2.0,1.065336,4.0,3.5,3.0,3.0,2.0
15981.0,1.0,1.0,1.0,57.0,4.0,5.0,5.0,5.0,4.0,5.0,5.0,4.0,5.0,4.0,2.0,,,,,,,,,,,,,,,,,,2.0,1.0,,,3.0,,5.0,,,2.0,4.0,4.0,4.0,4.0,3.0,4.0,2.0,3.0,4.0,3.0,3.0,4.0,5.0,4.0,5.0,4.0,4.0,4.0,4.0,5.0,4.0,3.0,4.0,4.0,4.0,5.0,5.0,5.0,4.0,5.0,5.0,5.0,5.0,5.0,5.0,4.0,4.0,5.0,5.0,5.0,5.0,5.0,5.0,5.0,5.0,5.0,5.0,5.0,4.0,4.0,4.0,3.0,5.0,5.0,4.0,5.0,5.0,5.0,5.0,4.0,4.0,3.0,4.0,4.0,4.0,2.0,4.0,2.0,4.0,4.0,3.0,4.0,4.0,5.0,4.0,4.0,8.0,4.0,2.0,4.0,1.0,4.0,4.0,1.0,,4.0,4.0,5.0,1.0,5.0,1.0,1.0,3.0,2.0,4.0,5.0,1.0,1.0,1.0,1.0,1.0,1.0,4.0,4.0,3.0,4.0,2.0,2.0,3.0,1.0,2.0,2.0,1.0,1.0,3.0,1.0,1.0,4.0,4.0,3.0,1.0,1.0,1.0,1.0,2.0,1.0,2.0,,4.0,2.0,1.0,1.0,3.0,1.101675,4.333333333333333,5.0,4.0,5.0,1.0
15986.0,9.0,2.0,2.0,37.0,2.0,5.0,5.0,5.0,5.0,5.0,5.0,5.0,5.0,5.0,1.0,1.0,2.0,3.0,4.0,5.0,6.0,,,,,11.0,,,,,,,1.0,1.0,,,,4.0,,,,4.0,3.0,4.0,3.0,4.0,3.0,4.0,3.0,3.0,3.0,3.0,4.0,3.0,3.0,3.0,4.0,4.0,3.0,4.0,3.0,4.0,3.0,3.0,4.0,3.0,3.0,3.0,4.0,4.0,3.0,3.0,3.0,4.0,3.0,4.0,4.0,4.0,3.0,4.0,4.0,3.0,4.0,3.0,4.0,3.0,3.0,3.0,3.0,3.0,4.0,3.0,4.0,3.0,4.0,4.0,3.0,4.0,4.0,4.0,3.0,4.0,4.0,4.0,5.0,5.0,4.0,3.0,4.0,5.0,4.0,3.0,4.0,4.0,4.0,5.0,3.0,3.0,4.0,4.0,3.0,4.0,1.0,4.0,4.0,4.0,,4.0,3.0,4.0,1.0,4.0,4.0,3.0,3.0,4.0,4.0,3.0,4.0,1.0,1.0,1.0,1.0,1.0,4.0,3.0,4.0,3.0,3.0,4.0,4.0,3.0,4.0,3.0,3.0,4.0,4.0,3.0,4.0,4.0,8.0,4.0,1.0,1.0,1.0,1.0,2.0,1.0,5.0,,2.0,2.0,1.0,4.0,1.0,1.051499,5.0,5.0,4.0,4.0,1.0
16019.0,2.0,6.0,2.0,54.0,4.0,5.0,5.0,3.0,3.0,4.0,3.0,3.0,3.0,3.0,2.0,,,,,,,,,,,,,,,,,,2.0,2.0,,,,,,,,4.0,3.0,3.0,3.0,3.0,3.0,3.0,3.0,3.0,3.0,3.0,3.0,3.0,3.0,3.0,4.0,4.0,4.0,4.0,3.0,3.0,3.0,4.0,4.0,4.0,4.0,3.0,3.0,4.0,3.0,3.0,3.0,3.0,3.0,3.0,3.0,3.0,3.0,3.0,3.0,3.0,3.0,3.0,4.0,3.0,3.0,3.0,4.0,4.0,3.0,3.0,3.0,4.0,4.0,4.0,4.0,3.0,3.0,4.0,3.0,3.0,4.0,4.0,4.0,5.0,4.0,1.0,3.0,2.0,3.0,3.0,1.0,4.0,4.0,4.0,4.0,4.0,8.0,4.0,4.0,4.0,1.0,4.0,4.0,2.0,,3.0,2.0,3.0,2.0,3.0,1.0,1.0,3.0,3.0,3.0,3.0,3.0,1.0,1.0,1.0,1.0,1.0,4.0,4.0,4.0,4.0,4.0,4.0,4.0,2.0,2.0,2.0,3.0,3.0,4.0,4.0,2.0,3.0,6.0,6.0,1.0,1.0,1.0,1.0,1.0,,4.0,,2.0,1.0,2.0,3.0,1.0,1.142237,3.0,3.5,4.0,3.0,2.0
16032.0,9.0,2.0,1.0,27.0,1.0,4.0,4.0,5.0,4.0,5.0,5.0,5.0,5.0,5.0,2.0,,,,,,,,,,,,,,,,,,2.0,1.0,,,,,5.0,,,5.0,3.0,3.0,2.0,3.0,3.0,4.0,2.0,3.0,3.0,2.0,2.0,4.0,3.0,3.0,4.0,2.0,4.0,4.0,4.0,2.0,2.0,2.0,4.0,4.0,4.0,2.0,4.0,4.0,2.0,3.0,3.0,3.0,3.0,2.0,2.0,2.0,3.0,3.0,3.0,4.0,3.0,2.0,2.0,2.0,2.0,3.0,4.0,4.0,3.0,3.0,2.0,4.0,3.0,4.0,4.0,3.0,4.0,5.0,5.0,4.0,4.0,4.0,5.0,5.0,5.0,5.0,5.0,4.0,2.0,2.0,1.0,1.0,3.0,4.0,4.0,4.0,11.0,2.0,3.0,4.0,2.0,2.0,1.0,3.0,,4.0,4.0,5.0,1.0,5.0,4.0,5.0,5.0,5.0,3.0,5.0,5.0,2.0,2.0,2.0,2.0,1.0,5.0,5.0,5.0,5.0,4.0,5.0,5.0,5.0,5.0,4.0,4.0,5.0,5.0,4.0,3.0,4.0,1.0,1.0,1.0,1.0,1.0,1.0,1.0,,6.0,,3.0,1.0,2.0,5.0,2.0,1.051424,5.0,5.0,1.5,5.0,1.0
16033.0,2.0,6.0,1.0,35.0,2.0,3.0,3.0,4.0,3.0,3.0,4.0,3.0,3.0,3.0,1.0,1.0,,3.0,,,,,,,,,,,,,,,2.0,2.0,,,,,,,,3.0,2.0,2.0,1.0,2.0,2.0,3.0,2.0,2.0,1.0,2.0,2.0,1.0,2.0,2.0,1.0,2.0,2.0,1.0,2.0,1.0,2.0,2.0,3.0,2.0,1.0,2.0,2.0,2.0,2.0,1.0,2.0,2.0,3.0,2.0,1.0,2.0,1.0,2.0,2.0,3.0,2.0,2.0,2.0,1.0,1.0,3.0,3.0,2.0,1.0,2.0,2.0,1.0,2.0,1.0,2.0,2.0,3.0,2.0,1.0,2.0,2.0,1.0,2.0,3.0,2.0,1.0,2.0,1.0,2.0,1.0,2.0,3.0,3.0,3.0,3.0,2.0,6.0,3.0,3.0,3.0,2.0,3.0,3.0,3.0,,3.0,2.0,2.0,2.0,3.0,2.0,2.0,1.0,1.0,2.0,3.0,2.0,2.0,2.0,2.0,2.0,2.0,2.0,2.0,2.0,2.0,1.0,2.0,2.0,1.0,1.0,2.0,1.0,1.0,1.0,2.0,1.0,3.0,6.0,6.0,2.0,2.0,2.0,2.0,1.0,,4.0,,2.0,1.0,2.0,3.0,1.0,0.80892,3.0,3.5,3.0,3.0,2.0
16050.0,9.0,2.0,2.0,22.0,1.0,5.0,5.0,3.0,3.0,3.0,3.0,3.0,4.0,4.0,1.0,1.0,,3.0,4.0,,,,,,,,,,,,,,2.0,1.0,,,,,5.0,,,2.0,3.0,3.0,3.0,3.0,3.0,3.0,2.0,4.0,4.0,3.0,3.0,4.0,4.0,4.0,5.0,5.0,5.0,5.0,5.0,5.0,5.0,5.0,5.0,5.0,5.0,5.0,5.0,5.0,4.0,5.0,4.0,4.0,4.0,4.0,4.0,4.0,4.0,4.0,4.0,4.0,4.0,3.0,4.0,3.0,3.0,5.0,5.0,5.0,5.0,5.0,5.0,5.0,5.0,5.0,5.0,5.0,4.0,5.0,3.0,4.0,4.0,4.0,5.0,4.0,5.0,3.0,4.0,4.0,4.0,4.0,4.0,4.0,4.0,4.0,4.0,3.0,6.0,3.0,3.0,4.0,1.0,4.0,4.0,3.0,,3.0,3.0,4.0,1.0,3.0,1.0,3.0,4.0,3.0,3.0,4.0,3.0,2.0,2.0,2.0,1.0,2.0,4.0,4.0,4.0,2.0,1.0,1.0,1.0,1.0,1.0,1.0,1.0,4.0,4.0,1.0,1.0,4.0,6.0,7.0,1.0,1.0,1.0,2.0,1.0,,6.0,,4.0,1.0,2.0,5.0,3.0,1.026542,3.6666666666666665,3.0,4.0,3.0,1.0
16080.0,1.0,1.0,2.0,31.0,2.0,5.0,5.0,4.0,4.0,4.0,4.0,4.0,4.0,4.0,2.0,,,,,,,,,,,,,,,,,,2.0,1.0,1.0,,3.0,4.0,5.0,,,1.0,4.0,3.0,3.0,3.0,3.0,3.0,2.0,3.0,3.0,3.0,2.0,4.0,4.0,3.0,4.0,3.0,4.0,3.0,3.0,4.0,3.0,3.0,4.0,4.0,4.0,3.0,4.0,3.0,3.0,3.0,2.0,2.0,2.0,2.0,3.0,2.0,2.0,2.0,3.0,2.0,2.0,2.0,2.0,3.0,2.0,2.0,4.0,3.0,2.0,2.0,2.0,2.0,3.0,2.0,3.0,3.0,2.0,2.0,3.0,2.0,3.0,3.0,4.0,4.0,3.0,2.0,4.0,3.0,3.0,4.0,3.0,3.0,4.0,3.0,3.0,4.0,6.0,4.0,2.0,3.0,1.0,5.0,4.0,4.0,,3.0,3.0,4.0,2.0,3.0,1.0,2.0,4.0,3.0,2.0,3.0,3.0,2.0,2.0,2.0,1.0,2.0,4.0,3.0,2.0,3.0,2.0,2.0,2.0,1.0,1.0,1.0,1.0,1.0,1.0,2.0,1.0,2.0,8.0,7.0,2.0,2.0,2.0,1.0,1.0,,4.0,,3.0,1.0,2.0,3.0,2.0,1.036816,4.0,4.0,4.5,3.0,2.0
16117.0,1.0,1.0,2.0,39.0,2.0,5.0,5.0,3.0,2.0,3.0,3.0,2.0,1.0,2.0,1.0,,,3.0,4.0,5.0,6.0,,,,,,,,,,,,2.0,2.0,,,,,,,,1.0,3.0,3.0,3.0,3.0,3.0,3.0,4.0,4.0,3.0,3.0,3.0,4.0,4.0,3.0,4.0,3.0,3.0,4.0,3.0,4.0,4.0,3.0,3.0,3.0,3.0,3.0,4.0,4.0,3.0,4.0,3.0,3.0,3.0,2.0,2.0,3.0,2.0,3.0,2.0,3.0,3.0,2.0,3.0,3.0,2.0,3.0,3.0,3.0,2.0,2.0,3.0,3.0,2.0,2.0,3.0,2.0,3.0,3.0,3.0,3.0,4.0,4.0,4.0,3.0,4.0,2.0,3.0,3.0,2.0,2.0,3.0,3.0,4.0,2.0,3.0,3.0,2.0,4.0,3.0,4.0,1.0,5.0,5.0,3.0,,2.0,2.0,3.0,2.0,2.0,2.0,2.0,3.0,2.0,3.0,2.0,3.0,2.0,2.0,2.0,1.0,2.0,3.0,3.0,2.0,2.0,2.0,3.0,2.0,2.0,2.0,2.0,2.0,2.0,2.0,2.0,3.0,2.0,2.0,2.0,2.0,2.0,1.0,1.0,2.0,1.0,4.0,,3.0,2.0,1.0,3.0,2.0,1.036816,1.6666666666666667,3.0,5.0,2.0,2.0
16126.0,1.0,1.0,1.0,27.0,1.0,5.0,4.0,5.0,4.0,4.0,4.0,5.0,4.0,5.0,2.0,,,,,,,,,,,,,,,,,,2.0,2.0,,,,,,,,3.0,3.0,3.0,3.0,4.0,4.0,4.0,2.0,3.0,3.0,4.0,2.0,3.0,2.0,3.0,4.0,3.0,2.0,4.0,3.0,3.0,4.0,4.0,3.0,5.0,4.0,4.0,4.0,3.0,3.0,3.0,3.0,2.0,3.0,2.0,4.0,3.0,4.0,3.0,3.0,4.0,4.0,4.0,3.0,2.0,3.0,3.0,2.0,4.0,3.0,3.0,3.0,2.0,3.0,4.0,3.0,2.0,4.0,3.0,3.0,4.0,2.0,2.0,3.0,2.0,4.0,3.0,5.0,3.0,4.0,4.0,4.0,3.0,3.0,3.0,2.0,2.0,10.0,4.0,3.0,4.0,2.0,3.0,3.0,5.0,,4.0,3.0,4.0,2.0,3.0,3.0,2.0,5.0,4.0,4.0,3.0,3.0,1.0,2.0,2.0,1.0,2.0,4.0,3.0,3.0,4.0,4.0,3.0,3.0,4.0,3.0,2.0,2.0,3.0,3.0,4.0,3.0,4.0,8.0,7.0,2.0,2.0,1.0,2.0,1.0,,2.0,,3.0,1.0,2.0,1.0,2.0,1.112248,4.666666666666667,4.0,3.0,3.0,2.0
16161.0,9.0,2.0,2.0,45.0,3.0,5.0,5.0,5.0,3.0,3.0,3.0,3.0,4.0,3.0,2.0,,,,,,,,,,,,,,,,,,2.0,2.0,,,,,,,,2.0,4.0,4.0,4.0,4.0,4.0,3.0,3.0,4.0,4.0,3.0,3.0,3.0,4.0,4.0,5.0,4.0,4.0,3.0,4.0,3.0,4.0,4.0,4.0,4.0,3.0,4.0,4.0,5.0,4.0,5.0,4.0,4.0,4.0,4.0,4.0,3.0,3.0,4.0,4.0,3.0,3.0,3.0,5.0,3.0,5.0,4.0,4.0,4.0,4.0,4.0,3.0,3.0,4.0,4.0,3.0,4.0,4.0,5.0,4.0,5.0,3.0,3.0,4.0,3.0,3.0,1.0,4.0,2.0,4.0,3.0,4.0,4.0,4.0,4.0,4.0,4.0,9.0,2.0,4.0,3.0,1.0,5.0,4.0,4.0,,3.0,3.0,4.0,2.0,3.0,3.0,3.0,3.0,3.0,2.0,3.0,3.0,2.0,2.0,2.0,1.0,2.0,3.0,4.0,2.0,2.0,2.0,3.0,2.0,1.0,1.0,1.0,2.0,2.0,3.0,2.0,3.0,4.0,2.0,2.0,2.0,2.0,2.0,2.0,2.0,1.0,4.0,,3.0,2.0,1.0,3.0,2.0,0.965456,3.3333333333333335,3.0,4.5,3.0,2.0
16165.0,1.0,1.0,2.0,32.0,2.0,5.0,5.0,5.0,5.0,5.0,5.0,5.0,5.0,5.0,1.0,1.0,2.0,3.0,4.0,5.0,,,,,,,,,,,,,2.0,1.0,,,3.0,4.0,,,,2.0,4.0,4.0,3.0,4.0,4.0,4.0,3.0,5.0,4.0,2.0,1.0,5.0,4.0,2.0,5.0,5.0,5.0,5.0,5.0,5.0,5.0,5.0,5.0,5.0,5.0,5.0,5.0,5.0,5.0,5.0,5.0,5.0,5.0,5.0,5.0,5.0,5.0,5.0,5.0,5.0,5.0,5.0,5.0,3.0,5.0,5.0,5.0,5.0,5.0,5.0,5.0,5.0,5.0,5.0,5.0,3.0,5.0,5.0,3.0,3.0,3.0,3.0,4.0,5.0,4.0,3.0,5.0,5.0,3.0,3.0,4.0,4.0,5.0,5.0,5.0,4.0,6.0,3.0,4.0,3.0,1.0,4.0,3.0,2.0,,3.0,3.0,3.0,2.0,3.0,3.0,3.0,3.0,2.0,2.0,4.0,3.0,2.0,2.0,2.0,2.0,2.0,4.0,4.0,4.0,4.0,4.0,3.0,3.0,3.0,3.0,4.0,4.0,3.0,5.0,3.0,2.0,3.0,6.0,6.0,2.0,2.0,2.0,2.0,1.0,,4.0,,3.0,1.0,2.0,3.0,2.0,1.036816,5.0,5.0,3.5,3.0,2.0
16170.0,9.0,2.0,2.0,42.0,3.0,5.0,5.0,4.0,3.0,4.0,4.0,5.0,4.0,4.0,2.0,,,,,,,,,,,,,,,,,,2.0,1.0,,,3.0,4.0,5.0,,,3.0,3.0,4.0,4.0,4.0,4.0,5.0,4.0,5.0,4.0,3.0,3.0,4.0,4.0,3.0,5.0,4.0,5.0,5.0,4.0,4.0,4.0,4.0,5.0,5.0,5.0,5.0,4.0,5.0,5.0,4.0,4.0,4.0,5.0,4.0,4.0,4.0,4.0,5.0,5.0,5.0,5.0,4.0,5.0,4.0,4.0,4.0,4.0,5.0,4.0,4.0,4.0,4.0,5.0,5.0,5.0,4.0,4.0,5.0,4.0,4.0,4.0,3.0,4.0,5.0,4.0,2.0,4.0,2.0,4.0,4.0,4.0,4.0,5.0,4.0,5.0,4.0,8.0,2.0,3.0,4.0,1.0,5.0,5.0,4.0,,3.0,3.0,4.0,2.0,3.0,3.0,3.0,4.0,4.0,2.0,4.0,3.0,1.0,2.0,2.0,1.0,2.0,4.0,4.0,4.0,3.0,3.0,4.0,3.0,2.0,3.0,3.0,2.0,3.0,4.0,3.0,3.0,4.0,6.0,3.0,1.0,1.0,1.0,2.0,2.0,1.0,5.0,,3.0,2.0,1.0,4.0,2.0,0.965456,4.333333333333333,4.0,5.0,3.0,2.0
16179.0,1.0,1.0,1.0,46.0,3.0,5.0,5.0,4.0,3.0,4.0,3.0,3.0,4.0,3.0,2.0,,,,,,,,,,,,,,,,,,2.0,1.0,,,3.0,4.0,5.0,9997.0,"코인 주식등 투자 권유 전화, 보험가입 권",3.0,3.0,4.0,3.0,3.0,3.0,5.0,4.0,3.0,4.0,4.0,5.0,4.0,3.0,4.0,5.0,3.0,3.0,3.0,3.0,3.0,3.0,3.0,3.0,3.0,3.0,3.0,3.0,3.0,3.0,3.0,3.0,3.0,3.0,3.0,3.0,3.0,3.0,3.0,3.0,3.0,3.0,3.0,4.0,4.0,3.0,4.0,4.0,4.0,4.0,4.0,4.0,4.0,4.0,4.0,4.0,4.0,4.0,5.0,5.0,4.0,4.0,4.0,4.0,5.0,3.0,2.0,4.0,2.0,3.0,4.0,3.0,4.0,5.0,4.0,3.0,4.0,6.0,5.0,4.0,5.0,1.0,5.0,4.0,5.0,,3.0,2.0,2.0,2.0,3.0,1.0,2.0,4.0,3.0,3.0,4.0,2.0,1.0,2.0,2.0,1.0,2.0,2.0,4.0,2.0,4.0,3.0,2.0,1.0,1.0,1.0,2.0,3.0,3.0,3.0,2.0,1.0,3.0,9.0,6.0,2.0,2.0,2.0,2.0,1.0,,4.0,,3.0,1.0,2.0,3.0,2.0,1.074504,3.3333333333333335,3.5,4.5,3.0,2.0
16202.0,16.0,6.0,1.0,39.0,2.0,5.0,5.0,5.0,5.0,4.0,3.0,3.0,3.0,4.0,2.0,,,,,,,,,,,,,,,,,,1.0,2.0,,,,,,,,2.0,4.0,4.0,2.0,4.0,2.0,4.0,2.0,4.0,3.0,3.0,3.0,3.0,3.0,4.0,5.0,4.0,4.0,3.0,3.0,4.0,3.0,3.0,3.0,4.0,3.0,3.0,4.0,4.0,2.0,2.0,2.0,3.0,2.0,2.0,3.0,2.0,3.0,2.0,2.0,2.0,2.0,2.0,3.0,2.0,2.0,3.0,4.0,3.0,3.0,3.0,2.0,4.0,3.0,4.0,3.0,3.0,3.0,3.0,3.0,2.0,4.0,4.0,3.0,3.0,3.0,2.0,3.0,3.0,3.0,4.0,3.0,3.0,3.0,4.0,3.0,3.0,4.0,4.0,4.0,5.0,1.0,5.0,4.0,4.0,,2.0,2.0,3.0,2.0,3.0,1.0,1.0,3.0,2.0,2.0,3.0,3.0,1.0,1.0,1.0,1.0,1.0,4.0,4.0,4.0,4.0,4.0,4.0,4.0,1.0,1.0,3.0,3.0,3.0,3.0,1.0,2.0,3.0,7.0,7.0,1.0,1.0,1.0,1.0,1.0,,2.0,,4.0,1.0,2.0,1.0,3.0,0.80892,3.3333333333333335,3.5,4.5,3.0,2.0
16210.0,17.0,4.0,1.0,53.0,4.0,4.0,4.0,3.0,3.0,4.0,4.0,4.0,4.0,4.0,1.0,1.0,2.0,3.0,4.0,,,,,,,,,,,,,,2.0,2.0,,,,,,,,3.0,4.0,4.0,3.0,3.0,3.0,4.0,3.0,4.0,3.0,3.0,3.0,3.0,4.0,3.0,4.0,4.0,4.0,4.0,4.0,4.0,4.0,4.0,4.0,4.0,4.0,4.0,4.0,4.0,4.0,4.0,3.0,3.0,4.0,3.0,4.0,4.0,4.0,4.0,3.0,4.0,4.0,3.0,4.0,3.0,3.0,4.0,4.0,4.0,4.0,4.0,4.0,4.0,4.0,4.0,4.0,4.0,4.0,4.0,4.0,4.0,4.0,3.0,3.0,4.0,2.0,2.0,3.0,2.0,4.0,4.0,4.0,4.0,3.0,3.0,3.0,3.0,7.0,4.0,3.0,3.0,1.0,3.0,4.0,1.0,,3.0,2.0,4.0,1.0,3.0,2.0,3.0,4.0,3.0,3.0,4.0,3.0,2.0,2.0,2.0,2.0,2.0,4.0,4.0,4.0,3.0,2.0,2.0,3.0,2.0,2.0,2.0,2.0,3.0,3.0,2.0,2.0,4.0,6.0,6.0,2.0,2.0,2.0,2.0,2.0,1.0,2.0,,3.0,2.0,1.0,1.0,2.0,1.073801,4.0,4.0,3.5,3.0,1.0
16226.0,9.0,2.0,2.0,49.0,3.0,5.0,4.0,4.0,3.0,4.0,5.0,4.0,4.0,5.0,2.0,,,,,,,,,,,,,,,,,,1.0,2.0,,,,,,,,2.0,3.0,3.0,3.0,3.0,3.0,3.0,3.0,4.0,4.0,3.0,3.0,4.0,5.0,4.0,5.0,3.0,3.0,3.0,3.0,3.0,3.0,3.0,4.0,4.0,4.0,4.0,3.0,4.0,3.0,4.0,4.0,4.0,5.0,4.0,4.0,3.0,3.0,5.0,5.0,5.0,4.0,4.0,5.0,3.0,4.0,4.0,4.0,5.0,3.0,3.0,3.0,3.0,4.0,4.0,4.0,3.0,3.0,5.0,4.0,5.0,4.0,4.0,4.0,3.0,3.0,2.0,2.0,3.0,4.0,4.0,4.0,3.0,5.0,5.0,5.0,4.0,4.0,3.0,3.0,4.0,1.0,2.0,2.0,3.0,,3.0,3.0,4.0,1.0,4.0,4.0,4.0,5.0,4.0,4.0,5.0,5.0,1.0,2.0,2.0,2.0,2.0,4.0,4.0,4.0,4.0,4.0,3.0,2.0,2.0,2.0,1.0,1.0,1.0,3.0,2.0,2.0,4.0,5.0,3.0,2.0,2.0,1.0,2.0,2.0,1.0,4.0,,3.0,2.0,1.0,3.0,2.0,0.965456,4.333333333333333,4.5,2.0,4.0,1.0
16232.0,2.0,6.0,1.0,31.0,2.0,5.0,5.0,4.0,3.0,4.0,4.0,3.0,4.0,3.0,2.0,,,,,,,,,,,,,,,,,,2.0,1.0,,,,,5.0,,,2.0,4.0,4.0,4.0,4.0,4.0,4.0,4.0,5.0,4.0,4.0,3.0,4.0,5.0,4.0,5.0,4.0,4.0,4.0,4.0,4.0,4.0,4.0,5.0,4.0,4.0,4.0,4.0,4.0,4.0,4.0,4.0,4.0,3.0,4.0,4.0,4.0,5.0,4.0,5.0,4.0,4.0,4.0,4.0,4.0,4.0,4.0,4.0,4.0,4.0,5.0,5.0,5.0,4.0,4.0,4.0,5.0,4.0,5.0,5.0,4.0,3.0,4.0,3.0,5.0,3.0,3.0,3.0,3.0,3.0,3.0,3.0,3.0,4.0,3.0,3.0,3.0,2.0,3.0,3.0,3.0,1.0,4.0,4.0,2.0,,3.0,3.0,4.0,2.0,3.0,1.0,2.0,3.0,3.0,2.0,3.0,2.0,1.0,1.0,1.0,1.0,1.0,4.0,4.0,4.0,4.0,3.0,4.0,3.0,1.0,1.0,2.0,2.0,3.0,2.0,2.0,2.0,2.0,9.0,6.0,1.0,1.0,1.0,1.0,1.0,,4.0,,3.0,1.0,2.0,3.0,2.0,0.80892,3.3333333333333335,4.0,4.0,3.0,2.0
16253.0,9.0,2.0,1.0,35.0,2.0,5.0,4.0,3.0,5.0,3.0,3.0,3.0,3.0,3.0,2.0,,,,,,,,,,,,,,,,,,2.0,2.0,,,,,,,,4.0,3.0,3.0,3.0,4.0,3.0,2.0,1.0,2.0,3.0,2.0,1.0,2.0,3.0,3.0,3.0,3.0,2.0,3.0,3.0,3.0,2.0,3.0,3.0,2.0,3.0,2.0,3.0,2.0,3.0,2.0,3.0,2.0,3.0,2.0,3.0,2.0,3.0,4.0,3.0,3.0,3.0,2.0,2.0,3.0,2.0,3.0,4.0,3.0,2.0,3.0,2.0,3.0,3.0,4.0,3.0,4.0,3.0,4.0,3.0,4.0,4.0,3.0,4.0,3.0,2.0,3.0,2.0,3.0,4.0,3.0,4.0,4.0,3.0,4.0,3.0,3.0,6.0,3.0,3.0,3.0,1.0,3.0,3.0,4.0,,3.0,4.0,5.0,2.0,3.0,4.0,3.0,4.0,3.0,4.0,4.0,5.0,1.0,2.0,1.0,2.0,1.0,3.0,4.0,5.0,5.0,4.0,3.0,3.0,3.0,4.0,3.0,4.0,5.0,4.0,4.0,5.0,4.0,6.0,6.0,1.0,1.0,2.0,2.0,2.0,1.0,4.0,,3.0,2.0,1.0,3.0,2.0,0.921551,3.0,3.0,3.0,3.0,2.0
16316.0,9.0,2.0,1.0,33.0,2.0,5.0,5.0,4.0,5.0,5.0,5.0,4.0,5.0,5.0,2.0,,,,,,,,,,,,,,,,,,1.0,2.0,,,,,,,,4.0,2.0,2.0,3.0,3.0,2.0,3.0,2.0,3.0,3.0,3.0,3.0,3.0,3.0,3.0,5.0,3.0,3.0,4.0,3.0,4.0,3.0,5.0,4.0,4.0,4.0,4.0,3.0,5.0,5.0,5.0,3.0,3.0,4.0,3.0,4.0,3.0,4.0,4.0,4.0,4.0,4.0,3.0,5.0,4.0,5.0,4.0,4.0,4.0,4.0,4.0,4.0,4.0,4.0,4.0,4.0,4.0,4.0,5.0,4.0,5.0,3.0,3.0,4.0,4.0,5.0,3.0,4.0,2.0,4.0,4.0,3.0,3.0,5.0,4.0,4.0,4.0,6.0,3.0,2.0,1.0,1.0,5.0,5.0,4.0,,4.0,4.0,4.0,1.0,3.0,1.0,3.0,5.0,4.0,3.0,4.0,4.0,1.0,2.0,2.0,2.0,2.0,3.0,4.0,3.0,3.0,1.0,1.0,2.0,1.0,1.0,1.0,1.0,4.0,3.0,4.0,1.0,4.0,6.0,3.0,2.0,2.0,2.0,2.0,1.0,,7.0,,3.0,1.0,2.0,6.0,2.0,0.921551,4.666666666666667,5.0,5.0,3.0,1.0
16329.0,9.0,2.0,2.0,43.0,3.0,5.0,5.0,5.0,5.0,5.0,5.0,5.0,5.0,5.0,1.0,1.0,,,,,,,,,,,,,,,,,1.0,1.0,1.0,,,,,,,5.0,5.0,5.0,5.0,5.0,5.0,5.0,5.0,5.0,5.0,5.0,5.0,5.0,5.0,5.0,5.0,5.0,5.0,5.0,5.0,5.0,5.0,5.0,5.0,5.0,5.0,5.0,5.0,5.0,5.0,5.0,5.0,5.0,5.0,5.0,5.0,5.0,5.0,5.0,5.0,5.0,5.0,5.0,5.0,5.0,5.0,5.0,5.0,5.0,5.0,5.0,5.0,5.0,5.0,5.0,5.0,5.0,5.0,5.0,5.0,5.0,5.0,5.0,5.0,5.0,5.0,5.0,5.0,5.0,5.0,5.0,5.0,5.0,5.0,5.0,5.0,5.0,11.0,5.0,5.0,5.0,1.0,5.0,5.0,1.0,,5.0,5.0,5.0,1.0,5.0,5.0,5.0,5.0,5.0,5.0,5.0,5.0,1.0,1.0,1.0,1.0,1.0,5.0,5.0,5.0,5.0,5.0,5.0,5.0,5.0,5.0,5.0,5.0,5.0,5.0,5.0,5.0,5.0,11.0,11.0,1.0,1.0,1.0,1.0,3.0,2.0,2.0,,2.0,3.0,2.0,1.0,1.0,0.965456,5.0,5.0,5.0,5.0,1.0
16339.0,9.0,2.0,2.0,39.0,2.0,5.0,5.0,4.0,3.0,4.0,4.0,4.0,4.0,4.0,2.0,,,,,,,,,,,,,,,,,,2.0,1.0,,,3.0,4.0,5.0,,,4.0,4.0,4.0,3.0,3.0,3.0,5.0,3.0,4.0,3.0,2.0,2.0,4.0,4.0,5.0,5.0,4.0,3.0,5.0,2.0,3.0,2.0,4.0,5.0,5.0,5.0,4.0,4.0,5.0,3.0,4.0,2.0,2.0,2.0,2.0,2.0,2.0,2.0,2.0,2.0,2.0,2.0,2.0,2.0,2.0,2.0,5.0,4.0,5.0,4.0,4.0,4.0,3.0,5.0,5.0,4.0,3.0,3.0,5.0,3.0,3.0,4.0,4.0,4.0,5.0,3.0,2.0,3.0,2.0,2.0,3.0,2.0,4.0,4.0,2.0,2.0,2.0,9.0,4.0,4.0,4.0,1.0,4.0,2.0,3.0,,4.0,3.0,4.0,1.0,4.0,4.0,3.0,4.0,3.0,3.0,5.0,5.0,1.0,2.0,2.0,1.0,2.0,2.0,4.0,3.0,4.0,1.0,2.0,2.0,1.0,1.0,1.0,2.0,2.0,2.0,2.0,3.0,2.0,11.0,1.0,2.0,2.0,2.0,2.0,1.0,,4.0,,4.0,1.0,2.0,3.0,3.0,1.051499,4.0,4.0,3.0,4.0,1.0
16369.0,15.0,5.0,2.0,22.0,1.0,5.0,5.0,4.0,3.0,4.0,3.0,3.0,4.0,4.0,2.0,,,,,,,,,,,,,,,,,,2.0,1.0,1.0,,,4.0,5.0,,,1.0,3.0,5.0,3.0,2.0,4.0,4.0,2.0,5.0,3.0,3.0,2.0,5.0,4.0,4.0,4.0,3.0,3.0,4.0,3.0,4.0,3.0,4.0,4.0,4.0,4.0,3.0,2.0,3.0,3.0,2.0,3.0,3.0,3.0,3.0,3.0,3.0,3.0,3.0,3.0,3.0,3.0,3.0,3.0,3.0,3.0,4.0,4.0,4.0,3.0,4.0,3.0,4.0,4.0,4.0,4.0,4.0,3.0,4.0,3.0,2.0,4.0,4.0,4.0,4.0,4.0,2.0,2.0,3.0,4.0,2.0,2.0,2.0,3.0,1.0,1.0,4.0,9.0,5.0,2.0,3.0,1.0,5.0,5.0,2.0,,3.0,2.0,4.0,2.0,2.0,1.0,3.0,4.0,2.0,3.0,3.0,3.0,2.0,2.0,2.0,1.0,2.0,5.0,3.0,3.0,4.0,3.0,1.0,3.0,1.0,1.0,2.0,2.0,4.0,4.0,2.0,1.0,1.0,9.0,6.0,1.0,2.0,1.0,2.0,1.0,,4.0,,3.0,1.0,2.0,3.0,2.0,0.976825,3.6666666666666665,3.5,5.0,2.0,2.0
16434.0,6.0,3.0,1.0,20.0,1.0,5.0,5.0,3.0,3.0,3.0,3.0,3.0,3.0,3.0,2.0,,,,,,,,,,,,,,,,,,2.0,2.0,,,,,,,,3.0,4.0,4.0,4.0,4.0,4.0,4.0,4.0,4.0,3.0,3.0,3.0,4.0,5.0,4.0,4.0,4.0,4.0,4.0,4.0,4.0,3.0,4.0,4.0,4.0,4.0,3.0,3.0,4.0,3.0,3.0,4.0,4.0,4.0,4.0,4.0,3.0,4.0,4.0,4.0,4.0,4.0,3.0,4.0,3.0,3.0,4.0,4.0,4.0,4.0,4.0,3.0,4.0,4.0,4.0,4.0,4.0,3.0,4.0,3.0,3.0,4.0,4.0,4.0,5.0,3.0,3.0,3.0,3.0,3.0,4.0,3.0,3.0,5.0,4.0,5.0,3.0,6.0,4.0,3.0,4.0,1.0,4.0,4.0,3.0,,3.0,3.0,3.0,1.0,3.0,1.0,1.0,3.0,2.0,2.0,4.0,3.0,2.0,2.0,2.0,2.0,2.0,4.0,4.0,3.0,4.0,2.0,2.0,2.0,1.0,1.0,3.0,2.0,3.0,3.0,3.0,2.0,3.0,6.0,6.0,2.0,2.0,2.0,2.0,1.0,,6.0,,2.0,1.0,2.0,5.0,1.0,0.984842,3.0,3.0,4.0,3.0,1.0
16607.0,9.0,2.0,1.0,26.0,1.0,4.0,4.0,4.0,4.0,4.0,4.0,4.0,4.0,4.0,1.0,,,,4.0,,6.0,,,,,,,,,,,,1.0,1.0,,,,,5.0,,,3.0,4.0,3.0,4.0,4.0,4.0,4.0,4.0,5.0,4.0,4.0,3.0,4.0,4.0,3.0,4.0,4.0,4.0,3.0,4.0,4.0,3.0,3.0,4.0,3.0,3.0,4.0,4.0,4.0,4.0,3.0,3.0,4.0,4.0,3.0,3.0,4.0,3.0,4.0,3.0,3.0,4.0,4.0,3.0,4.0,4.0,4.0,4.0,4.0,3.0,3.0,4.0,4.0,3.0,3.0,3.0,4.0,4.0,3.0,4.0,4.0,3.0,4.0,3.0,3.0,4.0,4.0,3.0,4.0,4.0,3.0,3.0,4.0,3.0,3.0,4.0,4.0,7.0,4.0,4.0,3.0,1.0,4.0,3.0,4.0,,3.0,3.0,4.0,2.0,3.0,4.0,3.0,3.0,3.0,3.0,2.0,4.0,2.0,1.0,1.0,1.0,1.0,4.0,3.0,3.0,4.0,3.0,3.0,4.0,3.0,3.0,4.0,3.0,3.0,4.0,4.0,4.0,4.0,7.0,7.0,1.0,1.0,2.0,2.0,1.0,,6.0,,3.0,1.0,2.0,5.0,2.0,1.051424,4.0,4.0,3.5,3.0,2.0
16616.0,10.0,3.0,1.0,47.0,3.0,5.0,4.0,4.0,4.0,5.0,4.0,4.0,5.0,5.0,1.0,1.0,2.0,3.0,4.0,5.0,6.0,,8.0,9.0,10.0,11.0,12.0,,,15.0,,,1.0,1.0,1.0,,,4.0,5.0,,,3.0,4.0,3.0,3.0,3.0,3.0,4.0,3.0,3.0,3.0,3.0,3.0,3.0,4.0,3.0,3.0,4.0,4.0,3.0,3.0,3.0,4.0,3.0,3.0,3.0,2.0,3.0,4.0,5.0,4.0,5.0,4.0,3.0,3.0,4.0,3.0,4.0,2.0,3.0,3.0,2.0,3.0,4.0,5.0,4.0,4.0,3.0,3.0,4.0,4.0,4.0,3.0,3.0,2.0,3.0,3.0,3.0,3.0,4.0,4.0,4.0,5.0,4.0,4.0,4.0,3.0,3.0,4.0,4.0,4.0,5.0,4.0,3.0,4.0,4.0,3.0,3.0,10.0,4.0,2.0,3.0,1.0,4.0,4.0,2.0,,3.0,4.0,4.0,2.0,4.0,3.0,3.0,4.0,3.0,4.0,4.0,3.0,1.0,1.0,1.0,1.0,1.0,2.0,3.0,3.0,3.0,3.0,4.0,3.0,1.0,1.0,1.0,2.0,2.0,2.0,1.0,2.0,3.0,6.0,5.0,1.0,1.0,1.0,1.0,2.0,1.0,4.0,,3.0,2.0,1.0,3.0,2.0,0.776027,4.666666666666667,4.5,4.0,4.0,2.0
16627.0,1.0,1.0,2.0,32.0,2.0,5.0,5.0,3.0,3.0,4.0,4.0,3.0,4.0,3.0,2.0,,,,,,,,,,,,,,,,,,2.0,2.0,,,,,,,,4.0,3.0,3.0,3.0,3.0,3.0,4.0,2.0,4.0,3.0,3.0,3.0,4.0,3.0,4.0,5.0,5.0,5.0,5.0,4.0,4.0,4.0,4.0,5.0,5.0,4.0,4.0,4.0,4.0,3.0,4.0,3.0,3.0,4.0,2.0,2.0,2.0,3.0,2.0,3.0,3.0,2.0,2.0,1.0,1.0,1.0,4.0,5.0,4.0,3.0,4.0,3.0,4.0,5.0,5.0,5.0,4.0,4.0,4.0,2.0,3.0,4.0,5.0,4.0,5.0,5.0,3.0,4.0,3.0,4.0,4.0,5.0,4.0,5.0,4.0,5.0,4.0,4.0,4.0,4.0,4.0,1.0,4.0,5.0,1.0,,3.0,3.0,4.0,1.0,3.0,3.0,3.0,3.0,2.0,2.0,4.0,4.0,2.0,2.0,2.0,1.0,2.0,4.0,3.0,4.0,3.0,3.0,4.0,3.0,1.0,2.0,3.0,2.0,2.0,3.0,1.0,1.0,4.0,6.0,5.0,1.0,2.0,2.0,2.0,2.0,2.0,4.0,,3.0,2.0,2.0,3.0,2.0,1.036816,3.3333333333333335,4.0,4.5,3.0,1.0
16635.0,14.0,4.0,2.0,48.0,3.0,5.0,5.0,4.0,3.0,4.0,4.0,4.0,4.0,4.0,2.0,,,,,,,,,,,,,,,,,,2.0,2.0,,,,,,,,3.0,4.0,4.0,4.0,4.0,4.0,5.0,4.0,5.0,4.0,4.0,4.0,5.0,5.0,5.0,5.0,5.0,5.0,4.0,5.0,3.0,5.0,4.0,5.0,4.0,4.0,4.0,5.0,5.0,5.0,3.0,4.0,4.0,4.0,4.0,3.0,4.0,4.0,5.0,4.0,4.0,4.0,5.0,5.0,4.0,3.0,4.0,4.0,4.0,4.0,3.0,4.0,4.0,5.0,4.0,4.0,4.0,5.0,5.0,4.0,3.0,3.0,3.0,3.0,5.0,4.0,3.0,4.0,2.0,4.0,4.0,3.0,3.0,4.0,4.0,4.0,4.0,8.0,4.0,3.0,4.0,1.0,5.0,5.0,4.0,,3.0,3.0,4.0,2.0,3.0,2.0,2.0,4.0,3.0,3.0,5.0,3.0,1.0,2.0,2.0,2.0,2.0,4.0,4.0,4.0,4.0,3.0,2.0,2.0,1.0,1.0,1.0,2.0,2.0,3.0,2.0,3.0,4.0,8.0,9.0,2.0,2.0,2.0,2.0,2.0,1.0,4.0,,3.0,2.0,1.0,3.0,2.0,0.826771,4.0,4.0,5.0,3.0,2.0
16648.0,5.0,4.0,2.0,49.0,3.0,5.0,5.0,3.0,1.0,4.0,3.0,4.0,4.0,3.0,2.0,,,,,,,,,,,,,,,,,,2.0,2.0,,,,,,,,2.0,4.0,3.0,4.0,3.0,3.0,3.0,3.0,4.0,4.0,3.0,2.0,3.0,5.0,4.0,5.0,3.0,3.0,4.0,3.0,3.0,3.0,3.0,4.0,4.0,3.0,2.0,3.0,4.0,2.0,3.0,3.0,3.0,4.0,3.0,2.0,3.0,3.0,4.0,4.0,3.0,2.0,3.0,4.0,2.0,3.0,3.0,3.0,4.0,3.0,2.0,3.0,3.0,4.0,4.0,3.0,2.0,3.0,4.0,2.0,3.0,4.0,2.0,3.0,4.0,4.0,2.0,4.0,3.0,3.0,4.0,3.0,4.0,5.0,5.0,4.0,3.0,10.0,5.0,1.0,4.0,1.0,5.0,4.0,2.0,,1.0,1.0,4.0,2.0,2.0,1.0,2.0,3.0,2.0,2.0,3.0,2.0,2.0,2.0,2.0,2.0,2.0,4.0,4.0,4.0,4.0,3.0,3.0,3.0,1.0,1.0,4.0,3.0,2.0,3.0,3.0,3.0,3.0,10.0,4.0,2.0,2.0,2.0,2.0,2.0,1.0,5.0,,3.0,2.0,1.0,4.0,2.0,0.826771,3.6666666666666665,3.5,4.5,2.0,2.0
16653.0,1.0,1.0,1.0,21.0,1.0,5.0,5.0,4.0,2.0,4.0,4.0,4.0,4.0,3.0,2.0,,,,,,,,,,,,,,,,,,2.0,2.0,,,,,,,,3.0,5.0,5.0,4.0,5.0,4.0,5.0,4.0,5.0,4.0,4.0,4.0,5.0,5.0,5.0,5.0,5.0,5.0,4.0,4.0,3.0,4.0,4.0,5.0,4.0,4.0,4.0,5.0,5.0,4.0,5.0,5.0,5.0,3.0,4.0,3.0,4.0,3.0,4.0,4.0,3.0,3.0,5.0,5.0,4.0,5.0,5.0,5.0,4.0,4.0,3.0,4.0,4.0,5.0,4.0,4.0,4.0,5.0,5.0,4.0,5.0,4.0,4.0,5.0,5.0,4.0,3.0,4.0,2.0,4.0,4.0,4.0,4.0,4.0,4.0,3.0,4.0,8.0,5.0,3.0,4.0,1.0,5.0,5.0,4.0,,3.0,3.0,4.0,2.0,3.0,1.0,1.0,4.0,3.0,3.0,5.0,3.0,1.0,2.0,2.0,2.0,2.0,3.0,4.0,3.0,3.0,2.0,1.0,1.0,1.0,1.0,1.0,1.0,2.0,2.0,1.0,1.0,4.0,7.0,8.0,2.0,2.0,2.0,2.0,1.0,,6.0,,3.0,1.0,2.0,5.0,2.0,1.112248,3.6666666666666665,4.0,5.0,3.0,2.0
16656.0,9.0,2.0,2.0,55.0,4.0,5.0,5.0,4.0,3.0,4.0,4.0,4.0,4.0,4.0,1.0,1.0,2.0,3.0,4.0,5.0,6.0,,,,,,,,,,,,1.0,1.0,1.0,,,4.0,,,,2.0,4.0,4.0,3.0,3.0,3.0,4.0,3.0,4.0,4.0,3.0,3.0,4.0,4.0,4.0,5.0,4.0,4.0,4.0,3.0,3.0,4.0,3.0,4.0,4.0,3.0,3.0,4.0,5.0,4.0,5.0,4.0,4.0,4.0,3.0,3.0,4.0,3.0,4.0,4.0,3.0,3.0,4.0,5.0,4.0,5.0,4.0,4.0,4.0,4.0,4.0,4.0,4.0,4.0,4.0,3.0,3.0,4.0,5.0,4.0,5.0,4.0,4.0,4.0,5.0,4.0,3.0,3.0,3.0,3.0,4.0,4.0,4.0,5.0,4.0,4.0,4.0,9.0,2.0,4.0,4.0,1.0,4.0,5.0,2.0,,4.0,4.0,4.0,1.0,4.0,4.0,4.0,5.0,4.0,4.0,5.0,4.0,1.0,2.0,2.0,1.0,1.0,4.0,4.0,4.0,4.0,2.0,4.0,2.0,1.0,2.0,2.0,1.0,2.0,3.0,2.0,1.0,4.0,9.0,4.0,1.0,1.0,1.0,2.0,2.0,1.0,4.0,,4.0,2.0,1.0,3.0,3.0,1.05617,4.0,4.0,4.5,4.0,1.0
16671.0,14.0,4.0,1.0,40.0,3.0,4.0,5.0,4.0,5.0,3.0,2.0,3.0,3.0,4.0,2.0,,,,,,,,,,,,,,,,,,1.0,2.0,,,,,,,,4.0,4.0,4.0,3.0,3.0,4.0,4.0,4.0,5.0,5.0,5.0,4.0,5.0,5.0,4.0,5.0,4.0,4.0,2.0,3.0,2.0,2.0,2.0,4.0,4.0,5.0,5.0,5.0,5.0,3.0,3.0,4.0,4.0,4.0,2.0,3.0,2.0,4.0,4.0,5.0,5.0,5.0,5.0,5.0,4.0,4.0,4.0,5.0,5.0,5.0,4.0,4.0,3.0,5.0,5.0,5.0,4.0,3.0,5.0,3.0,2.0,2.0,4.0,5.0,5.0,2.0,1.0,3.0,4.0,3.0,4.0,5.0,5.0,5.0,5.0,4.0,4.0,8.0,4.0,3.0,3.0,2.0,2.0,2.0,2.0,,4.0,4.0,5.0,1.0,4.0,4.0,4.0,4.0,4.0,4.0,5.0,4.0,2.0,1.0,2.0,1.0,2.0,4.0,5.0,3.0,3.0,2.0,3.0,4.0,2.0,2.0,3.0,3.0,4.0,5.0,2.0,4.0,4.0,10.0,5.0,2.0,2.0,1.0,1.0,2.0,1.0,3.0,,4.0,2.0,1.0,2.0,3.0,0.826158,3.3333333333333335,2.5,2.0,4.0,1.0
16672.0,1.0,1.0,1.0,26.0,1.0,5.0,5.0,5.0,5.0,5.0,5.0,5.0,4.0,4.0,2.0,,,,,,,,,,,,,,,,,,2.0,2.0,,,,,,,,4.0,3.0,4.0,4.0,5.0,3.0,4.0,4.0,3.0,5.0,4.0,3.0,3.0,4.0,2.0,3.0,4.0,5.0,4.0,3.0,4.0,4.0,4.0,5.0,4.0,3.0,4.0,3.0,4.0,4.0,3.0,4.0,5.0,4.0,4.0,3.0,4.0,4.0,5.0,3.0,4.0,4.0,5.0,4.0,3.0,4.0,4.0,3.0,5.0,4.0,3.0,4.0,4.0,4.0,5.0,3.0,4.0,4.0,3.0,5.0,4.0,4.0,5.0,4.0,3.0,4.0,4.0,4.0,4.0,5.0,3.0,4.0,4.0,3.0,4.0,4.0,5.0,9.0,4.0,4.0,4.0,2.0,3.0,3.0,4.0,,4.0,4.0,3.0,2.0,4.0,4.0,3.0,2.0,3.0,2.0,1.0,1.0,2.0,1.0,2.0,2.0,2.0,3.0,2.0,1.0,2.0,2.0,3.0,2.0,2.0,3.0,2.0,2.0,3.0,2.0,2.0,3.0,3.0,7.0,5.0,2.0,1.0,2.0,2.0,1.0,,4.0,,2.0,1.0,2.0,3.0,1.0,1.112248,4.333333333333333,5.0,3.0,4.0,2.0
16708.0,9.0,2.0,1.0,46.0,3.0,5.0,5.0,5.0,5.0,4.0,4.0,4.0,3.0,4.0,2.0,,,,,,,,,,,,,,,,,,2.0,2.0,,,,,,,,2.0,3.0,4.0,4.0,3.0,4.0,3.0,3.0,4.0,4.0,4.0,3.0,4.0,4.0,3.0,5.0,4.0,4.0,4.0,5.0,4.0,5.0,4.0,4.0,5.0,4.0,4.0,4.0,4.0,4.0,5.0,4.0,4.0,5.0,4.0,4.0,4.0,5.0,4.0,5.0,5.0,4.0,4.0,4.0,4.0,5.0,4.0,4.0,5.0,4.0,4.0,5.0,4.0,4.0,5.0,5.0,4.0,5.0,4.0,4.0,5.0,4.0,4.0,5.0,4.0,5.0,5.0,4.0,5.0,4.0,4.0,5.0,5.0,4.0,5.0,5.0,4.0,9.0,3.0,4.0,2.0,1.0,4.0,4.0,3.0,,4.0,4.0,3.0,2.0,3.0,2.0,3.0,3.0,3.0,3.0,2.0,3.0,1.0,2.0,1.0,1.0,2.0,4.0,4.0,5.0,4.0,5.0,5.0,4.0,5.0,4.0,4.0,4.0,5.0,5.0,4.0,5.0,4.0,9.0,8.0,2.0,1.0,2.0,2.0,2.0,1.0,4.0,,3.0,2.0,1.0,3.0,2.0,1.065336,3.6666666666666665,4.0,4.0,3.0,2.0
16723.0,8.0,3.0,2.0,59.0,4.0,4.0,4.0,4.0,3.0,2.0,2.0,2.0,3.0,3.0,2.0,,,,,,,,,,,,,,,,,,2.0,2.0,,,,,,,,2.0,3.0,3.0,5.0,4.0,4.0,3.0,3.0,5.0,3.0,3.0,4.0,4.0,5.0,4.0,4.0,2.0,2.0,3.0,2.0,2.0,2.0,2.0,3.0,3.0,3.0,3.0,3.0,3.0,2.0,2.0,2.0,2.0,3.0,2.0,2.0,2.0,2.0,4.0,2.0,3.0,4.0,3.0,4.0,2.0,2.0,2.0,2.0,4.0,3.0,2.0,2.0,2.0,4.0,3.0,3.0,4.0,3.0,4.0,3.0,2.0,4.0,3.0,2.0,3.0,2.0,2.0,4.0,2.0,4.0,4.0,4.0,3.0,4.0,5.0,5.0,4.0,6.0,1.0,4.0,3.0,1.0,3.0,4.0,2.0,,3.0,3.0,3.0,1.0,3.0,2.0,2.0,3.0,3.0,3.0,4.0,4.0,2.0,2.0,2.0,2.0,2.0,3.0,4.0,3.0,3.0,3.0,2.0,3.0,2.0,2.0,2.0,2.0,3.0,3.0,3.0,3.0,1.0,6.0,6.0,1.0,1.0,1.0,1.0,2.0,1.0,8.0,,4.0,2.0,1.0,7.0,3.0,0.976223,2.6666666666666665,2.0,3.5,3.0,1.0
16802.0,1.0,1.0,1.0,40.0,3.0,4.0,3.0,4.0,3.0,4.0,3.0,4.0,3.0,4.0,1.0,,,,,,6.0,,,,,,12.0,,,,,,1.0,1.0,,2.0,,,,,,3.0,3.0,3.0,4.0,4.0,3.0,3.0,3.0,4.0,4.0,4.0,3.0,4.0,4.0,3.0,3.0,3.0,3.0,3.0,3.0,4.0,4.0,3.0,3.0,3.0,4.0,4.0,3.0,3.0,4.0,4.0,3.0,3.0,3.0,3.0,3.0,4.0,4.0,4.0,4.0,3.0,3.0,3.0,4.0,4.0,3.0,4.0,3.0,3.0,4.0,4.0,3.0,4.0,4.0,3.0,3.0,4.0,4.0,3.0,3.0,4.0,3.0,3.0,4.0,4.0,4.0,3.0,3.0,4.0,4.0,3.0,3.0,4.0,4.0,3.0,4.0,4.0,9.0,4.0,3.0,4.0,2.0,3.0,4.0,4.0,,3.0,3.0,3.0,1.0,3.0,2.0,3.0,3.0,4.0,4.0,3.0,3.0,2.0,2.0,2.0,1.0,1.0,3.0,3.0,3.0,3.0,4.0,3.0,3.0,3.0,3.0,4.0,3.0,4.0,3.0,3.0,4.0,3.0,9.0,8.0,2.0,1.0,1.0,2.0,1.0,,6.0,,2.0,1.0,2.0,5.0,1.0,1.074504,3.6666666666666665,3.5,3.5,3.0,1.0
16809.0,11.0,3.0,2.0,46.0,3.0,5.0,5.0,5.0,5.0,5.0,5.0,5.0,5.0,5.0,2.0,,,,,,,,,,,,,,,,,,2.0,2.0,,,,,,,,1.0,5.0,5.0,5.0,5.0,5.0,5.0,5.0,4.0,5.0,5.0,5.0,5.0,5.0,5.0,5.0,4.0,4.0,5.0,5.0,5.0,5.0,4.0,4.0,5.0,5.0,4.0,4.0,5.0,5.0,5.0,4.0,4.0,4.0,4.0,4.0,4.0,4.0,4.0,4.0,4.0,5.0,5.0,5.0,5.0,5.0,3.0,3.0,3.0,3.0,4.0,3.0,3.0,4.0,3.0,3.0,3.0,3.0,3.0,3.0,3.0,3.0,3.0,3.0,3.0,5.0,5.0,4.0,4.0,4.0,4.0,4.0,4.0,4.0,4.0,4.0,4.0,4.0,5.0,4.0,3.0,2.0,4.0,3.0,5.0,,3.0,3.0,4.0,2.0,5.0,3.0,3.0,3.0,3.0,2.0,2.0,2.0,2.0,1.0,2.0,1.0,1.0,3.0,3.0,3.0,3.0,3.0,3.0,3.0,1.0,1.0,1.0,1.0,2.0,2.0,3.0,3.0,3.0,4.0,2.0,2.0,1.0,1.0,1.0,2.0,2.0,5.0,,5.0,2.0,2.0,4.0,3.0,0.951541,5.0,5.0,3.5,5.0,2.0
16817.0,9.0,2.0,2.0,40.0,3.0,5.0,5.0,5.0,5.0,4.0,3.0,4.0,4.0,4.0,2.0,,,,,,,,,,,,,,,,,,2.0,2.0,,,,,,,,3.0,3.0,2.0,4.0,4.0,3.0,5.0,3.0,5.0,5.0,4.0,4.0,5.0,5.0,3.0,5.0,3.0,3.0,4.0,4.0,4.0,3.0,3.0,4.0,4.0,3.0,3.0,3.0,5.0,3.0,2.0,3.0,3.0,4.0,4.0,3.0,3.0,3.0,3.0,4.0,3.0,3.0,3.0,4.0,2.0,2.0,3.0,3.0,4.0,4.0,3.0,3.0,2.0,3.0,4.0,3.0,2.0,2.0,3.0,2.0,2.0,4.0,3.0,4.0,5.0,4.0,2.0,2.0,2.0,4.0,4.0,3.0,4.0,5.0,5.0,4.0,4.0,10.0,3.0,2.0,4.0,1.0,5.0,4.0,3.0,,3.0,3.0,4.0,1.0,4.0,3.0,3.0,4.0,3.0,3.0,4.0,3.0,2.0,2.0,2.0,1.0,2.0,5.0,5.0,3.0,4.0,3.0,4.0,3.0,1.0,1.0,3.0,3.0,3.0,3.0,4.0,1.0,2.0,8.0,3.0,2.0,2.0,2.0,2.0,2.0,1.0,5.0,,4.0,2.0,1.0,4.0,3.0,0.965456,4.0,3.5,4.5,4.0,1.0
16827.0,9.0,2.0,1.0,27.0,1.0,5.0,5.0,4.0,4.0,4.0,4.0,4.0,4.0,4.0,2.0,,,,,,,,,,,,,,,,,,1.0,2.0,,,,,,,,4.0,3.0,3.0,2.0,2.0,3.0,3.0,2.0,4.0,4.0,3.0,2.0,4.0,4.0,4.0,5.0,4.0,4.0,5.0,5.0,4.0,4.0,4.0,4.0,5.0,5.0,4.0,4.0,5.0,5.0,4.0,4.0,5.0,5.0,4.0,5.0,4.0,5.0,5.0,4.0,5.0,4.0,5.0,5.0,4.0,5.0,4.0,5.0,5.0,4.0,5.0,4.0,5.0,5.0,4.0,5.0,4.0,5.0,5.0,4.0,5.0,4.0,4.0,4.0,5.0,3.0,2.0,4.0,2.0,4.0,4.0,4.0,4.0,5.0,4.0,4.0,4.0,8.0,4.0,4.0,4.0,1.0,4.0,4.0,1.0,,4.0,4.0,4.0,1.0,4.0,4.0,4.0,5.0,4.0,4.0,4.0,5.0,1.0,1.0,1.0,1.0,1.0,4.0,5.0,4.0,4.0,5.0,4.0,5.0,4.0,4.0,4.0,5.0,5.0,4.0,5.0,4.0,4.0,7.0,5.0,1.0,1.0,1.0,1.0,1.0,,4.0,,3.0,1.0,2.0,3.0,2.0,1.051424,4.0,4.0,4.0,4.0,1.0
16840.0,1.0,1.0,1.0,50.0,4.0,5.0,5.0,4.0,3.0,4.0,4.0,4.0,4.0,4.0,1.0,1.0,2.0,3.0,4.0,5.0,6.0,,,,,11.0,,,,,,,2.0,2.0,,,,,,,,4.0,3.0,3.0,2.0,3.0,3.0,4.0,3.0,4.0,4.0,2.0,2.0,3.0,3.0,4.0,5.0,4.0,4.0,5.0,3.0,4.0,2.0,4.0,5.0,5.0,4.0,3.0,2.0,4.0,3.0,2.0,4.0,4.0,5.0,4.0,5.0,2.0,3.0,4.0,5.0,4.0,3.0,3.0,4.0,3.0,2.0,4.0,4.0,5.0,4.0,5.0,2.0,4.0,5.0,5.0,4.0,4.0,2.0,4.0,3.0,2.0,4.0,2.0,3.0,4.0,4.0,3.0,4.0,4.0,2.0,4.0,3.0,4.0,5.0,4.0,4.0,4.0,8.0,4.0,4.0,2.0,1.0,4.0,3.0,2.0,,4.0,3.0,4.0,1.0,4.0,2.0,3.0,4.0,3.0,3.0,4.0,3.0,2.0,1.0,1.0,1.0,1.0,4.0,4.0,4.0,4.0,4.0,4.0,3.0,1.0,2.0,3.0,4.0,2.0,3.0,1.0,2.0,4.0,7.0,5.0,1.0,2.0,1.0,2.0,2.0,1.0,4.0,,4.0,2.0,1.0,3.0,3.0,1.101675,4.0,4.0,3.5,4.0,1.0
16842.0,6.0,3.0,1.0,34.0,2.0,5.0,5.0,3.0,3.0,3.0,3.0,3.0,3.0,3.0,2.0,,,,,,,,,,,,,,,,,,2.0,1.0,,,,4.0,,,,3.0,4.0,4.0,4.0,3.0,3.0,4.0,3.0,4.0,3.0,3.0,2.0,4.0,4.0,4.0,4.0,3.0,3.0,3.0,3.0,3.0,3.0,3.0,4.0,3.0,3.0,3.0,3.0,4.0,4.0,2.0,4.0,4.0,4.0,3.0,4.0,4.0,4.0,4.0,4.0,4.0,4.0,3.0,4.0,4.0,3.0,4.0,4.0,4.0,3.0,4.0,3.0,3.0,4.0,4.0,4.0,4.0,3.0,4.0,4.0,3.0,4.0,5.0,4.0,4.0,4.0,3.0,4.0,3.0,3.0,4.0,3.0,3.0,4.0,4.0,3.0,3.0,9.0,3.0,4.0,4.0,1.0,2.0,2.0,1.0,,4.0,4.0,4.0,1.0,4.0,3.0,4.0,4.0,4.0,3.0,4.0,4.0,2.0,2.0,2.0,2.0,2.0,3.0,4.0,2.0,3.0,2.0,3.0,3.0,2.0,2.0,3.0,3.0,2.0,3.0,2.0,3.0,3.0,5.0,3.0,2.0,2.0,2.0,2.0,1.0,,2.0,,3.0,1.0,2.0,1.0,2.0,0.865768,3.0,3.0,2.0,4.0,1.0
16864.0,12.0,3.0,2.0,56.0,4.0,5.0,5.0,4.0,3.0,4.0,4.0,4.0,4.0,4.0,2.0,,,,,,,,,,,,,,,,,,2.0,2.0,,,,,,,,4.0,3.0,3.0,3.0,3.0,2.0,3.0,2.0,4.0,3.0,3.0,3.0,4.0,3.0,3.0,4.0,4.0,4.0,5.0,2.0,2.0,2.0,4.0,5.0,4.0,4.0,3.0,3.0,4.0,2.0,2.0,3.0,3.0,3.0,2.0,2.0,2.0,3.0,4.0,4.0,4.0,4.0,4.0,3.0,2.0,2.0,4.0,4.0,5.0,3.0,3.0,3.0,4.0,4.0,4.0,4.0,4.0,3.0,3.0,3.0,3.0,5.0,4.0,4.0,4.0,4.0,2.0,3.0,2.0,3.0,3.0,2.0,4.0,4.0,4.0,4.0,4.0,10.0,5.0,2.0,3.0,2.0,4.0,3.0,2.0,,3.0,3.0,4.0,1.0,4.0,1.0,2.0,5.0,3.0,4.0,5.0,3.0,2.0,2.0,2.0,2.0,2.0,4.0,4.0,4.0,4.0,4.0,2.0,3.0,2.0,2.0,2.0,3.0,2.0,4.0,3.0,1.0,4.0,11.0,1.0,1.0,2.0,2.0,2.0,2.0,1.0,5.0,,5.0,2.0,1.0,4.0,3.0,0.976223,4.0,4.0,3.5,4.0,1.0
16881.0,15.0,5.0,2.0,46.0,3.0,3.0,5.0,4.0,5.0,4.0,4.0,3.0,4.0,4.0,2.0,,,,,,,,,,,,,,,,,,2.0,2.0,,,,,,,,3.0,4.0,4.0,5.0,4.0,4.0,5.0,4.0,5.0,5.0,5.0,5.0,5.0,4.0,4.0,5.0,4.0,4.0,4.0,4.0,4.0,4.0,4.0,4.0,4.0,4.0,4.0,4.0,4.0,3.0,4.0,3.0,3.0,3.0,3.0,3.0,3.0,3.0,3.0,3.0,3.0,3.0,3.0,3.0,3.0,3.0,3.0,3.0,3.0,3.0,3.0,3.0,3.0,3.0,3.0,3.0,3.0,3.0,3.0,3.0,3.0,3.0,4.0,2.0,4.0,2.0,2.0,2.0,2.0,3.0,4.0,3.0,4.0,4.0,4.0,3.0,3.0,7.0,4.0,2.0,4.0,1.0,4.0,4.0,3.0,,4.0,3.0,2.0,1.0,4.0,3.0,4.0,4.0,4.0,2.0,2.0,4.0,2.0,2.0,2.0,2.0,2.0,4.0,4.0,4.0,4.0,4.0,4.0,2.0,2.0,2.0,4.0,4.0,4.0,4.0,2.0,2.0,2.0,8.0,7.0,2.0,2.0,2.0,2.0,1.0,,3.0,,5.0,1.0,2.0,2.0,3.0,0.871396,3.6666666666666665,4.0,4.0,4.0,1.0
16885.0,1.0,1.0,2.0,24.0,1.0,5.0,4.0,5.0,4.0,3.0,4.0,4.0,3.0,3.0,2.0,,,,,,,,,,,,,,,,,,1.0,2.0,,,,,,,,3.0,4.0,4.0,3.0,3.0,4.0,4.0,3.0,4.0,4.0,4.0,3.0,3.0,4.0,3.0,4.0,4.0,3.0,4.0,4.0,3.0,4.0,3.0,3.0,4.0,3.0,4.0,4.0,5.0,4.0,4.0,4.0,3.0,3.0,3.0,3.0,3.0,3.0,4.0,4.0,3.0,4.0,3.0,3.0,3.0,4.0,4.0,4.0,3.0,4.0,3.0,4.0,4.0,4.0,5.0,3.0,4.0,3.0,3.0,4.0,4.0,4.0,4.0,5.0,4.0,3.0,3.0,3.0,3.0,3.0,3.0,3.0,3.0,4.0,3.0,3.0,3.0,5.0,3.0,3.0,3.0,1.0,3.0,4.0,3.0,,3.0,3.0,4.0,1.0,3.0,3.0,3.0,3.0,3.0,3.0,3.0,3.0,1.0,2.0,1.0,1.0,1.0,3.0,2.0,2.0,2.0,3.0,4.0,3.0,3.0,4.0,3.0,3.0,3.0,3.0,3.0,2.0,3.0,6.0,8.0,2.0,2.0,1.0,1.0,1.0,,7.0,,4.0,1.0,2.0,6.0,3.0,1.034762,3.3333333333333335,3.5,3.5,3.0,1.0
16888.0,1.0,1.0,2.0,43.0,3.0,4.0,5.0,5.0,5.0,4.0,4.0,4.0,4.0,4.0,1.0,1.0,2.0,,4.0,,6.0,,,,,,,,,,,,2.0,1.0,,,3.0,4.0,5.0,,,2.0,4.0,4.0,4.0,4.0,4.0,4.0,4.0,4.0,4.0,4.0,4.0,4.0,4.0,4.0,4.0,4.0,5.0,4.0,4.0,4.0,4.0,4.0,5.0,4.0,4.0,4.0,4.0,5.0,4.0,5.0,4.0,4.0,4.0,4.0,4.0,4.0,4.0,4.0,4.0,4.0,3.0,4.0,4.0,4.0,3.0,4.0,4.0,3.0,4.0,3.0,4.0,4.0,4.0,4.0,4.0,3.0,4.0,4.0,4.0,4.0,3.0,3.0,4.0,4.0,4.0,2.0,3.0,3.0,4.0,3.0,4.0,4.0,4.0,4.0,4.0,3.0,9.0,3.0,3.0,3.0,1.0,5.0,4.0,3.0,,4.0,3.0,4.0,2.0,3.0,2.0,3.0,4.0,3.0,3.0,4.0,3.0,2.0,2.0,2.0,2.0,2.0,3.0,3.0,3.0,4.0,2.0,3.0,3.0,2.0,2.0,3.0,2.0,2.0,3.0,2.0,2.0,3.0,6.0,6.0,2.0,2.0,2.0,2.0,2.0,1.0,5.0,,4.0,2.0,1.0,4.0,3.0,1.098998,4.0,4.0,4.5,3.0,2.0
16889.0,9.0,2.0,2.0,51.0,4.0,5.0,5.0,5.0,5.0,5.0,4.0,4.0,4.0,4.0,2.0,,,,,,,,,,,,,,,,,,2.0,2.0,,,,,,,,4.0,3.0,3.0,3.0,3.0,3.0,4.0,3.0,3.0,3.0,3.0,3.0,3.0,4.0,4.0,5.0,3.0,3.0,3.0,3.0,3.0,3.0,3.0,3.0,3.0,3.0,3.0,3.0,3.0,2.0,2.0,2.0,2.0,3.0,3.0,2.0,2.0,2.0,3.0,2.0,2.0,2.0,3.0,3.0,1.0,1.0,3.0,3.0,3.0,2.0,3.0,3.0,3.0,3.0,3.0,2.0,3.0,3.0,3.0,2.0,2.0,4.0,3.0,4.0,5.0,4.0,3.0,4.0,4.0,3.0,3.0,3.0,4.0,4.0,4.0,4.0,4.0,7.0,2.0,3.0,3.0,1.0,4.0,4.0,1.0,,3.0,4.0,5.0,1.0,4.0,4.0,4.0,4.0,4.0,3.0,4.0,4.0,1.0,1.0,2.0,2.0,2.0,4.0,4.0,3.0,4.0,3.0,4.0,3.0,1.0,1.0,3.0,3.0,3.0,3.0,2.0,1.0,4.0,6.0,4.0,1.0,2.0,1.0,1.0,2.0,1.0,4.0,,3.0,2.0,1.0,3.0,2.0,1.05617,4.0,4.5,4.0,4.0,1.0
16909.0,9.0,2.0,1.0,40.0,3.0,5.0,5.0,4.0,3.0,3.0,2.0,3.0,3.0,3.0,2.0,,,,,,,,,,,,,,,,,,2.0,1.0,1.0,,,,5.0,,,3.0,3.0,4.0,2.0,2.0,2.0,3.0,2.0,4.0,3.0,2.0,2.0,4.0,3.0,4.0,3.0,2.0,2.0,1.0,1.0,3.0,1.0,2.0,4.0,3.0,2.0,2.0,2.0,3.0,1.0,1.0,1.0,2.0,2.0,2.0,2.0,1.0,1.0,2.0,2.0,2.0,2.0,1.0,2.0,1.0,1.0,1.0,2.0,2.0,2.0,2.0,1.0,2.0,2.0,2.0,2.0,2.0,2.0,3.0,1.0,1.0,4.0,4.0,5.0,5.0,4.0,2.0,1.0,3.0,4.0,4.0,3.0,3.0,2.0,2.0,1.0,3.0,6.0,4.0,3.0,3.0,1.0,3.0,3.0,5.0,,3.0,2.0,4.0,1.0,4.0,2.0,3.0,3.0,3.0,3.0,3.0,3.0,2.0,2.0,2.0,2.0,2.0,4.0,4.0,4.0,4.0,4.0,4.0,3.0,2.0,2.0,4.0,3.0,4.0,4.0,3.0,1.0,3.0,9.0,5.0,1.0,1.0,1.0,2.0,1.0,,3.0,,4.0,1.0,2.0,2.0,3.0,1.065336,3.0,2.5,3.0,4.0,1.0
16920.0,4.0,2.0,2.0,28.0,1.0,4.0,5.0,3.0,2.0,4.0,3.0,2.0,4.0,5.0,2.0,,,,,,,,,,,,,,,,,,2.0,1.0,1.0,,,,,,,2.0,3.0,2.0,2.0,3.0,2.0,4.0,1.0,4.0,2.0,1.0,2.0,5.0,3.0,2.0,5.0,3.0,3.0,5.0,2.0,3.0,4.0,4.0,5.0,3.0,4.0,4.0,5.0,5.0,3.0,4.0,3.0,4.0,5.0,4.0,3.0,4.0,4.0,5.0,3.0,4.0,5.0,3.0,4.0,5.0,4.0,3.0,5.0,3.0,4.0,4.0,3.0,5.0,4.0,4.0,3.0,5.0,3.0,4.0,4.0,4.0,4.0,4.0,3.0,4.0,3.0,2.0,2.0,4.0,5.0,3.0,4.0,3.0,5.0,4.0,3.0,3.0,9.0,3.0,4.0,3.0,1.0,4.0,3.0,5.0,,4.0,3.0,5.0,2.0,4.0,3.0,4.0,5.0,3.0,3.0,4.0,5.0,2.0,1.0,2.0,1.0,1.0,4.0,3.0,5.0,3.0,4.0,3.0,5.0,4.0,3.0,4.0,3.0,4.0,5.0,3.0,3.0,4.0,8.0,9.0,2.0,1.0,1.0,2.0,1.0,,4.0,,3.0,1.0,2.0,3.0,2.0,1.026542,3.6666666666666665,3.5,3.5,4.0,2.0
16963.0,9.0,2.0,1.0,42.0,3.0,3.0,4.0,3.0,5.0,4.0,3.0,4.0,3.0,4.0,1.0,,,3.0,,5.0,,,8.0,9.0,,,,,,,,,1.0,1.0,,,,4.0,,,,3.0,4.0,5.0,4.0,5.0,5.0,5.0,4.0,3.0,4.0,3.0,4.0,5.0,3.0,4.0,3.0,4.0,4.0,3.0,4.0,5.0,4.0,4.0,3.0,5.0,4.0,4.0,5.0,3.0,5.0,3.0,4.0,4.0,5.0,3.0,4.0,5.0,4.0,3.0,4.0,4.0,3.0,4.0,4.0,5.0,4.0,3.0,4.0,4.0,3.0,4.0,5.0,5.0,4.0,4.0,3.0,4.0,4.0,3.0,4.0,5.0,5.0,3.0,2.0,3.0,4.0,3.0,5.0,5.0,3.0,4.0,3.0,4.0,4.0,5.0,3.0,3.0,9.0,4.0,3.0,4.0,1.0,4.0,3.0,2.0,,4.0,3.0,3.0,1.0,4.0,4.0,3.0,5.0,4.0,5.0,5.0,4.0,1.0,2.0,2.0,1.0,2.0,4.0,3.0,5.0,5.0,4.0,3.0,4.0,3.0,4.0,5.0,4.0,5.0,5.0,3.0,3.0,4.0,10.0,8.0,1.0,2.0,1.0,1.0,2.0,1.0,3.0,,2.0,2.0,1.0,2.0,1.0,1.065336,3.6666666666666665,3.5,3.5,4.0,1.0
17007.0,2.0,6.0,2.0,35.0,2.0,4.0,5.0,3.0,3.0,3.0,3.0,3.0,3.0,2.0,2.0,,,,,,,,,,,,,,,,,,2.0,1.0,,,,4.0,5.0,,,3.0,4.0,3.0,3.0,4.0,4.0,4.0,3.0,4.0,3.0,3.0,2.0,3.0,4.0,3.0,5.0,3.0,2.0,3.0,2.0,3.0,3.0,3.0,3.0,4.0,4.0,3.0,3.0,2.0,2.0,2.0,1.0,2.0,2.0,2.0,1.0,2.0,3.0,2.0,3.0,3.0,3.0,1.0,1.0,1.0,2.0,2.0,2.0,2.0,2.0,2.0,2.0,1.0,2.0,3.0,2.0,1.0,2.0,2.0,1.0,2.0,3.0,4.0,4.0,4.0,4.0,2.0,3.0,3.0,3.0,4.0,4.0,4.0,4.0,4.0,3.0,3.0,3.0,5.0,3.0,4.0,1.0,4.0,4.0,2.0,,3.0,3.0,2.0,2.0,3.0,3.0,3.0,4.0,2.0,2.0,3.0,3.0,2.0,1.0,2.0,2.0,2.0,2.0,3.0,2.0,1.0,2.0,4.0,2.0,1.0,1.0,1.0,1.0,2.0,3.0,1.0,4.0,3.0,10.0,8.0,1.0,2.0,2.0,2.0,1.0,,4.0,,3.0,1.0,2.0,3.0,2.0,0.910786,2.6666666666666665,3.0,4.0,3.0,2.0
17016.0,11.0,3.0,2.0,41.0,3.0,4.0,4.0,4.0,3.0,4.0,3.0,3.0,3.0,3.0,2.0,,,,,,,,,,,,,,,,,,2.0,1.0,,,,,5.0,,,2.0,4.0,4.0,4.0,4.0,4.0,4.0,4.0,4.0,4.0,4.0,4.0,4.0,4.0,4.0,4.0,3.0,3.0,2.0,2.0,2.0,3.0,3.0,3.0,3.0,3.0,2.0,2.0,2.0,3.0,2.0,2.0,2.0,2.0,2.0,2.0,2.0,2.0,2.0,2.0,2.0,2.0,2.0,2.0,2.0,2.0,3.0,3.0,3.0,3.0,3.0,4.0,3.0,3.0,3.0,4.0,3.0,3.0,3.0,3.0,3.0,4.0,4.0,4.0,4.0,3.0,2.0,2.0,2.0,4.0,4.0,3.0,4.0,3.0,3.0,2.0,3.0,5.0,4.0,4.0,3.0,1.0,4.0,4.0,3.0,,3.0,4.0,3.0,2.0,2.0,1.0,1.0,2.0,3.0,2.0,4.0,1.0,1.0,2.0,2.0,1.0,1.0,4.0,4.0,2.0,2.0,2.0,3.0,2.0,2.0,2.0,1.0,2.0,1.0,1.0,1.0,1.0,1.0,9.0,8.0,1.0,1.0,2.0,2.0,2.0,1.0,4.0,,4.0,2.0,1.0,3.0,3.0,0.951541,3.0,3.5,4.0,2.0,2.0
17061.0,9.0,2.0,1.0,47.0,3.0,5.0,5.0,4.0,4.0,4.0,4.0,4.0,4.0,4.0,2.0,,,,,,,,,,,,,,,,,,1.0,2.0,,,,,,,,3.0,5.0,3.0,3.0,5.0,4.0,5.0,2.0,5.0,5.0,4.0,4.0,4.0,5.0,5.0,4.0,5.0,4.0,4.0,5.0,3.0,5.0,2.0,4.0,4.0,4.0,3.0,4.0,5.0,5.0,4.0,4.0,3.0,4.0,5.0,2.0,5.0,2.0,4.0,4.0,3.0,3.0,2.0,4.0,4.0,3.0,4.0,3.0,4.0,5.0,3.0,5.0,2.0,4.0,4.0,4.0,2.0,2.0,4.0,4.0,3.0,1.0,3.0,3.0,5.0,4.0,2.0,4.0,3.0,3.0,3.0,4.0,5.0,3.0,4.0,4.0,4.0,6.0,3.0,3.0,3.0,1.0,4.0,4.0,4.0,,3.0,3.0,2.0,1.0,4.0,3.0,2.0,4.0,3.0,3.0,5.0,3.0,1.0,2.0,1.0,1.0,2.0,2.0,4.0,1.0,3.0,1.0,1.0,2.0,1.0,1.0,1.0,1.0,2.0,1.0,1.0,5.0,4.0,6.0,6.0,2.0,2.0,1.0,1.0,2.0,1.0,4.0,,3.0,2.0,1.0,3.0,2.0,1.065336,4.0,4.0,4.0,4.0,1.0
17062.0,1.0,1.0,1.0,53.0,4.0,4.0,5.0,4.0,4.0,4.0,4.0,4.0,4.0,5.0,2.0,,,,,,,,,,,,,,,,,,1.0,2.0,,,,,,,,2.0,4.0,4.0,4.0,4.0,3.0,4.0,4.0,5.0,4.0,4.0,2.0,4.0,4.0,3.0,5.0,3.0,4.0,4.0,3.0,3.0,3.0,3.0,4.0,5.0,4.0,3.0,5.0,5.0,3.0,5.0,5.0,5.0,5.0,4.0,4.0,5.0,4.0,5.0,5.0,5.0,4.0,5.0,5.0,4.0,5.0,5.0,4.0,5.0,4.0,4.0,5.0,4.0,5.0,5.0,4.0,4.0,5.0,5.0,4.0,5.0,4.0,3.0,2.0,2.0,3.0,2.0,2.0,2.0,3.0,3.0,4.0,4.0,4.0,4.0,4.0,3.0,5.0,4.0,2.0,3.0,1.0,3.0,4.0,3.0,,3.0,3.0,4.0,1.0,4.0,4.0,4.0,5.0,4.0,3.0,4.0,5.0,1.0,2.0,2.0,2.0,2.0,4.0,4.0,3.0,3.0,2.0,2.0,2.0,2.0,2.0,1.0,1.0,1.0,1.0,1.0,1.0,2.0,8.0,3.0,2.0,2.0,1.0,2.0,2.0,1.0,2.0,,4.0,2.0,1.0,1.0,3.0,1.101675,4.333333333333333,4.0,3.5,4.0,1.0
17086.0,3.0,5.0,1.0,48.0,3.0,5.0,5.0,3.0,2.0,4.0,4.0,3.0,4.0,4.0,2.0,,,,,,,,,,,,,,,,,,2.0,2.0,,,,,,,,3.0,4.0,4.0,3.0,3.0,3.0,5.0,3.0,5.0,4.0,3.0,2.0,3.0,4.0,4.0,5.0,3.0,4.0,4.0,3.0,3.0,2.0,3.0,3.0,3.0,2.0,2.0,2.0,3.0,2.0,3.0,3.0,3.0,2.0,3.0,3.0,2.0,3.0,3.0,3.0,2.0,3.0,3.0,2.0,2.0,3.0,4.0,3.0,4.0,4.0,3.0,4.0,3.0,3.0,3.0,3.0,3.0,3.0,4.0,3.0,4.0,4.0,4.0,4.0,4.0,4.0,2.0,4.0,2.0,3.0,4.0,4.0,4.0,4.0,4.0,4.0,4.0,6.0,4.0,3.0,3.0,1.0,4.0,4.0,3.0,,3.0,3.0,3.0,2.0,3.0,2.0,3.0,4.0,2.0,3.0,4.0,3.0,2.0,2.0,2.0,2.0,2.0,4.0,4.0,3.0,4.0,3.0,3.0,4.0,2.0,2.0,2.0,3.0,4.0,3.0,3.0,2.0,3.0,6.0,6.0,2.0,2.0,2.0,2.0,1.0,,5.0,,4.0,1.0,2.0,4.0,3.0,0.956937,3.6666666666666665,4.0,4.0,3.0,2.0
17167.0,6.0,3.0,2.0,57.0,4.0,5.0,5.0,4.0,4.0,4.0,4.0,4.0,4.0,4.0,2.0,,,,,,,,,,,,,,,,,,2.0,2.0,,,,,,,,4.0,2.0,3.0,3.0,3.0,2.0,4.0,2.0,4.0,4.0,3.0,2.0,3.0,4.0,3.0,4.0,3.0,4.0,3.0,3.0,3.0,4.0,3.0,5.0,4.0,3.0,3.0,3.0,5.0,2.0,4.0,4.0,4.0,4.0,4.0,4.0,4.0,2.0,4.0,4.0,3.0,3.0,4.0,5.0,2.0,4.0,3.0,4.0,3.0,4.0,3.0,4.0,3.0,4.0,4.0,4.0,4.0,4.0,5.0,2.0,4.0,3.0,2.0,4.0,3.0,2.0,1.0,4.0,2.0,3.0,4.0,3.0,4.0,2.0,4.0,2.0,4.0,10.0,2.0,2.0,4.0,2.0,4.0,4.0,3.0,,4.0,4.0,5.0,1.0,4.0,3.0,4.0,5.0,4.0,4.0,5.0,4.0,1.0,2.0,2.0,1.0,2.0,2.0,4.0,4.0,4.0,4.0,4.0,4.0,2.0,2.0,4.0,2.0,2.0,4.0,2.0,2.0,4.0,3.0,2.0,1.0,2.0,2.0,2.0,2.0,1.0,5.0,,3.0,2.0,1.0,4.0,2.0,0.976223,4.0,4.0,4.0,4.0,1.0
17178.0,6.0,3.0,1.0,59.0,4.0,5.0,5.0,5.0,5.0,5.0,5.0,5.0,5.0,5.0,2.0,,,,,,,,,,,,,,,,,,1.0,1.0,1.0,,3.0,4.0,5.0,,,1.0,5.0,4.0,5.0,5.0,4.0,5.0,4.0,5.0,5.0,5.0,5.0,5.0,5.0,5.0,5.0,5.0,5.0,5.0,4.0,3.0,3.0,5.0,5.0,5.0,5.0,5.0,5.0,5.0,4.0,3.0,4.0,5.0,5.0,4.0,5.0,3.0,4.0,4.0,5.0,5.0,5.0,4.0,5.0,4.0,3.0,4.0,5.0,5.0,4.0,5.0,5.0,5.0,5.0,5.0,5.0,5.0,4.0,4.0,3.0,3.0,5.0,4.0,2.0,4.0,2.0,1.0,4.0,3.0,3.0,4.0,4.0,4.0,5.0,5.0,5.0,5.0,11.0,5.0,2.0,5.0,1.0,5.0,5.0,4.0,,4.0,4.0,5.0,2.0,3.0,5.0,4.0,5.0,4.0,2.0,5.0,5.0,2.0,1.0,1.0,1.0,1.0,5.0,5.0,5.0,5.0,5.0,4.0,4.0,2.0,2.0,3.0,2.0,5.0,5.0,5.0,2.0,5.0,1.0,1.0,1.0,1.0,1.0,1.0,2.0,1.0,4.0,,3.0,2.0,1.0,3.0,2.0,0.875187,5.0,5.0,5.0,3.0,2.0
17180.0,9.0,2.0,1.0,37.0,2.0,5.0,5.0,5.0,3.0,3.0,3.0,2.0,3.0,3.0,2.0,,,,,,,,,,,,,,,,,,2.0,1.0,,,,,5.0,,,3.0,2.0,2.0,2.0,2.0,3.0,2.0,2.0,3.0,2.0,2.0,2.0,3.0,2.0,2.0,4.0,3.0,4.0,4.0,2.0,4.0,3.0,3.0,3.0,3.0,3.0,3.0,2.0,3.0,3.0,1.0,3.0,4.0,4.0,2.0,4.0,3.0,4.0,3.0,4.0,3.0,3.0,3.0,3.0,1.0,1.0,3.0,4.0,4.0,2.0,4.0,3.0,4.0,3.0,4.0,4.0,2.0,2.0,3.0,1.0,1.0,4.0,4.0,4.0,4.0,4.0,4.0,4.0,2.0,3.0,3.0,3.0,2.0,4.0,4.0,4.0,4.0,3.0,2.0,3.0,4.0,1.0,5.0,4.0,2.0,,2.0,3.0,3.0,2.0,2.0,2.0,2.0,3.0,2.0,2.0,3.0,3.0,1.0,2.0,2.0,2.0,2.0,3.0,3.0,2.0,2.0,1.0,2.0,2.0,1.0,2.0,2.0,2.0,1.0,1.0,1.0,1.0,3.0,10.0,9.0,1.0,2.0,1.0,2.0,2.0,1.0,4.0,,4.0,2.0,1.0,3.0,3.0,0.921551,2.6666666666666665,3.0,4.5,2.0,2.0
17187.0,1.0,1.0,2.0,57.0,4.0,4.0,4.0,3.0,2.0,4.0,3.0,4.0,4.0,4.0,2.0,,,,,,,,,,,,,,,,,,2.0,1.0,,,,,5.0,,,4.0,3.0,3.0,3.0,3.0,3.0,4.0,3.0,3.0,4.0,3.0,3.0,3.0,2.0,4.0,4.0,2.0,2.0,4.0,3.0,3.0,3.0,3.0,3.0,3.0,4.0,4.0,4.0,4.0,3.0,2.0,2.0,2.0,2.0,2.0,2.0,2.0,2.0,2.0,2.0,3.0,3.0,4.0,3.0,2.0,1.0,4.0,4.0,4.0,4.0,4.0,4.0,5.0,4.0,4.0,5.0,5.0,4.0,5.0,5.0,3.0,5.0,3.0,4.0,5.0,4.0,2.0,2.0,2.0,3.0,4.0,2.0,4.0,4.0,2.0,2.0,2.0,6.0,4.0,4.0,4.0,1.0,3.0,3.0,2.0,,3.0,3.0,4.0,1.0,3.0,2.0,2.0,4.0,2.0,3.0,3.0,3.0,2.0,2.0,2.0,2.0,2.0,2.0,4.0,4.0,3.0,3.0,2.0,2.0,2.0,2.0,2.0,3.0,2.0,3.0,2.0,2.0,4.0,10.0,3.0,2.0,2.0,2.0,2.0,2.0,1.0,5.0,,3.0,2.0,1.0,4.0,2.0,1.053567,4.0,3.5,3.0,3.0,1.0
17241.0,15.0,5.0,1.0,27.0,1.0,4.0,4.0,3.0,3.0,4.0,4.0,3.0,4.0,3.0,2.0,,,,,,,,,,,,,,,,,,1.0,2.0,,,,,,,,3.0,4.0,5.0,3.0,4.0,3.0,4.0,2.0,4.0,3.0,5.0,3.0,4.0,4.0,4.0,5.0,4.0,4.0,4.0,5.0,4.0,3.0,3.0,4.0,4.0,4.0,3.0,5.0,5.0,4.0,5.0,2.0,1.0,1.0,2.0,2.0,2.0,2.0,2.0,1.0,2.0,1.0,2.0,3.0,3.0,2.0,2.0,2.0,2.0,2.0,2.0,2.0,3.0,3.0,2.0,2.0,2.0,3.0,4.0,4.0,3.0,4.0,3.0,3.0,4.0,5.0,3.0,3.0,4.0,4.0,4.0,3.0,4.0,4.0,4.0,4.0,3.0,9.0,4.0,3.0,4.0,2.0,4.0,4.0,2.0,,3.0,2.0,4.0,2.0,2.0,2.0,2.0,4.0,4.0,2.0,4.0,2.0,2.0,2.0,2.0,2.0,2.0,3.0,3.0,4.0,3.0,4.0,3.0,3.0,3.0,3.0,4.0,4.0,4.0,4.0,3.0,3.0,2.0,9.0,2.0,2.0,2.0,2.0,2.0,1.0,,7.0,,3.0,1.0,2.0,6.0,2.0,0.98424,3.3333333333333335,4.0,4.0,2.0,2.0
17275.0,9.0,2.0,1.0,30.0,2.0,5.0,5.0,4.0,5.0,4.0,4.0,5.0,4.0,3.0,1.0,1.0,,3.0,,,,,,,,,,,,,,,2.0,1.0,1.0,,3.0,4.0,5.0,,,1.0,4.0,5.0,4.0,3.0,2.0,4.0,2.0,3.0,5.0,1.0,1.0,3.0,2.0,1.0,5.0,3.0,2.0,4.0,3.0,2.0,5.0,4.0,2.0,4.0,3.0,4.0,4.0,2.0,1.0,4.0,2.0,2.0,3.0,4.0,4.0,5.0,2.0,2.0,4.0,3.0,3.0,4.0,3.0,3.0,3.0,2.0,2.0,4.0,4.0,3.0,1.0,1.0,4.0,3.0,5.0,4.0,3.0,3.0,4.0,4.0,2.0,2.0,4.0,3.0,1.0,2.0,4.0,4.0,4.0,1.0,1.0,3.0,3.0,4.0,4.0,2.0,8.0,3.0,4.0,2.0,1.0,4.0,3.0,2.0,,1.0,2.0,3.0,2.0,1.0,1.0,1.0,2.0,3.0,2.0,2.0,3.0,1.0,2.0,2.0,2.0,2.0,2.0,4.0,3.0,2.0,1.0,2.0,3.0,2.0,2.0,1.0,3.0,3.0,3.0,2.0,3.0,2.0,5.0,4.0,1.0,2.0,2.0,2.0,1.0,,4.0,,5.0,1.0,2.0,3.0,3.0,0.921551,4.0,4.0,3.5,1.0,2.0
17281.0,9.0,2.0,1.0,45.0,3.0,5.0,5.0,4.0,4.0,4.0,4.0,4.0,4.0,4.0,2.0,,,,,,,,,,,,,,,,,,2.0,2.0,,,,,,,,4.0,3.0,3.0,2.0,3.0,2.0,4.0,2.0,4.0,3.0,2.0,2.0,5.0,3.0,3.0,4.0,3.0,3.0,3.0,3.0,2.0,3.0,3.0,4.0,3.0,2.0,2.0,4.0,4.0,3.0,3.0,4.0,4.0,3.0,3.0,3.0,4.0,3.0,4.0,3.0,3.0,3.0,4.0,4.0,4.0,3.0,4.0,4.0,4.0,4.0,4.0,4.0,4.0,4.0,4.0,2.0,2.0,4.0,5.0,4.0,3.0,4.0,4.0,4.0,4.0,5.0,3.0,3.0,3.0,3.0,3.0,3.0,4.0,4.0,4.0,3.0,4.0,10.0,2.0,3.0,4.0,1.0,4.0,2.0,5.0,,4.0,4.0,5.0,1.0,4.0,2.0,3.0,5.0,4.0,3.0,5.0,3.0,2.0,2.0,2.0,2.0,2.0,5.0,5.0,5.0,5.0,4.0,5.0,5.0,1.0,1.0,5.0,5.0,4.0,2.0,2.0,1.0,4.0,10.0,1.0,2.0,2.0,2.0,2.0,1.0,,4.0,,3.0,1.0,2.0,3.0,2.0,1.065336,4.0,4.0,3.0,4.0,1.0
17309.0,14.0,4.0,1.0,25.0,1.0,4.0,4.0,2.0,2.0,3.0,3.0,2.0,2.0,2.0,2.0,,,,,,,,,,,,,,,,,,2.0,1.0,,,3.0,4.0,5.0,,,2.0,3.0,3.0,3.0,3.0,3.0,4.0,2.0,4.0,3.0,3.0,3.0,3.0,4.0,2.0,4.0,1.0,1.0,2.0,2.0,2.0,2.0,1.0,3.0,2.0,2.0,3.0,3.0,4.0,1.0,2.0,2.0,3.0,3.0,2.0,2.0,2.0,3.0,3.0,4.0,3.0,3.0,2.0,3.0,1.0,1.0,2.0,2.0,1.0,1.0,1.0,1.0,1.0,2.0,1.0,1.0,3.0,2.0,3.0,3.0,2.0,4.0,4.0,4.0,5.0,5.0,3.0,4.0,4.0,4.0,3.0,4.0,4.0,3.0,3.0,2.0,2.0,3.0,4.0,4.0,4.0,1.0,4.0,4.0,2.0,,3.0,3.0,2.0,1.0,3.0,1.0,2.0,4.0,2.0,2.0,3.0,3.0,1.0,2.0,1.0,1.0,2.0,4.0,4.0,1.0,2.0,1.0,2.0,1.0,1.0,1.0,1.0,2.0,2.0,1.0,1.0,2.0,3.0,9.0,7.0,1.0,2.0,2.0,2.0,1.0,,6.0,,1.0,1.0,2.0,5.0,1.0,1.158012,2.0,3.0,4.0,3.0,1.0
17310.0,1.0,1.0,2.0,34.0,2.0,4.0,4.0,4.0,4.0,4.0,4.0,4.0,4.0,4.0,2.0,,,,,,,,,,,,,,,,,,2.0,2.0,,,,,,,,2.0,3.0,4.0,3.0,4.0,3.0,4.0,3.0,4.0,3.0,3.0,3.0,4.0,4.0,4.0,4.0,3.0,3.0,4.0,3.0,3.0,4.0,3.0,4.0,4.0,4.0,3.0,4.0,5.0,4.0,4.0,3.0,3.0,4.0,3.0,3.0,4.0,3.0,4.0,3.0,4.0,3.0,4.0,5.0,4.0,4.0,4.0,4.0,4.0,4.0,4.0,4.0,4.0,4.0,4.0,4.0,4.0,4.0,4.0,4.0,4.0,4.0,4.0,5.0,4.0,2.0,2.0,3.0,3.0,3.0,3.0,3.0,3.0,4.0,3.0,3.0,3.0,8.0,4.0,3.0,4.0,2.0,4.0,3.0,4.0,,2.0,3.0,4.0,2.0,3.0,3.0,3.0,4.0,3.0,3.0,4.0,2.0,1.0,2.0,2.0,1.0,2.0,4.0,4.0,3.0,3.0,2.0,4.0,3.0,1.0,2.0,3.0,2.0,3.0,4.0,3.0,3.0,4.0,4.0,4.0,1.0,2.0,2.0,2.0,1.0,,4.0,,4.0,1.0,2.0,3.0,3.0,1.036816,4.0,4.0,3.5,3.0,2.0
17328.0,9.0,2.0,2.0,38.0,2.0,5.0,5.0,5.0,4.0,4.0,3.0,5.0,4.0,4.0,1.0,1.0,2.0,3.0,4.0,,,,,,,,12.0,13.0,,,,,1.0,1.0,1.0,,3.0,4.0,5.0,,,3.0,4.0,4.0,3.0,2.0,4.0,4.0,4.0,5.0,3.0,4.0,3.0,4.0,4.0,4.0,4.0,5.0,5.0,4.0,4.0,4.0,4.0,4.0,4.0,4.0,4.0,4.0,4.0,4.0,4.0,5.0,2.0,2.0,2.0,2.0,2.0,2.0,2.0,2.0,2.0,2.0,2.0,2.0,4.0,2.0,2.0,5.0,5.0,5.0,4.0,5.0,3.0,5.0,5.0,5.0,5.0,4.0,5.0,5.0,3.0,5.0,4.0,3.0,4.0,4.0,5.0,2.0,4.0,3.0,4.0,4.0,4.0,4.0,5.0,4.0,5.0,5.0,2.0,4.0,3.0,3.0,1.0,4.0,4.0,4.0,,3.0,3.0,2.0,2.0,3.0,3.0,3.0,3.0,3.0,3.0,3.0,3.0,1.0,1.0,1.0,1.0,1.0,4.0,4.0,4.0,4.0,4.0,4.0,2.0,1.0,1.0,1.0,1.0,4.0,4.0,2.0,2.0,2.0,10.0,10.0,1.0,2.0,1.0,1.0,2.0,1.0,4.0,,2.0,2.0,1.0,3.0,1.0,1.051499,4.333333333333333,3.5,4.0,3.0,2.0
17413.0,6.0,3.0,2.0,43.0,3.0,5.0,5.0,3.0,2.0,4.0,3.0,4.0,4.0,4.0,2.0,,,,,,,,,,,,,,,,,,2.0,1.0,1.0,,3.0,4.0,5.0,,,1.0,4.0,4.0,4.0,4.0,4.0,4.0,4.0,5.0,4.0,3.0,4.0,4.0,4.0,4.0,5.0,3.0,3.0,4.0,3.0,3.0,3.0,3.0,4.0,4.0,4.0,4.0,4.0,4.0,3.0,3.0,3.0,3.0,3.0,3.0,3.0,3.0,3.0,4.0,4.0,3.0,3.0,3.0,4.0,3.0,3.0,3.0,3.0,4.0,3.0,3.0,3.0,3.0,3.0,3.0,3.0,3.0,3.0,4.0,3.0,3.0,4.0,3.0,3.0,4.0,3.0,2.0,3.0,2.0,3.0,2.0,2.0,2.0,4.0,3.0,3.0,3.0,8.0,4.0,3.0,4.0,1.0,5.0,5.0,4.0,,2.0,2.0,3.0,2.0,3.0,1.0,1.0,3.0,3.0,3.0,4.0,3.0,2.0,2.0,2.0,2.0,2.0,4.0,4.0,4.0,4.0,4.0,4.0,4.0,2.0,2.0,3.0,2.0,3.0,3.0,3.0,2.0,3.0,9.0,4.0,2.0,2.0,2.0,2.0,2.0,1.0,5.0,,4.0,2.0,1.0,4.0,3.0,0.951541,4.0,3.5,5.0,3.0,2.0
17459.0,2.0,6.0,1.0,50.0,4.0,4.0,4.0,4.0,4.0,4.0,4.0,4.0,4.0,4.0,2.0,,,,,,,,,,,,,,,,,,2.0,1.0,1.0,,,,,,,4.0,4.0,3.0,3.0,3.0,3.0,3.0,3.0,4.0,3.0,3.0,3.0,3.0,3.0,3.0,4.0,2.0,2.0,3.0,2.0,2.0,2.0,3.0,3.0,4.0,3.0,2.0,3.0,4.0,2.0,3.0,2.0,2.0,2.0,2.0,2.0,2.0,2.0,4.0,4.0,4.0,2.0,2.0,4.0,2.0,2.0,5.0,4.0,5.0,4.0,5.0,4.0,5.0,5.0,5.0,4.0,4.0,4.0,5.0,5.0,4.0,4.0,4.0,5.0,5.0,5.0,4.0,4.0,5.0,2.0,3.0,2.0,4.0,4.0,5.0,5.0,4.0,10.0,2.0,3.0,2.0,1.0,5.0,5.0,2.0,,3.0,4.0,3.0,2.0,3.0,3.0,2.0,2.0,3.0,2.0,3.0,2.0,2.0,2.0,2.0,1.0,2.0,4.0,4.0,1.0,1.0,1.0,1.0,2.0,1.0,1.0,2.0,1.0,1.0,2.0,2.0,2.0,4.0,8.0,10.0,1.0,2.0,2.0,2.0,2.0,1.0,3.0,,4.0,2.0,1.0,2.0,3.0,1.044509,4.0,4.0,5.0,3.0,2.0
17462.0,4.0,2.0,2.0,52.0,4.0,5.0,4.0,4.0,4.0,4.0,4.0,4.0,5.0,4.0,2.0,,,,,,,,,,,,,,,,,,2.0,2.0,,,,,,,,4.0,3.0,4.0,4.0,3.0,3.0,3.0,2.0,3.0,3.0,3.0,2.0,3.0,3.0,3.0,5.0,4.0,4.0,4.0,3.0,3.0,4.0,3.0,4.0,4.0,4.0,2.0,4.0,4.0,2.0,4.0,4.0,4.0,4.0,4.0,3.0,4.0,4.0,4.0,4.0,4.0,2.0,3.0,4.0,2.0,4.0,4.0,4.0,5.0,4.0,3.0,4.0,3.0,4.0,4.0,4.0,3.0,4.0,5.0,3.0,4.0,5.0,4.0,4.0,5.0,4.0,1.0,4.0,3.0,2.0,3.0,2.0,3.0,3.0,4.0,2.0,2.0,10.0,4.0,3.0,3.0,1.0,2.0,4.0,1.0,,3.0,3.0,5.0,1.0,4.0,4.0,4.0,4.0,3.0,4.0,4.0,4.0,1.0,1.0,1.0,1.0,1.0,4.0,4.0,4.0,4.0,4.0,4.0,4.0,2.0,2.0,3.0,2.0,2.0,4.0,4.0,2.0,3.0,1.0,1.0,1.0,1.0,1.0,1.0,2.0,1.0,4.0,,3.0,2.0,1.0,3.0,2.0,1.05617,4.333333333333333,4.0,3.0,4.0,1.0
17488.0,5.0,4.0,2.0,30.0,2.0,5.0,5.0,5.0,5.0,4.0,3.0,3.0,3.0,3.0,2.0,,,,,,,,,,,,,,,,,,2.0,2.0,,,,,,,,2.0,4.0,4.0,4.0,3.0,4.0,3.0,3.0,4.0,3.0,3.0,3.0,4.0,5.0,4.0,4.0,3.0,3.0,3.0,3.0,3.0,4.0,3.0,4.0,4.0,4.0,4.0,4.0,4.0,4.0,4.0,3.0,4.0,4.0,4.0,4.0,4.0,3.0,4.0,4.0,4.0,4.0,4.0,4.0,3.0,4.0,4.0,3.0,4.0,4.0,3.0,3.0,3.0,3.0,3.0,3.0,3.0,4.0,4.0,3.0,4.0,4.0,4.0,4.0,4.0,3.0,3.0,4.0,3.0,4.0,4.0,3.0,3.0,4.0,4.0,4.0,4.0,10.0,4.0,3.0,4.0,1.0,4.0,4.0,3.0,,4.0,4.0,4.0,2.0,4.0,2.0,2.0,3.0,2.0,2.0,2.0,2.0,2.0,2.0,2.0,2.0,2.0,4.0,3.0,2.0,2.0,2.0,3.0,3.0,1.0,2.0,2.0,2.0,2.0,2.0,2.0,2.0,2.0,9.0,7.0,2.0,2.0,2.0,2.0,2.0,1.0,4.0,,3.0,2.0,1.0,3.0,2.0,0.880586,3.0,3.5,4.0,4.0,2.0
17525.0,4.0,2.0,1.0,23.0,1.0,5.0,4.0,4.0,4.0,4.0,4.0,4.0,4.0,4.0,2.0,,,,,,,,,,,,,,,,,,2.0,1.0,1.0,,,,5.0,,,2.0,4.0,4.0,5.0,3.0,3.0,4.0,3.0,5.0,4.0,3.0,4.0,3.0,5.0,4.0,4.0,4.0,4.0,5.0,3.0,4.0,4.0,4.0,5.0,5.0,4.0,5.0,3.0,5.0,4.0,4.0,3.0,4.0,5.0,3.0,4.0,4.0,4.0,4.0,4.0,5.0,5.0,3.0,5.0,4.0,3.0,4.0,4.0,5.0,3.0,4.0,3.0,3.0,5.0,4.0,4.0,5.0,3.0,5.0,4.0,3.0,4.0,4.0,5.0,4.0,2.0,1.0,4.0,4.0,2.0,4.0,3.0,4.0,3.0,4.0,3.0,4.0,11.0,4.0,2.0,3.0,1.0,4.0,4.0,3.0,,4.0,4.0,5.0,1.0,4.0,4.0,4.0,4.0,4.0,3.0,5.0,4.0,1.0,2.0,2.0,2.0,2.0,4.0,4.0,4.0,4.0,4.0,4.0,4.0,3.0,4.0,3.0,3.0,2.0,3.0,3.0,3.0,4.0,4.0,1.0,1.0,2.0,1.0,2.0,1.0,,6.0,,4.0,1.0,2.0,5.0,3.0,1.051424,4.0,4.0,4.0,4.0,1.0
17542.0,9.0,2.0,2.0,39.0,2.0,4.0,4.0,4.0,4.0,4.0,4.0,4.0,4.0,4.0,2.0,,,,,,,,,,,,,,,,,,2.0,2.0,,,,,,,,3.0,3.0,3.0,3.0,3.0,3.0,3.0,3.0,3.0,3.0,3.0,3.0,3.0,3.0,3.0,3.0,3.0,3.0,3.0,3.0,3.0,3.0,3.0,3.0,3.0,3.0,3.0,3.0,3.0,3.0,3.0,3.0,3.0,3.0,3.0,3.0,3.0,3.0,3.0,3.0,3.0,3.0,3.0,3.0,3.0,3.0,3.0,3.0,3.0,3.0,3.0,3.0,3.0,3.0,3.0,3.0,3.0,3.0,3.0,3.0,3.0,3.0,3.0,3.0,3.0,3.0,3.0,3.0,3.0,3.0,3.0,3.0,3.0,3.0,3.0,3.0,3.0,6.0,3.0,3.0,3.0,1.0,3.0,3.0,4.0,,3.0,3.0,3.0,1.0,3.0,3.0,3.0,3.0,3.0,3.0,3.0,3.0,2.0,2.0,2.0,2.0,2.0,3.0,3.0,3.0,3.0,3.0,3.0,3.0,3.0,3.0,3.0,3.0,3.0,3.0,3.0,3.0,3.0,6.0,7.0,2.0,2.0,2.0,2.0,2.0,1.0,2.0,,3.0,2.0,1.0,1.0,2.0,1.051499,4.0,4.0,3.0,3.0,1.0
17696.0,9.0,2.0,2.0,56.0,4.0,1.0,5.0,1.0,1.0,3.0,3.0,1.0,2.0,2.0,2.0,,,,,,,,,,,,,,,,,,2.0,2.0,,,,,,,,1.0,4.0,4.0,4.0,4.0,4.0,4.0,4.0,4.0,4.0,4.0,4.0,4.0,4.0,4.0,4.0,2.0,2.0,2.0,2.0,2.0,2.0,2.0,2.0,2.0,2.0,2.0,2.0,2.0,2.0,2.0,3.0,3.0,3.0,3.0,3.0,3.0,3.0,3.0,3.0,3.0,3.0,3.0,3.0,3.0,3.0,3.0,3.0,3.0,3.0,3.0,3.0,3.0,3.0,3.0,3.0,3.0,3.0,3.0,3.0,3.0,4.0,4.0,4.0,5.0,3.0,3.0,3.0,2.0,4.0,4.0,2.0,3.0,2.0,2.0,2.0,2.0,6.0,4.0,3.0,3.0,1.0,5.0,5.0,2.0,,2.0,2.0,2.0,2.0,2.0,5.0,5.0,1.0,1.0,1.0,3.0,1.0,2.0,2.0,2.0,2.0,2.0,1.0,1.0,1.0,1.0,1.0,1.0,1.0,1.0,1.0,1.0,1.0,1.0,1.0,1.0,1.0,1.0,5.0,5.0,2.0,2.0,2.0,2.0,2.0,1.0,4.0,,4.0,2.0,1.0,3.0,3.0,1.05617,1.6666666666666667,3.0,5.0,2.0,2.0
17750.0,9.0,2.0,2.0,55.0,4.0,4.0,4.0,3.0,3.0,2.0,2.0,2.0,3.0,3.0,1.0,1.0,2.0,3.0,4.0,5.0,6.0,,,,,,,,,,,,2.0,2.0,,,,,,,,2.0,4.0,4.0,3.0,4.0,3.0,4.0,3.0,4.0,3.0,3.0,3.0,4.0,4.0,4.0,5.0,3.0,4.0,3.0,3.0,3.0,3.0,3.0,4.0,4.0,3.0,3.0,3.0,4.0,3.0,3.0,4.0,4.0,4.0,4.0,3.0,3.0,3.0,4.0,4.0,3.0,3.0,3.0,4.0,3.0,3.0,2.0,3.0,4.0,2.0,2.0,2.0,2.0,2.0,2.0,2.0,2.0,2.0,2.0,2.0,2.0,4.0,4.0,4.0,4.0,3.0,2.0,3.0,3.0,3.0,3.0,2.0,3.0,3.0,2.0,3.0,3.0,7.0,4.0,2.0,3.0,1.0,4.0,4.0,4.0,,3.0,3.0,3.0,2.0,3.0,1.0,2.0,3.0,2.0,2.0,4.0,3.0,2.0,2.0,2.0,1.0,2.0,4.0,4.0,3.0,3.0,2.0,2.0,2.0,1.0,1.0,1.0,2.0,2.0,3.0,3.0,2.0,4.0,7.0,7.0,2.0,2.0,2.0,2.0,1.0,,3.0,,4.0,1.0,2.0,2.0,3.0,1.05617,2.6666666666666665,2.0,4.0,3.0,2.0
17780.0,16.0,6.0,2.0,54.0,4.0,5.0,5.0,5.0,1.0,4.0,4.0,4.0,3.0,3.0,1.0,1.0,2.0,3.0,4.0,5.0,6.0,,,,,,,,,,,,2.0,1.0,,,3.0,,5.0,,,1.0,4.0,4.0,3.0,2.0,4.0,5.0,4.0,5.0,4.0,3.0,3.0,5.0,3.0,2.0,5.0,3.0,2.0,2.0,1.0,2.0,2.0,2.0,2.0,2.0,2.0,2.0,2.0,3.0,2.0,3.0,2.0,2.0,2.0,2.0,2.0,3.0,1.0,2.0,1.0,1.0,1.0,2.0,3.0,2.0,3.0,2.0,3.0,3.0,3.0,3.0,2.0,2.0,2.0,2.0,3.0,2.0,3.0,2.0,3.0,3.0,4.0,5.0,5.0,5.0,5.0,2.0,1.0,5.0,1.0,1.0,4.0,4.0,5.0,4.0,4.0,5.0,1.0,1.0,5.0,5.0,1.0,5.0,5.0,1.0,,2.0,1.0,1.0,2.0,1.0,1.0,2.0,5.0,2.0,3.0,4.0,2.0,1.0,2.0,1.0,1.0,1.0,1.0,1.0,1.0,1.0,1.0,1.0,1.0,1.0,1.0,1.0,1.0,1.0,4.0,1.0,1.0,4.0,1.0,1.0,1.0,2.0,1.0,2.0,4.0,1.0,4.0,,5.0,3.0,1.0,3.0,3.0,1.142237,3.3333333333333335,4.0,5.0,1.0,2.0
17788.0,7.0,6.0,2.0,41.0,3.0,5.0,5.0,5.0,3.0,5.0,5.0,4.0,5.0,5.0,2.0,,,,,,,,,,,,,,,,,,2.0,2.0,,,,,,,,3.0,5.0,5.0,5.0,5.0,5.0,5.0,5.0,3.0,4.0,4.0,3.0,5.0,5.0,5.0,5.0,5.0,5.0,5.0,5.0,5.0,5.0,5.0,5.0,5.0,5.0,5.0,4.0,4.0,4.0,3.0,4.0,4.0,5.0,5.0,5.0,3.0,5.0,5.0,5.0,5.0,3.0,4.0,4.0,2.0,2.0,4.0,5.0,5.0,4.0,5.0,3.0,5.0,5.0,5.0,4.0,3.0,2.0,4.0,2.0,2.0,3.0,4.0,4.0,5.0,4.0,2.0,4.0,3.0,3.0,4.0,5.0,4.0,5.0,4.0,4.0,5.0,8.0,3.0,3.0,4.0,2.0,4.0,5.0,5.0,,2.0,1.0,4.0,2.0,3.0,2.0,4.0,5.0,3.0,2.0,4.0,3.0,2.0,2.0,2.0,2.0,2.0,2.0,2.0,2.0,2.0,1.0,4.0,1.0,1.0,1.0,1.0,1.0,1.0,4.0,4.0,1.0,4.0,4.0,4.0,1.0,2.0,2.0,1.0,2.0,1.0,5.0,,4.0,2.0,1.0,4.0,3.0,1.115818,4.666666666666667,5.0,4.5,3.0,2.0
17802.0,7.0,6.0,2.0,34.0,2.0,4.0,4.0,3.0,3.0,3.0,2.0,3.0,4.0,4.0,2.0,,,,,,,,,,,,,,,,,,2.0,1.0,1.0,,3.0,4.0,5.0,,,2.0,3.0,3.0,3.0,3.0,3.0,3.0,3.0,3.0,3.0,3.0,3.0,4.0,4.0,5.0,5.0,3.0,3.0,3.0,3.0,3.0,3.0,3.0,3.0,3.0,3.0,3.0,3.0,4.0,4.0,3.0,3.0,3.0,3.0,3.0,3.0,3.0,3.0,3.0,3.0,3.0,3.0,3.0,4.0,4.0,3.0,2.0,2.0,3.0,3.0,2.0,2.0,2.0,2.0,2.0,2.0,2.0,2.0,4.0,4.0,3.0,2.0,2.0,3.0,3.0,4.0,3.0,4.0,4.0,2.0,3.0,3.0,3.0,3.0,4.0,2.0,2.0,9.0,2.0,2.0,4.0,2.0,4.0,5.0,2.0,,3.0,2.0,4.0,2.0,3.0,3.0,3.0,3.0,1.0,3.0,3.0,2.0,2.0,1.0,1.0,1.0,1.0,3.0,4.0,2.0,4.0,3.0,4.0,3.0,1.0,1.0,1.0,3.0,3.0,3.0,2.0,2.0,2.0,6.0,3.0,1.0,2.0,2.0,2.0,2.0,1.0,5.0,,2.0,2.0,1.0,4.0,1.0,0.910786,3.6666666666666665,2.5,4.5,3.0,2.0
17810.0,16.0,6.0,2.0,53.0,4.0,4.0,5.0,3.0,3.0,4.0,3.0,3.0,3.0,3.0,2.0,,,,,,,,,,,,,,,,,,2.0,2.0,,,,,,,,2.0,4.0,5.0,4.0,4.0,4.0,5.0,4.0,4.0,4.0,3.0,3.0,5.0,4.0,4.0,5.0,2.0,2.0,1.0,1.0,3.0,3.0,2.0,3.0,2.0,2.0,3.0,3.0,4.0,4.0,2.0,2.0,2.0,2.0,1.0,2.0,1.0,1.0,1.0,2.0,1.0,1.0,1.0,4.0,4.0,1.0,2.0,1.0,2.0,2.0,2.0,1.0,2.0,1.0,2.0,1.0,2.0,2.0,3.0,4.0,2.0,3.0,4.0,4.0,5.0,3.0,1.0,3.0,1.0,5.0,4.0,4.0,4.0,3.0,3.0,3.0,4.0,4.0,3.0,4.0,4.0,1.0,5.0,4.0,4.0,,2.0,2.0,3.0,2.0,3.0,1.0,2.0,4.0,3.0,2.0,3.0,3.0,1.0,2.0,2.0,1.0,2.0,3.0,3.0,2.0,2.0,1.0,3.0,3.0,1.0,1.0,1.0,1.0,2.0,2.0,1.0,3.0,3.0,8.0,6.0,2.0,2.0,1.0,1.0,1.0,,4.0,,4.0,1.0,2.0,3.0,3.0,1.142237,3.0,3.5,4.5,3.0,2.0
17831.0,9.0,2.0,2.0,22.0,1.0,4.0,5.0,4.0,3.0,4.0,4.0,4.0,4.0,4.0,2.0,,,,,,,,,,,,,,,,,,2.0,2.0,,,,,,,,3.0,3.0,3.0,2.0,4.0,3.0,4.0,2.0,4.0,4.0,1.0,2.0,2.0,3.0,2.0,4.0,4.0,4.0,4.0,3.0,3.0,3.0,2.0,4.0,3.0,3.0,3.0,3.0,4.0,4.0,3.0,1.0,1.0,1.0,1.0,1.0,1.0,1.0,1.0,1.0,1.0,1.0,1.0,2.0,1.0,1.0,4.0,4.0,3.0,3.0,2.0,3.0,2.0,4.0,3.0,3.0,3.0,3.0,4.0,4.0,3.0,4.0,5.0,4.0,4.0,4.0,3.0,3.0,2.0,4.0,4.0,3.0,2.0,4.0,3.0,4.0,3.0,7.0,4.0,4.0,3.0,1.0,3.0,3.0,2.0,,3.0,3.0,2.0,1.0,4.0,2.0,2.0,5.0,3.0,4.0,5.0,3.0,1.0,2.0,2.0,2.0,2.0,3.0,3.0,3.0,4.0,4.0,3.0,2.0,2.0,2.0,2.0,2.0,5.0,4.0,2.0,1.0,3.0,5.0,5.0,1.0,2.0,1.0,2.0,1.0,,6.0,,3.0,1.0,2.0,5.0,2.0,1.026542,4.0,4.0,3.0,4.0,1.0
17846.0,9.0,2.0,2.0,43.0,3.0,4.0,4.0,4.0,4.0,4.0,4.0,4.0,4.0,4.0,2.0,,,,,,,,,,,,,,,,,,1.0,1.0,1.0,,3.0,4.0,5.0,,,2.0,2.0,2.0,2.0,2.0,2.0,2.0,3.0,2.0,2.0,2.0,2.0,2.0,2.0,2.0,2.0,3.0,3.0,3.0,3.0,3.0,3.0,3.0,3.0,3.0,3.0,3.0,3.0,3.0,3.0,3.0,2.0,2.0,3.0,3.0,3.0,3.0,3.0,3.0,3.0,3.0,3.0,3.0,2.0,3.0,3.0,2.0,3.0,3.0,2.0,3.0,3.0,3.0,2.0,2.0,2.0,3.0,2.0,3.0,2.0,3.0,3.0,3.0,2.0,2.0,2.0,4.0,4.0,4.0,4.0,4.0,4.0,4.0,3.0,3.0,3.0,3.0,6.0,3.0,3.0,3.0,1.0,3.0,3.0,2.0,,3.0,3.0,3.0,2.0,3.0,2.0,2.0,3.0,3.0,2.0,2.0,2.0,1.0,1.0,1.0,1.0,1.0,3.0,3.0,3.0,3.0,3.0,3.0,3.0,3.0,3.0,3.0,3.0,3.0,3.0,3.0,3.0,3.0,6.0,6.0,1.0,1.0,1.0,1.0,2.0,1.0,5.0,,5.0,2.0,1.0,4.0,3.0,0.965456,4.0,4.0,3.0,3.0,2.0
17847.0,9.0,2.0,1.0,43.0,3.0,3.0,3.0,3.0,3.0,3.0,3.0,3.0,3.0,3.0,1.0,1.0,2.0,3.0,4.0,5.0,,,,,,,,,,,,,1.0,1.0,1.0,,3.0,4.0,5.0,,,3.0,2.0,2.0,2.0,2.0,2.0,2.0,2.0,2.0,2.0,2.0,2.0,2.0,3.0,3.0,2.0,3.0,3.0,3.0,3.0,3.0,3.0,3.0,2.0,2.0,2.0,2.0,3.0,3.0,3.0,3.0,2.0,2.0,2.0,2.0,2.0,2.0,2.0,2.0,2.0,2.0,2.0,3.0,3.0,2.0,2.0,2.0,2.0,2.0,2.0,2.0,2.0,2.0,2.0,2.0,2.0,2.0,3.0,3.0,2.0,2.0,3.0,3.0,3.0,3.0,3.0,3.0,4.0,3.0,3.0,3.0,3.0,3.0,3.0,3.0,3.0,3.0,6.0,3.0,3.0,3.0,1.0,3.0,3.0,2.0,,3.0,3.0,3.0,2.0,3.0,2.0,2.0,3.0,3.0,2.0,2.0,2.0,1.0,1.0,1.0,1.0,1.0,3.0,3.0,3.0,3.0,3.0,3.0,3.0,3.0,3.0,3.0,3.0,3.0,3.0,3.0,3.0,3.0,6.0,6.0,1.0,1.0,1.0,1.0,2.0,1.0,5.0,,5.0,2.0,1.0,4.0,3.0,1.065336,3.0,3.0,3.0,3.0,2.0
17881.0,15.0,5.0,1.0,26.0,1.0,3.0,4.0,4.0,3.0,3.0,2.0,3.0,3.0,3.0,2.0,,,,,,,,,,,,,,,,,,1.0,1.0,1.0,,,4.0,,,,2.0,3.0,3.0,4.0,3.0,3.0,3.0,3.0,2.0,2.0,3.0,4.0,3.0,3.0,3.0,2.0,4.0,4.0,3.0,2.0,3.0,4.0,4.0,3.0,2.0,2.0,3.0,4.0,3.0,2.0,3.0,3.0,4.0,5.0,4.0,3.0,2.0,2.0,3.0,3.0,2.0,3.0,3.0,2.0,3.0,4.0,2.0,3.0,3.0,2.0,3.0,4.0,4.0,3.0,3.0,3.0,2.0,2.0,3.0,2.0,4.0,3.0,3.0,3.0,3.0,3.0,3.0,3.0,3.0,2.0,3.0,3.0,4.0,4.0,2.0,2.0,1.0,9.0,4.0,3.0,3.0,1.0,3.0,4.0,4.0,,3.0,2.0,3.0,1.0,4.0,2.0,3.0,4.0,2.0,2.0,2.0,2.0,2.0,1.0,2.0,1.0,2.0,3.0,2.0,2.0,2.0,3.0,3.0,4.0,3.0,3.0,3.0,3.0,2.0,2.0,2.0,4.0,4.0,4.0,6.0,1.0,2.0,1.0,2.0,1.0,,3.0,,3.0,1.0,2.0,2.0,2.0,0.98424,3.0,2.5,3.5,4.0,1.0
17917.0,3.0,5.0,1.0,58.0,4.0,5.0,5.0,4.0,4.0,4.0,4.0,4.0,4.0,3.0,1.0,1.0,2.0,3.0,4.0,5.0,,,,,,,,13.0,,,,,2.0,2.0,,,,,,,,2.0,3.0,3.0,3.0,3.0,3.0,3.0,3.0,4.0,4.0,4.0,3.0,4.0,4.0,3.0,4.0,3.0,3.0,4.0,4.0,3.0,4.0,3.0,4.0,4.0,4.0,4.0,3.0,4.0,3.0,4.0,4.0,4.0,4.0,4.0,3.0,4.0,3.0,4.0,3.0,3.0,4.0,3.0,4.0,3.0,4.0,4.0,4.0,4.0,4.0,3.0,4.0,4.0,4.0,4.0,3.0,3.0,4.0,4.0,3.0,4.0,4.0,2.0,3.0,4.0,4.0,4.0,5.0,3.0,4.0,4.0,4.0,4.0,5.0,5.0,5.0,4.0,6.0,4.0,3.0,5.0,1.0,4.0,4.0,1.0,,3.0,2.0,4.0,2.0,2.0,2.0,2.0,4.0,3.0,3.0,4.0,3.0,2.0,2.0,2.0,2.0,2.0,4.0,4.0,3.0,2.0,2.0,2.0,3.0,1.0,2.0,3.0,1.0,4.0,4.0,3.0,3.0,3.0,9.0,6.0,2.0,2.0,2.0,2.0,2.0,1.0,4.0,,4.0,2.0,1.0,3.0,3.0,0.92937,3.6666666666666665,4.0,4.0,2.0,2.0
17943.0,1.0,1.0,2.0,25.0,1.0,5.0,5.0,5.0,3.0,5.0,5.0,5.0,5.0,3.0,2.0,,,,,,,,,,,,,,,,,,2.0,2.0,,,,,,,,2.0,3.0,4.0,3.0,2.0,2.0,4.0,2.0,4.0,3.0,2.0,2.0,5.0,3.0,3.0,4.0,4.0,4.0,5.0,4.0,4.0,4.0,4.0,4.0,4.0,4.0,4.0,4.0,4.0,4.0,4.0,4.0,4.0,4.0,4.0,4.0,4.0,4.0,4.0,4.0,4.0,4.0,4.0,3.0,4.0,4.0,4.0,4.0,4.0,4.0,4.0,4.0,4.0,4.0,4.0,4.0,4.0,4.0,3.0,4.0,4.0,3.0,5.0,4.0,4.0,4.0,2.0,4.0,3.0,4.0,4.0,3.0,3.0,4.0,4.0,4.0,4.0,10.0,2.0,2.0,3.0,1.0,4.0,4.0,2.0,,4.0,4.0,3.0,1.0,4.0,4.0,4.0,4.0,4.0,4.0,3.0,4.0,1.0,2.0,2.0,2.0,2.0,5.0,5.0,5.0,5.0,4.0,3.0,3.0,3.0,3.0,3.0,4.0,3.0,2.0,2.0,2.0,3.0,6.0,9.0,2.0,2.0,2.0,2.0,1.0,,7.0,,3.0,1.0,2.0,6.0,2.0,1.034762,4.333333333333333,5.0,4.0,4.0,1.0
17967.0,3.0,5.0,1.0,24.0,1.0,5.0,5.0,4.0,3.0,5.0,4.0,4.0,4.0,3.0,1.0,1.0,2.0,3.0,4.0,5.0,6.0,7.0,,,,,,,,,,,2.0,1.0,,,,,5.0,,,1.0,4.0,4.0,3.0,4.0,5.0,5.0,3.0,5.0,3.0,3.0,2.0,5.0,5.0,5.0,5.0,4.0,5.0,4.0,4.0,4.0,4.0,4.0,4.0,4.0,4.0,4.0,5.0,5.0,4.0,3.0,3.0,3.0,3.0,3.0,4.0,3.0,4.0,4.0,4.0,3.0,2.0,3.0,5.0,4.0,1.0,4.0,4.0,4.0,4.0,4.0,2.0,4.0,5.0,4.0,4.0,5.0,2.0,5.0,4.0,2.0,5.0,4.0,5.0,5.0,5.0,1.0,2.0,3.0,5.0,5.0,5.0,4.0,5.0,5.0,5.0,4.0,1.0,5.0,1.0,5.0,1.0,5.0,5.0,3.0,,2.0,1.0,5.0,2.0,2.0,1.0,1.0,1.0,1.0,1.0,4.0,3.0,2.0,2.0,2.0,1.0,2.0,4.0,5.0,5.0,5.0,4.0,4.0,5.0,1.0,1.0,5.0,5.0,5.0,5.0,5.0,1.0,5.0,1.0,1.0,2.0,2.0,1.0,2.0,1.0,,6.0,,3.0,1.0,2.0,5.0,2.0,0.98424,3.6666666666666665,4.5,5.0,2.0,2.0
17970.0,2.0,6.0,2.0,52.0,4.0,5.0,5.0,3.0,2.0,4.0,3.0,3.0,4.0,3.0,1.0,1.0,2.0,3.0,4.0,5.0,6.0,,,,10.0,11.0,12.0,,,,,,1.0,1.0,,,,4.0,5.0,,,2.0,4.0,4.0,4.0,3.0,3.0,5.0,3.0,4.0,4.0,5.0,5.0,5.0,4.0,3.0,4.0,4.0,4.0,4.0,4.0,4.0,3.0,3.0,5.0,5.0,4.0,4.0,3.0,4.0,2.0,3.0,4.0,4.0,4.0,3.0,4.0,3.0,3.0,5.0,5.0,5.0,5.0,3.0,4.0,3.0,3.0,4.0,4.0,4.0,3.0,4.0,4.0,3.0,5.0,5.0,5.0,5.0,3.0,4.0,3.0,4.0,5.0,5.0,5.0,5.0,3.0,3.0,4.0,3.0,4.0,5.0,3.0,3.0,2.0,4.0,4.0,4.0,9.0,5.0,5.0,5.0,1.0,5.0,5.0,1.0,,4.0,2.0,3.0,2.0,3.0,3.0,3.0,4.0,4.0,4.0,4.0,3.0,1.0,2.0,2.0,2.0,1.0,4.0,4.0,4.0,3.0,4.0,3.0,2.0,1.0,1.0,1.0,1.0,2.0,4.0,2.0,1.0,4.0,5.0,4.0,1.0,2.0,1.0,1.0,1.0,,3.0,,3.0,1.0,2.0,2.0,2.0,1.142237,3.3333333333333335,3.5,5.0,3.0,2.0
17987.0,1.0,1.0,2.0,50.0,4.0,5.0,5.0,5.0,5.0,3.0,2.0,3.0,3.0,3.0,1.0,1.0,,3.0,4.0,,,,,,,,,13.0,,,,,2.0,1.0,,2.0,3.0,,5.0,,,2.0,4.0,4.0,4.0,3.0,3.0,5.0,3.0,5.0,4.0,3.0,3.0,4.0,4.0,4.0,5.0,2.0,2.0,3.0,1.0,2.0,1.0,3.0,3.0,2.0,2.0,2.0,1.0,4.0,1.0,1.0,2.0,2.0,2.0,2.0,1.0,2.0,3.0,3.0,3.0,3.0,2.0,1.0,4.0,2.0,1.0,2.0,2.0,2.0,1.0,2.0,2.0,2.0,2.0,2.0,2.0,2.0,2.0,4.0,3.0,1.0,4.0,4.0,2.0,4.0,5.0,1.0,4.0,3.0,2.0,4.0,4.0,4.0,5.0,4.0,5.0,4.0,7.0,4.0,2.0,4.0,1.0,5.0,5.0,4.0,,3.0,2.0,3.0,2.0,2.0,2.0,1.0,3.0,1.0,1.0,3.0,2.0,1.0,1.0,1.0,1.0,1.0,2.0,1.0,3.0,2.0,1.0,4.0,1.0,1.0,1.0,1.0,1.0,2.0,3.0,1.0,1.0,3.0,11.0,6.0,1.0,2.0,1.0,2.0,2.0,1.0,4.0,,2.0,2.0,1.0,3.0,1.0,1.053567,3.0,2.5,5.0,2.0,2.0
17998.0,10.0,3.0,2.0,54.0,4.0,5.0,5.0,4.0,3.0,4.0,3.0,4.0,4.0,4.0,2.0,,,,,,,,,,,,,,,,,,1.0,2.0,,,,,,,,3.0,3.0,3.0,4.0,4.0,4.0,4.0,4.0,5.0,4.0,4.0,3.0,4.0,3.0,3.0,5.0,5.0,4.0,4.0,4.0,4.0,3.0,4.0,5.0,5.0,4.0,4.0,3.0,4.0,4.0,3.0,5.0,4.0,5.0,4.0,5.0,3.0,4.0,5.0,5.0,5.0,4.0,3.0,4.0,4.0,2.0,5.0,5.0,5.0,3.0,5.0,3.0,4.0,5.0,5.0,5.0,4.0,3.0,4.0,4.0,2.0,5.0,4.0,4.0,4.0,4.0,1.0,2.0,2.0,4.0,5.0,3.0,4.0,3.0,4.0,3.0,4.0,8.0,3.0,5.0,5.0,1.0,4.0,4.0,2.0,,4.0,3.0,5.0,1.0,4.0,1.0,1.0,4.0,2.0,3.0,4.0,3.0,1.0,2.0,1.0,1.0,1.0,4.0,3.0,4.0,4.0,4.0,4.0,3.0,2.0,2.0,2.0,2.0,1.0,3.0,1.0,1.0,3.0,6.0,3.0,1.0,1.0,1.0,1.0,2.0,1.0,5.0,,2.0,2.0,1.0,4.0,1.0,0.976223,4.0,3.5,4.0,4.0,1.0
18000.0,4.0,2.0,1.0,58.0,4.0,5.0,5.0,4.0,3.0,5.0,4.0,4.0,4.0,4.0,2.0,,,,,,,,,,,,,,,,,,2.0,2.0,,,,,,,,4.0,3.0,4.0,4.0,4.0,3.0,4.0,3.0,3.0,3.0,3.0,1.0,4.0,4.0,3.0,4.0,4.0,4.0,4.0,4.0,2.0,4.0,3.0,4.0,3.0,3.0,2.0,2.0,3.0,2.0,4.0,3.0,3.0,3.0,3.0,2.0,3.0,3.0,3.0,2.0,3.0,2.0,3.0,3.0,2.0,3.0,4.0,4.0,4.0,4.0,2.0,3.0,2.0,3.0,3.0,3.0,2.0,2.0,3.0,2.0,4.0,4.0,4.0,4.0,4.0,2.0,2.0,3.0,3.0,3.0,3.0,3.0,3.0,2.0,3.0,2.0,2.0,10.0,3.0,4.0,3.0,1.0,4.0,4.0,2.0,,4.0,4.0,4.0,1.0,4.0,4.0,4.0,3.0,3.0,3.0,4.0,4.0,2.0,1.0,1.0,1.0,1.0,4.0,4.0,4.0,4.0,4.0,3.0,3.0,2.0,2.0,2.0,2.0,2.0,3.0,2.0,2.0,4.0,1.0,1.0,1.0,1.0,1.0,1.0,2.0,1.0,4.0,,2.0,2.0,1.0,3.0,1.0,1.048518,4.0,4.5,4.0,4.0,1.0
18009.0,3.0,5.0,2.0,48.0,3.0,5.0,5.0,5.0,5.0,4.0,4.0,4.0,4.0,4.0,2.0,,,,,,,,,,,,,,,,,,1.0,2.0,,,,,,,,4.0,3.0,3.0,3.0,3.0,2.0,3.0,2.0,3.0,3.0,2.0,2.0,3.0,3.0,3.0,4.0,4.0,4.0,4.0,4.0,3.0,4.0,4.0,4.0,4.0,4.0,4.0,4.0,4.0,3.0,4.0,4.0,4.0,4.0,4.0,4.0,4.0,4.0,4.0,4.0,4.0,3.0,3.0,4.0,3.0,4.0,4.0,4.0,4.0,4.0,4.0,4.0,4.0,4.0,4.0,4.0,3.0,4.0,4.0,3.0,4.0,4.0,3.0,4.0,4.0,4.0,2.0,3.0,2.0,3.0,3.0,2.0,3.0,3.0,4.0,3.0,3.0,8.0,3.0,4.0,3.0,1.0,4.0,3.0,4.0,,3.0,4.0,4.0,1.0,4.0,3.0,4.0,4.0,5.0,3.0,3.0,4.0,1.0,2.0,2.0,1.0,2.0,4.0,4.0,3.0,3.0,3.0,2.0,2.0,2.0,2.0,2.0,2.0,2.0,3.0,2.0,2.0,3.0,8.0,5.0,1.0,2.0,1.0,2.0,2.0,1.0,5.0,,4.0,2.0,1.0,4.0,3.0,0.871396,4.0,4.0,3.5,4.0,1.0
18017.0,1.0,1.0,2.0,26.0,1.0,5.0,3.0,4.0,4.0,4.0,5.0,4.0,5.0,4.0,1.0,,,,,,,,8.0,,,,,,14.0,,,,1.0,1.0,,,3.0,,,,,3.0,3.0,2.0,1.0,3.0,4.0,5.0,5.0,5.0,5.0,4.0,4.0,3.0,3.0,2.0,2.0,2.0,3.0,3.0,2.0,2.0,3.0,4.0,4.0,5.0,4.0,3.0,3.0,3.0,2.0,2.0,2.0,3.0,4.0,5.0,5.0,4.0,4.0,4.0,3.0,4.0,4.0,3.0,3.0,3.0,2.0,5.0,3.0,4.0,5.0,5.0,5.0,5.0,4.0,4.0,3.0,3.0,3.0,3.0,3.0,5.0,4.0,4.0,4.0,5.0,5.0,4.0,4.0,4.0,4.0,5.0,5.0,4.0,4.0,3.0,3.0,3.0,9.0,4.0,4.0,4.0,1.0,3.0,4.0,3.0,,2.0,3.0,3.0,2.0,3.0,3.0,2.0,2.0,1.0,1.0,2.0,2.0,1.0,1.0,1.0,2.0,2.0,3.0,3.0,4.0,4.0,5.0,5.0,4.0,4.0,4.0,4.0,3.0,3.0,3.0,3.0,3.0,4.0,9.0,7.0,1.0,1.0,1.0,1.0,1.0,,4.0,,4.0,1.0,2.0,3.0,3.0,1.034762,4.333333333333333,4.5,3.5,3.0,2.0
18022.0,13.0,4.0,2.0,59.0,4.0,4.0,4.0,4.0,3.0,5.0,5.0,4.0,4.0,4.0,1.0,1.0,2.0,3.0,,5.0,,7.0,,,,,12.0,13.0,,,,,1.0,1.0,,,,4.0,5.0,,,3.0,4.0,4.0,3.0,3.0,4.0,3.0,3.0,4.0,4.0,3.0,3.0,4.0,4.0,3.0,4.0,4.0,3.0,3.0,3.0,4.0,3.0,3.0,4.0,3.0,3.0,3.0,4.0,4.0,3.0,4.0,4.0,4.0,4.0,4.0,4.0,4.0,4.0,4.0,4.0,4.0,4.0,4.0,4.0,4.0,4.0,5.0,5.0,5.0,5.0,5.0,5.0,5.0,5.0,5.0,5.0,5.0,5.0,5.0,5.0,5.0,4.0,4.0,4.0,4.0,4.0,2.0,3.0,2.0,3.0,4.0,2.0,3.0,2.0,3.0,3.0,4.0,6.0,2.0,3.0,2.0,2.0,4.0,4.0,3.0,,2.0,2.0,4.0,2.0,3.0,2.0,2.0,4.0,3.0,3.0,3.0,3.0,2.0,2.0,1.0,2.0,1.0,4.0,4.0,4.0,4.0,4.0,4.0,4.0,3.0,3.0,2.0,3.0,3.0,4.0,4.0,4.0,4.0,4.0,3.0,1.0,1.0,1.0,1.0,2.0,1.0,4.0,,3.0,2.0,1.0,3.0,2.0,1.055948,4.0,5.0,4.0,3.0,2.0
18024.0,4.0,2.0,1.0,40.0,3.0,4.0,4.0,4.0,4.0,4.0,4.0,4.0,4.0,4.0,2.0,,,,,,,,,,,,,,,,,,2.0,2.0,,,,,,,,3.0,3.0,4.0,3.0,3.0,3.0,4.0,2.0,3.0,2.0,2.0,2.0,4.0,3.0,3.0,4.0,2.0,2.0,4.0,3.0,3.0,2.0,3.0,3.0,4.0,4.0,4.0,4.0,5.0,4.0,2.0,2.0,2.0,4.0,2.0,3.0,2.0,2.0,2.0,4.0,3.0,3.0,4.0,4.0,3.0,2.0,3.0,3.0,4.0,3.0,3.0,3.0,3.0,3.0,4.0,4.0,4.0,4.0,4.0,4.0,3.0,3.0,2.0,4.0,4.0,2.0,2.0,4.0,3.0,3.0,3.0,2.0,2.0,4.0,4.0,3.0,3.0,8.0,2.0,2.0,3.0,1.0,3.0,3.0,4.0,,3.0,4.0,4.0,1.0,4.0,4.0,4.0,5.0,3.0,3.0,5.0,4.0,2.0,2.0,2.0,1.0,2.0,5.0,5.0,5.0,5.0,5.0,4.0,4.0,3.0,3.0,5.0,4.0,4.0,4.0,4.0,3.0,4.0,6.0,3.0,2.0,2.0,1.0,2.0,1.0,,7.0,,4.0,1.0,2.0,6.0,3.0,1.065336,4.0,4.0,3.0,4.0,1.0
18028.0,1.0,1.0,2.0,22.0,1.0,4.0,4.0,4.0,3.0,3.0,4.0,3.0,4.0,3.0,1.0,1.0,2.0,3.0,,5.0,6.0,,,,,,,,,,,,2.0,1.0,1.0,,3.0,,5.0,,,4.0,2.0,3.0,2.0,2.0,2.0,3.0,2.0,2.0,3.0,3.0,3.0,2.0,3.0,3.0,2.0,3.0,3.0,4.0,3.0,3.0,2.0,3.0,3.0,3.0,4.0,3.0,3.0,3.0,3.0,2.0,3.0,3.0,4.0,3.0,3.0,4.0,3.0,3.0,3.0,4.0,3.0,4.0,3.0,4.0,3.0,3.0,4.0,4.0,3.0,4.0,3.0,4.0,4.0,3.0,3.0,4.0,3.0,3.0,4.0,3.0,3.0,4.0,3.0,3.0,4.0,4.0,3.0,3.0,4.0,3.0,4.0,3.0,3.0,4.0,3.0,3.0,6.0,3.0,3.0,3.0,2.0,3.0,4.0,3.0,,3.0,4.0,3.0,2.0,3.0,3.0,4.0,3.0,3.0,4.0,4.0,3.0,1.0,2.0,1.0,1.0,2.0,3.0,3.0,4.0,3.0,3.0,4.0,3.0,3.0,4.0,3.0,3.0,3.0,4.0,3.0,4.0,3.0,6.0,6.0,1.0,2.0,2.0,1.0,1.0,,3.0,,3.0,1.0,2.0,2.0,2.0,1.034762,3.3333333333333335,3.5,3.5,3.0,2.0
18075.0,15.0,5.0,1.0,24.0,1.0,5.0,5.0,5.0,4.0,5.0,4.0,4.0,5.0,4.0,1.0,,,,4.0,,,,,,,,,,,,,,1.0,1.0,1.0,,,4.0,,,,5.0,4.0,3.0,3.0,4.0,4.0,5.0,4.0,4.0,5.0,4.0,3.0,5.0,4.0,5.0,3.0,4.0,5.0,5.0,4.0,5.0,4.0,5.0,4.0,4.0,4.0,4.0,5.0,5.0,5.0,4.0,4.0,5.0,5.0,5.0,5.0,5.0,4.0,5.0,4.0,4.0,4.0,4.0,4.0,3.0,4.0,2.0,4.0,4.0,3.0,4.0,2.0,1.0,4.0,5.0,3.0,4.0,4.0,3.0,3.0,4.0,4.0,3.0,5.0,2.0,5.0,4.0,5.0,3.0,1.0,3.0,2.0,5.0,3.0,4.0,3.0,4.0,10.0,4.0,3.0,4.0,1.0,3.0,4.0,5.0,,4.0,4.0,4.0,1.0,4.0,4.0,4.0,5.0,4.0,5.0,3.0,5.0,2.0,2.0,1.0,1.0,2.0,3.0,3.0,4.0,2.0,2.0,4.0,3.0,4.0,2.0,4.0,2.0,2.0,4.0,5.0,4.0,4.0,8.0,10.0,1.0,2.0,1.0,1.0,1.0,,6.0,,1.0,1.0,2.0,5.0,1.0,0.98424,4.333333333333333,4.5,3.5,4.0,1.0
18103.0,13.0,4.0,1.0,38.0,2.0,5.0,4.0,5.0,5.0,3.0,4.0,4.0,4.0,4.0,2.0,,,,,,,,,,,,,,,,,,2.0,1.0,,,,4.0,5.0,,,2.0,3.0,3.0,3.0,3.0,2.0,5.0,3.0,5.0,5.0,3.0,2.0,5.0,5.0,4.0,5.0,1.0,1.0,1.0,1.0,1.0,1.0,1.0,4.0,4.0,1.0,1.0,5.0,5.0,2.0,2.0,1.0,1.0,1.0,1.0,1.0,1.0,1.0,4.0,3.0,2.0,1.0,5.0,5.0,1.0,4.0,1.0,1.0,1.0,1.0,1.0,1.0,1.0,5.0,2.0,2.0,1.0,5.0,5.0,4.0,4.0,5.0,2.0,4.0,5.0,5.0,2.0,4.0,4.0,3.0,4.0,4.0,5.0,5.0,5.0,5.0,5.0,9.0,4.0,4.0,4.0,1.0,5.0,5.0,3.0,,3.0,1.0,4.0,2.0,1.0,1.0,1.0,4.0,4.0,1.0,5.0,3.0,2.0,2.0,2.0,2.0,2.0,2.0,4.0,2.0,4.0,4.0,4.0,2.0,1.0,1.0,1.0,1.0,2.0,4.0,1.0,4.0,4.0,10.0,3.0,2.0,2.0,2.0,2.0,2.0,1.0,4.0,,2.0,2.0,1.0,3.0,1.0,1.028782,4.0,3.5,5.0,1.0,2.0
18112.0,14.0,4.0,1.0,51.0,4.0,3.0,4.0,4.0,4.0,3.0,3.0,3.0,3.0,3.0,1.0,1.0,2.0,3.0,4.0,5.0,6.0,,,,,,,,,,,,1.0,2.0,,,,,,,,4.0,3.0,3.0,3.0,3.0,3.0,3.0,3.0,3.0,3.0,3.0,3.0,3.0,3.0,3.0,3.0,4.0,4.0,4.0,4.0,4.0,4.0,4.0,4.0,4.0,4.0,4.0,4.0,4.0,4.0,4.0,4.0,4.0,4.0,4.0,4.0,4.0,4.0,4.0,4.0,4.0,4.0,4.0,4.0,4.0,4.0,4.0,4.0,4.0,4.0,4.0,4.0,4.0,4.0,4.0,4.0,4.0,4.0,4.0,4.0,4.0,1.0,1.0,1.0,1.0,1.0,1.0,1.0,1.0,1.0,1.0,1.0,1.0,1.0,1.0,1.0,1.0,6.0,3.0,3.0,3.0,1.0,1.0,1.0,3.0,,4.0,4.0,4.0,1.0,3.0,1.0,1.0,3.0,2.0,3.0,3.0,2.0,1.0,2.0,1.0,1.0,1.0,2.0,3.0,2.0,2.0,2.0,2.0,2.0,2.0,2.0,2.0,2.0,2.0,2.0,2.0,2.0,4.0,6.0,6.0,1.0,1.0,1.0,1.0,1.0,,4.0,,4.0,1.0,2.0,3.0,3.0,1.073801,3.0,3.0,1.0,3.0,1.0
18115.0,2.0,6.0,2.0,24.0,1.0,5.0,5.0,3.0,2.0,4.0,3.0,3.0,4.0,3.0,2.0,,,,,,,,,,,,,,,,,,2.0,2.0,,,,,,,,1.0,4.0,5.0,3.0,3.0,3.0,5.0,2.0,4.0,3.0,3.0,2.0,5.0,4.0,3.0,5.0,5.0,5.0,5.0,4.0,4.0,3.0,4.0,5.0,3.0,4.0,4.0,3.0,5.0,4.0,2.0,3.0,3.0,3.0,2.0,3.0,2.0,3.0,2.0,2.0,3.0,3.0,2.0,4.0,3.0,2.0,4.0,4.0,5.0,3.0,4.0,2.0,4.0,5.0,3.0,4.0,3.0,2.0,5.0,5.0,2.0,5.0,3.0,2.0,4.0,3.0,1.0,1.0,4.0,4.0,5.0,4.0,4.0,5.0,1.0,1.0,3.0,7.0,4.0,1.0,3.0,1.0,5.0,4.0,1.0,,3.0,2.0,4.0,2.0,2.0,1.0,2.0,4.0,2.0,4.0,4.0,2.0,2.0,2.0,2.0,1.0,2.0,5.0,4.0,4.0,3.0,1.0,3.0,3.0,1.0,1.0,1.0,2.0,2.0,2.0,3.0,1.0,4.0,5.0,7.0,1.0,2.0,2.0,2.0,1.0,,6.0,,3.0,1.0,2.0,5.0,2.0,1.101295,3.3333333333333335,3.5,4.5,2.0,2.0
18163.0,1.0,1.0,1.0,29.0,1.0,4.0,5.0,4.0,3.0,3.0,3.0,3.0,2.0,3.0,2.0,,,,,,,,,,,,,,,,,,2.0,2.0,,,,,,,,3.0,4.0,5.0,3.0,5.0,4.0,5.0,3.0,4.0,4.0,4.0,4.0,4.0,5.0,4.0,4.0,3.0,4.0,4.0,3.0,4.0,3.0,3.0,4.0,4.0,3.0,3.0,4.0,4.0,4.0,3.0,4.0,4.0,5.0,4.0,5.0,4.0,4.0,5.0,5.0,4.0,4.0,4.0,5.0,4.0,4.0,4.0,4.0,5.0,4.0,5.0,4.0,4.0,4.0,5.0,5.0,4.0,4.0,5.0,4.0,4.0,4.0,5.0,4.0,4.0,3.0,3.0,4.0,3.0,3.0,2.0,3.0,3.0,4.0,4.0,4.0,3.0,9.0,2.0,4.0,4.0,1.0,3.0,3.0,2.0,,3.0,4.0,4.0,1.0,4.0,3.0,4.0,4.0,4.0,3.0,4.0,4.0,1.0,2.0,1.0,1.0,1.0,4.0,4.0,4.0,4.0,4.0,4.0,4.0,3.0,3.0,4.0,3.0,3.0,3.0,3.0,3.0,4.0,9.0,3.0,1.0,2.0,1.0,2.0,1.0,,3.0,,4.0,1.0,2.0,2.0,3.0,1.112248,2.6666666666666665,3.0,3.0,4.0,1.0
18183.0,1.0,1.0,2.0,42.0,3.0,5.0,5.0,4.0,4.0,4.0,4.0,4.0,4.0,4.0,2.0,,,,,,,,,,,,,,,,,,2.0,1.0,,,,4.0,5.0,,,3.0,4.0,4.0,3.0,3.0,3.0,3.0,2.0,4.0,4.0,3.0,3.0,4.0,5.0,4.0,4.0,4.0,4.0,4.0,4.0,4.0,4.0,4.0,4.0,4.0,4.0,4.0,4.0,5.0,4.0,4.0,4.0,3.0,4.0,4.0,4.0,3.0,3.0,4.0,4.0,4.0,4.0,4.0,5.0,4.0,4.0,4.0,4.0,4.0,4.0,3.0,4.0,3.0,4.0,4.0,4.0,3.0,4.0,4.0,4.0,4.0,3.0,3.0,3.0,3.0,2.0,2.0,3.0,3.0,3.0,4.0,4.0,4.0,5.0,5.0,5.0,4.0,9.0,3.0,3.0,4.0,1.0,4.0,3.0,3.0,,3.0,3.0,4.0,1.0,3.0,4.0,4.0,4.0,3.0,3.0,3.0,4.0,1.0,1.0,2.0,2.0,2.0,4.0,4.0,3.0,3.0,2.0,3.0,3.0,2.0,2.0,2.0,2.0,2.0,4.0,3.0,4.0,3.0,8.0,9.0,2.0,2.0,1.0,2.0,2.0,1.0,5.0,,3.0,2.0,1.0,4.0,2.0,1.098998,4.0,4.0,3.5,3.0,1.0
18193.0,2.0,6.0,2.0,26.0,1.0,4.0,5.0,5.0,5.0,4.0,4.0,4.0,4.0,2.0,1.0,1.0,2.0,,4.0,,,,,,,,,,,,,,2.0,1.0,,,3.0,,,9997.0,sns 해킹 시도,1.0,4.0,4.0,4.0,4.0,4.0,4.0,3.0,4.0,4.0,5.0,4.0,5.0,4.0,4.0,5.0,3.0,3.0,3.0,3.0,3.0,3.0,3.0,4.0,3.0,4.0,4.0,4.0,4.0,4.0,3.0,2.0,3.0,3.0,2.0,2.0,2.0,2.0,4.0,2.0,4.0,2.0,2.0,4.0,3.0,2.0,4.0,4.0,4.0,4.0,4.0,3.0,3.0,4.0,4.0,4.0,4.0,4.0,4.0,3.0,2.0,3.0,3.0,4.0,5.0,4.0,2.0,3.0,4.0,4.0,4.0,4.0,4.0,4.0,3.0,4.0,4.0,10.0,2.0,2.0,4.0,1.0,4.0,4.0,2.0,,2.0,3.0,3.0,2.0,2.0,2.0,2.0,2.0,2.0,2.0,4.0,4.0,1.0,2.0,2.0,1.0,2.0,4.0,4.0,2.0,2.0,2.0,2.0,2.0,2.0,2.0,2.0,2.0,2.0,3.0,3.0,3.0,3.0,10.0,2.0,2.0,2.0,2.0,2.0,1.0,,4.0,,3.0,1.0,2.0,3.0,2.0,1.101295,3.3333333333333335,4.0,4.0,2.0,2.0
18204.0,15.0,5.0,2.0,55.0,4.0,5.0,4.0,4.0,4.0,4.0,4.0,4.0,4.0,4.0,1.0,1.0,2.0,3.0,4.0,5.0,6.0,,,,,11.0,,13.0,14.0,15.0,,,2.0,2.0,,,,,,,,3.0,3.0,3.0,3.0,3.0,2.0,3.0,2.0,3.0,3.0,2.0,2.0,4.0,4.0,3.0,5.0,3.0,3.0,4.0,3.0,3.0,3.0,2.0,3.0,3.0,4.0,4.0,4.0,5.0,3.0,5.0,3.0,3.0,4.0,3.0,3.0,3.0,3.0,3.0,3.0,2.0,2.0,4.0,5.0,3.0,5.0,3.0,3.0,3.0,3.0,3.0,3.0,3.0,3.0,4.0,3.0,3.0,4.0,4.0,3.0,4.0,3.0,3.0,4.0,4.0,3.0,3.0,4.0,3.0,4.0,3.0,3.0,4.0,5.0,4.0,4.0,3.0,6.0,3.0,2.0,3.0,1.0,3.0,3.0,5.0,,3.0,3.0,4.0,1.0,2.0,1.0,1.0,4.0,2.0,2.0,4.0,1.0,1.0,2.0,2.0,2.0,2.0,4.0,4.0,4.0,4.0,3.0,3.0,3.0,1.0,3.0,1.0,2.0,3.0,4.0,3.0,3.0,4.0,6.0,6.0,1.0,1.0,1.0,1.0,2.0,1.0,4.0,,4.0,2.0,1.0,3.0,3.0,1.111192,4.0,4.0,3.0,2.0,1.0
18234.0,15.0,5.0,2.0,56.0,4.0,5.0,5.0,4.0,4.0,4.0,5.0,4.0,4.0,4.0,1.0,1.0,,3.0,4.0,,6.0,,,,,,,,,,,,1.0,1.0,,,3.0,4.0,5.0,,,3.0,4.0,5.0,4.0,4.0,3.0,4.0,4.0,4.0,3.0,3.0,4.0,4.0,4.0,3.0,4.0,4.0,4.0,4.0,4.0,4.0,4.0,4.0,4.0,5.0,5.0,4.0,4.0,5.0,4.0,4.0,3.0,4.0,4.0,4.0,4.0,4.0,4.0,4.0,4.0,5.0,5.0,4.0,5.0,4.0,3.0,4.0,4.0,4.0,4.0,4.0,4.0,4.0,5.0,5.0,5.0,5.0,4.0,5.0,4.0,4.0,4.0,4.0,4.0,4.0,5.0,3.0,4.0,4.0,4.0,4.0,4.0,4.0,5.0,5.0,5.0,4.0,8.0,3.0,4.0,4.0,1.0,5.0,5.0,2.0,,4.0,3.0,4.0,2.0,3.0,2.0,3.0,4.0,2.0,3.0,4.0,3.0,1.0,2.0,2.0,2.0,1.0,4.0,3.0,3.0,3.0,2.0,4.0,3.0,3.0,3.0,2.0,2.0,4.0,4.0,2.0,2.0,4.0,4.0,3.0,1.0,1.0,1.0,1.0,2.0,1.0,2.0,,3.0,2.0,1.0,1.0,2.0,1.111192,4.0,4.5,5.0,3.0,2.0
18251.0,1.0,1.0,1.0,27.0,1.0,5.0,4.0,5.0,2.0,4.0,5.0,4.0,5.0,4.0,1.0,1.0,2.0,3.0,4.0,5.0,,,,,,11.0,12.0,,14.0,,,,2.0,2.0,,,,,,,,4.0,2.0,4.0,2.0,3.0,1.0,4.0,2.0,5.0,3.0,1.0,1.0,3.0,4.0,3.0,5.0,2.0,5.0,2.0,3.0,2.0,2.0,1.0,5.0,3.0,2.0,3.0,5.0,5.0,4.0,5.0,1.0,1.0,3.0,2.0,1.0,2.0,1.0,5.0,3.0,4.0,2.0,4.0,5.0,2.0,1.0,2.0,5.0,4.0,2.0,1.0,3.0,2.0,5.0,4.0,3.0,3.0,5.0,5.0,3.0,3.0,2.0,3.0,3.0,4.0,3.0,1.0,2.0,4.0,3.0,5.0,5.0,5.0,3.0,4.0,2.0,4.0,10.0,4.0,4.0,4.0,2.0,2.0,3.0,3.0,,4.0,5.0,5.0,1.0,5.0,3.0,5.0,5.0,5.0,4.0,5.0,4.0,1.0,1.0,1.0,1.0,2.0,5.0,5.0,4.0,5.0,3.0,4.0,3.0,1.0,2.0,3.0,3.0,5.0,4.0,5.0,1.0,5.0,10.0,9.0,1.0,1.0,2.0,1.0,1.0,,4.0,,3.0,1.0,2.0,3.0,2.0,1.112248,4.333333333333333,4.5,2.5,5.0,1.0
18256.0,1.0,1.0,2.0,24.0,1.0,4.0,4.0,3.0,2.0,4.0,3.0,4.0,4.0,4.0,1.0,1.0,,3.0,4.0,5.0,,,,,,,,,,,,,2.0,1.0,1.0,,3.0,,5.0,,,4.0,2.0,2.0,2.0,3.0,2.0,3.0,1.0,4.0,3.0,3.0,3.0,2.0,3.0,2.0,4.0,3.0,3.0,3.0,3.0,3.0,4.0,3.0,4.0,3.0,3.0,4.0,3.0,4.0,3.0,3.0,3.0,4.0,3.0,3.0,3.0,4.0,3.0,3.0,4.0,4.0,3.0,4.0,3.0,3.0,3.0,3.0,4.0,4.0,3.0,3.0,4.0,3.0,3.0,4.0,4.0,3.0,3.0,4.0,4.0,3.0,3.0,3.0,4.0,3.0,3.0,4.0,4.0,3.0,3.0,4.0,3.0,3.0,3.0,3.0,4.0,3.0,6.0,3.0,3.0,3.0,1.0,4.0,3.0,3.0,,3.0,4.0,3.0,2.0,3.0,3.0,4.0,3.0,3.0,3.0,4.0,4.0,1.0,2.0,2.0,1.0,2.0,4.0,3.0,4.0,4.0,3.0,4.0,4.0,4.0,3.0,4.0,4.0,3.0,4.0,4.0,3.0,4.0,6.0,6.0,1.0,2.0,2.0,1.0,1.0,,3.0,,3.0,1.0,2.0,2.0,2.0,1.034762,4.0,3.5,3.5,3.0,2.0
18288.0,4.0,2.0,2.0,38.0,2.0,5.0,5.0,3.0,3.0,4.0,4.0,4.0,4.0,4.0,2.0,,,,,,,,,,,,,,,,,,2.0,1.0,1.0,,3.0,,,,,2.0,3.0,3.0,3.0,2.0,3.0,3.0,2.0,4.0,4.0,3.0,3.0,3.0,3.0,3.0,4.0,4.0,4.0,3.0,3.0,3.0,3.0,3.0,3.0,4.0,4.0,4.0,3.0,3.0,3.0,4.0,3.0,3.0,3.0,3.0,3.0,4.0,3.0,3.0,3.0,3.0,3.0,3.0,3.0,3.0,3.0,4.0,3.0,3.0,3.0,4.0,3.0,4.0,4.0,3.0,4.0,4.0,3.0,3.0,4.0,3.0,3.0,3.0,3.0,3.0,3.0,3.0,3.0,2.0,4.0,4.0,3.0,3.0,3.0,3.0,3.0,4.0,6.0,3.0,3.0,4.0,1.0,4.0,4.0,3.0,,3.0,3.0,3.0,1.0,4.0,3.0,3.0,4.0,3.0,3.0,4.0,4.0,2.0,2.0,2.0,1.0,2.0,3.0,3.0,4.0,3.0,3.0,4.0,4.0,3.0,3.0,3.0,4.0,3.0,3.0,3.0,3.0,3.0,6.0,6.0,1.0,2.0,2.0,2.0,2.0,1.0,5.0,,3.0,2.0,1.0,4.0,2.0,1.051499,4.0,4.0,4.0,4.0,1.0
18357.0,14.0,4.0,1.0,48.0,3.0,5.0,5.0,5.0,5.0,4.0,4.0,2.0,3.0,2.0,2.0,,,,,,,,,,,,,,,,,,2.0,2.0,,,,,,,,2.0,3.0,4.0,3.0,5.0,4.0,5.0,4.0,5.0,4.0,4.0,3.0,4.0,4.0,4.0,5.0,3.0,3.0,3.0,4.0,4.0,3.0,3.0,4.0,4.0,3.0,3.0,3.0,4.0,3.0,2.0,3.0,3.0,3.0,4.0,3.0,3.0,3.0,4.0,4.0,4.0,3.0,3.0,4.0,3.0,2.0,2.0,2.0,3.0,3.0,3.0,3.0,2.0,4.0,4.0,3.0,3.0,3.0,3.0,3.0,2.0,4.0,3.0,3.0,4.0,4.0,2.0,3.0,2.0,3.0,4.0,3.0,4.0,5.0,4.0,5.0,4.0,6.0,3.0,2.0,4.0,1.0,4.0,4.0,2.0,,3.0,2.0,4.0,2.0,3.0,2.0,2.0,3.0,3.0,3.0,3.0,2.0,2.0,2.0,2.0,1.0,2.0,3.0,3.0,3.0,3.0,2.0,3.0,2.0,1.0,1.0,1.0,1.0,3.0,1.0,1.0,1.0,1.0,11.0,3.0,2.0,2.0,2.0,2.0,1.0,,3.0,,4.0,1.0,2.0,2.0,3.0,0.826158,2.3333333333333335,4.0,4.0,3.0,2.0
18375.0,14.0,4.0,1.0,22.0,1.0,3.0,3.0,4.0,4.0,3.0,4.0,3.0,4.0,3.0,1.0,1.0,2.0,3.0,4.0,5.0,6.0,7.0,,,,,,,,,,,1.0,1.0,1.0,2.0,3.0,4.0,5.0,,,3.0,3.0,3.0,3.0,3.0,3.0,2.0,3.0,3.0,3.0,3.0,3.0,4.0,4.0,4.0,2.0,4.0,3.0,3.0,2.0,4.0,3.0,3.0,3.0,4.0,4.0,4.0,3.0,3.0,3.0,3.0,3.0,3.0,3.0,4.0,4.0,4.0,3.0,3.0,3.0,3.0,2.0,2.0,2.0,2.0,3.0,3.0,3.0,3.0,4.0,3.0,3.0,2.0,2.0,3.0,3.0,4.0,4.0,3.0,3.0,3.0,3.0,4.0,3.0,3.0,4.0,4.0,3.0,3.0,3.0,3.0,4.0,3.0,2.0,2.0,3.0,3.0,7.0,3.0,3.0,4.0,1.0,3.0,3.0,4.0,,4.0,4.0,3.0,1.0,3.0,3.0,4.0,3.0,3.0,3.0,3.0,4.0,1.0,2.0,1.0,1.0,1.0,2.0,2.0,3.0,3.0,3.0,3.0,4.0,3.0,3.0,3.0,2.0,3.0,3.0,3.0,4.0,4.0,6.0,7.0,1.0,1.0,1.0,1.0,1.0,,6.0,,2.0,1.0,2.0,5.0,1.0,1.158012,3.3333333333333335,3.5,3.0,3.0,1.0
18377.0,9.0,2.0,2.0,30.0,2.0,5.0,5.0,4.0,4.0,4.0,4.0,3.0,4.0,4.0,1.0,1.0,,3.0,4.0,,,,,,,,,,,,,,2.0,1.0,,,,,5.0,,,2.0,3.0,3.0,3.0,2.0,2.0,1.0,1.0,4.0,1.0,1.0,1.0,1.0,2.0,2.0,5.0,3.0,3.0,5.0,2.0,2.0,2.0,1.0,4.0,1.0,1.0,1.0,1.0,5.0,2.0,5.0,2.0,3.0,4.0,3.0,1.0,1.0,1.0,3.0,2.0,1.0,1.0,2.0,5.0,3.0,5.0,2.0,3.0,3.0,3.0,3.0,3.0,3.0,2.0,2.0,2.0,1.0,1.0,4.0,3.0,5.0,4.0,5.0,4.0,5.0,4.0,2.0,5.0,4.0,2.0,1.0,2.0,4.0,4.0,2.0,3.0,4.0,8.0,3.0,1.0,5.0,1.0,4.0,4.0,4.0,,3.0,3.0,3.0,2.0,3.0,1.0,1.0,3.0,1.0,2.0,2.0,2.0,2.0,1.0,1.0,1.0,1.0,3.0,3.0,3.0,2.0,2.0,2.0,1.0,1.0,1.0,1.0,2.0,1.0,1.0,1.0,1.0,3.0,8.0,8.0,1.0,2.0,1.0,2.0,2.0,2.0,4.0,,3.0,2.0,2.0,3.0,2.0,1.051499,3.6666666666666665,4.0,4.0,3.0,2.0
18388.0,9.0,2.0,1.0,28.0,1.0,3.0,4.0,3.0,3.0,3.0,3.0,3.0,3.0,4.0,2.0,,,,,,,,,,,,,,,,,,2.0,2.0,,,,,,,,2.0,4.0,3.0,4.0,3.0,3.0,4.0,4.0,4.0,4.0,3.0,3.0,3.0,4.0,4.0,4.0,2.0,3.0,4.0,3.0,3.0,4.0,4.0,2.0,3.0,3.0,4.0,3.0,3.0,3.0,3.0,2.0,3.0,4.0,4.0,4.0,3.0,3.0,3.0,4.0,2.0,3.0,4.0,3.0,2.0,2.0,4.0,2.0,3.0,4.0,3.0,3.0,3.0,3.0,4.0,2.0,2.0,2.0,3.0,3.0,3.0,3.0,4.0,4.0,2.0,3.0,3.0,2.0,3.0,4.0,3.0,3.0,3.0,4.0,2.0,2.0,3.0,6.0,3.0,3.0,3.0,2.0,3.0,3.0,5.0,,3.0,3.0,4.0,2.0,3.0,3.0,3.0,2.0,2.0,3.0,4.0,3.0,2.0,2.0,2.0,2.0,2.0,3.0,3.0,4.0,2.0,3.0,3.0,4.0,3.0,3.0,2.0,3.0,3.0,3.0,4.0,3.0,3.0,6.0,6.0,2.0,2.0,2.0,2.0,1.0,,4.0,,4.0,1.0,2.0,3.0,3.0,1.051424,3.3333333333333335,3.0,3.0,3.0,2.0
18427.0,4.0,2.0,2.0,46.0,3.0,4.0,5.0,3.0,3.0,3.0,3.0,3.0,3.0,2.0,2.0,,,,,,,,,,,,,,,,,,2.0,1.0,1.0,,,4.0,5.0,,,2.0,4.0,4.0,3.0,4.0,3.0,4.0,4.0,4.0,4.0,3.0,3.0,4.0,3.0,4.0,4.0,3.0,3.0,3.0,3.0,3.0,3.0,3.0,3.0,3.0,3.0,3.0,3.0,3.0,3.0,3.0,4.0,4.0,4.0,4.0,3.0,4.0,4.0,3.0,4.0,3.0,3.0,4.0,4.0,3.0,4.0,4.0,4.0,4.0,4.0,3.0,4.0,3.0,3.0,3.0,3.0,3.0,3.0,4.0,3.0,4.0,3.0,2.0,3.0,3.0,4.0,2.0,4.0,2.0,3.0,3.0,3.0,3.0,4.0,4.0,4.0,4.0,6.0,4.0,2.0,2.0,1.0,5.0,5.0,4.0,,3.0,2.0,3.0,2.0,2.0,2.0,2.0,3.0,3.0,2.0,3.0,3.0,2.0,2.0,2.0,2.0,2.0,2.0,3.0,2.0,2.0,2.0,2.0,1.0,1.0,1.0,1.0,1.0,1.0,3.0,2.0,1.0,2.0,9.0,6.0,2.0,2.0,2.0,2.0,2.0,1.0,4.0,,4.0,2.0,1.0,3.0,3.0,0.965456,2.6666666666666665,3.0,5.0,2.0,2.0
18460.0,8.0,3.0,2.0,30.0,2.0,5.0,5.0,4.0,4.0,4.0,4.0,5.0,5.0,4.0,2.0,,,,,,,,,,,,,,,,,,2.0,1.0,,,3.0,,5.0,,,3.0,4.0,4.0,3.0,4.0,2.0,4.0,2.0,5.0,3.0,2.0,3.0,4.0,5.0,4.0,5.0,5.0,5.0,4.0,5.0,4.0,4.0,4.0,5.0,5.0,2.0,4.0,4.0,5.0,5.0,4.0,5.0,5.0,5.0,5.0,5.0,4.0,5.0,5.0,5.0,4.0,4.0,5.0,5.0,5.0,4.0,5.0,5.0,5.0,5.0,4.0,4.0,5.0,5.0,4.0,5.0,4.0,4.0,5.0,4.0,4.0,4.0,4.0,4.0,5.0,5.0,3.0,4.0,4.0,3.0,4.0,4.0,4.0,4.0,5.0,5.0,5.0,3.0,4.0,3.0,4.0,1.0,3.0,2.0,3.0,,4.0,3.0,4.0,1.0,4.0,2.0,3.0,4.0,4.0,3.0,4.0,4.0,1.0,2.0,2.0,1.0,1.0,5.0,5.0,5.0,5.0,4.0,3.0,2.0,2.0,2.0,2.0,3.0,4.0,4.0,4.0,2.0,4.0,9.0,3.0,1.0,2.0,1.0,2.0,2.0,2.0,4.0,,3.0,2.0,2.0,3.0,2.0,0.900154,4.666666666666667,4.0,2.5,4.0,1.0
18470.0,15.0,5.0,1.0,54.0,4.0,5.0,5.0,3.0,2.0,2.0,2.0,2.0,3.0,3.0,2.0,,,,,,,,,,,,,,,,,,2.0,2.0,,,,,,,,1.0,5.0,4.0,4.0,4.0,5.0,5.0,4.0,5.0,5.0,4.0,3.0,5.0,5.0,5.0,5.0,5.0,5.0,5.0,5.0,5.0,5.0,5.0,5.0,5.0,5.0,5.0,5.0,5.0,5.0,5.0,5.0,5.0,5.0,4.0,5.0,5.0,4.0,4.0,4.0,5.0,5.0,4.0,5.0,5.0,5.0,5.0,5.0,5.0,4.0,5.0,5.0,4.0,5.0,5.0,5.0,5.0,4.0,5.0,4.0,5.0,4.0,2.0,2.0,4.0,3.0,1.0,2.0,2.0,4.0,4.0,1.0,4.0,1.0,1.0,3.0,4.0,10.0,3.0,4.0,5.0,1.0,1.0,1.0,3.0,,5.0,3.0,5.0,1.0,4.0,3.0,4.0,4.0,4.0,2.0,5.0,4.0,2.0,2.0,2.0,2.0,2.0,4.0,4.0,4.0,4.0,4.0,4.0,4.0,1.0,4.0,4.0,3.0,4.0,4.0,4.0,4.0,5.0,2.0,2.0,2.0,2.0,1.0,2.0,1.0,,3.0,,5.0,1.0,2.0,2.0,3.0,0.92937,2.6666666666666665,2.0,1.0,4.0,1.0
18491.0,1.0,1.0,2.0,44.0,3.0,5.0,5.0,5.0,5.0,5.0,4.0,4.0,4.0,4.0,2.0,,,,,,,,,,,,,,,,,,2.0,2.0,,,,,,,,3.0,4.0,4.0,4.0,3.0,3.0,3.0,3.0,5.0,5.0,3.0,5.0,5.0,4.0,4.0,5.0,5.0,5.0,5.0,5.0,5.0,3.0,5.0,5.0,5.0,5.0,4.0,3.0,5.0,3.0,3.0,3.0,4.0,4.0,4.0,4.0,3.0,4.0,4.0,4.0,4.0,1.0,1.0,3.0,1.0,1.0,4.0,4.0,4.0,4.0,4.0,4.0,4.0,4.0,4.0,4.0,3.0,3.0,4.0,3.0,3.0,1.0,1.0,3.0,5.0,5.0,1.0,3.0,1.0,5.0,4.0,1.0,1.0,5.0,5.0,5.0,5.0,11.0,1.0,1.0,5.0,1.0,4.0,4.0,2.0,,3.0,3.0,5.0,2.0,3.0,1.0,1.0,3.0,2.0,1.0,3.0,3.0,2.0,2.0,1.0,1.0,2.0,4.0,4.0,4.0,4.0,4.0,3.0,1.0,1.0,1.0,4.0,4.0,4.0,4.0,1.0,1.0,5.0,6.0,1.0,2.0,2.0,1.0,2.0,1.0,,3.0,,3.0,1.0,2.0,2.0,2.0,1.098998,4.0,4.5,4.0,3.0,2.0
18496.0,3.0,5.0,1.0,32.0,2.0,3.0,4.0,4.0,4.0,4.0,4.0,4.0,4.0,4.0,2.0,,,,,,,,,,,,,,,,,,2.0,2.0,,,,,,,,3.0,3.0,3.0,3.0,4.0,4.0,4.0,4.0,4.0,3.0,4.0,4.0,4.0,4.0,3.0,3.0,3.0,3.0,3.0,3.0,3.0,3.0,4.0,4.0,4.0,4.0,4.0,4.0,3.0,3.0,3.0,3.0,3.0,3.0,3.0,4.0,4.0,4.0,4.0,4.0,4.0,4.0,3.0,3.0,4.0,4.0,3.0,3.0,3.0,3.0,3.0,4.0,4.0,4.0,4.0,4.0,4.0,4.0,3.0,3.0,3.0,3.0,3.0,3.0,3.0,3.0,3.0,4.0,4.0,4.0,4.0,4.0,3.0,3.0,4.0,4.0,3.0,6.0,3.0,3.0,3.0,2.0,3.0,3.0,5.0,,3.0,3.0,3.0,2.0,3.0,3.0,3.0,3.0,3.0,4.0,4.0,4.0,2.0,2.0,2.0,2.0,2.0,3.0,3.0,3.0,3.0,3.0,3.0,4.0,4.0,4.0,4.0,4.0,4.0,3.0,3.0,3.0,3.0,6.0,6.0,2.0,2.0,2.0,2.0,1.0,,7.0,,4.0,1.0,2.0,6.0,3.0,0.96424,4.0,4.0,3.0,3.0,2.0
18567.0,11.0,3.0,1.0,39.0,2.0,5.0,5.0,4.0,2.0,4.0,4.0,4.0,3.0,3.0,2.0,,,,,,,,,,,,,,,,,,2.0,1.0,1.0,,3.0,4.0,5.0,,,2.0,2.0,2.0,2.0,3.0,2.0,3.0,2.0,4.0,3.0,2.0,2.0,3.0,2.0,3.0,5.0,4.0,4.0,4.0,4.0,4.0,4.0,4.0,4.0,4.0,4.0,4.0,3.0,3.0,3.0,3.0,4.0,3.0,3.0,2.0,2.0,2.0,2.0,2.0,2.0,2.0,2.0,3.0,3.0,3.0,3.0,5.0,5.0,5.0,5.0,5.0,5.0,5.0,5.0,5.0,5.0,5.0,4.0,4.0,4.0,4.0,5.0,4.0,3.0,4.0,4.0,3.0,5.0,4.0,4.0,5.0,4.0,4.0,4.0,5.0,5.0,4.0,1.0,1.0,4.0,4.0,1.0,5.0,5.0,2.0,,3.0,3.0,1.0,2.0,1.0,1.0,2.0,2.0,2.0,2.0,2.0,2.0,2.0,2.0,2.0,2.0,2.0,1.0,3.0,2.0,2.0,1.0,1.0,1.0,1.0,1.0,1.0,1.0,3.0,1.0,1.0,2.0,3.0,1.0,1.0,2.0,2.0,2.0,2.0,2.0,1.0,4.0,,4.0,2.0,1.0,3.0,3.0,0.865768,3.3333333333333335,4.0,5.0,1.0,2.0
18586.0,9.0,2.0,2.0,43.0,3.0,5.0,5.0,5.0,4.0,4.0,4.0,4.0,3.0,4.0,2.0,,,,,,,,,,,,,,,,,,2.0,2.0,,,,,,,,3.0,4.0,4.0,3.0,4.0,4.0,4.0,3.0,4.0,3.0,3.0,3.0,3.0,3.0,3.0,5.0,4.0,4.0,4.0,3.0,4.0,3.0,4.0,4.0,4.0,4.0,4.0,3.0,4.0,3.0,3.0,4.0,4.0,4.0,3.0,4.0,3.0,4.0,3.0,4.0,4.0,3.0,3.0,3.0,3.0,2.0,4.0,4.0,4.0,3.0,4.0,2.0,4.0,4.0,4.0,4.0,3.0,2.0,3.0,3.0,2.0,4.0,4.0,4.0,4.0,3.0,2.0,2.0,2.0,3.0,3.0,2.0,3.0,3.0,2.0,3.0,3.0,5.0,4.0,3.0,4.0,1.0,4.0,4.0,4.0,,3.0,3.0,3.0,2.0,2.0,2.0,2.0,3.0,2.0,2.0,3.0,2.0,2.0,2.0,2.0,2.0,2.0,4.0,4.0,2.0,3.0,2.0,3.0,3.0,1.0,1.0,2.0,2.0,2.0,2.0,2.0,2.0,3.0,7.0,6.0,2.0,2.0,2.0,2.0,1.0,,4.0,,3.0,1.0,2.0,3.0,2.0,0.965456,3.6666666666666665,4.0,4.0,2.0,2.0
18616.0,13.0,4.0,2.0,23.0,1.0,5.0,5.0,4.0,3.0,3.0,1.0,2.0,3.0,3.0,2.0,,,,,,,,,,,,,,,,,,2.0,1.0,1.0,,3.0,4.0,5.0,,,2.0,4.0,5.0,4.0,4.0,4.0,5.0,3.0,5.0,4.0,4.0,3.0,5.0,5.0,5.0,5.0,2.0,4.0,4.0,2.0,2.0,2.0,4.0,4.0,3.0,3.0,2.0,3.0,4.0,2.0,1.0,2.0,2.0,2.0,2.0,2.0,2.0,2.0,2.0,3.0,2.0,3.0,2.0,4.0,2.0,3.0,3.0,3.0,2.0,2.0,2.0,2.0,2.0,3.0,2.0,3.0,2.0,2.0,4.0,2.0,2.0,3.0,4.0,5.0,5.0,3.0,2.0,4.0,3.0,3.0,3.0,4.0,2.0,4.0,2.0,3.0,3.0,3.0,4.0,1.0,4.0,1.0,5.0,5.0,4.0,,2.0,3.0,4.0,2.0,2.0,2.0,2.0,3.0,2.0,2.0,3.0,3.0,2.0,2.0,2.0,1.0,1.0,4.0,4.0,3.0,4.0,2.0,4.0,3.0,2.0,2.0,2.0,2.0,2.0,3.0,2.0,3.0,2.0,11.0,10.0,1.0,1.0,1.0,2.0,1.0,,7.0,,4.0,1.0,2.0,6.0,3.0,1.080984,2.6666666666666665,2.0,5.0,2.0,2.0
18622.0,11.0,3.0,1.0,52.0,4.0,5.0,5.0,4.0,3.0,4.0,4.0,3.0,4.0,2.0,1.0,1.0,2.0,3.0,4.0,5.0,6.0,,8.0,,,11.0,,,,,,,2.0,1.0,,,3.0,4.0,5.0,,,2.0,4.0,4.0,4.0,5.0,3.0,5.0,5.0,5.0,5.0,5.0,3.0,5.0,4.0,4.0,5.0,3.0,3.0,4.0,3.0,3.0,3.0,4.0,4.0,3.0,3.0,3.0,3.0,4.0,4.0,2.0,3.0,3.0,4.0,3.0,3.0,2.0,3.0,4.0,3.0,3.0,3.0,2.0,4.0,4.0,2.0,4.0,4.0,5.0,4.0,4.0,3.0,4.0,4.0,3.0,3.0,3.0,2.0,4.0,4.0,2.0,2.0,2.0,2.0,4.0,5.0,2.0,3.0,2.0,4.0,4.0,5.0,5.0,5.0,4.0,5.0,5.0,9.0,2.0,3.0,4.0,1.0,5.0,4.0,4.0,,4.0,4.0,4.0,2.0,3.0,3.0,3.0,3.0,3.0,2.0,4.0,4.0,1.0,1.0,2.0,1.0,2.0,4.0,4.0,4.0,3.0,3.0,4.0,3.0,2.0,2.0,3.0,1.0,2.0,4.0,4.0,2.0,4.0,8.0,9.0,1.0,1.0,1.0,2.0,1.0,,1.0,,3.0,1.0,2.0,2.0,2.0,0.875187,3.0,4.0,4.5,3.0,2.0
18626.0,9.0,2.0,2.0,46.0,3.0,3.0,4.0,3.0,3.0,2.0,3.0,2.0,4.0,3.0,2.0,,,,,,,,,,,,,,,,,,2.0,2.0,,,,,,,,2.0,3.0,3.0,4.0,3.0,3.0,4.0,3.0,3.0,4.0,3.0,3.0,3.0,4.0,3.0,4.0,3.0,4.0,4.0,4.0,4.0,4.0,4.0,4.0,4.0,4.0,3.0,3.0,4.0,3.0,4.0,4.0,4.0,4.0,3.0,4.0,3.0,4.0,4.0,4.0,4.0,3.0,3.0,3.0,3.0,3.0,4.0,4.0,4.0,4.0,4.0,4.0,4.0,4.0,4.0,4.0,2.0,3.0,3.0,2.0,3.0,3.0,2.0,2.0,4.0,3.0,3.0,3.0,4.0,3.0,2.0,2.0,3.0,3.0,3.0,3.0,3.0,4.0,3.0,4.0,3.0,1.0,4.0,4.0,2.0,,3.0,3.0,4.0,2.0,3.0,2.0,3.0,3.0,2.0,2.0,2.0,2.0,2.0,2.0,2.0,2.0,2.0,3.0,3.0,3.0,2.0,2.0,2.0,2.0,1.0,1.0,3.0,1.0,3.0,2.0,1.0,1.0,3.0,9.0,8.0,2.0,2.0,2.0,2.0,2.0,1.0,3.0,,4.0,2.0,1.0,2.0,3.0,0.965456,3.0,2.5,4.0,3.0,2.0
18639.0,4.0,2.0,1.0,39.0,2.0,5.0,5.0,3.0,2.0,2.0,2.0,2.0,2.0,2.0,2.0,,,,,,,,,,,,,,,,,,2.0,1.0,,,3.0,4.0,5.0,,,3.0,3.0,3.0,3.0,3.0,3.0,3.0,3.0,3.0,4.0,2.0,2.0,4.0,4.0,3.0,4.0,4.0,4.0,4.0,3.0,4.0,3.0,4.0,4.0,4.0,2.0,3.0,4.0,3.0,3.0,3.0,2.0,2.0,2.0,2.0,2.0,2.0,2.0,3.0,2.0,2.0,2.0,2.0,2.0,2.0,2.0,4.0,4.0,4.0,3.0,4.0,3.0,4.0,4.0,4.0,3.0,3.0,3.0,3.0,3.0,3.0,5.0,4.0,4.0,5.0,4.0,3.0,4.0,3.0,4.0,4.0,3.0,4.0,4.0,4.0,2.0,4.0,8.0,4.0,3.0,4.0,1.0,4.0,4.0,4.0,,2.0,3.0,2.0,2.0,2.0,2.0,3.0,4.0,2.0,3.0,4.0,3.0,2.0,2.0,2.0,2.0,2.0,2.0,3.0,2.0,2.0,2.0,3.0,2.0,1.0,1.0,1.0,2.0,1.0,2.0,1.0,2.0,3.0,8.0,4.0,2.0,2.0,2.0,2.0,2.0,1.0,4.0,,3.0,2.0,1.0,3.0,2.0,0.921551,2.0,2.0,4.0,2.0,2.0
18662.0,12.0,3.0,1.0,44.0,3.0,4.0,4.0,4.0,4.0,4.0,4.0,4.0,4.0,4.0,2.0,,,,,,,,,,,,,,,,,,2.0,2.0,,,,,,,,3.0,4.0,3.0,4.0,3.0,3.0,4.0,4.0,5.0,5.0,4.0,4.0,5.0,5.0,4.0,5.0,4.0,4.0,4.0,4.0,4.0,4.0,4.0,4.0,4.0,4.0,4.0,4.0,4.0,4.0,4.0,4.0,4.0,4.0,4.0,4.0,4.0,4.0,4.0,4.0,4.0,4.0,4.0,4.0,4.0,4.0,4.0,4.0,4.0,4.0,4.0,4.0,4.0,4.0,4.0,4.0,4.0,4.0,4.0,4.0,4.0,3.0,4.0,3.0,4.0,3.0,2.0,3.0,3.0,3.0,4.0,4.0,4.0,5.0,5.0,5.0,4.0,9.0,4.0,2.0,4.0,1.0,4.0,4.0,1.0,,3.0,3.0,4.0,1.0,4.0,4.0,4.0,4.0,4.0,4.0,4.0,4.0,1.0,2.0,1.0,1.0,2.0,4.0,4.0,4.0,4.0,4.0,4.0,4.0,3.0,3.0,4.0,4.0,4.0,4.0,4.0,4.0,4.0,5.0,3.0,1.0,1.0,1.0,1.0,2.0,1.0,4.0,,3.0,2.0,1.0,3.0,2.0,0.776027,4.0,4.0,4.0,4.0,1.0
18690.0,9.0,2.0,2.0,22.0,1.0,5.0,5.0,3.0,3.0,2.0,3.0,3.0,3.0,3.0,2.0,,,,,,,,,,,,,,,,,,2.0,2.0,,,,,,,,2.0,3.0,3.0,2.0,2.0,2.0,4.0,2.0,5.0,3.0,3.0,2.0,4.0,4.0,3.0,5.0,4.0,4.0,4.0,4.0,4.0,2.0,3.0,4.0,4.0,4.0,3.0,3.0,4.0,1.0,1.0,3.0,4.0,4.0,3.0,3.0,2.0,3.0,4.0,4.0,3.0,3.0,3.0,4.0,1.0,1.0,3.0,3.0,4.0,4.0,4.0,2.0,3.0,4.0,4.0,4.0,3.0,2.0,4.0,1.0,1.0,4.0,5.0,3.0,4.0,4.0,3.0,3.0,3.0,2.0,2.0,3.0,3.0,4.0,5.0,5.0,3.0,10.0,4.0,1.0,4.0,2.0,4.0,5.0,1.0,,3.0,3.0,3.0,2.0,2.0,1.0,1.0,4.0,1.0,1.0,3.0,3.0,2.0,2.0,2.0,2.0,2.0,5.0,5.0,3.0,4.0,3.0,4.0,4.0,1.0,3.0,2.0,3.0,5.0,4.0,4.0,4.0,5.0,6.0,3.0,2.0,2.0,2.0,2.0,1.0,,6.0,,4.0,1.0,2.0,5.0,3.0,1.026542,3.0,2.5,4.5,2.0,2.0
18715.0,12.0,3.0,2.0,41.0,3.0,4.0,5.0,4.0,2.0,4.0,4.0,4.0,3.0,3.0,2.0,,,,,,,,,,,,,,,,,,2.0,1.0,,,,4.0,5.0,,,2.0,4.0,4.0,4.0,4.0,4.0,4.0,3.0,5.0,3.0,2.0,2.0,3.0,3.0,3.0,5.0,4.0,4.0,4.0,3.0,4.0,4.0,4.0,4.0,4.0,4.0,4.0,3.0,4.0,3.0,3.0,3.0,2.0,3.0,2.0,2.0,3.0,3.0,2.0,3.0,3.0,3.0,3.0,4.0,2.0,3.0,4.0,4.0,5.0,3.0,4.0,3.0,4.0,4.0,5.0,5.0,4.0,3.0,3.0,3.0,3.0,4.0,4.0,5.0,4.0,3.0,2.0,3.0,3.0,4.0,4.0,3.0,3.0,3.0,4.0,4.0,4.0,8.0,4.0,2.0,4.0,1.0,4.0,4.0,4.0,,3.0,2.0,3.0,2.0,2.0,2.0,2.0,3.0,2.0,2.0,3.0,3.0,2.0,2.0,2.0,2.0,2.0,3.0,4.0,4.0,2.0,3.0,3.0,2.0,1.0,2.0,2.0,3.0,3.0,4.0,3.0,2.0,2.0,9.0,6.0,1.0,2.0,1.0,2.0,2.0,1.0,5.0,,2.0,2.0,1.0,4.0,1.0,0.951541,3.3333333333333335,4.0,4.0,2.0,2.0
18730.0,1.0,1.0,1.0,24.0,1.0,5.0,5.0,5.0,4.0,5.0,4.0,5.0,5.0,5.0,2.0,,,,,,,,,,,,,,,,,,2.0,2.0,,,,,,,,4.0,3.0,3.0,1.0,1.0,1.0,1.0,1.0,3.0,2.0,1.0,1.0,2.0,3.0,1.0,5.0,4.0,3.0,5.0,3.0,3.0,3.0,3.0,4.0,4.0,3.0,3.0,3.0,5.0,3.0,4.0,4.0,3.0,4.0,3.0,3.0,3.0,3.0,4.0,4.0,3.0,3.0,3.0,5.0,3.0,5.0,4.0,3.0,4.0,3.0,3.0,3.0,3.0,4.0,4.0,3.0,3.0,3.0,5.0,3.0,5.0,4.0,5.0,5.0,5.0,5.0,5.0,5.0,3.0,4.0,2.0,2.0,2.0,5.0,5.0,5.0,3.0,11.0,3.0,1.0,5.0,1.0,2.0,2.0,1.0,,3.0,3.0,5.0,1.0,3.0,2.0,3.0,3.0,2.0,4.0,4.0,2.0,2.0,2.0,2.0,2.0,2.0,5.0,5.0,5.0,5.0,5.0,5.0,5.0,2.0,2.0,5.0,5.0,5.0,5.0,2.0,1.0,4.0,11.0,1.0,2.0,2.0,2.0,2.0,1.0,,6.0,,3.0,1.0,2.0,5.0,2.0,1.112248,5.0,4.5,2.0,3.0,1.0
18731.0,9.0,2.0,1.0,49.0,3.0,5.0,5.0,3.0,3.0,4.0,4.0,4.0,4.0,4.0,1.0,1.0,,3.0,4.0,5.0,,,,,,,,13.0,,,,,2.0,2.0,,,,,,,,3.0,4.0,4.0,3.0,3.0,4.0,4.0,3.0,4.0,3.0,3.0,4.0,4.0,4.0,4.0,3.0,2.0,2.0,4.0,2.0,2.0,2.0,2.0,4.0,4.0,4.0,4.0,4.0,5.0,2.0,2.0,2.0,2.0,2.0,2.0,2.0,2.0,2.0,3.0,2.0,2.0,3.0,3.0,4.0,2.0,2.0,2.0,2.0,2.0,2.0,2.0,2.0,2.0,3.0,2.0,2.0,3.0,3.0,4.0,2.0,2.0,4.0,4.0,4.0,4.0,3.0,2.0,4.0,3.0,4.0,4.0,2.0,3.0,4.0,3.0,3.0,3.0,7.0,4.0,2.0,4.0,1.0,4.0,2.0,5.0,,3.0,3.0,4.0,1.0,3.0,3.0,3.0,4.0,3.0,3.0,4.0,3.0,2.0,2.0,2.0,2.0,2.0,4.0,4.0,4.0,3.0,3.0,2.0,2.0,1.0,1.0,2.0,2.0,3.0,3.0,1.0,1.0,3.0,7.0,5.0,2.0,2.0,2.0,2.0,1.0,,4.0,,3.0,1.0,2.0,3.0,2.0,1.065336,4.0,4.0,3.0,3.0,1.0
18746.0,10.0,3.0,2.0,50.0,4.0,5.0,5.0,5.0,5.0,4.0,4.0,4.0,4.0,4.0,2.0,,,,,,,,,,,,,,,,,,2.0,2.0,,,,,,,,3.0,4.0,4.0,3.0,4.0,3.0,4.0,3.0,4.0,4.0,3.0,4.0,5.0,4.0,4.0,5.0,4.0,4.0,4.0,4.0,4.0,4.0,4.0,4.0,4.0,4.0,4.0,4.0,5.0,4.0,4.0,4.0,4.0,4.0,4.0,4.0,4.0,4.0,5.0,4.0,4.0,4.0,4.0,5.0,4.0,4.0,4.0,4.0,4.0,4.0,4.0,4.0,4.0,5.0,4.0,4.0,4.0,4.0,5.0,5.0,4.0,5.0,4.0,4.0,4.0,3.0,3.0,4.0,2.0,4.0,4.0,4.0,4.0,3.0,4.0,4.0,4.0,7.0,4.0,3.0,4.0,1.0,3.0,2.0,3.0,,4.0,4.0,4.0,1.0,4.0,3.0,3.0,4.0,3.0,3.0,4.0,3.0,1.0,2.0,2.0,1.0,1.0,4.0,4.0,4.0,4.0,4.0,4.0,4.0,3.0,3.0,4.0,4.0,4.0,4.0,4.0,3.0,4.0,6.0,6.0,2.0,2.0,1.0,1.0,3.0,1.0,2.0,,3.0,3.0,1.0,1.0,2.0,0.976223,4.0,4.0,2.5,4.0,1.0
18762.0,17.0,4.0,1.0,51.0,4.0,4.0,4.0,4.0,3.0,3.0,4.0,3.0,3.0,3.0,2.0,,,,,,,,,,,,,,,,,,2.0,2.0,,,,,,,,2.0,5.0,5.0,5.0,4.0,5.0,5.0,4.0,5.0,5.0,5.0,4.0,4.0,5.0,4.0,5.0,3.0,3.0,3.0,3.0,3.0,3.0,3.0,4.0,4.0,4.0,3.0,4.0,5.0,4.0,3.0,3.0,3.0,3.0,3.0,3.0,3.0,3.0,3.0,3.0,3.0,3.0,4.0,5.0,3.0,3.0,4.0,3.0,4.0,4.0,4.0,5.0,4.0,5.0,5.0,5.0,5.0,4.0,5.0,3.0,4.0,4.0,4.0,3.0,5.0,3.0,2.0,4.0,3.0,3.0,4.0,4.0,4.0,4.0,4.0,5.0,4.0,9.0,4.0,4.0,4.0,1.0,4.0,4.0,2.0,,3.0,4.0,4.0,1.0,3.0,1.0,1.0,4.0,3.0,3.0,4.0,3.0,2.0,2.0,2.0,2.0,2.0,4.0,4.0,3.0,3.0,3.0,3.0,2.0,2.0,2.0,1.0,1.0,3.0,2.0,2.0,1.0,3.0,7.0,4.0,1.0,2.0,2.0,2.0,2.0,1.0,4.0,,2.0,2.0,1.0,3.0,1.0,1.073801,3.0,3.5,4.0,3.0,1.0
18768.0,10.0,3.0,1.0,24.0,1.0,4.0,4.0,3.0,4.0,4.0,4.0,4.0,4.0,4.0,2.0,,,,,,,,,,,,,,,,,,2.0,2.0,,,,,,,,4.0,4.0,4.0,4.0,3.0,3.0,4.0,3.0,4.0,3.0,4.0,4.0,4.0,4.0,4.0,4.0,5.0,4.0,4.0,4.0,4.0,4.0,4.0,4.0,4.0,4.0,4.0,4.0,4.0,5.0,4.0,4.0,4.0,4.0,4.0,4.0,3.0,4.0,3.0,4.0,3.0,4.0,3.0,4.0,3.0,4.0,4.0,4.0,4.0,3.0,4.0,4.0,3.0,4.0,4.0,3.0,4.0,4.0,3.0,4.0,4.0,4.0,4.0,3.0,4.0,3.0,4.0,4.0,3.0,4.0,3.0,4.0,3.0,4.0,3.0,4.0,3.0,8.0,4.0,4.0,3.0,1.0,4.0,3.0,3.0,,4.0,3.0,4.0,2.0,4.0,3.0,4.0,3.0,4.0,3.0,4.0,3.0,1.0,2.0,1.0,2.0,2.0,3.0,4.0,1.0,4.0,1.0,2.0,1.0,1.0,1.0,1.0,1.0,1.0,1.0,1.0,3.0,3.0,6.0,7.0,1.0,2.0,1.0,2.0,1.0,,6.0,,3.0,1.0,2.0,5.0,2.0,0.984842,4.0,4.0,3.5,4.0,2.0
18803.0,9.0,2.0,2.0,44.0,3.0,5.0,5.0,4.0,4.0,3.0,4.0,3.0,3.0,3.0,2.0,,,,,,,,,,,,,,,,,,2.0,2.0,,,,,,,,2.0,4.0,4.0,4.0,3.0,4.0,4.0,3.0,4.0,5.0,4.0,4.0,5.0,5.0,4.0,5.0,4.0,3.0,3.0,3.0,4.0,3.0,3.0,3.0,3.0,3.0,2.0,3.0,4.0,3.0,4.0,3.0,3.0,4.0,3.0,3.0,3.0,3.0,3.0,4.0,5.0,4.0,4.0,5.0,3.0,3.0,3.0,4.0,4.0,3.0,3.0,3.0,3.0,3.0,4.0,3.0,3.0,4.0,5.0,3.0,3.0,4.0,2.0,2.0,4.0,4.0,2.0,3.0,2.0,3.0,3.0,3.0,4.0,5.0,5.0,4.0,4.0,8.0,4.0,2.0,4.0,1.0,5.0,4.0,2.0,,3.0,3.0,4.0,2.0,3.0,3.0,3.0,4.0,3.0,3.0,2.0,3.0,2.0,2.0,2.0,2.0,2.0,3.0,3.0,3.0,3.0,2.0,3.0,1.0,1.0,1.0,1.0,1.0,1.0,2.0,2.0,2.0,3.0,4.0,3.0,2.0,2.0,2.0,2.0,2.0,1.0,4.0,,4.0,2.0,1.0,3.0,3.0,0.965456,3.0,3.5,4.5,3.0,2.0
18864.0,1.0,1.0,1.0,46.0,3.0,4.0,4.0,4.0,3.0,4.0,4.0,3.0,4.0,4.0,2.0,,,,,,,,,,,,,,,,,,2.0,2.0,,,,,,,,2.0,4.0,4.0,4.0,4.0,4.0,4.0,4.0,4.0,4.0,4.0,4.0,4.0,4.0,4.0,4.0,4.0,4.0,4.0,3.0,4.0,3.0,3.0,4.0,3.0,3.0,3.0,3.0,4.0,3.0,3.0,3.0,3.0,3.0,3.0,3.0,3.0,3.0,3.0,3.0,3.0,3.0,3.0,4.0,3.0,4.0,4.0,4.0,4.0,4.0,4.0,4.0,4.0,4.0,4.0,4.0,4.0,4.0,5.0,4.0,4.0,3.0,4.0,4.0,4.0,4.0,3.0,4.0,3.0,2.0,3.0,2.0,3.0,3.0,4.0,3.0,3.0,6.0,4.0,3.0,3.0,1.0,4.0,4.0,3.0,,3.0,3.0,4.0,2.0,3.0,2.0,2.0,4.0,2.0,2.0,4.0,3.0,2.0,2.0,2.0,2.0,2.0,2.0,4.0,2.0,2.0,2.0,2.0,2.0,2.0,2.0,2.0,2.0,2.0,2.0,2.0,2.0,4.0,9.0,3.0,2.0,2.0,2.0,2.0,2.0,1.0,4.0,,4.0,2.0,1.0,3.0,3.0,1.074504,3.6666666666666665,4.0,4.0,3.0,2.0
18873.0,1.0,1.0,1.0,48.0,3.0,4.0,4.0,5.0,4.0,4.0,5.0,4.0,4.0,4.0,2.0,,,,,,,,,,,,,,,,,,2.0,2.0,,,,,,,,3.0,3.0,4.0,2.0,3.0,2.0,4.0,2.0,3.0,2.0,2.0,2.0,4.0,3.0,3.0,4.0,3.0,3.0,2.0,4.0,4.0,3.0,2.0,4.0,3.0,3.0,2.0,2.0,3.0,2.0,2.0,3.0,3.0,2.0,3.0,3.0,3.0,2.0,3.0,2.0,2.0,2.0,2.0,2.0,2.0,2.0,3.0,3.0,2.0,3.0,3.0,3.0,2.0,3.0,2.0,2.0,2.0,2.0,3.0,2.0,2.0,3.0,4.0,3.0,4.0,4.0,3.0,4.0,4.0,3.0,4.0,4.0,4.0,4.0,4.0,4.0,4.0,3.0,3.0,3.0,3.0,1.0,3.0,4.0,3.0,,3.0,3.0,4.0,2.0,4.0,2.0,3.0,3.0,3.0,3.0,3.0,3.0,2.0,2.0,2.0,1.0,2.0,2.0,3.0,2.0,3.0,2.0,3.0,3.0,2.0,3.0,1.0,1.0,3.0,3.0,3.0,3.0,4.0,9.0,3.0,1.0,1.0,1.0,2.0,2.0,1.0,4.0,,3.0,2.0,1.0,3.0,2.0,1.074504,4.0,4.5,3.5,4.0,2.0
18879.0,5.0,4.0,1.0,43.0,3.0,4.0,5.0,4.0,3.0,5.0,5.0,5.0,2.0,4.0,1.0,1.0,,3.0,,5.0,,,,,,,,,,,,,2.0,2.0,,,,,,,,4.0,4.0,5.0,3.0,5.0,3.0,5.0,2.0,5.0,4.0,2.0,2.0,5.0,5.0,4.0,5.0,5.0,5.0,4.0,5.0,4.0,4.0,4.0,4.0,4.0,4.0,4.0,5.0,5.0,3.0,5.0,5.0,5.0,4.0,5.0,4.0,5.0,4.0,4.0,4.0,4.0,4.0,5.0,5.0,4.0,5.0,5.0,5.0,4.0,5.0,4.0,5.0,4.0,5.0,4.0,4.0,4.0,5.0,5.0,4.0,5.0,5.0,5.0,5.0,5.0,5.0,1.0,4.0,1.0,4.0,5.0,4.0,5.0,5.0,5.0,5.0,5.0,10.0,3.0,4.0,3.0,1.0,4.0,2.0,4.0,,4.0,4.0,5.0,1.0,4.0,4.0,4.0,5.0,4.0,3.0,4.0,3.0,1.0,2.0,2.0,1.0,2.0,5.0,5.0,3.0,3.0,2.0,4.0,3.0,1.0,2.0,2.0,1.0,1.0,4.0,3.0,2.0,4.0,3.0,2.0,1.0,1.0,1.0,1.0,2.0,1.0,4.0,,3.0,2.0,1.0,3.0,2.0,0.826158,3.6666666666666665,5.0,3.0,4.0,1.0
18884.0,6.0,3.0,2.0,34.0,2.0,5.0,5.0,5.0,5.0,5.0,5.0,5.0,5.0,5.0,1.0,1.0,,,,5.0,,,,,,,,,,,,,1.0,1.0,1.0,,3.0,,5.0,,,3.0,5.0,5.0,5.0,5.0,5.0,5.0,5.0,5.0,5.0,5.0,5.0,5.0,5.0,5.0,5.0,5.0,5.0,5.0,5.0,5.0,5.0,5.0,5.0,5.0,5.0,5.0,5.0,5.0,5.0,5.0,5.0,5.0,5.0,5.0,5.0,5.0,5.0,5.0,5.0,5.0,5.0,5.0,5.0,5.0,5.0,5.0,5.0,5.0,5.0,5.0,5.0,5.0,5.0,5.0,5.0,5.0,5.0,5.0,5.0,5.0,5.0,5.0,5.0,5.0,3.0,2.0,3.0,2.0,3.0,3.0,1.0,3.0,4.0,3.0,1.0,5.0,6.0,4.0,5.0,3.0,1.0,5.0,5.0,2.0,,3.0,1.0,5.0,2.0,3.0,1.0,1.0,3.0,2.0,1.0,3.0,2.0,1.0,1.0,1.0,1.0,1.0,4.0,4.0,4.0,4.0,4.0,4.0,2.0,3.0,3.0,3.0,3.0,3.0,3.0,3.0,2.0,3.0,6.0,6.0,1.0,1.0,1.0,1.0,2.0,2.0,4.0,,3.0,2.0,2.0,3.0,2.0,0.900154,5.0,5.0,5.0,3.0,2.0
18900.0,15.0,5.0,2.0,29.0,1.0,5.0,4.0,4.0,3.0,3.0,4.0,3.0,4.0,3.0,1.0,1.0,2.0,3.0,4.0,5.0,,,,,,,12.0,13.0,,,,,2.0,1.0,,,3.0,,5.0,,,2.0,4.0,4.0,3.0,3.0,2.0,2.0,2.0,4.0,4.0,2.0,2.0,3.0,3.0,3.0,4.0,4.0,4.0,4.0,3.0,4.0,2.0,3.0,4.0,4.0,4.0,3.0,2.0,3.0,2.0,2.0,2.0,2.0,2.0,1.0,2.0,1.0,1.0,2.0,2.0,1.0,1.0,1.0,2.0,1.0,2.0,3.0,4.0,4.0,3.0,3.0,3.0,4.0,3.0,3.0,3.0,2.0,1.0,3.0,1.0,1.0,4.0,4.0,5.0,5.0,3.0,2.0,4.0,1.0,4.0,5.0,3.0,4.0,2.0,5.0,3.0,4.0,8.0,4.0,3.0,5.0,1.0,5.0,4.0,2.0,,2.0,2.0,3.0,2.0,3.0,4.0,3.0,4.0,2.0,2.0,3.0,2.0,2.0,2.0,1.0,1.0,1.0,2.0,2.0,3.0,2.0,2.0,4.0,3.0,1.0,1.0,1.0,2.0,3.0,3.0,1.0,1.0,4.0,4.0,7.0,1.0,2.0,1.0,2.0,1.0,,4.0,,3.0,1.0,2.0,3.0,2.0,0.976825,3.3333333333333335,3.5,4.5,3.0,2.0
18910.0,9.0,2.0,1.0,39.0,2.0,5.0,5.0,4.0,4.0,3.0,3.0,2.0,3.0,2.0,1.0,1.0,2.0,3.0,,,,,,,,,,,,,,,2.0,2.0,,,,,,,,4.0,2.0,3.0,1.0,3.0,2.0,3.0,1.0,3.0,3.0,2.0,1.0,4.0,3.0,3.0,4.0,1.0,1.0,1.0,1.0,1.0,1.0,1.0,4.0,1.0,3.0,1.0,1.0,4.0,1.0,1.0,2.0,2.0,2.0,2.0,2.0,2.0,2.0,3.0,2.0,3.0,1.0,1.0,4.0,1.0,2.0,4.0,4.0,4.0,3.0,4.0,4.0,4.0,4.0,4.0,4.0,2.0,2.0,4.0,3.0,3.0,3.0,2.0,3.0,4.0,2.0,1.0,4.0,2.0,4.0,4.0,4.0,4.0,5.0,5.0,4.0,3.0,10.0,5.0,2.0,4.0,1.0,4.0,5.0,4.0,,3.0,2.0,5.0,2.0,3.0,2.0,4.0,4.0,3.0,3.0,4.0,3.0,2.0,2.0,1.0,1.0,2.0,4.0,4.0,4.0,4.0,2.0,4.0,1.0,1.0,1.0,3.0,1.0,1.0,2.0,1.0,1.0,3.0,10.0,2.0,1.0,1.0,1.0,1.0,2.0,1.0,4.0,,3.0,2.0,1.0,3.0,2.0,0.921551,2.3333333333333335,3.0,4.5,3.0,2.0
18931.0,14.0,4.0,2.0,36.0,2.0,5.0,5.0,3.0,3.0,4.0,3.0,3.0,4.0,3.0,2.0,,,,,,,,,,,,,,,,,,2.0,1.0,,,,4.0,5.0,,,2.0,3.0,4.0,2.0,3.0,3.0,3.0,2.0,3.0,4.0,3.0,2.0,3.0,3.0,3.0,4.0,2.0,3.0,3.0,3.0,2.0,2.0,2.0,3.0,3.0,2.0,2.0,2.0,3.0,2.0,2.0,2.0,3.0,3.0,2.0,2.0,2.0,2.0,3.0,3.0,2.0,2.0,2.0,2.0,2.0,2.0,4.0,4.0,4.0,4.0,3.0,4.0,3.0,3.0,3.0,3.0,2.0,3.0,4.0,4.0,3.0,3.0,4.0,4.0,5.0,2.0,2.0,2.0,2.0,3.0,4.0,3.0,3.0,4.0,4.0,4.0,4.0,8.0,4.0,3.0,2.0,1.0,5.0,5.0,2.0,,2.0,2.0,3.0,2.0,2.0,2.0,2.0,3.0,1.0,2.0,3.0,3.0,2.0,2.0,2.0,2.0,2.0,4.0,4.0,3.0,4.0,3.0,3.0,1.0,2.0,1.0,1.0,1.0,1.0,2.0,1.0,1.0,4.0,8.0,6.0,2.0,2.0,2.0,2.0,1.0,,4.0,,4.0,1.0,2.0,3.0,3.0,0.880586,3.3333333333333335,3.5,5.0,2.0,2.0
18979.0,4.0,2.0,1.0,50.0,4.0,5.0,5.0,4.0,3.0,4.0,3.0,4.0,4.0,3.0,2.0,,,,,,,,,,,,,,,,,,2.0,2.0,,,,,,,,4.0,4.0,4.0,3.0,3.0,3.0,4.0,3.0,4.0,3.0,3.0,3.0,4.0,4.0,3.0,5.0,5.0,4.0,4.0,4.0,3.0,4.0,4.0,4.0,4.0,4.0,4.0,5.0,5.0,4.0,5.0,3.0,4.0,3.0,4.0,3.0,3.0,3.0,4.0,3.0,4.0,4.0,3.0,4.0,4.0,4.0,4.0,4.0,3.0,3.0,3.0,3.0,4.0,3.0,4.0,4.0,3.0,3.0,4.0,3.0,4.0,4.0,4.0,4.0,5.0,5.0,3.0,3.0,3.0,3.0,4.0,4.0,4.0,4.0,4.0,4.0,4.0,8.0,4.0,3.0,4.0,1.0,4.0,4.0,3.0,,3.0,3.0,3.0,1.0,4.0,1.0,1.0,4.0,3.0,2.0,3.0,2.0,1.0,2.0,2.0,1.0,2.0,4.0,4.0,4.0,4.0,4.0,4.0,4.0,2.0,2.0,3.0,3.0,3.0,4.0,3.0,2.0,4.0,8.0,5.0,1.0,1.0,1.0,1.0,2.0,1.0,4.0,,1.0,2.0,1.0,3.0,1.0,1.048518,3.6666666666666665,3.5,4.0,4.0,1.0
19006.0,2.0,6.0,2.0,43.0,3.0,5.0,5.0,4.0,4.0,4.0,4.0,4.0,4.0,3.0,2.0,,,,,,,,,,,,,,,,,,2.0,1.0,,2.0,,,,,,2.0,4.0,4.0,4.0,4.0,4.0,4.0,4.0,5.0,3.0,3.0,3.0,4.0,4.0,4.0,5.0,3.0,3.0,3.0,3.0,3.0,3.0,3.0,4.0,4.0,4.0,3.0,4.0,5.0,4.0,4.0,3.0,3.0,3.0,3.0,3.0,3.0,3.0,4.0,3.0,3.0,3.0,4.0,4.0,4.0,4.0,3.0,3.0,3.0,3.0,3.0,3.0,3.0,4.0,4.0,4.0,3.0,4.0,5.0,4.0,5.0,4.0,4.0,4.0,4.0,4.0,3.0,4.0,3.0,3.0,3.0,3.0,3.0,4.0,3.0,4.0,4.0,7.0,3.0,4.0,3.0,1.0,3.0,4.0,1.0,,3.0,3.0,3.0,1.0,3.0,2.0,3.0,3.0,2.0,3.0,4.0,4.0,1.0,1.0,1.0,2.0,2.0,3.0,3.0,2.0,2.0,1.0,2.0,2.0,1.0,1.0,1.0,1.0,3.0,2.0,1.0,3.0,3.0,6.0,6.0,1.0,1.0,2.0,2.0,2.0,1.0,4.0,,2.0,2.0,1.0,3.0,1.0,1.115818,3.6666666666666665,4.0,3.5,3.0,1.0
19040.0,1.0,1.0,2.0,33.0,2.0,5.0,5.0,4.0,3.0,4.0,4.0,4.0,4.0,4.0,2.0,,,,,,,,,,,,,,,,,,1.0,1.0,,,3.0,4.0,,,,2.0,4.0,4.0,5.0,4.0,4.0,5.0,4.0,5.0,4.0,5.0,4.0,5.0,5.0,4.0,5.0,4.0,4.0,5.0,4.0,2.0,2.0,4.0,4.0,4.0,5.0,4.0,3.0,5.0,4.0,3.0,4.0,5.0,5.0,4.0,4.0,4.0,4.0,4.0,4.0,4.0,4.0,3.0,4.0,4.0,2.0,4.0,4.0,4.0,5.0,4.0,4.0,4.0,4.0,4.0,4.0,4.0,4.0,4.0,3.0,4.0,4.0,4.0,4.0,4.0,3.0,2.0,4.0,4.0,4.0,4.0,4.0,4.0,5.0,4.0,4.0,5.0,8.0,2.0,2.0,4.0,1.0,4.0,4.0,2.0,,4.0,3.0,4.0,1.0,4.0,3.0,4.0,4.0,4.0,3.0,4.0,4.0,1.0,2.0,2.0,2.0,2.0,4.0,4.0,4.0,4.0,3.0,4.0,4.0,3.0,3.0,4.0,4.0,4.0,4.0,4.0,3.0,3.0,9.0,3.0,1.0,1.0,1.0,2.0,2.0,1.0,4.0,,3.0,2.0,1.0,3.0,2.0,1.036816,4.0,4.0,4.0,4.0,1.0
19078.0,9.0,2.0,2.0,33.0,2.0,3.0,3.0,3.0,2.0,3.0,3.0,3.0,4.0,3.0,1.0,,,,,,,,,,,,,,,15.0,,,2.0,2.0,,,,,,,,3.0,3.0,2.0,3.0,4.0,3.0,2.0,3.0,4.0,3.0,3.0,2.0,3.0,2.0,3.0,4.0,2.0,3.0,4.0,3.0,2.0,3.0,2.0,4.0,3.0,3.0,4.0,2.0,4.0,3.0,3.0,3.0,4.0,3.0,3.0,4.0,3.0,4.0,3.0,2.0,3.0,4.0,3.0,4.0,3.0,2.0,4.0,3.0,2.0,3.0,4.0,4.0,3.0,2.0,3.0,4.0,3.0,3.0,4.0,3.0,3.0,3.0,4.0,3.0,3.0,4.0,3.0,3.0,2.0,3.0,3.0,4.0,3.0,2.0,3.0,4.0,3.0,8.0,3.0,4.0,3.0,2.0,3.0,4.0,3.0,,3.0,3.0,4.0,2.0,4.0,3.0,3.0,4.0,3.0,4.0,2.0,3.0,2.0,1.0,2.0,2.0,1.0,4.0,3.0,3.0,4.0,4.0,3.0,4.0,4.0,3.0,4.0,4.0,3.0,3.0,4.0,4.0,4.0,7.0,7.0,2.0,1.0,2.0,2.0,1.0,,4.0,,4.0,1.0,2.0,3.0,3.0,1.051499,3.3333333333333335,3.0,3.5,4.0,2.0
19118.0,16.0,6.0,1.0,29.0,1.0,3.0,3.0,3.0,3.0,3.0,3.0,3.0,3.0,3.0,2.0,,,,,,,,,,,,,,,,,,2.0,2.0,,,,,,,,2.0,3.0,3.0,2.0,3.0,3.0,4.0,3.0,2.0,3.0,2.0,3.0,3.0,3.0,4.0,3.0,3.0,3.0,3.0,4.0,3.0,3.0,3.0,3.0,4.0,3.0,3.0,2.0,3.0,3.0,2.0,3.0,3.0,4.0,3.0,3.0,3.0,4.0,3.0,3.0,4.0,3.0,3.0,3.0,4.0,3.0,3.0,4.0,3.0,3.0,3.0,4.0,3.0,3.0,3.0,3.0,2.0,3.0,4.0,3.0,3.0,2.0,2.0,2.0,1.0,2.0,2.0,2.0,1.0,2.0,2.0,2.0,1.0,2.0,2.0,2.0,1.0,8.0,3.0,3.0,3.0,2.0,3.0,3.0,5.0,,2.0,1.0,3.0,2.0,3.0,3.0,4.0,3.0,2.0,3.0,3.0,2.0,1.0,1.0,1.0,1.0,1.0,3.0,3.0,4.0,3.0,2.0,3.0,3.0,4.0,3.0,3.0,4.0,3.0,3.0,4.0,3.0,3.0,8.0,7.0,1.0,1.0,1.0,1.0,1.0,,4.0,,3.0,1.0,2.0,3.0,2.0,1.00476,3.0,3.0,3.0,3.0,2.0
19120.0,15.0,5.0,2.0,52.0,4.0,5.0,5.0,4.0,3.0,4.0,4.0,4.0,4.0,4.0,2.0,,,,,,,,,,,,,,,,,,2.0,1.0,,,,4.0,5.0,,,3.0,4.0,4.0,5.0,4.0,4.0,5.0,4.0,5.0,4.0,3.0,3.0,5.0,4.0,4.0,5.0,4.0,4.0,4.0,4.0,3.0,4.0,3.0,4.0,4.0,3.0,3.0,4.0,4.0,3.0,3.0,4.0,4.0,4.0,4.0,3.0,4.0,3.0,4.0,4.0,3.0,2.0,4.0,4.0,3.0,3.0,4.0,4.0,4.0,4.0,3.0,4.0,3.0,4.0,4.0,4.0,4.0,4.0,4.0,3.0,3.0,4.0,4.0,4.0,5.0,4.0,2.0,3.0,4.0,3.0,3.0,3.0,3.0,4.0,4.0,4.0,4.0,6.0,4.0,3.0,3.0,1.0,4.0,4.0,2.0,,3.0,3.0,4.0,2.0,3.0,2.0,3.0,4.0,3.0,1.0,4.0,3.0,2.0,2.0,2.0,2.0,2.0,3.0,4.0,4.0,4.0,3.0,4.0,3.0,1.0,1.0,2.0,2.0,3.0,3.0,1.0,4.0,4.0,6.0,5.0,1.0,2.0,2.0,2.0,2.0,1.0,4.0,,3.0,2.0,1.0,3.0,2.0,1.111192,4.0,4.0,4.0,3.0,2.0
19133.0,4.0,2.0,2.0,25.0,1.0,5.0,5.0,4.0,4.0,5.0,5.0,5.0,5.0,5.0,2.0,,,,,,,,,,,,,,,,,,2.0,2.0,,,,,,,,3.0,4.0,4.0,4.0,3.0,3.0,5.0,3.0,4.0,4.0,3.0,3.0,4.0,4.0,3.0,5.0,5.0,5.0,5.0,5.0,5.0,5.0,5.0,5.0,5.0,5.0,5.0,3.0,5.0,5.0,3.0,1.0,1.0,1.0,1.0,1.0,1.0,1.0,1.0,1.0,1.0,1.0,1.0,1.0,1.0,1.0,5.0,5.0,5.0,5.0,5.0,5.0,5.0,5.0,5.0,5.0,5.0,3.0,5.0,5.0,3.0,4.0,4.0,4.0,5.0,3.0,3.0,3.0,3.0,4.0,4.0,4.0,3.0,4.0,4.0,5.0,4.0,8.0,4.0,3.0,4.0,1.0,4.0,3.0,3.0,,3.0,3.0,3.0,1.0,3.0,2.0,3.0,3.0,3.0,3.0,3.0,3.0,2.0,2.0,2.0,2.0,2.0,4.0,4.0,4.0,4.0,4.0,4.0,4.0,2.0,2.0,3.0,4.0,4.0,4.0,3.0,3.0,5.0,11.0,6.0,1.0,2.0,2.0,2.0,1.0,,7.0,,3.0,1.0,2.0,6.0,2.0,1.026542,5.0,5.0,3.5,3.0,1.0
19134.0,2.0,6.0,2.0,24.0,1.0,4.0,5.0,3.0,3.0,5.0,5.0,5.0,5.0,5.0,2.0,,,,,,,,,,,,,,,,,,2.0,2.0,,,,,,,,2.0,4.0,4.0,4.0,3.0,3.0,3.0,3.0,3.0,5.0,4.0,3.0,4.0,5.0,4.0,5.0,5.0,5.0,5.0,4.0,5.0,4.0,5.0,5.0,5.0,5.0,5.0,5.0,5.0,5.0,3.0,2.0,2.0,3.0,2.0,4.0,2.0,3.0,2.0,4.0,3.0,3.0,3.0,3.0,3.0,2.0,3.0,4.0,4.0,3.0,4.0,2.0,4.0,3.0,4.0,4.0,4.0,4.0,5.0,5.0,2.0,3.0,4.0,4.0,5.0,5.0,3.0,4.0,5.0,3.0,4.0,4.0,4.0,5.0,5.0,5.0,4.0,9.0,4.0,2.0,3.0,1.0,4.0,4.0,3.0,,3.0,3.0,3.0,2.0,3.0,2.0,2.0,4.0,4.0,3.0,4.0,3.0,2.0,2.0,2.0,2.0,2.0,4.0,4.0,4.0,4.0,2.0,1.0,1.0,1.0,1.0,1.0,1.0,4.0,5.0,1.0,1.0,3.0,6.0,8.0,2.0,2.0,2.0,2.0,1.0,,6.0,,2.0,1.0,2.0,5.0,1.0,1.101295,5.0,5.0,4.0,3.0,2.0
19177.0,4.0,2.0,2.0,27.0,1.0,5.0,4.0,5.0,5.0,5.0,4.0,4.0,4.0,4.0,1.0,1.0,2.0,3.0,4.0,5.0,6.0,,8.0,,,,12.0,,,,,,1.0,1.0,1.0,,,,,,,3.0,4.0,4.0,3.0,4.0,3.0,4.0,2.0,4.0,2.0,2.0,4.0,5.0,4.0,3.0,5.0,4.0,4.0,4.0,5.0,4.0,5.0,4.0,4.0,5.0,4.0,4.0,5.0,5.0,4.0,5.0,4.0,4.0,5.0,4.0,4.0,3.0,4.0,4.0,5.0,4.0,4.0,5.0,4.0,5.0,3.0,4.0,5.0,3.0,4.0,5.0,5.0,4.0,4.0,5.0,4.0,5.0,5.0,4.0,5.0,4.0,4.0,3.0,5.0,5.0,4.0,5.0,5.0,4.0,4.0,5.0,4.0,4.0,3.0,5.0,4.0,4.0,10.0,2.0,4.0,2.0,1.0,4.0,5.0,3.0,,3.0,4.0,4.0,1.0,4.0,4.0,3.0,3.0,4.0,5.0,4.0,5.0,1.0,2.0,1.0,1.0,2.0,4.0,5.0,4.0,4.0,4.0,5.0,4.0,3.0,4.0,4.0,4.0,5.0,4.0,4.0,2.0,4.0,10.0,9.0,1.0,2.0,1.0,1.0,1.0,,3.0,,2.0,1.0,2.0,2.0,1.0,1.026542,4.0,4.5,4.5,4.0,1.0
19196.0,5.0,4.0,1.0,29.0,1.0,5.0,5.0,4.0,3.0,3.0,3.0,3.0,3.0,3.0,2.0,,,,,,,,,,,,,,,,,,2.0,1.0,,,3.0,,,,,2.0,4.0,4.0,3.0,3.0,3.0,3.0,2.0,3.0,2.0,3.0,4.0,5.0,5.0,5.0,5.0,3.0,3.0,3.0,3.0,3.0,3.0,3.0,4.0,3.0,3.0,3.0,3.0,4.0,4.0,4.0,2.0,2.0,2.0,2.0,2.0,2.0,2.0,3.0,1.0,1.0,2.0,2.0,2.0,2.0,2.0,3.0,2.0,2.0,2.0,2.0,2.0,2.0,3.0,3.0,3.0,3.0,2.0,3.0,2.0,3.0,2.0,3.0,3.0,3.0,3.0,3.0,3.0,2.0,3.0,3.0,3.0,3.0,3.0,4.0,2.0,4.0,3.0,2.0,1.0,3.0,1.0,5.0,4.0,4.0,,3.0,3.0,4.0,2.0,3.0,2.0,2.0,4.0,2.0,2.0,3.0,3.0,2.0,2.0,2.0,2.0,2.0,3.0,3.0,3.0,3.0,2.0,4.0,3.0,1.0,1.0,2.0,2.0,2.0,2.0,2.0,3.0,1.0,6.0,6.0,2.0,2.0,2.0,1.0,1.0,,7.0,,4.0,1.0,2.0,6.0,3.0,1.158012,3.0,3.0,4.5,3.0,2.0
19283.0,16.0,6.0,1.0,40.0,3.0,5.0,5.0,5.0,4.0,4.0,4.0,4.0,4.0,4.0,2.0,,,,,,,,,,,,,,,,,,2.0,2.0,,,,,,,,3.0,3.0,3.0,3.0,3.0,3.0,3.0,3.0,4.0,3.0,3.0,3.0,4.0,4.0,3.0,4.0,4.0,4.0,4.0,4.0,4.0,4.0,4.0,4.0,4.0,3.0,4.0,4.0,4.0,4.0,4.0,4.0,4.0,4.0,4.0,4.0,4.0,4.0,4.0,4.0,4.0,4.0,4.0,4.0,4.0,4.0,4.0,4.0,4.0,4.0,4.0,4.0,4.0,4.0,4.0,4.0,4.0,4.0,4.0,3.0,4.0,5.0,4.0,5.0,5.0,5.0,3.0,4.0,3.0,3.0,4.0,4.0,4.0,5.0,5.0,5.0,5.0,6.0,4.0,3.0,4.0,1.0,4.0,3.0,2.0,,3.0,3.0,4.0,1.0,4.0,4.0,4.0,4.0,4.0,4.0,5.0,4.0,1.0,2.0,1.0,2.0,2.0,4.0,4.0,3.0,4.0,2.0,3.0,3.0,1.0,2.0,2.0,3.0,3.0,4.0,3.0,3.0,4.0,6.0,6.0,2.0,2.0,2.0,2.0,2.0,1.0,4.0,,3.0,2.0,1.0,3.0,2.0,0.846161,4.0,4.0,3.5,4.0,1.0
19290.0,9.0,2.0,2.0,32.0,2.0,5.0,5.0,5.0,5.0,4.0,4.0,4.0,4.0,3.0,2.0,,,,,,,,,,,,,,,,,,2.0,1.0,,,3.0,,5.0,,,4.0,3.0,3.0,2.0,3.0,3.0,5.0,5.0,5.0,4.0,4.0,3.0,5.0,5.0,5.0,5.0,4.0,3.0,5.0,3.0,5.0,4.0,5.0,5.0,4.0,4.0,3.0,5.0,5.0,4.0,4.0,4.0,4.0,5.0,4.0,5.0,3.0,5.0,5.0,4.0,5.0,4.0,5.0,5.0,4.0,3.0,2.0,4.0,5.0,2.0,4.0,3.0,5.0,5.0,4.0,5.0,3.0,5.0,5.0,4.0,2.0,4.0,5.0,5.0,3.0,5.0,3.0,5.0,3.0,3.0,2.0,3.0,3.0,4.0,4.0,5.0,4.0,11.0,3.0,1.0,4.0,1.0,5.0,5.0,4.0,,3.0,2.0,4.0,1.0,4.0,2.0,3.0,5.0,4.0,4.0,5.0,4.0,2.0,1.0,1.0,2.0,2.0,5.0,5.0,3.0,3.0,2.0,2.0,2.0,1.0,2.0,1.0,3.0,5.0,4.0,1.0,1.0,4.0,9.0,2.0,2.0,2.0,2.0,2.0,1.0,,4.0,,2.0,1.0,2.0,3.0,1.0,1.051499,3.6666666666666665,4.0,5.0,4.0,1.0
19334.0,15.0,5.0,1.0,37.0,2.0,4.0,5.0,4.0,4.0,4.0,3.0,4.0,4.0,4.0,2.0,,,,,,,,,,,,,,,,,,2.0,2.0,,,,,,,,4.0,4.0,5.0,4.0,4.0,5.0,4.0,3.0,5.0,5.0,4.0,3.0,4.0,5.0,3.0,5.0,5.0,5.0,5.0,3.0,4.0,5.0,4.0,5.0,4.0,4.0,5.0,4.0,4.0,4.0,3.0,5.0,5.0,5.0,4.0,4.0,4.0,4.0,4.0,4.0,3.0,5.0,4.0,5.0,3.0,3.0,4.0,5.0,5.0,5.0,5.0,5.0,5.0,5.0,5.0,5.0,5.0,4.0,5.0,4.0,3.0,4.0,4.0,3.0,4.0,5.0,4.0,3.0,5.0,4.0,5.0,4.0,4.0,5.0,4.0,4.0,3.0,6.0,3.0,4.0,4.0,1.0,3.0,4.0,1.0,,4.0,3.0,4.0,1.0,3.0,1.0,2.0,4.0,2.0,3.0,4.0,3.0,1.0,1.0,2.0,1.0,1.0,4.0,4.0,4.0,2.0,2.0,4.0,3.0,1.0,1.0,1.0,1.0,3.0,3.0,1.0,4.0,3.0,8.0,6.0,1.0,1.0,2.0,2.0,1.0,,3.0,,3.0,1.0,2.0,2.0,2.0,0.96424,4.0,3.5,3.5,3.0,1.0
19345.0,9.0,2.0,1.0,45.0,3.0,4.0,5.0,4.0,4.0,3.0,4.0,3.0,3.0,4.0,2.0,,,,,,,,,,,,,,,,,,2.0,2.0,,,,,,,,4.0,3.0,3.0,3.0,3.0,3.0,3.0,2.0,3.0,3.0,3.0,3.0,3.0,3.0,3.0,3.0,4.0,4.0,4.0,3.0,4.0,3.0,3.0,4.0,4.0,4.0,4.0,4.0,4.0,3.0,3.0,4.0,4.0,4.0,3.0,4.0,3.0,3.0,3.0,4.0,4.0,4.0,4.0,4.0,3.0,3.0,4.0,4.0,4.0,3.0,3.0,3.0,3.0,3.0,3.0,4.0,4.0,4.0,4.0,3.0,3.0,4.0,3.0,3.0,3.0,2.0,2.0,4.0,3.0,3.0,3.0,3.0,4.0,4.0,4.0,4.0,3.0,8.0,3.0,3.0,2.0,1.0,4.0,4.0,2.0,,3.0,3.0,4.0,1.0,3.0,3.0,3.0,4.0,3.0,3.0,4.0,3.0,2.0,2.0,2.0,2.0,1.0,3.0,4.0,2.0,3.0,3.0,3.0,3.0,2.0,3.0,3.0,3.0,3.0,3.0,2.0,3.0,4.0,4.0,4.0,2.0,2.0,2.0,1.0,2.0,1.0,4.0,,4.0,2.0,1.0,3.0,3.0,1.065336,3.3333333333333335,3.5,4.0,3.0,1.0
19346.0,9.0,2.0,2.0,57.0,4.0,5.0,5.0,5.0,5.0,5.0,5.0,4.0,4.0,4.0,2.0,,,,,,,,,,,,,,,,,,2.0,2.0,,,,,,,,2.0,4.0,3.0,4.0,3.0,3.0,4.0,4.0,4.0,4.0,3.0,4.0,5.0,4.0,4.0,5.0,4.0,4.0,4.0,4.0,4.0,4.0,4.0,4.0,4.0,4.0,4.0,4.0,4.0,4.0,4.0,4.0,4.0,5.0,4.0,4.0,4.0,4.0,4.0,4.0,5.0,4.0,4.0,4.0,4.0,4.0,5.0,4.0,5.0,4.0,4.0,4.0,5.0,5.0,5.0,5.0,4.0,4.0,5.0,4.0,5.0,4.0,3.0,4.0,5.0,3.0,1.0,3.0,2.0,4.0,4.0,4.0,4.0,4.0,5.0,5.0,4.0,7.0,4.0,4.0,4.0,1.0,5.0,5.0,2.0,,3.0,2.0,4.0,2.0,3.0,1.0,2.0,4.0,2.0,2.0,4.0,3.0,1.0,2.0,2.0,1.0,2.0,4.0,4.0,4.0,4.0,4.0,4.0,4.0,1.0,4.0,1.0,3.0,4.0,4.0,3.0,3.0,4.0,4.0,4.0,1.0,1.0,1.0,2.0,2.0,1.0,5.0,,3.0,2.0,1.0,4.0,2.0,1.05617,4.0,5.0,5.0,3.0,2.0
19356.0,1.0,1.0,1.0,25.0,1.0,3.0,4.0,4.0,3.0,3.0,3.0,2.0,2.0,2.0,2.0,,,,,,,,,,,,,,,,,,2.0,2.0,,,,,,,,3.0,2.0,2.0,2.0,2.0,2.0,2.0,2.0,3.0,3.0,1.0,2.0,2.0,3.0,3.0,4.0,2.0,2.0,2.0,3.0,2.0,2.0,2.0,2.0,2.0,2.0,2.0,2.0,3.0,2.0,2.0,2.0,1.0,2.0,1.0,2.0,2.0,2.0,1.0,1.0,2.0,1.0,2.0,3.0,2.0,1.0,1.0,2.0,1.0,2.0,1.0,1.0,2.0,1.0,1.0,2.0,2.0,1.0,3.0,2.0,2.0,2.0,3.0,3.0,4.0,4.0,2.0,3.0,3.0,4.0,3.0,3.0,3.0,4.0,3.0,4.0,3.0,6.0,3.0,3.0,3.0,1.0,5.0,5.0,1.0,,3.0,4.0,3.0,2.0,3.0,2.0,2.0,3.0,1.0,2.0,2.0,2.0,2.0,2.0,2.0,2.0,2.0,3.0,2.0,2.0,2.0,1.0,1.0,2.0,2.0,1.0,1.0,2.0,2.0,1.0,1.0,2.0,2.0,6.0,6.0,2.0,2.0,2.0,2.0,1.0,,4.0,,4.0,1.0,2.0,3.0,3.0,1.112248,2.0,3.0,5.0,3.0,2.0
19360.0,1.0,1.0,2.0,52.0,4.0,5.0,5.0,3.0,2.0,3.0,3.0,2.0,3.0,3.0,1.0,1.0,2.0,3.0,4.0,5.0,,,,,,,,13.0,,,,,2.0,1.0,1.0,,,,,,,2.0,5.0,5.0,4.0,3.0,3.0,3.0,2.0,3.0,4.0,3.0,3.0,4.0,4.0,4.0,5.0,3.0,3.0,3.0,3.0,3.0,3.0,3.0,3.0,3.0,3.0,3.0,3.0,4.0,3.0,3.0,3.0,2.0,2.0,3.0,3.0,2.0,3.0,3.0,4.0,3.0,3.0,3.0,4.0,3.0,2.0,4.0,3.0,4.0,4.0,3.0,3.0,2.0,3.0,4.0,3.0,3.0,3.0,5.0,4.0,3.0,4.0,4.0,4.0,5.0,2.0,2.0,2.0,2.0,3.0,3.0,3.0,4.0,3.0,3.0,3.0,3.0,6.0,2.0,4.0,4.0,1.0,4.0,5.0,3.0,,3.0,2.0,4.0,2.0,1.0,1.0,1.0,3.0,2.0,2.0,3.0,1.0,2.0,2.0,2.0,2.0,2.0,3.0,4.0,3.0,3.0,2.0,2.0,1.0,1.0,1.0,1.0,1.0,4.0,3.0,1.0,1.0,3.0,6.0,5.0,2.0,2.0,2.0,2.0,1.0,,4.0,,4.0,1.0,2.0,3.0,3.0,1.053567,2.6666666666666665,3.0,4.5,1.0,2.0
19384.0,1.0,1.0,2.0,41.0,3.0,4.0,5.0,4.0,3.0,4.0,4.0,4.0,4.0,4.0,2.0,,,,,,,,,,,,,,,,,,2.0,1.0,1.0,,,,,,,2.0,4.0,4.0,3.0,3.0,3.0,3.0,3.0,3.0,3.0,3.0,3.0,4.0,3.0,3.0,5.0,4.0,4.0,5.0,4.0,4.0,4.0,4.0,4.0,4.0,5.0,4.0,4.0,5.0,4.0,4.0,4.0,4.0,4.0,4.0,4.0,4.0,4.0,4.0,4.0,4.0,4.0,4.0,5.0,4.0,4.0,4.0,4.0,4.0,4.0,4.0,4.0,4.0,4.0,4.0,4.0,4.0,4.0,4.0,4.0,4.0,4.0,3.0,4.0,5.0,4.0,2.0,4.0,5.0,3.0,3.0,2.0,2.0,4.0,4.0,4.0,4.0,10.0,3.0,3.0,5.0,1.0,4.0,4.0,4.0,,3.0,3.0,4.0,1.0,4.0,4.0,4.0,4.0,4.0,3.0,4.0,4.0,1.0,2.0,2.0,2.0,2.0,4.0,4.0,4.0,4.0,4.0,4.0,4.0,2.0,2.0,2.0,4.0,3.0,2.0,1.0,4.0,4.0,6.0,6.0,1.0,2.0,1.0,2.0,2.0,1.0,4.0,,3.0,2.0,1.0,3.0,2.0,1.098998,4.0,4.0,4.0,4.0,1.0
19424.0,1.0,1.0,2.0,41.0,3.0,4.0,4.0,4.0,3.0,4.0,4.0,4.0,4.0,4.0,2.0,,,,,,,,,,,,,,,,,,1.0,1.0,1.0,,3.0,,,,,3.0,4.0,4.0,4.0,4.0,4.0,4.0,4.0,4.0,4.0,3.0,3.0,5.0,4.0,3.0,5.0,4.0,4.0,4.0,4.0,4.0,4.0,4.0,4.0,4.0,4.0,3.0,4.0,4.0,3.0,4.0,4.0,4.0,4.0,4.0,4.0,4.0,3.0,4.0,4.0,4.0,3.0,4.0,4.0,3.0,3.0,4.0,4.0,4.0,4.0,3.0,4.0,4.0,4.0,4.0,4.0,3.0,4.0,4.0,3.0,4.0,4.0,3.0,3.0,4.0,3.0,2.0,3.0,3.0,3.0,4.0,4.0,3.0,4.0,4.0,3.0,3.0,7.0,4.0,3.0,4.0,1.0,4.0,4.0,3.0,,3.0,3.0,4.0,1.0,3.0,3.0,3.0,4.0,3.0,3.0,4.0,3.0,1.0,1.0,1.0,1.0,2.0,4.0,4.0,3.0,4.0,2.0,3.0,3.0,2.0,2.0,2.0,3.0,3.0,2.0,2.0,2.0,3.0,6.0,5.0,2.0,2.0,2.0,2.0,2.0,1.0,4.0,,3.0,2.0,1.0,3.0,2.0,1.098998,4.0,4.0,4.0,3.0,1.0
19447.0,12.0,3.0,1.0,21.0,1.0,5.0,5.0,4.0,3.0,3.0,4.0,3.0,4.0,4.0,2.0,,,,,,,,,,,,,,,,,,2.0,2.0,,,,,,,,2.0,4.0,3.0,3.0,3.0,3.0,4.0,3.0,4.0,3.0,3.0,3.0,5.0,4.0,4.0,5.0,4.0,4.0,5.0,4.0,3.0,3.0,3.0,4.0,4.0,4.0,4.0,3.0,4.0,3.0,3.0,4.0,4.0,4.0,4.0,4.0,3.0,5.0,4.0,4.0,4.0,4.0,3.0,5.0,3.0,3.0,3.0,3.0,4.0,4.0,4.0,3.0,3.0,3.0,3.0,3.0,3.0,2.0,3.0,2.0,3.0,3.0,4.0,4.0,4.0,3.0,1.0,5.0,3.0,4.0,5.0,4.0,5.0,5.0,4.0,5.0,4.0,8.0,3.0,4.0,3.0,1.0,4.0,4.0,2.0,,3.0,3.0,3.0,1.0,3.0,1.0,3.0,4.0,3.0,3.0,4.0,3.0,1.0,2.0,2.0,1.0,2.0,5.0,5.0,4.0,4.0,4.0,4.0,4.0,3.0,1.0,3.0,3.0,4.0,3.0,3.0,3.0,3.0,10.0,5.0,2.0,2.0,2.0,2.0,1.0,,6.0,,3.0,1.0,2.0,5.0,2.0,0.984842,3.6666666666666665,3.5,4.0,3.0,1.0
19455.0,1.0,1.0,2.0,25.0,1.0,5.0,5.0,4.0,3.0,5.0,4.0,3.0,4.0,4.0,1.0,1.0,2.0,3.0,,5.0,,,,,,,,13.0,,,,,2.0,1.0,1.0,,,,5.0,,,2.0,5.0,5.0,5.0,5.0,5.0,5.0,5.0,5.0,5.0,5.0,5.0,5.0,5.0,4.0,5.0,4.0,4.0,5.0,4.0,4.0,3.0,4.0,4.0,5.0,4.0,4.0,4.0,5.0,3.0,3.0,1.0,1.0,4.0,1.0,1.0,1.0,1.0,4.0,5.0,5.0,5.0,3.0,4.0,1.0,1.0,4.0,4.0,4.0,3.0,3.0,3.0,3.0,5.0,5.0,5.0,5.0,3.0,3.0,3.0,1.0,4.0,4.0,4.0,4.0,4.0,2.0,1.0,3.0,4.0,4.0,5.0,5.0,5.0,4.0,3.0,3.0,9.0,3.0,2.0,3.0,1.0,5.0,5.0,3.0,,3.0,3.0,5.0,2.0,3.0,1.0,1.0,4.0,1.0,3.0,4.0,3.0,1.0,2.0,1.0,1.0,1.0,3.0,3.0,3.0,3.0,3.0,3.0,3.0,1.0,1.0,4.0,4.0,4.0,4.0,4.0,1.0,4.0,6.0,6.0,1.0,2.0,2.0,2.0,1.0,,6.0,,5.0,1.0,2.0,5.0,3.0,1.034762,3.6666666666666665,4.5,5.0,3.0,2.0
19626.0,3.0,5.0,1.0,27.0,1.0,3.0,4.0,4.0,3.0,4.0,3.0,3.0,4.0,4.0,2.0,,,,,,,,,,,,,,,,,,2.0,2.0,,,,,,,,4.0,3.0,4.0,3.0,4.0,4.0,3.0,4.0,4.0,3.0,3.0,4.0,3.0,4.0,3.0,4.0,4.0,3.0,4.0,4.0,4.0,3.0,4.0,3.0,4.0,4.0,4.0,3.0,3.0,4.0,4.0,4.0,3.0,4.0,4.0,3.0,3.0,4.0,4.0,4.0,4.0,3.0,4.0,4.0,4.0,3.0,4.0,4.0,4.0,3.0,4.0,4.0,4.0,4.0,4.0,3.0,4.0,3.0,4.0,4.0,4.0,4.0,3.0,4.0,4.0,3.0,4.0,2.0,3.0,3.0,3.0,4.0,4.0,2.0,3.0,4.0,3.0,9.0,4.0,3.0,4.0,1.0,3.0,4.0,4.0,,4.0,3.0,4.0,2.0,3.0,3.0,4.0,5.0,4.0,3.0,4.0,4.0,2.0,2.0,2.0,2.0,2.0,4.0,4.0,2.0,2.0,1.0,1.0,1.0,1.0,2.0,2.0,1.0,3.0,2.0,3.0,3.0,3.0,6.0,8.0,2.0,2.0,1.0,1.0,1.0,,4.0,,3.0,1.0,2.0,3.0,2.0,0.98424,3.6666666666666665,3.5,3.5,3.0,2.0
19637.0,1.0,1.0,2.0,50.0,4.0,5.0,5.0,4.0,4.0,4.0,4.0,3.0,2.0,2.0,1.0,1.0,2.0,3.0,4.0,5.0,,,,,,11.0,,13.0,,,,,2.0,2.0,,,,,,,,2.0,4.0,4.0,3.0,3.0,3.0,4.0,3.0,4.0,3.0,3.0,2.0,4.0,2.0,4.0,5.0,3.0,3.0,3.0,3.0,3.0,4.0,3.0,4.0,3.0,3.0,3.0,4.0,4.0,3.0,4.0,3.0,3.0,3.0,3.0,3.0,3.0,3.0,3.0,3.0,3.0,3.0,4.0,4.0,4.0,4.0,3.0,3.0,3.0,3.0,3.0,3.0,3.0,3.0,3.0,3.0,3.0,4.0,4.0,4.0,4.0,4.0,4.0,4.0,4.0,4.0,1.0,1.0,2.0,4.0,4.0,4.0,4.0,4.0,4.0,3.0,3.0,6.0,2.0,2.0,4.0,1.0,4.0,5.0,1.0,,1.0,1.0,3.0,2.0,2.0,1.0,1.0,3.0,3.0,2.0,4.0,2.0,1.0,2.0,2.0,1.0,1.0,2.0,2.0,1.0,1.0,1.0,1.0,1.0,1.0,1.0,1.0,1.0,1.0,3.0,1.0,1.0,2.0,6.0,5.0,1.0,2.0,1.0,2.0,2.0,1.0,4.0,,2.0,2.0,1.0,3.0,1.0,1.053567,2.3333333333333335,4.0,4.5,2.0,2.0
19640.0,12.0,3.0,2.0,50.0,4.0,4.0,5.0,4.0,4.0,4.0,4.0,3.0,3.0,4.0,2.0,,,,,,,,,,,,,,,,,,2.0,2.0,,,,,,,,2.0,4.0,5.0,4.0,4.0,4.0,4.0,3.0,4.0,4.0,4.0,3.0,4.0,5.0,5.0,5.0,4.0,4.0,3.0,3.0,3.0,3.0,3.0,3.0,3.0,3.0,4.0,3.0,4.0,4.0,4.0,4.0,4.0,4.0,4.0,3.0,4.0,3.0,3.0,4.0,4.0,3.0,4.0,5.0,4.0,5.0,4.0,4.0,3.0,4.0,3.0,4.0,3.0,4.0,4.0,3.0,3.0,4.0,4.0,4.0,4.0,3.0,3.0,3.0,4.0,3.0,2.0,3.0,3.0,3.0,4.0,4.0,4.0,4.0,4.0,4.0,4.0,8.0,3.0,3.0,3.0,1.0,3.0,3.0,3.0,,3.0,3.0,3.0,2.0,3.0,1.0,1.0,4.0,2.0,3.0,4.0,1.0,2.0,2.0,2.0,2.0,1.0,3.0,3.0,3.0,3.0,2.0,2.0,2.0,1.0,1.0,2.0,2.0,3.0,3.0,2.0,3.0,3.0,6.0,5.0,1.0,1.0,1.0,1.0,2.0,1.0,5.0,,2.0,2.0,1.0,4.0,1.0,0.976223,3.3333333333333335,4.0,3.0,3.0,2.0
19668.0,17.0,4.0,1.0,43.0,3.0,5.0,5.0,4.0,1.0,3.0,2.0,2.0,1.0,1.0,2.0,,,,,,,,,,,,,,,,,,2.0,1.0,,,3.0,4.0,5.0,,,1.0,4.0,3.0,4.0,3.0,3.0,4.0,3.0,5.0,4.0,4.0,3.0,5.0,5.0,3.0,5.0,2.0,2.0,1.0,1.0,1.0,1.0,1.0,1.0,1.0,1.0,1.0,1.0,4.0,2.0,2.0,2.0,2.0,2.0,2.0,2.0,2.0,2.0,3.0,2.0,3.0,3.0,2.0,4.0,3.0,2.0,2.0,2.0,2.0,2.0,2.0,2.0,2.0,3.0,2.0,2.0,2.0,2.0,4.0,2.0,2.0,4.0,4.0,5.0,5.0,3.0,1.0,1.0,1.0,4.0,4.0,4.0,4.0,5.0,5.0,5.0,5.0,6.0,2.0,2.0,2.0,1.0,4.0,5.0,2.0,,3.0,2.0,5.0,2.0,2.0,1.0,1.0,3.0,2.0,1.0,3.0,1.0,2.0,2.0,2.0,2.0,2.0,4.0,4.0,4.0,3.0,3.0,3.0,3.0,1.0,1.0,3.0,3.0,3.0,1.0,1.0,2.0,3.0,3.0,1.0,1.0,2.0,2.0,2.0,1.0,,4.0,,4.0,1.0,2.0,3.0,3.0,0.826158,1.3333333333333333,2.5,4.5,2.0,2.0
19697.0,16.0,6.0,2.0,28.0,1.0,5.0,4.0,4.0,3.0,3.0,3.0,4.0,3.0,3.0,1.0,1.0,2.0,,4.0,5.0,,7.0,,,,,,,,,,,2.0,1.0,,,3.0,4.0,,,,2.0,3.0,4.0,4.0,4.0,2.0,5.0,1.0,5.0,4.0,2.0,1.0,4.0,4.0,2.0,4.0,4.0,4.0,4.0,4.0,4.0,4.0,2.0,4.0,4.0,4.0,2.0,4.0,4.0,3.0,2.0,3.0,2.0,2.0,2.0,2.0,2.0,2.0,2.0,2.0,2.0,2.0,5.0,2.0,2.0,2.0,2.0,3.0,2.0,2.0,1.0,3.0,2.0,4.0,3.0,2.0,1.0,3.0,4.0,3.0,2.0,4.0,5.0,5.0,5.0,5.0,2.0,3.0,4.0,1.0,1.0,4.0,4.0,1.0,1.0,1.0,1.0,1.0,4.0,2.0,4.0,1.0,5.0,5.0,4.0,,4.0,3.0,4.0,2.0,2.0,1.0,2.0,3.0,2.0,2.0,1.0,4.0,2.0,2.0,2.0,1.0,2.0,5.0,2.0,1.0,3.0,1.0,2.0,1.0,1.0,3.0,1.0,2.0,3.0,2.0,3.0,4.0,3.0,11.0,11.0,1.0,2.0,2.0,2.0,2.0,2.0,6.0,,4.0,2.0,2.0,5.0,3.0,1.101295,3.3333333333333335,3.0,5.0,2.0,2.0
19715.0,1.0,1.0,2.0,23.0,1.0,5.0,5.0,4.0,3.0,3.0,3.0,4.0,2.0,2.0,1.0,1.0,2.0,3.0,4.0,5.0,6.0,7.0,8.0,9.0,10.0,11.0,12.0,13.0,14.0,,,,2.0,1.0,,,3.0,,5.0,,,2.0,5.0,5.0,4.0,5.0,4.0,4.0,4.0,5.0,5.0,4.0,4.0,5.0,5.0,5.0,5.0,2.0,2.0,2.0,2.0,2.0,2.0,2.0,2.0,2.0,2.0,2.0,2.0,2.0,2.0,2.0,2.0,2.0,2.0,2.0,2.0,2.0,2.0,2.0,2.0,4.0,2.0,2.0,5.0,2.0,2.0,4.0,4.0,4.0,4.0,3.0,3.0,3.0,5.0,3.0,4.0,3.0,3.0,5.0,5.0,3.0,5.0,5.0,5.0,5.0,5.0,4.0,3.0,4.0,4.0,4.0,4.0,3.0,4.0,4.0,4.0,4.0,9.0,5.0,4.0,4.0,1.0,5.0,5.0,4.0,,1.0,1.0,5.0,2.0,1.0,1.0,1.0,4.0,1.0,1.0,1.0,1.0,1.0,2.0,2.0,1.0,1.0,4.0,1.0,4.0,4.0,5.0,1.0,1.0,1.0,1.0,4.0,4.0,5.0,3.0,2.0,1.0,4.0,8.0,1.0,1.0,1.0,1.0,1.0,1.0,,4.0,,4.0,1.0,2.0,3.0,3.0,1.034762,2.6666666666666665,3.0,5.0,1.0,2.0
19753.0,1.0,1.0,1.0,37.0,2.0,3.0,4.0,4.0,4.0,4.0,4.0,4.0,3.0,4.0,2.0,,,,,,,,,,,,,,,,,,2.0,2.0,,,,,,,,4.0,3.0,4.0,2.0,4.0,2.0,2.0,2.0,3.0,3.0,2.0,2.0,2.0,2.0,2.0,5.0,2.0,2.0,2.0,2.0,2.0,2.0,1.0,4.0,2.0,2.0,3.0,2.0,4.0,2.0,2.0,2.0,2.0,2.0,2.0,2.0,2.0,1.0,2.0,1.0,2.0,1.0,2.0,2.0,2.0,1.0,3.0,3.0,3.0,2.0,3.0,2.0,3.0,3.0,3.0,3.0,3.0,2.0,3.0,2.0,2.0,4.0,4.0,3.0,4.0,4.0,3.0,4.0,3.0,3.0,3.0,3.0,3.0,4.0,5.0,4.0,4.0,6.0,4.0,2.0,3.0,1.0,5.0,5.0,5.0,,3.0,3.0,4.0,2.0,3.0,4.0,4.0,4.0,2.0,3.0,4.0,2.0,2.0,2.0,2.0,2.0,2.0,4.0,4.0,2.0,3.0,2.0,2.0,2.0,2.0,2.0,1.0,1.0,2.0,2.0,1.0,1.0,2.0,8.0,6.0,2.0,2.0,2.0,2.0,2.0,1.0,4.0,,2.0,2.0,1.0,3.0,1.0,1.080947,3.6666666666666665,4.0,5.0,3.0,2.0
19867.0,12.0,3.0,1.0,50.0,4.0,5.0,5.0,4.0,2.0,4.0,3.0,4.0,4.0,4.0,2.0,,,,,,,,,,,,,,,,,,2.0,1.0,,,,,5.0,,,2.0,3.0,3.0,2.0,3.0,4.0,4.0,2.0,5.0,3.0,3.0,3.0,5.0,4.0,4.0,5.0,3.0,3.0,2.0,3.0,3.0,2.0,1.0,4.0,2.0,2.0,3.0,5.0,5.0,3.0,4.0,2.0,2.0,3.0,2.0,2.0,2.0,1.0,4.0,3.0,3.0,2.0,5.0,5.0,3.0,5.0,2.0,2.0,3.0,2.0,2.0,2.0,1.0,4.0,3.0,3.0,2.0,5.0,5.0,3.0,5.0,4.0,5.0,4.0,4.0,3.0,1.0,5.0,3.0,4.0,4.0,4.0,4.0,5.0,5.0,4.0,4.0,3.0,2.0,3.0,3.0,1.0,5.0,5.0,4.0,,4.0,3.0,5.0,2.0,4.0,2.0,3.0,5.0,3.0,2.0,5.0,3.0,1.0,2.0,2.0,1.0,2.0,5.0,5.0,3.0,3.0,3.0,4.0,3.0,1.0,1.0,2.0,2.0,2.0,4.0,2.0,4.0,4.0,3.0,5.0,1.0,2.0,1.0,1.0,3.0,2.0,4.0,,4.0,3.0,2.0,3.0,3.0,0.875187,4.0,3.5,5.0,4.0,2.0
19893.0,13.0,4.0,1.0,46.0,3.0,5.0,5.0,4.0,3.0,4.0,4.0,4.0,4.0,4.0,2.0,,,,,,,,,,,,,,,,,,2.0,2.0,,,,,,,,3.0,3.0,3.0,4.0,3.0,3.0,3.0,2.0,4.0,3.0,2.0,2.0,4.0,3.0,3.0,5.0,4.0,3.0,4.0,4.0,4.0,4.0,3.0,4.0,4.0,4.0,3.0,4.0,5.0,4.0,5.0,4.0,4.0,4.0,4.0,4.0,3.0,3.0,4.0,4.0,4.0,3.0,5.0,5.0,4.0,5.0,4.0,4.0,4.0,4.0,4.0,4.0,3.0,5.0,4.0,4.0,3.0,5.0,5.0,4.0,4.0,5.0,5.0,4.0,5.0,5.0,3.0,4.0,4.0,3.0,4.0,4.0,4.0,5.0,5.0,5.0,5.0,9.0,4.0,4.0,4.0,1.0,4.0,3.0,3.0,,4.0,3.0,4.0,1.0,4.0,4.0,4.0,4.0,4.0,4.0,5.0,4.0,2.0,2.0,2.0,1.0,1.0,5.0,5.0,4.0,4.0,3.0,4.0,3.0,2.0,2.0,3.0,4.0,4.0,4.0,4.0,2.0,4.0,4.0,3.0,1.0,1.0,1.0,2.0,2.0,1.0,2.0,,1.0,2.0,1.0,1.0,1.0,0.826158,4.0,4.0,3.5,4.0,1.0
19894.0,9.0,2.0,2.0,47.0,3.0,5.0,5.0,5.0,3.0,4.0,4.0,3.0,4.0,2.0,2.0,,,,,,,,,,,,,,,,,,1.0,2.0,,,,,,,,2.0,3.0,3.0,3.0,3.0,4.0,3.0,2.0,3.0,4.0,3.0,3.0,2.0,3.0,4.0,5.0,5.0,5.0,5.0,4.0,3.0,4.0,3.0,5.0,5.0,5.0,5.0,3.0,5.0,3.0,5.0,2.0,3.0,4.0,3.0,2.0,2.0,2.0,4.0,4.0,4.0,4.0,3.0,2.0,2.0,2.0,5.0,3.0,5.0,4.0,4.0,3.0,3.0,4.0,4.0,4.0,4.0,4.0,5.0,3.0,5.0,4.0,5.0,5.0,5.0,4.0,2.0,2.0,1.0,3.0,4.0,3.0,4.0,5.0,4.0,2.0,3.0,7.0,4.0,2.0,4.0,1.0,4.0,4.0,1.0,,4.0,4.0,5.0,2.0,3.0,1.0,3.0,3.0,3.0,3.0,4.0,3.0,2.0,2.0,2.0,2.0,1.0,3.0,2.0,2.0,2.0,2.0,2.0,2.0,2.0,2.0,2.0,2.0,4.0,4.0,4.0,2.0,3.0,4.0,6.0,2.0,2.0,1.0,2.0,2.0,1.0,5.0,,3.0,2.0,1.0,4.0,2.0,0.965456,3.0,4.0,4.0,3.0,2.0
19912.0,1.0,1.0,2.0,26.0,1.0,5.0,5.0,5.0,4.0,4.0,4.0,4.0,4.0,5.0,1.0,1.0,,,,,,,,,,,12.0,13.0,,,,,2.0,1.0,,,3.0,,5.0,,,3.0,4.0,4.0,5.0,4.0,4.0,4.0,3.0,4.0,3.0,3.0,3.0,4.0,5.0,5.0,5.0,4.0,5.0,5.0,4.0,4.0,4.0,4.0,4.0,5.0,5.0,5.0,3.0,5.0,4.0,4.0,1.0,3.0,2.0,2.0,2.0,2.0,2.0,2.0,1.0,1.0,2.0,2.0,1.0,2.0,1.0,4.0,4.0,4.0,4.0,3.0,3.0,4.0,4.0,4.0,5.0,4.0,5.0,5.0,4.0,5.0,4.0,4.0,4.0,5.0,4.0,3.0,4.0,3.0,4.0,4.0,4.0,3.0,5.0,4.0,4.0,4.0,6.0,4.0,4.0,4.0,1.0,4.0,4.0,2.0,,4.0,3.0,3.0,2.0,3.0,3.0,3.0,4.0,4.0,3.0,4.0,3.0,1.0,1.0,1.0,1.0,1.0,4.0,4.0,4.0,4.0,3.0,3.0,2.0,2.0,2.0,1.0,2.0,3.0,4.0,3.0,2.0,3.0,5.0,5.0,1.0,1.0,1.0,1.0,1.0,,4.0,,3.0,1.0,2.0,3.0,2.0,1.034762,4.333333333333333,4.0,4.0,3.0,2.0
19955.0,1.0,1.0,1.0,28.0,1.0,3.0,3.0,4.0,2.0,3.0,4.0,3.0,2.0,3.0,1.0,,2.0,,4.0,,6.0,,,,,,,,,,,,1.0,1.0,1.0,2.0,3.0,4.0,,,,2.0,2.0,1.0,2.0,3.0,2.0,3.0,4.0,5.0,4.0,3.0,2.0,3.0,3.0,4.0,3.0,5.0,4.0,3.0,2.0,2.0,3.0,4.0,5.0,4.0,3.0,2.0,2.0,2.0,3.0,4.0,5.0,4.0,3.0,3.0,2.0,3.0,4.0,5.0,4.0,3.0,2.0,1.0,2.0,3.0,5.0,4.0,3.0,2.0,3.0,3.0,2.0,3.0,4.0,4.0,4.0,3.0,2.0,2.0,2.0,3.0,1.0,2.0,3.0,4.0,5.0,4.0,3.0,2.0,3.0,3.0,3.0,4.0,3.0,2.0,3.0,4.0,8.0,3.0,3.0,3.0,1.0,2.0,3.0,3.0,,3.0,2.0,4.0,1.0,3.0,2.0,3.0,4.0,5.0,4.0,3.0,3.0,1.0,2.0,1.0,1.0,1.0,3.0,4.0,3.0,2.0,3.0,4.0,5.0,4.0,3.0,2.0,1.0,3.0,3.0,4.0,4.0,3.0,8.0,7.0,1.0,2.0,1.0,2.0,1.0,,5.0,,3.0,1.0,2.0,4.0,2.0,1.112248,2.6666666666666665,3.5,2.5,3.0,1.0
19956.0,9.0,2.0,2.0,57.0,4.0,4.0,5.0,4.0,3.0,4.0,4.0,3.0,4.0,4.0,1.0,1.0,2.0,3.0,4.0,5.0,,7.0,,,,,,,,,,,2.0,2.0,,,,,,,,4.0,3.0,3.0,3.0,3.0,3.0,3.0,2.0,3.0,4.0,2.0,4.0,4.0,4.0,4.0,5.0,2.0,3.0,3.0,3.0,3.0,2.0,2.0,2.0,3.0,2.0,3.0,2.0,4.0,2.0,2.0,3.0,3.0,3.0,3.0,3.0,2.0,2.0,3.0,3.0,3.0,3.0,3.0,4.0,2.0,2.0,4.0,4.0,4.0,4.0,5.0,4.0,4.0,4.0,4.0,4.0,4.0,3.0,5.0,4.0,3.0,4.0,4.0,4.0,5.0,3.0,2.0,3.0,3.0,3.0,3.0,2.0,3.0,3.0,3.0,4.0,4.0,7.0,3.0,2.0,4.0,1.0,4.0,3.0,3.0,,3.0,3.0,4.0,1.0,4.0,3.0,3.0,4.0,4.0,4.0,4.0,4.0,2.0,2.0,2.0,1.0,2.0,4.0,4.0,4.0,4.0,3.0,3.0,3.0,2.0,2.0,2.0,3.0,2.0,2.0,2.0,2.0,4.0,6.0,5.0,2.0,2.0,1.0,2.0,2.0,1.0,2.0,,2.0,2.0,1.0,1.0,1.0,1.05617,3.6666666666666665,4.0,3.5,4.0,1.0
20123.0,9.0,2.0,1.0,51.0,4.0,5.0,5.0,4.0,4.0,4.0,4.0,4.0,4.0,4.0,2.0,,,,,,,,,,,,,,,,,,2.0,2.0,,,,,,,,4.0,3.0,3.0,2.0,3.0,2.0,3.0,1.0,2.0,2.0,2.0,2.0,2.0,2.0,3.0,3.0,4.0,4.0,4.0,3.0,3.0,3.0,3.0,4.0,4.0,4.0,4.0,4.0,5.0,4.0,3.0,3.0,3.0,3.0,3.0,3.0,3.0,3.0,4.0,4.0,4.0,4.0,4.0,5.0,4.0,3.0,3.0,3.0,4.0,3.0,3.0,3.0,3.0,3.0,4.0,4.0,3.0,3.0,5.0,4.0,3.0,4.0,3.0,4.0,4.0,3.0,2.0,3.0,3.0,4.0,4.0,4.0,4.0,5.0,4.0,4.0,4.0,9.0,4.0,3.0,3.0,1.0,4.0,4.0,1.0,,4.0,4.0,5.0,1.0,4.0,2.0,3.0,4.0,3.0,3.0,4.0,3.0,2.0,2.0,2.0,1.0,2.0,4.0,4.0,4.0,4.0,4.0,4.0,3.0,3.0,3.0,4.0,4.0,4.0,3.0,3.0,3.0,4.0,9.0,2.0,2.0,2.0,2.0,2.0,2.0,1.0,4.0,,3.0,2.0,1.0,3.0,2.0,1.048518,4.0,4.0,4.0,4.0,1.0
20147.0,1.0,1.0,2.0,22.0,1.0,4.0,5.0,3.0,2.0,4.0,4.0,4.0,4.0,4.0,2.0,,,,,,,,,,,,,,,,,,2.0,1.0,1.0,,,,,,,4.0,2.0,2.0,3.0,4.0,4.0,2.0,2.0,4.0,2.0,2.0,2.0,4.0,3.0,3.0,4.0,2.0,4.0,4.0,2.0,4.0,4.0,4.0,4.0,4.0,4.0,4.0,3.0,4.0,2.0,3.0,3.0,4.0,3.0,4.0,4.0,3.0,4.0,4.0,4.0,4.0,4.0,4.0,4.0,4.0,4.0,4.0,3.0,4.0,3.0,4.0,4.0,2.0,3.0,4.0,4.0,3.0,3.0,4.0,2.0,4.0,4.0,4.0,4.0,4.0,3.0,2.0,4.0,2.0,2.0,4.0,2.0,3.0,4.0,4.0,4.0,4.0,8.0,4.0,3.0,3.0,1.0,4.0,4.0,3.0,,3.0,4.0,4.0,1.0,4.0,2.0,2.0,4.0,2.0,2.0,4.0,4.0,2.0,1.0,2.0,2.0,2.0,4.0,4.0,3.0,4.0,3.0,4.0,4.0,2.0,2.0,2.0,4.0,4.0,4.0,4.0,4.0,4.0,4.0,3.0,1.0,2.0,2.0,2.0,1.0,,6.0,,2.0,1.0,2.0,5.0,1.0,1.034762,4.0,4.0,4.0,4.0,1.0
20150.0,9.0,2.0,1.0,58.0,4.0,4.0,5.0,5.0,5.0,4.0,4.0,5.0,4.0,5.0,2.0,,,,,,,,,,,,,,,,,,1.0,2.0,,,,,,,,2.0,4.0,4.0,3.0,4.0,3.0,4.0,3.0,4.0,4.0,3.0,3.0,5.0,4.0,4.0,5.0,4.0,4.0,3.0,5.0,4.0,5.0,3.0,3.0,3.0,3.0,4.0,5.0,5.0,4.0,5.0,4.0,4.0,4.0,4.0,3.0,5.0,3.0,4.0,4.0,3.0,4.0,5.0,5.0,3.0,5.0,5.0,4.0,3.0,4.0,3.0,5.0,3.0,4.0,3.0,3.0,4.0,5.0,5.0,4.0,5.0,3.0,4.0,4.0,4.0,3.0,2.0,3.0,4.0,3.0,3.0,2.0,3.0,4.0,3.0,4.0,3.0,6.0,3.0,2.0,4.0,1.0,3.0,4.0,2.0,,3.0,3.0,5.0,1.0,4.0,2.0,3.0,4.0,3.0,2.0,4.0,3.0,1.0,1.0,1.0,1.0,1.0,4.0,4.0,3.0,4.0,2.0,3.0,2.0,1.0,1.0,2.0,1.0,2.0,3.0,1.0,2.0,4.0,9.0,3.0,1.0,1.0,1.0,1.0,2.0,1.0,4.0,,4.0,2.0,1.0,3.0,3.0,1.048518,4.666666666666667,4.0,3.5,4.0,1.0
20166.0,1.0,1.0,2.0,28.0,1.0,5.0,5.0,5.0,5.0,5.0,5.0,5.0,5.0,5.0,1.0,1.0,,,,,,,,,,,,,14.0,15.0,,,1.0,1.0,1.0,,,,,,,1.0,4.0,3.0,2.0,3.0,4.0,3.0,3.0,4.0,4.0,3.0,4.0,4.0,3.0,4.0,5.0,4.0,3.0,5.0,5.0,3.0,5.0,3.0,3.0,4.0,2.0,3.0,4.0,5.0,4.0,3.0,3.0,2.0,3.0,2.0,3.0,4.0,2.0,2.0,3.0,4.0,5.0,4.0,4.0,3.0,4.0,4.0,4.0,4.0,3.0,5.0,4.0,3.0,4.0,2.0,4.0,2.0,3.0,4.0,2.0,2.0,4.0,3.0,4.0,3.0,4.0,3.0,2.0,2.0,4.0,4.0,3.0,3.0,2.0,3.0,2.0,2.0,8.0,4.0,5.0,5.0,1.0,5.0,5.0,4.0,,4.0,4.0,3.0,1.0,4.0,3.0,3.0,2.0,1.0,2.0,1.0,2.0,1.0,1.0,2.0,1.0,2.0,3.0,2.0,3.0,4.0,3.0,2.0,4.0,4.0,3.0,4.0,2.0,4.0,3.0,4.0,2.0,4.0,7.0,9.0,1.0,1.0,1.0,1.0,1.0,,4.0,,3.0,1.0,2.0,3.0,2.0,1.034762,5.0,5.0,5.0,4.0,1.0
20227.0,13.0,4.0,1.0,40.0,3.0,5.0,5.0,2.0,2.0,3.0,3.0,2.0,3.0,2.0,2.0,,,,,,,,,,,,,,,,,,2.0,2.0,,,,,,,,2.0,4.0,4.0,4.0,4.0,4.0,4.0,3.0,5.0,4.0,4.0,4.0,5.0,5.0,4.0,5.0,3.0,3.0,3.0,3.0,3.0,2.0,3.0,3.0,3.0,3.0,3.0,3.0,3.0,3.0,3.0,2.0,2.0,2.0,2.0,3.0,2.0,2.0,2.0,2.0,3.0,2.0,3.0,2.0,2.0,2.0,3.0,2.0,2.0,2.0,2.0,3.0,2.0,3.0,3.0,2.0,2.0,4.0,2.0,2.0,2.0,4.0,4.0,3.0,4.0,4.0,3.0,4.0,4.0,3.0,3.0,3.0,4.0,4.0,4.0,3.0,3.0,3.0,2.0,2.0,4.0,1.0,5.0,5.0,1.0,,2.0,2.0,2.0,2.0,2.0,2.0,2.0,3.0,2.0,1.0,3.0,3.0,2.0,2.0,2.0,2.0,2.0,1.0,1.0,1.0,1.0,1.0,1.0,1.0,1.0,1.0,1.0,1.0,1.0,1.0,1.0,1.0,2.0,11.0,11.0,2.0,2.0,2.0,2.0,2.0,2.0,4.0,,3.0,2.0,2.0,3.0,2.0,0.826158,2.3333333333333335,3.0,5.0,2.0,2.0
20245.0,1.0,1.0,2.0,53.0,4.0,5.0,5.0,3.0,3.0,4.0,3.0,3.0,3.0,3.0,2.0,,,,,,,,,,,,,,,,,,2.0,1.0,,,,,5.0,,,1.0,4.0,4.0,4.0,4.0,3.0,4.0,3.0,3.0,3.0,3.0,3.0,5.0,5.0,4.0,5.0,3.0,3.0,3.0,3.0,3.0,3.0,3.0,3.0,3.0,3.0,3.0,3.0,4.0,3.0,2.0,2.0,2.0,2.0,2.0,2.0,2.0,2.0,2.0,2.0,2.0,2.0,2.0,4.0,4.0,2.0,3.0,3.0,3.0,3.0,3.0,3.0,3.0,3.0,3.0,3.0,3.0,3.0,4.0,4.0,3.0,4.0,5.0,5.0,5.0,3.0,1.0,2.0,2.0,4.0,4.0,1.0,4.0,3.0,1.0,1.0,3.0,4.0,4.0,3.0,4.0,1.0,4.0,3.0,2.0,,3.0,3.0,3.0,2.0,2.0,1.0,1.0,4.0,3.0,2.0,4.0,3.0,1.0,2.0,2.0,2.0,2.0,3.0,2.0,2.0,2.0,3.0,2.0,2.0,2.0,1.0,2.0,2.0,3.0,4.0,4.0,1.0,3.0,6.0,6.0,1.0,2.0,2.0,2.0,2.0,1.0,5.0,,3.0,2.0,1.0,4.0,2.0,1.053567,3.0,3.5,3.5,2.0,2.0
20333.0,9.0,2.0,1.0,28.0,1.0,5.0,5.0,5.0,5.0,4.0,5.0,4.0,5.0,4.0,1.0,1.0,2.0,3.0,4.0,5.0,,,,,,,,,,,,,1.0,1.0,1.0,,3.0,,,,,5.0,3.0,4.0,2.0,4.0,3.0,4.0,2.0,3.0,2.0,4.0,5.0,2.0,3.0,4.0,4.0,4.0,3.0,4.0,3.0,2.0,4.0,3.0,4.0,2.0,3.0,2.0,3.0,4.0,3.0,2.0,4.0,3.0,5.0,4.0,5.0,3.0,5.0,5.0,4.0,3.0,4.0,3.0,2.0,4.0,5.0,5.0,2.0,4.0,3.0,4.0,5.0,4.0,4.0,2.0,3.0,4.0,5.0,4.0,3.0,4.0,5.0,3.0,4.0,5.0,3.0,4.0,3.0,4.0,5.0,4.0,3.0,4.0,5.0,3.0,4.0,5.0,9.0,4.0,4.0,4.0,1.0,4.0,4.0,4.0,,5.0,4.0,3.0,1.0,5.0,4.0,5.0,3.0,4.0,3.0,5.0,4.0,1.0,1.0,1.0,2.0,2.0,5.0,4.0,3.0,4.0,5.0,4.0,3.0,5.0,4.0,3.0,4.0,3.0,4.0,5.0,2.0,5.0,10.0,5.0,1.0,1.0,2.0,2.0,1.0,,4.0,,3.0,1.0,2.0,3.0,2.0,1.051424,4.333333333333333,4.5,4.0,5.0,1.0
20363.0,16.0,6.0,1.0,49.0,3.0,5.0,5.0,4.0,3.0,4.0,5.0,4.0,4.0,4.0,2.0,,,,,,,,,,,,,,,,,,2.0,1.0,,,3.0,,5.0,,,3.0,4.0,5.0,3.0,4.0,3.0,5.0,4.0,5.0,4.0,4.0,3.0,5.0,4.0,5.0,4.0,4.0,4.0,4.0,3.0,3.0,2.0,4.0,5.0,2.0,4.0,4.0,3.0,5.0,4.0,2.0,2.0,2.0,3.0,2.0,1.0,2.0,2.0,2.0,1.0,2.0,2.0,1.0,3.0,2.0,1.0,3.0,4.0,4.0,2.0,1.0,1.0,1.0,4.0,2.0,2.0,2.0,1.0,4.0,3.0,1.0,3.0,3.0,4.0,4.0,3.0,3.0,2.0,1.0,4.0,3.0,3.0,4.0,5.0,4.0,4.0,2.0,6.0,2.0,2.0,4.0,1.0,5.0,5.0,4.0,,3.0,3.0,2.0,2.0,1.0,2.0,1.0,4.0,3.0,1.0,4.0,2.0,2.0,2.0,2.0,2.0,2.0,3.0,4.0,1.0,2.0,2.0,4.0,2.0,1.0,2.0,2.0,1.0,2.0,3.0,2.0,2.0,3.0,9.0,3.0,1.0,1.0,2.0,2.0,3.0,1.0,4.0,,4.0,3.0,1.0,3.0,3.0,0.846161,4.0,4.5,5.0,1.0,2.0
20422.0,13.0,4.0,2.0,23.0,1.0,3.0,4.0,3.0,3.0,3.0,3.0,3.0,3.0,3.0,2.0,,,,,,,,,,,,,,,,,,2.0,2.0,,,,,,,,2.0,3.0,3.0,3.0,3.0,3.0,3.0,2.0,3.0,3.0,2.0,2.0,3.0,3.0,3.0,3.0,3.0,4.0,4.0,4.0,4.0,3.0,4.0,4.0,4.0,4.0,4.0,4.0,4.0,3.0,3.0,3.0,3.0,3.0,3.0,3.0,3.0,3.0,3.0,3.0,3.0,3.0,3.0,3.0,3.0,3.0,3.0,4.0,4.0,4.0,4.0,4.0,4.0,4.0,4.0,4.0,4.0,3.0,4.0,3.0,3.0,4.0,4.0,3.0,4.0,3.0,2.0,3.0,2.0,3.0,3.0,3.0,3.0,3.0,2.0,3.0,3.0,6.0,1.0,3.0,3.0,1.0,3.0,3.0,3.0,,3.0,3.0,3.0,1.0,3.0,2.0,3.0,3.0,3.0,3.0,3.0,3.0,2.0,2.0,2.0,2.0,2.0,3.0,3.0,3.0,3.0,3.0,2.0,3.0,2.0,2.0,2.0,3.0,3.0,3.0,2.0,2.0,3.0,6.0,6.0,2.0,2.0,2.0,2.0,1.0,,7.0,,3.0,1.0,2.0,6.0,2.0,1.080984,3.0,3.0,3.0,3.0,1.0
20441.0,5.0,4.0,2.0,23.0,1.0,4.0,5.0,4.0,3.0,5.0,4.0,4.0,4.0,4.0,2.0,,,,,,,,,,,,,,,,,,2.0,1.0,,,,4.0,5.0,,,4.0,3.0,3.0,3.0,4.0,3.0,4.0,2.0,3.0,2.0,3.0,3.0,5.0,3.0,2.0,5.0,4.0,4.0,5.0,2.0,4.0,3.0,4.0,5.0,5.0,5.0,4.0,2.0,5.0,1.0,2.0,4.0,4.0,4.0,4.0,4.0,4.0,4.0,5.0,5.0,5.0,3.0,1.0,5.0,1.0,3.0,2.0,4.0,5.0,2.0,4.0,2.0,4.0,5.0,5.0,5.0,5.0,1.0,5.0,1.0,3.0,4.0,4.0,5.0,5.0,4.0,2.0,4.0,4.0,2.0,2.0,2.0,4.0,3.0,2.0,4.0,3.0,10.0,3.0,3.0,3.0,1.0,4.0,2.0,3.0,,2.0,4.0,5.0,1.0,4.0,3.0,4.0,5.0,3.0,3.0,4.0,4.0,1.0,2.0,2.0,1.0,1.0,5.0,5.0,4.0,5.0,4.0,5.0,5.0,2.0,3.0,3.0,4.0,5.0,4.0,4.0,3.0,4.0,8.0,2.0,1.0,2.0,1.0,1.0,1.0,,6.0,,3.0,1.0,2.0,5.0,2.0,1.080984,4.0,4.5,3.0,4.0,1.0
20454.0,2.0,6.0,2.0,47.0,3.0,4.0,5.0,4.0,4.0,4.0,4.0,4.0,4.0,4.0,2.0,,,,,,,,,,,,,,,,,,2.0,1.0,1.0,,,,5.0,9997.0,스팸문자,3.0,4.0,4.0,3.0,4.0,4.0,4.0,3.0,4.0,4.0,4.0,4.0,4.0,3.0,4.0,4.0,4.0,4.0,3.0,3.0,4.0,4.0,3.0,4.0,3.0,4.0,4.0,4.0,4.0,3.0,3.0,4.0,4.0,3.0,3.0,4.0,3.0,3.0,4.0,3.0,4.0,3.0,4.0,3.0,3.0,3.0,4.0,4.0,4.0,4.0,4.0,3.0,3.0,4.0,4.0,4.0,4.0,4.0,4.0,3.0,3.0,4.0,3.0,4.0,5.0,3.0,2.0,3.0,2.0,3.0,3.0,2.0,3.0,3.0,3.0,2.0,3.0,8.0,4.0,3.0,3.0,2.0,3.0,2.0,3.0,,4.0,4.0,4.0,1.0,3.0,2.0,2.0,3.0,3.0,2.0,3.0,3.0,1.0,2.0,2.0,1.0,2.0,4.0,4.0,4.0,4.0,4.0,4.0,4.0,2.0,3.0,3.0,2.0,3.0,4.0,4.0,2.0,4.0,4.0,4.0,1.0,2.0,1.0,2.0,2.0,1.0,5.0,,1.0,2.0,1.0,4.0,1.0,1.115818,4.0,4.0,2.5,3.0,1.0
20515.0,1.0,1.0,2.0,25.0,1.0,5.0,5.0,3.0,2.0,4.0,4.0,4.0,4.0,4.0,2.0,,,,,,,,,,,,,,,,,,2.0,2.0,,,,,,,,2.0,4.0,4.0,3.0,3.0,2.0,4.0,2.0,5.0,4.0,1.0,1.0,5.0,4.0,4.0,5.0,4.0,4.0,4.0,4.0,4.0,4.0,4.0,4.0,4.0,3.0,3.0,4.0,5.0,5.0,4.0,2.0,2.0,2.0,2.0,2.0,1.0,1.0,1.0,1.0,1.0,1.0,1.0,3.0,3.0,2.0,4.0,4.0,4.0,4.0,4.0,4.0,4.0,4.0,3.0,2.0,2.0,3.0,4.0,4.0,4.0,4.0,5.0,5.0,5.0,5.0,4.0,4.0,4.0,3.0,2.0,2.0,2.0,4.0,3.0,2.0,4.0,11.0,4.0,2.0,3.0,2.0,2.0,2.0,4.0,,4.0,4.0,5.0,1.0,4.0,1.0,2.0,4.0,4.0,4.0,4.0,4.0,2.0,2.0,2.0,1.0,2.0,4.0,4.0,5.0,4.0,4.0,4.0,3.0,1.0,1.0,2.0,2.0,3.0,3.0,2.0,1.0,2.0,9.0,9.0,1.0,2.0,2.0,2.0,1.0,,4.0,,4.0,1.0,2.0,3.0,3.0,1.034762,4.0,4.0,2.0,4.0,1.0
20516.0,9.0,2.0,2.0,51.0,4.0,5.0,5.0,4.0,4.0,4.0,4.0,4.0,4.0,3.0,2.0,,,,,,,,,,,,,,,,,,2.0,1.0,,,3.0,4.0,5.0,,,3.0,4.0,4.0,3.0,3.0,4.0,4.0,3.0,4.0,3.0,3.0,3.0,4.0,4.0,3.0,5.0,3.0,3.0,3.0,3.0,3.0,3.0,3.0,4.0,4.0,3.0,3.0,3.0,4.0,3.0,3.0,3.0,4.0,4.0,3.0,3.0,3.0,3.0,3.0,4.0,3.0,3.0,4.0,4.0,3.0,3.0,3.0,4.0,3.0,3.0,3.0,3.0,3.0,3.0,4.0,3.0,3.0,3.0,4.0,3.0,3.0,4.0,4.0,3.0,4.0,4.0,2.0,2.0,2.0,4.0,4.0,4.0,4.0,4.0,4.0,4.0,4.0,6.0,3.0,3.0,3.0,1.0,3.0,3.0,3.0,,3.0,4.0,3.0,1.0,3.0,3.0,3.0,4.0,3.0,3.0,3.0,3.0,2.0,2.0,2.0,2.0,2.0,4.0,4.0,4.0,3.0,3.0,3.0,2.0,2.0,2.0,3.0,2.0,3.0,2.0,2.0,2.0,3.0,6.0,6.0,2.0,2.0,2.0,2.0,2.0,1.0,5.0,,1.0,2.0,1.0,4.0,1.0,1.05617,3.6666666666666665,4.0,3.0,3.0,1.0
20522.0,2.0,6.0,2.0,25.0,1.0,4.0,4.0,5.0,3.0,5.0,5.0,5.0,4.0,4.0,2.0,,,,,,,,,,,,,,,,,,2.0,2.0,,,,,,,,2.0,3.0,3.0,3.0,3.0,2.0,3.0,2.0,4.0,2.0,2.0,1.0,2.0,4.0,3.0,5.0,3.0,2.0,2.0,2.0,2.0,2.0,2.0,4.0,4.0,2.0,1.0,1.0,2.0,1.0,2.0,1.0,1.0,1.0,1.0,1.0,1.0,1.0,1.0,1.0,1.0,1.0,1.0,1.0,1.0,1.0,4.0,4.0,4.0,4.0,4.0,4.0,4.0,4.0,4.0,4.0,2.0,3.0,4.0,4.0,2.0,3.0,2.0,2.0,4.0,5.0,4.0,4.0,3.0,3.0,3.0,1.0,3.0,2.0,2.0,4.0,4.0,9.0,4.0,2.0,4.0,1.0,3.0,2.0,3.0,,2.0,3.0,3.0,1.0,4.0,3.0,4.0,5.0,3.0,4.0,5.0,4.0,2.0,2.0,1.0,2.0,2.0,5.0,5.0,4.0,5.0,4.0,2.0,2.0,1.0,2.0,4.0,3.0,5.0,5.0,4.0,1.0,4.0,8.0,3.0,1.0,1.0,1.0,2.0,1.0,,7.0,,3.0,1.0,2.0,6.0,2.0,1.101295,4.333333333333333,5.0,2.5,4.0,1.0
20567.0,14.0,4.0,2.0,53.0,4.0,5.0,5.0,3.0,2.0,4.0,3.0,3.0,4.0,2.0,2.0,,,,,,,,,,,,,,,,,,2.0,2.0,,,,,,,,4.0,3.0,3.0,3.0,3.0,3.0,4.0,2.0,3.0,3.0,2.0,3.0,3.0,3.0,3.0,4.0,3.0,2.0,3.0,2.0,3.0,3.0,3.0,3.0,4.0,3.0,3.0,3.0,4.0,3.0,3.0,3.0,3.0,3.0,3.0,3.0,2.0,3.0,3.0,3.0,3.0,3.0,3.0,4.0,2.0,2.0,3.0,4.0,4.0,3.0,3.0,3.0,4.0,3.0,3.0,4.0,3.0,3.0,4.0,3.0,3.0,4.0,3.0,2.0,4.0,3.0,2.0,3.0,2.0,4.0,4.0,4.0,4.0,4.0,4.0,3.0,4.0,3.0,1.0,2.0,3.0,1.0,3.0,3.0,2.0,,3.0,3.0,2.0,1.0,3.0,3.0,3.0,3.0,4.0,3.0,3.0,3.0,1.0,2.0,2.0,1.0,1.0,4.0,4.0,3.0,3.0,2.0,3.0,3.0,1.0,2.0,1.0,1.0,2.0,3.0,2.0,3.0,3.0,11.0,10.0,2.0,2.0,1.0,1.0,2.0,1.0,5.0,,4.0,2.0,1.0,4.0,3.0,1.055948,3.0,3.5,3.0,3.0,1.0
20597.0,1.0,1.0,2.0,39.0,2.0,4.0,3.0,3.0,3.0,4.0,3.0,3.0,4.0,3.0,2.0,,,,,,,,,,,,,,,,,,1.0,1.0,,,3.0,,,,,3.0,3.0,3.0,4.0,3.0,2.0,3.0,3.0,3.0,4.0,3.0,3.0,2.0,3.0,3.0,4.0,3.0,3.0,4.0,4.0,3.0,2.0,3.0,3.0,4.0,3.0,2.0,3.0,4.0,3.0,3.0,4.0,3.0,4.0,3.0,2.0,3.0,4.0,3.0,3.0,2.0,3.0,4.0,3.0,3.0,2.0,4.0,3.0,3.0,4.0,3.0,2.0,3.0,3.0,4.0,3.0,3.0,2.0,3.0,3.0,3.0,2.0,3.0,4.0,3.0,3.0,2.0,3.0,4.0,3.0,3.0,3.0,2.0,3.0,4.0,3.0,3.0,8.0,4.0,3.0,4.0,2.0,3.0,4.0,3.0,,2.0,3.0,4.0,1.0,3.0,4.0,3.0,3.0,2.0,3.0,3.0,4.0,1.0,2.0,1.0,2.0,1.0,3.0,4.0,4.0,3.0,2.0,3.0,3.0,4.0,3.0,3.0,2.0,3.0,4.0,3.0,3.0,4.0,9.0,8.0,1.0,2.0,2.0,1.0,2.0,1.0,5.0,,4.0,2.0,1.0,4.0,3.0,1.036816,3.3333333333333335,3.5,3.5,3.0,1.0
20649.0,9.0,2.0,2.0,51.0,4.0,5.0,5.0,4.0,3.0,4.0,4.0,4.0,4.0,4.0,2.0,,,,,,,,,,,,,,,,,,2.0,1.0,,,3.0,,5.0,,,3.0,4.0,4.0,4.0,4.0,4.0,4.0,3.0,4.0,4.0,3.0,3.0,4.0,5.0,4.0,5.0,5.0,5.0,5.0,4.0,5.0,4.0,4.0,5.0,4.0,4.0,4.0,4.0,5.0,4.0,5.0,5.0,5.0,5.0,4.0,5.0,4.0,4.0,5.0,4.0,4.0,4.0,4.0,5.0,4.0,5.0,5.0,5.0,5.0,4.0,5.0,4.0,4.0,5.0,4.0,4.0,4.0,4.0,5.0,4.0,5.0,3.0,3.0,4.0,3.0,4.0,2.0,3.0,2.0,3.0,3.0,3.0,3.0,4.0,4.0,4.0,4.0,10.0,4.0,3.0,4.0,1.0,5.0,4.0,4.0,,3.0,3.0,4.0,1.0,3.0,3.0,4.0,5.0,4.0,3.0,3.0,4.0,2.0,2.0,2.0,1.0,2.0,3.0,4.0,3.0,3.0,3.0,3.0,3.0,2.0,4.0,3.0,4.0,3.0,3.0,3.0,2.0,2.0,10.0,2.0,2.0,2.0,2.0,2.0,2.0,1.0,4.0,,3.0,2.0,1.0,3.0,2.0,1.05617,4.0,4.0,4.5,3.0,1.0
20700.0,9.0,2.0,2.0,53.0,4.0,5.0,5.0,3.0,3.0,4.0,4.0,4.0,3.0,3.0,1.0,1.0,2.0,3.0,4.0,,,,,,,11.0,,,,,,,2.0,1.0,1.0,,3.0,,5.0,,,2.0,5.0,5.0,5.0,4.0,4.0,4.0,3.0,4.0,4.0,4.0,4.0,5.0,5.0,3.0,5.0,4.0,4.0,4.0,3.0,3.0,4.0,3.0,4.0,4.0,4.0,3.0,4.0,5.0,3.0,1.0,3.0,4.0,4.0,3.0,3.0,3.0,2.0,2.0,3.0,3.0,3.0,4.0,5.0,2.0,4.0,4.0,4.0,4.0,3.0,3.0,4.0,3.0,3.0,3.0,3.0,3.0,3.0,5.0,3.0,4.0,3.0,2.0,2.0,4.0,4.0,2.0,4.0,3.0,2.0,4.0,4.0,4.0,5.0,4.0,5.0,4.0,10.0,5.0,2.0,4.0,1.0,5.0,4.0,2.0,,3.0,3.0,3.0,2.0,3.0,1.0,1.0,3.0,3.0,3.0,3.0,3.0,2.0,2.0,2.0,2.0,2.0,4.0,4.0,2.0,2.0,1.0,1.0,2.0,1.0,1.0,1.0,1.0,1.0,1.0,1.0,2.0,2.0,10.0,6.0,2.0,2.0,2.0,2.0,2.0,1.0,4.0,,4.0,2.0,1.0,3.0,3.0,1.05617,3.3333333333333335,4.0,4.5,3.0,2.0
20710.0,3.0,5.0,2.0,46.0,3.0,3.0,3.0,3.0,3.0,3.0,3.0,3.0,3.0,3.0,2.0,,,,,,,,,,,,,,,,,,2.0,2.0,,,,,,,,3.0,3.0,3.0,3.0,3.0,3.0,3.0,3.0,3.0,3.0,3.0,3.0,3.0,3.0,3.0,4.0,3.0,3.0,3.0,3.0,3.0,3.0,3.0,3.0,3.0,3.0,3.0,3.0,3.0,3.0,4.0,3.0,3.0,3.0,3.0,3.0,3.0,3.0,3.0,3.0,3.0,3.0,3.0,3.0,3.0,4.0,3.0,3.0,3.0,3.0,3.0,3.0,3.0,3.0,3.0,3.0,3.0,3.0,3.0,3.0,4.0,3.0,4.0,3.0,3.0,3.0,3.0,3.0,3.0,3.0,3.0,3.0,3.0,3.0,3.0,3.0,3.0,5.0,3.0,3.0,3.0,1.0,3.0,3.0,1.0,,3.0,3.0,3.0,1.0,3.0,4.0,3.0,3.0,3.0,3.0,3.0,3.0,2.0,2.0,2.0,2.0,2.0,3.0,3.0,3.0,3.0,3.0,3.0,4.0,3.0,3.0,3.0,3.0,3.0,3.0,3.0,3.0,3.0,7.0,7.0,2.0,2.0,2.0,2.0,1.0,,7.0,,2.0,1.0,2.0,6.0,1.0,0.871396,3.0,3.0,3.0,3.0,1.0
20734.0,1.0,1.0,2.0,27.0,1.0,5.0,5.0,4.0,3.0,4.0,3.0,4.0,4.0,4.0,2.0,,,,,,,,,,,,,,,,,,2.0,2.0,,,,,,,,4.0,4.0,4.0,2.0,2.0,2.0,3.0,2.0,3.0,2.0,2.0,2.0,3.0,3.0,3.0,4.0,3.0,4.0,4.0,2.0,2.0,2.0,2.0,3.0,2.0,3.0,3.0,3.0,4.0,2.0,2.0,2.0,2.0,2.0,2.0,2.0,2.0,2.0,2.0,2.0,2.0,2.0,2.0,2.0,2.0,2.0,4.0,4.0,4.0,3.0,4.0,3.0,3.0,4.0,4.0,4.0,3.0,2.0,4.0,3.0,2.0,4.0,3.0,4.0,5.0,3.0,1.0,2.0,1.0,5.0,4.0,3.0,3.0,3.0,2.0,3.0,3.0,6.0,3.0,4.0,3.0,1.0,2.0,2.0,2.0,,3.0,3.0,2.0,1.0,4.0,2.0,3.0,5.0,3.0,2.0,4.0,3.0,2.0,2.0,2.0,1.0,2.0,5.0,3.0,4.0,4.0,4.0,4.0,3.0,3.0,3.0,2.0,3.0,5.0,3.0,3.0,1.0,4.0,6.0,5.0,2.0,2.0,2.0,2.0,1.0,,4.0,,2.0,1.0,2.0,3.0,1.0,1.034762,4.0,3.5,2.0,4.0,1.0
20780.0,2.0,6.0,1.0,52.0,4.0,5.0,5.0,4.0,4.0,5.0,5.0,5.0,5.0,4.0,2.0,,,,,,,,,,,,,,,,,,2.0,1.0,,,,4.0,5.0,,,4.0,5.0,4.0,5.0,4.0,3.0,4.0,3.0,4.0,2.0,2.0,3.0,3.0,4.0,4.0,3.0,5.0,5.0,5.0,4.0,4.0,4.0,4.0,5.0,4.0,4.0,5.0,5.0,5.0,4.0,4.0,5.0,4.0,5.0,5.0,4.0,4.0,5.0,5.0,4.0,4.0,5.0,5.0,4.0,4.0,5.0,5.0,4.0,5.0,4.0,4.0,4.0,5.0,5.0,4.0,4.0,5.0,4.0,5.0,4.0,4.0,4.0,3.0,2.0,4.0,4.0,2.0,3.0,3.0,2.0,3.0,3.0,4.0,4.0,5.0,5.0,4.0,8.0,3.0,3.0,4.0,1.0,4.0,4.0,1.0,,4.0,3.0,5.0,1.0,4.0,4.0,4.0,3.0,3.0,4.0,4.0,4.0,1.0,2.0,1.0,2.0,1.0,5.0,5.0,5.0,3.0,3.0,4.0,4.0,2.0,1.0,3.0,2.0,4.0,4.0,3.0,4.0,4.0,6.0,6.0,1.0,1.0,1.0,1.0,2.0,1.0,4.0,,3.0,2.0,1.0,3.0,2.0,1.044509,4.666666666666667,5.0,4.0,4.0,1.0
20847.0,2.0,6.0,1.0,40.0,3.0,4.0,5.0,4.0,4.0,4.0,5.0,4.0,4.0,4.0,1.0,1.0,,3.0,,,,,,,,,,13.0,,,,,1.0,2.0,,,,,,,,4.0,5.0,4.0,3.0,4.0,4.0,3.0,3.0,5.0,4.0,3.0,3.0,5.0,5.0,4.0,5.0,5.0,5.0,5.0,5.0,5.0,5.0,5.0,5.0,5.0,5.0,5.0,5.0,5.0,5.0,5.0,5.0,5.0,5.0,5.0,5.0,5.0,5.0,5.0,5.0,5.0,5.0,5.0,5.0,5.0,5.0,5.0,5.0,5.0,5.0,5.0,5.0,5.0,5.0,5.0,5.0,5.0,5.0,5.0,4.0,5.0,4.0,2.0,5.0,4.0,4.0,3.0,4.0,3.0,3.0,3.0,4.0,4.0,5.0,5.0,5.0,4.0,10.0,4.0,1.0,3.0,1.0,4.0,4.0,2.0,,3.0,3.0,5.0,2.0,4.0,3.0,3.0,4.0,4.0,3.0,5.0,4.0,1.0,2.0,2.0,2.0,1.0,5.0,4.0,5.0,4.0,4.0,4.0,3.0,1.0,1.0,3.0,4.0,4.0,5.0,2.0,1.0,5.0,2.0,2.0,1.0,1.0,1.0,2.0,2.0,1.0,4.0,,2.0,2.0,1.0,3.0,1.0,0.846161,4.0,4.5,4.0,4.0,2.0
20909.0,14.0,4.0,1.0,35.0,2.0,3.0,3.0,4.0,2.0,3.0,4.0,2.0,4.0,2.0,2.0,,,,,,,,,,,,,,,,,,1.0,1.0,,,3.0,,,,,4.0,2.0,5.0,3.0,5.0,3.0,3.0,4.0,4.0,3.0,3.0,4.0,5.0,2.0,3.0,3.0,4.0,4.0,4.0,3.0,5.0,4.0,5.0,4.0,5.0,4.0,4.0,4.0,4.0,2.0,2.0,4.0,4.0,4.0,4.0,4.0,4.0,4.0,4.0,5.0,4.0,4.0,4.0,3.0,3.0,3.0,3.0,4.0,4.0,4.0,4.0,4.0,4.0,3.0,4.0,4.0,3.0,4.0,4.0,3.0,3.0,4.0,3.0,4.0,4.0,5.0,4.0,3.0,5.0,5.0,4.0,4.0,5.0,5.0,4.0,3.0,5.0,10.0,3.0,5.0,3.0,2.0,3.0,3.0,4.0,,3.0,4.0,4.0,2.0,4.0,3.0,3.0,3.0,4.0,5.0,3.0,5.0,2.0,1.0,1.0,1.0,2.0,2.0,1.0,3.0,4.0,4.0,3.0,3.0,4.0,3.0,4.0,3.0,4.0,2.0,4.0,2.0,4.0,4.0,8.0,2.0,1.0,1.0,2.0,2.0,1.0,3.0,,3.0,2.0,1.0,2.0,2.0,1.028782,2.6666666666666665,3.5,3.0,4.0,2.0
20917.0,3.0,5.0,2.0,51.0,4.0,5.0,4.0,5.0,5.0,4.0,4.0,4.0,4.0,4.0,2.0,,,,,,,,,,,,,,,,,,2.0,2.0,,,,,,,,4.0,3.0,2.0,3.0,2.0,2.0,2.0,2.0,4.0,2.0,2.0,2.0,3.0,4.0,2.0,5.0,3.0,3.0,3.0,3.0,3.0,4.0,2.0,3.0,3.0,3.0,3.0,3.0,4.0,3.0,5.0,3.0,4.0,4.0,4.0,3.0,3.0,4.0,4.0,4.0,4.0,4.0,3.0,4.0,3.0,4.0,3.0,3.0,3.0,4.0,4.0,4.0,4.0,3.0,3.0,3.0,4.0,4.0,4.0,4.0,3.0,4.0,4.0,3.0,3.0,4.0,4.0,4.0,3.0,3.0,3.0,4.0,4.0,3.0,3.0,4.0,4.0,8.0,4.0,4.0,4.0,1.0,4.0,4.0,1.0,,4.0,4.0,4.0,2.0,4.0,4.0,4.0,4.0,3.0,4.0,4.0,3.0,2.0,1.0,2.0,2.0,1.0,4.0,4.0,3.0,4.0,4.0,3.0,3.0,4.0,4.0,4.0,3.0,3.0,3.0,4.0,4.0,4.0,9.0,8.0,1.0,1.0,1.0,2.0,2.0,1.0,4.0,,4.0,2.0,1.0,3.0,3.0,1.111192,4.0,4.0,4.0,4.0,2.0
21035.0,14.0,4.0,2.0,44.0,3.0,5.0,5.0,4.0,3.0,4.0,4.0,3.0,3.0,3.0,2.0,,,,,,,,,,,,,,,,,,1.0,2.0,,,,,,,,4.0,4.0,4.0,3.0,4.0,4.0,4.0,3.0,4.0,4.0,4.0,4.0,5.0,4.0,4.0,5.0,3.0,3.0,4.0,4.0,4.0,4.0,3.0,4.0,4.0,4.0,4.0,4.0,3.0,3.0,4.0,4.0,4.0,4.0,4.0,4.0,4.0,3.0,4.0,4.0,4.0,3.0,3.0,3.0,3.0,3.0,4.0,4.0,4.0,4.0,4.0,4.0,3.0,4.0,4.0,4.0,3.0,3.0,3.0,3.0,3.0,3.0,3.0,3.0,3.0,4.0,2.0,3.0,2.0,3.0,4.0,3.0,4.0,4.0,2.0,3.0,3.0,9.0,1.0,4.0,4.0,1.0,4.0,4.0,4.0,,4.0,3.0,4.0,1.0,4.0,4.0,5.0,5.0,5.0,4.0,4.0,4.0,1.0,1.0,2.0,1.0,2.0,4.0,4.0,3.0,3.0,2.0,2.0,2.0,2.0,2.0,2.0,2.0,2.0,2.0,2.0,3.0,4.0,9.0,9.0,1.0,1.0,1.0,1.0,1.0,,4.0,,3.0,1.0,2.0,3.0,2.0,0.826771,3.0,4.0,4.0,4.0,1.0
21051.0,14.0,4.0,1.0,54.0,4.0,5.0,5.0,4.0,5.0,4.0,4.0,4.0,4.0,4.0,2.0,,,,,,,,,,,,,,,,,,2.0,1.0,,,3.0,4.0,5.0,,,4.0,4.0,4.0,5.0,4.0,3.0,2.0,3.0,3.0,3.0,5.0,5.0,4.0,4.0,4.0,4.0,4.0,4.0,5.0,4.0,4.0,4.0,4.0,4.0,4.0,5.0,5.0,3.0,4.0,4.0,4.0,4.0,4.0,5.0,4.0,3.0,4.0,4.0,4.0,4.0,5.0,5.0,4.0,4.0,3.0,4.0,4.0,4.0,5.0,4.0,4.0,4.0,4.0,4.0,4.0,5.0,5.0,4.0,4.0,3.0,4.0,4.0,3.0,3.0,4.0,5.0,2.0,3.0,4.0,3.0,4.0,4.0,4.0,5.0,5.0,5.0,3.0,8.0,4.0,3.0,4.0,1.0,5.0,5.0,5.0,,3.0,3.0,4.0,2.0,3.0,2.0,2.0,4.0,3.0,3.0,4.0,3.0,2.0,2.0,2.0,2.0,2.0,4.0,4.0,3.0,3.0,3.0,4.0,3.0,1.0,3.0,2.0,1.0,2.0,3.0,1.0,3.0,3.0,9.0,8.0,2.0,2.0,2.0,2.0,2.0,1.0,3.0,,2.0,2.0,1.0,2.0,1.0,1.073801,4.0,4.0,5.0,3.0,2.0
21097.0,9.0,2.0,2.0,55.0,4.0,4.0,5.0,4.0,4.0,4.0,4.0,4.0,4.0,4.0,2.0,,,,,,,,,,,,,,,,,,2.0,1.0,,,,4.0,5.0,,,2.0,4.0,4.0,4.0,3.0,3.0,4.0,4.0,4.0,3.0,4.0,3.0,4.0,4.0,4.0,4.0,4.0,4.0,4.0,4.0,4.0,4.0,3.0,4.0,4.0,4.0,4.0,4.0,4.0,4.0,3.0,4.0,5.0,4.0,4.0,5.0,4.0,4.0,5.0,4.0,4.0,5.0,4.0,4.0,4.0,4.0,5.0,5.0,5.0,3.0,5.0,3.0,4.0,5.0,5.0,5.0,5.0,5.0,5.0,5.0,5.0,4.0,4.0,4.0,4.0,3.0,2.0,2.0,2.0,5.0,5.0,5.0,5.0,5.0,5.0,5.0,5.0,8.0,4.0,3.0,3.0,1.0,3.0,4.0,3.0,,3.0,3.0,3.0,2.0,3.0,3.0,3.0,4.0,4.0,3.0,4.0,4.0,1.0,2.0,2.0,2.0,2.0,4.0,4.0,3.0,3.0,3.0,3.0,3.0,3.0,3.0,3.0,3.0,3.0,4.0,3.0,3.0,4.0,6.0,6.0,1.0,1.0,1.0,1.0,2.0,1.0,2.0,,3.0,2.0,1.0,1.0,2.0,1.05617,4.0,4.0,3.5,3.0,2.0
21132.0,9.0,2.0,2.0,29.0,1.0,5.0,4.0,5.0,4.0,5.0,4.0,5.0,4.0,5.0,1.0,1.0,2.0,3.0,4.0,5.0,6.0,7.0,,9.0,10.0,11.0,12.0,,,,,,1.0,1.0,,,,,5.0,,,4.0,4.0,3.0,4.0,3.0,2.0,4.0,3.0,4.0,2.0,4.0,3.0,2.0,3.0,2.0,3.0,3.0,5.0,4.0,3.0,4.0,5.0,4.0,5.0,3.0,4.0,5.0,4.0,5.0,4.0,5.0,3.0,4.0,5.0,4.0,3.0,5.0,4.0,3.0,5.0,4.0,5.0,5.0,4.0,5.0,4.0,5.0,4.0,5.0,3.0,5.0,4.0,3.0,5.0,4.0,5.0,4.0,5.0,4.0,3.0,4.0,5.0,4.0,4.0,5.0,4.0,5.0,4.0,3.0,4.0,4.0,5.0,4.0,4.0,5.0,3.0,5.0,10.0,3.0,4.0,5.0,1.0,4.0,5.0,5.0,,4.0,5.0,4.0,1.0,4.0,5.0,4.0,3.0,4.0,5.0,4.0,3.0,1.0,1.0,1.0,1.0,1.0,4.0,5.0,4.0,5.0,4.0,4.0,5.0,4.0,5.0,4.0,5.0,4.0,4.0,5.0,5.0,4.0,3.0,3.0,1.0,1.0,1.0,1.0,2.0,1.0,4.0,,2.0,2.0,1.0,3.0,1.0,1.026542,4.666666666666667,4.5,4.5,4.0,1.0
21166.0,9.0,2.0,2.0,26.0,1.0,2.0,4.0,4.0,2.0,3.0,3.0,3.0,3.0,3.0,2.0,,,,,,,,,,,,,,,,,,2.0,2.0,,,,,,,,2.0,3.0,4.0,3.0,4.0,3.0,4.0,4.0,4.0,3.0,2.0,2.0,4.0,4.0,3.0,4.0,3.0,3.0,3.0,3.0,3.0,3.0,3.0,3.0,3.0,3.0,3.0,3.0,3.0,3.0,3.0,4.0,3.0,4.0,2.0,3.0,2.0,4.0,4.0,4.0,3.0,2.0,3.0,4.0,3.0,3.0,2.0,3.0,3.0,3.0,4.0,4.0,3.0,4.0,2.0,3.0,4.0,3.0,3.0,4.0,4.0,4.0,4.0,4.0,5.0,3.0,1.0,3.0,1.0,4.0,3.0,3.0,3.0,4.0,4.0,2.0,3.0,10.0,4.0,1.0,3.0,1.0,4.0,4.0,3.0,,3.0,4.0,5.0,2.0,2.0,1.0,2.0,4.0,3.0,3.0,4.0,2.0,2.0,2.0,2.0,2.0,2.0,4.0,4.0,4.0,4.0,2.0,2.0,2.0,2.0,2.0,2.0,2.0,2.0,2.0,2.0,2.0,3.0,6.0,6.0,2.0,2.0,2.0,2.0,1.0,,2.0,,3.0,1.0,2.0,1.0,2.0,1.026542,3.0,3.0,4.0,2.0,2.0
21170.0,7.0,6.0,2.0,57.0,4.0,5.0,5.0,4.0,3.0,5.0,4.0,4.0,4.0,2.0,1.0,1.0,2.0,3.0,4.0,5.0,6.0,,,,,,,13.0,,,,,2.0,1.0,,,,4.0,5.0,,,3.0,3.0,3.0,3.0,2.0,2.0,4.0,2.0,3.0,2.0,3.0,3.0,4.0,3.0,4.0,4.0,4.0,4.0,4.0,4.0,2.0,2.0,4.0,4.0,4.0,4.0,4.0,4.0,3.0,3.0,4.0,4.0,4.0,4.0,3.0,3.0,2.0,3.0,3.0,4.0,4.0,4.0,4.0,3.0,3.0,3.0,3.0,4.0,4.0,3.0,4.0,3.0,4.0,4.0,4.0,3.0,3.0,3.0,3.0,3.0,3.0,3.0,4.0,4.0,3.0,3.0,2.0,3.0,3.0,2.0,3.0,3.0,2.0,2.0,3.0,2.0,3.0,10.0,2.0,4.0,3.0,1.0,4.0,4.0,1.0,,3.0,3.0,4.0,1.0,3.0,2.0,3.0,4.0,3.0,3.0,4.0,4.0,1.0,2.0,2.0,1.0,2.0,3.0,2.0,3.0,2.0,3.0,2.0,2.0,1.0,1.0,1.0,2.0,1.0,2.0,1.0,1.0,2.0,7.0,6.0,2.0,2.0,2.0,2.0,4.0,1.0,8.0,,4.0,3.0,1.0,7.0,3.0,1.142237,3.3333333333333335,4.5,4.0,3.0,1.0
21227.0,1.0,1.0,2.0,55.0,4.0,5.0,5.0,4.0,3.0,4.0,4.0,4.0,4.0,4.0,1.0,1.0,2.0,3.0,4.0,5.0,6.0,,,,,,,,,,,,2.0,2.0,,,,,,,,3.0,4.0,4.0,3.0,3.0,3.0,3.0,3.0,3.0,3.0,3.0,3.0,4.0,4.0,4.0,5.0,4.0,4.0,4.0,4.0,4.0,4.0,4.0,5.0,5.0,5.0,5.0,4.0,5.0,4.0,4.0,4.0,4.0,4.0,4.0,4.0,4.0,4.0,5.0,5.0,5.0,5.0,4.0,5.0,4.0,4.0,4.0,4.0,4.0,4.0,4.0,4.0,4.0,5.0,5.0,5.0,5.0,4.0,5.0,4.0,4.0,4.0,4.0,4.0,4.0,3.0,2.0,4.0,4.0,3.0,4.0,3.0,4.0,3.0,3.0,3.0,4.0,7.0,4.0,3.0,2.0,1.0,4.0,4.0,2.0,,4.0,4.0,4.0,1.0,4.0,2.0,3.0,4.0,4.0,2.0,4.0,3.0,2.0,2.0,2.0,1.0,2.0,4.0,4.0,4.0,3.0,3.0,4.0,3.0,2.0,2.0,3.0,3.0,3.0,4.0,3.0,2.0,4.0,10.0,4.0,2.0,2.0,2.0,2.0,2.0,2.0,4.0,,3.0,2.0,2.0,3.0,2.0,1.053567,4.0,4.0,4.0,4.0,1.0
21246.0,9.0,2.0,2.0,45.0,3.0,5.0,4.0,4.0,3.0,4.0,4.0,4.0,3.0,4.0,2.0,,,,,,,,,,,,,,,,,,2.0,1.0,,,,4.0,5.0,,,3.0,3.0,4.0,4.0,4.0,3.0,4.0,3.0,5.0,5.0,4.0,4.0,4.0,5.0,4.0,4.0,3.0,3.0,3.0,3.0,3.0,4.0,4.0,5.0,5.0,4.0,4.0,3.0,4.0,4.0,4.0,4.0,4.0,4.0,3.0,3.0,3.0,3.0,3.0,3.0,3.0,3.0,4.0,4.0,4.0,4.0,3.0,3.0,3.0,3.0,3.0,3.0,3.0,3.0,4.0,4.0,4.0,4.0,3.0,3.0,2.0,4.0,4.0,3.0,4.0,4.0,2.0,3.0,2.0,4.0,4.0,2.0,3.0,4.0,4.0,4.0,4.0,10.0,4.0,4.0,4.0,1.0,4.0,4.0,3.0,,4.0,4.0,4.0,2.0,3.0,2.0,2.0,4.0,4.0,2.0,3.0,3.0,2.0,2.0,2.0,2.0,2.0,4.0,4.0,4.0,4.0,2.0,3.0,3.0,3.0,3.0,2.0,2.0,2.0,2.0,2.0,2.0,3.0,9.0,8.0,1.0,1.0,2.0,2.0,2.0,1.0,5.0,,4.0,2.0,1.0,4.0,3.0,0.965456,3.6666666666666665,4.0,4.0,3.0,2.0
21282.0,1.0,1.0,2.0,41.0,3.0,5.0,5.0,5.0,5.0,5.0,5.0,3.0,3.0,3.0,1.0,1.0,2.0,3.0,4.0,5.0,,,,,,,,,,,,,2.0,2.0,,,,,,,,2.0,4.0,4.0,4.0,4.0,3.0,4.0,3.0,4.0,4.0,4.0,3.0,4.0,4.0,4.0,5.0,4.0,4.0,4.0,4.0,3.0,4.0,4.0,4.0,4.0,4.0,3.0,1.0,4.0,3.0,1.0,4.0,4.0,4.0,4.0,3.0,2.0,4.0,3.0,4.0,4.0,3.0,2.0,4.0,2.0,4.0,4.0,4.0,4.0,4.0,4.0,2.0,4.0,3.0,4.0,4.0,2.0,2.0,4.0,2.0,2.0,4.0,4.0,4.0,4.0,4.0,2.0,3.0,2.0,4.0,4.0,4.0,3.0,4.0,2.0,3.0,4.0,2.0,4.0,4.0,4.0,1.0,5.0,5.0,3.0,,2.0,3.0,4.0,2.0,2.0,1.0,1.0,4.0,3.0,2.0,4.0,2.0,1.0,2.0,2.0,1.0,1.0,4.0,4.0,2.0,4.0,3.0,3.0,2.0,1.0,1.0,1.0,1.0,1.0,1.0,1.0,2.0,4.0,4.0,4.0,1.0,2.0,2.0,2.0,2.0,1.0,2.0,,3.0,2.0,1.0,1.0,2.0,1.098998,3.0,5.0,5.0,2.0,2.0
21315.0,9.0,2.0,1.0,42.0,3.0,5.0,5.0,4.0,4.0,4.0,4.0,4.0,4.0,4.0,1.0,1.0,2.0,3.0,4.0,5.0,,,,,,,,13.0,,,,,1.0,1.0,,,,4.0,,,,4.0,3.0,3.0,3.0,3.0,3.0,3.0,3.0,4.0,3.0,3.0,3.0,3.0,3.0,3.0,4.0,3.0,3.0,4.0,3.0,4.0,3.0,3.0,4.0,4.0,4.0,3.0,3.0,4.0,3.0,4.0,3.0,3.0,4.0,3.0,4.0,3.0,3.0,3.0,4.0,3.0,3.0,3.0,4.0,3.0,4.0,3.0,3.0,4.0,3.0,4.0,3.0,3.0,3.0,4.0,3.0,3.0,3.0,4.0,3.0,4.0,4.0,3.0,4.0,4.0,3.0,2.0,2.0,1.0,4.0,4.0,4.0,4.0,5.0,4.0,4.0,4.0,9.0,4.0,3.0,4.0,1.0,4.0,4.0,3.0,,4.0,4.0,3.0,1.0,4.0,3.0,3.0,4.0,3.0,3.0,4.0,3.0,1.0,1.0,1.0,1.0,1.0,4.0,4.0,4.0,4.0,3.0,4.0,3.0,2.0,2.0,2.0,1.0,2.0,4.0,3.0,3.0,4.0,3.0,6.0,1.0,1.0,1.0,1.0,2.0,1.0,4.0,,3.0,2.0,1.0,3.0,2.0,1.065336,4.0,4.0,4.0,4.0,1.0
21338.0,9.0,2.0,1.0,30.0,2.0,4.0,5.0,5.0,4.0,4.0,4.0,5.0,4.0,4.0,2.0,,,,,,,,,,,,,,,,,,2.0,1.0,,,3.0,,5.0,,,2.0,4.0,4.0,3.0,3.0,4.0,4.0,2.0,4.0,3.0,3.0,2.0,4.0,5.0,4.0,5.0,4.0,4.0,3.0,4.0,4.0,3.0,3.0,4.0,4.0,4.0,3.0,3.0,5.0,4.0,5.0,5.0,4.0,5.0,4.0,4.0,4.0,5.0,4.0,4.0,5.0,4.0,4.0,5.0,4.0,5.0,5.0,4.0,4.0,3.0,4.0,3.0,3.0,3.0,4.0,4.0,4.0,3.0,4.0,3.0,5.0,3.0,4.0,4.0,4.0,3.0,4.0,3.0,4.0,4.0,4.0,3.0,4.0,5.0,4.0,4.0,5.0,6.0,4.0,3.0,4.0,1.0,4.0,4.0,3.0,,4.0,4.0,3.0,1.0,3.0,4.0,3.0,5.0,3.0,2.0,4.0,3.0,2.0,1.0,1.0,2.0,1.0,5.0,4.0,5.0,5.0,5.0,4.0,3.0,5.0,5.0,5.0,4.0,4.0,5.0,4.0,4.0,4.0,8.0,8.0,1.0,2.0,1.0,2.0,1.0,,4.0,,4.0,1.0,2.0,3.0,3.0,0.921551,4.333333333333333,4.0,4.0,3.0,1.0
21385.0,9.0,2.0,2.0,52.0,4.0,5.0,5.0,5.0,5.0,4.0,4.0,3.0,3.0,2.0,2.0,,,,,,,,,,,,,,,,,,2.0,2.0,,,,,,,,2.0,5.0,4.0,4.0,5.0,4.0,5.0,3.0,5.0,4.0,3.0,4.0,4.0,4.0,3.0,5.0,5.0,5.0,5.0,4.0,4.0,4.0,4.0,5.0,5.0,4.0,4.0,4.0,5.0,3.0,4.0,5.0,5.0,5.0,4.0,4.0,4.0,3.0,4.0,4.0,4.0,4.0,4.0,5.0,3.0,3.0,5.0,5.0,5.0,4.0,4.0,4.0,4.0,5.0,4.0,4.0,4.0,4.0,5.0,4.0,4.0,2.0,2.0,5.0,4.0,2.0,1.0,4.0,3.0,3.0,3.0,1.0,4.0,5.0,4.0,5.0,5.0,7.0,4.0,2.0,4.0,1.0,5.0,5.0,4.0,,3.0,3.0,4.0,2.0,3.0,2.0,2.0,3.0,3.0,2.0,2.0,2.0,2.0,2.0,2.0,2.0,1.0,3.0,3.0,3.0,1.0,1.0,3.0,1.0,1.0,1.0,1.0,1.0,1.0,1.0,1.0,1.0,3.0,6.0,11.0,1.0,2.0,2.0,2.0,2.0,1.0,5.0,,4.0,2.0,1.0,4.0,3.0,1.05617,2.6666666666666665,4.0,5.0,3.0,2.0
21472.0,1.0,1.0,2.0,52.0,4.0,5.0,5.0,4.0,3.0,5.0,5.0,5.0,5.0,4.0,1.0,1.0,2.0,3.0,4.0,5.0,,,,,,,,,,,,,1.0,2.0,,,,,,,,4.0,3.0,3.0,3.0,2.0,2.0,3.0,2.0,4.0,3.0,2.0,3.0,3.0,4.0,3.0,3.0,4.0,5.0,5.0,4.0,5.0,4.0,4.0,5.0,5.0,5.0,5.0,3.0,5.0,4.0,4.0,3.0,3.0,3.0,3.0,3.0,2.0,3.0,3.0,3.0,3.0,3.0,2.0,3.0,2.0,2.0,5.0,5.0,5.0,5.0,5.0,4.0,4.0,5.0,4.0,5.0,5.0,4.0,5.0,4.0,3.0,5.0,3.0,4.0,5.0,4.0,1.0,3.0,2.0,4.0,4.0,2.0,4.0,4.0,3.0,2.0,4.0,9.0,3.0,4.0,3.0,2.0,4.0,2.0,2.0,,4.0,4.0,4.0,1.0,4.0,2.0,3.0,4.0,4.0,3.0,4.0,4.0,1.0,2.0,2.0,1.0,1.0,4.0,3.0,4.0,4.0,3.0,2.0,2.0,1.0,1.0,1.0,2.0,2.0,2.0,1.0,1.0,4.0,9.0,3.0,1.0,1.0,1.0,2.0,1.0,,4.0,,3.0,1.0,2.0,3.0,2.0,1.053567,4.666666666666667,5.0,3.0,4.0,1.0
21523.0,2.0,6.0,1.0,35.0,2.0,5.0,5.0,4.0,2.0,4.0,3.0,3.0,2.0,3.0,2.0,,,,,,,,,,,,,,,,,,2.0,2.0,,,,,,,,2.0,4.0,5.0,4.0,4.0,4.0,4.0,4.0,4.0,4.0,4.0,4.0,4.0,4.0,4.0,5.0,2.0,1.0,2.0,1.0,1.0,1.0,1.0,1.0,2.0,2.0,1.0,1.0,5.0,4.0,3.0,1.0,1.0,1.0,1.0,1.0,1.0,1.0,1.0,1.0,1.0,1.0,1.0,5.0,1.0,1.0,2.0,2.0,1.0,2.0,2.0,2.0,1.0,1.0,2.0,2.0,1.0,2.0,2.0,2.0,1.0,5.0,5.0,4.0,5.0,4.0,1.0,3.0,1.0,5.0,5.0,4.0,3.0,3.0,5.0,5.0,4.0,7.0,4.0,4.0,4.0,1.0,5.0,5.0,4.0,,2.0,1.0,1.0,2.0,1.0,1.0,2.0,4.0,4.0,2.0,3.0,3.0,2.0,2.0,2.0,2.0,2.0,1.0,3.0,1.0,1.0,1.0,1.0,1.0,1.0,1.0,1.0,1.0,1.0,1.0,1.0,1.0,2.0,2.0,1.0,1.0,1.0,2.0,1.0,2.0,1.0,4.0,,5.0,2.0,1.0,3.0,3.0,0.80892,2.6666666666666665,3.5,5.0,1.0,2.0
21526.0,9.0,2.0,2.0,54.0,4.0,5.0,5.0,4.0,3.0,4.0,4.0,4.0,4.0,3.0,2.0,,,,,,,,,,,,,,,,,,2.0,2.0,,,,,,,,2.0,4.0,4.0,3.0,3.0,4.0,4.0,4.0,4.0,4.0,4.0,3.0,5.0,5.0,5.0,5.0,4.0,4.0,4.0,4.0,4.0,4.0,4.0,4.0,4.0,4.0,4.0,5.0,5.0,3.0,4.0,4.0,4.0,4.0,4.0,4.0,4.0,4.0,4.0,4.0,4.0,4.0,5.0,5.0,3.0,3.0,4.0,4.0,3.0,2.0,3.0,4.0,3.0,3.0,4.0,3.0,3.0,5.0,5.0,3.0,5.0,3.0,2.0,3.0,4.0,3.0,3.0,2.0,3.0,3.0,4.0,3.0,2.0,3.0,4.0,4.0,3.0,10.0,2.0,2.0,2.0,1.0,4.0,4.0,4.0,,3.0,3.0,4.0,2.0,2.0,2.0,2.0,2.0,3.0,3.0,4.0,3.0,2.0,2.0,2.0,2.0,2.0,3.0,4.0,4.0,4.0,3.0,3.0,3.0,2.0,1.0,1.0,1.0,1.0,2.0,1.0,3.0,1.0,10.0,10.0,2.0,2.0,2.0,2.0,2.0,1.0,2.0,,3.0,2.0,1.0,1.0,2.0,1.05617,3.6666666666666665,4.0,4.0,2.0,2.0
21528.0,9.0,2.0,2.0,41.0,3.0,5.0,5.0,4.0,3.0,4.0,4.0,3.0,4.0,3.0,1.0,1.0,2.0,3.0,4.0,5.0,6.0,,,,,,,,,,,,2.0,1.0,,,,4.0,5.0,,,2.0,3.0,3.0,4.0,3.0,3.0,5.0,3.0,4.0,4.0,3.0,3.0,4.0,4.0,4.0,5.0,3.0,4.0,4.0,4.0,3.0,4.0,3.0,4.0,4.0,4.0,3.0,4.0,5.0,4.0,3.0,3.0,3.0,3.0,3.0,3.0,2.0,3.0,4.0,3.0,4.0,3.0,4.0,5.0,5.0,4.0,3.0,4.0,4.0,3.0,3.0,4.0,3.0,4.0,4.0,4.0,3.0,4.0,5.0,4.0,3.0,3.0,3.0,4.0,4.0,3.0,2.0,4.0,3.0,3.0,3.0,2.0,3.0,4.0,4.0,4.0,3.0,8.0,2.0,3.0,3.0,1.0,4.0,4.0,3.0,,3.0,3.0,4.0,1.0,3.0,1.0,2.0,4.0,2.0,3.0,3.0,3.0,2.0,1.0,1.0,1.0,2.0,3.0,4.0,3.0,3.0,2.0,3.0,2.0,2.0,1.0,1.0,2.0,2.0,2.0,3.0,3.0,4.0,6.0,3.0,1.0,2.0,1.0,2.0,1.0,,4.0,,4.0,1.0,2.0,3.0,3.0,0.965456,3.3333333333333335,4.0,4.0,3.0,1.0
21552.0,8.0,3.0,2.0,45.0,3.0,5.0,5.0,4.0,4.0,4.0,4.0,4.0,4.0,4.0,2.0,,,,,,,,,,,,,,,,,,2.0,1.0,1.0,,3.0,4.0,5.0,,,4.0,5.0,5.0,3.0,4.0,4.0,4.0,4.0,5.0,5.0,5.0,4.0,5.0,5.0,5.0,5.0,5.0,5.0,4.0,4.0,5.0,5.0,5.0,5.0,4.0,5.0,4.0,4.0,5.0,5.0,5.0,4.0,4.0,3.0,4.0,3.0,3.0,3.0,3.0,3.0,4.0,3.0,4.0,4.0,4.0,3.0,4.0,4.0,4.0,4.0,4.0,4.0,3.0,3.0,3.0,4.0,3.0,4.0,3.0,4.0,3.0,4.0,3.0,4.0,4.0,4.0,3.0,3.0,2.0,3.0,4.0,3.0,3.0,5.0,5.0,5.0,4.0,9.0,1.0,2.0,3.0,1.0,4.0,4.0,3.0,,3.0,4.0,4.0,1.0,4.0,2.0,3.0,4.0,4.0,4.0,4.0,4.0,1.0,1.0,1.0,2.0,2.0,4.0,4.0,4.0,4.0,4.0,4.0,4.0,1.0,1.0,1.0,1.0,1.0,1.0,1.0,2.0,4.0,3.0,3.0,1.0,2.0,2.0,2.0,2.0,1.0,4.0,,3.0,2.0,1.0,3.0,2.0,0.951541,4.0,4.0,4.0,4.0,1.0
21572.0,4.0,2.0,2.0,40.0,3.0,5.0,5.0,5.0,4.0,5.0,3.0,3.0,4.0,3.0,1.0,1.0,2.0,3.0,4.0,5.0,,,,,,,12.0,13.0,,,,,2.0,1.0,1.0,,3.0,4.0,5.0,,,2.0,3.0,4.0,3.0,4.0,3.0,4.0,3.0,4.0,3.0,3.0,2.0,4.0,4.0,3.0,4.0,3.0,2.0,3.0,3.0,3.0,3.0,3.0,4.0,3.0,3.0,3.0,3.0,3.0,3.0,3.0,3.0,2.0,3.0,3.0,3.0,3.0,2.0,3.0,3.0,3.0,2.0,2.0,3.0,3.0,2.0,3.0,3.0,3.0,3.0,3.0,3.0,3.0,3.0,3.0,3.0,3.0,3.0,3.0,3.0,3.0,4.0,3.0,3.0,4.0,4.0,2.0,4.0,3.0,4.0,4.0,3.0,3.0,4.0,4.0,4.0,4.0,5.0,1.0,2.0,4.0,1.0,5.0,5.0,3.0,,3.0,3.0,4.0,2.0,2.0,1.0,2.0,3.0,2.0,3.0,3.0,3.0,2.0,2.0,1.0,1.0,2.0,4.0,4.0,2.0,2.0,2.0,3.0,2.0,1.0,1.0,1.0,2.0,2.0,2.0,2.0,1.0,3.0,6.0,6.0,2.0,2.0,2.0,2.0,2.0,1.0,4.0,,3.0,2.0,1.0,3.0,2.0,0.965456,3.3333333333333335,4.0,5.0,2.0,2.0
21576.0,1.0,1.0,1.0,49.0,3.0,5.0,5.0,5.0,5.0,5.0,5.0,4.0,4.0,4.0,2.0,,,,,,,,,,,,,,,,,,1.0,2.0,,,,,,,,3.0,3.0,4.0,3.0,3.0,3.0,4.0,3.0,4.0,4.0,3.0,4.0,5.0,4.0,4.0,4.0,4.0,4.0,4.0,4.0,4.0,3.0,3.0,4.0,3.0,4.0,4.0,4.0,4.0,4.0,4.0,3.0,3.0,3.0,3.0,3.0,4.0,3.0,3.0,4.0,4.0,3.0,3.0,4.0,3.0,3.0,3.0,3.0,3.0,3.0,3.0,3.0,3.0,3.0,3.0,3.0,4.0,3.0,4.0,3.0,3.0,4.0,4.0,3.0,4.0,3.0,4.0,3.0,4.0,4.0,3.0,3.0,4.0,4.0,4.0,4.0,4.0,10.0,4.0,4.0,4.0,1.0,3.0,3.0,3.0,,3.0,4.0,3.0,2.0,2.0,1.0,2.0,4.0,3.0,4.0,4.0,3.0,1.0,2.0,2.0,1.0,1.0,4.0,4.0,2.0,2.0,2.0,2.0,2.0,2.0,2.0,2.0,2.0,2.0,3.0,2.0,2.0,3.0,11.0,10.0,2.0,1.0,2.0,1.0,1.0,,4.0,,4.0,1.0,2.0,3.0,3.0,1.074504,4.0,5.0,3.0,2.0,2.0
21590.0,6.0,3.0,1.0,48.0,3.0,5.0,5.0,4.0,3.0,4.0,3.0,4.0,3.0,4.0,2.0,,,,,,,,,,,,,,,,,,2.0,2.0,,,,,,,,3.0,4.0,4.0,2.0,3.0,3.0,4.0,2.0,4.0,3.0,2.0,1.0,3.0,4.0,4.0,4.0,3.0,4.0,4.0,4.0,4.0,3.0,4.0,4.0,4.0,4.0,5.0,3.0,5.0,5.0,3.0,3.0,4.0,4.0,4.0,4.0,2.0,4.0,4.0,4.0,4.0,4.0,2.0,5.0,5.0,1.0,3.0,4.0,4.0,3.0,4.0,1.0,4.0,4.0,4.0,4.0,5.0,1.0,5.0,5.0,1.0,4.0,3.0,3.0,4.0,3.0,2.0,3.0,2.0,3.0,4.0,3.0,3.0,3.0,4.0,4.0,3.0,9.0,3.0,3.0,2.0,1.0,4.0,2.0,3.0,,4.0,4.0,4.0,2.0,4.0,1.0,3.0,4.0,2.0,3.0,3.0,3.0,2.0,1.0,2.0,2.0,2.0,4.0,4.0,4.0,4.0,4.0,2.0,2.0,1.0,1.0,1.0,3.0,1.0,3.0,1.0,1.0,4.0,9.0,9.0,2.0,2.0,2.0,2.0,1.0,,3.0,,4.0,1.0,2.0,2.0,3.0,0.776027,3.6666666666666665,3.5,3.0,4.0,2.0
21639.0,9.0,2.0,2.0,44.0,3.0,4.0,4.0,3.0,2.0,4.0,4.0,4.0,4.0,4.0,2.0,,,,,,,,,,,,,,,,,,2.0,2.0,,,,,,,,4.0,4.0,4.0,3.0,4.0,4.0,4.0,3.0,3.0,3.0,3.0,3.0,4.0,4.0,4.0,4.0,4.0,4.0,4.0,4.0,4.0,4.0,4.0,4.0,4.0,4.0,4.0,4.0,4.0,4.0,4.0,4.0,4.0,4.0,4.0,4.0,4.0,4.0,4.0,4.0,4.0,4.0,4.0,4.0,4.0,4.0,4.0,4.0,4.0,4.0,4.0,4.0,4.0,4.0,4.0,4.0,4.0,4.0,4.0,4.0,4.0,4.0,3.0,4.0,4.0,3.0,3.0,3.0,3.0,4.0,4.0,4.0,4.0,4.0,4.0,3.0,3.0,5.0,2.0,3.0,4.0,1.0,4.0,4.0,3.0,,3.0,3.0,3.0,1.0,4.0,2.0,2.0,4.0,2.0,2.0,4.0,3.0,1.0,2.0,2.0,1.0,2.0,4.0,4.0,2.0,2.0,2.0,2.0,2.0,2.0,2.0,2.0,2.0,3.0,2.0,2.0,2.0,4.0,3.0,3.0,1.0,2.0,1.0,2.0,2.0,1.0,5.0,,3.0,2.0,1.0,4.0,2.0,0.965456,4.0,4.0,4.0,4.0,1.0
21670.0,9.0,2.0,2.0,33.0,2.0,5.0,4.0,5.0,4.0,4.0,4.0,4.0,4.0,5.0,2.0,,,,,,,,,,,,,,,,,,1.0,1.0,1.0,,,,,,,2.0,3.0,3.0,2.0,1.0,2.0,2.0,2.0,3.0,2.0,3.0,2.0,5.0,5.0,3.0,5.0,4.0,4.0,4.0,4.0,4.0,5.0,2.0,4.0,2.0,1.0,1.0,1.0,5.0,3.0,5.0,4.0,3.0,4.0,4.0,2.0,3.0,4.0,4.0,2.0,4.0,4.0,4.0,4.0,4.0,4.0,5.0,5.0,3.0,5.0,5.0,3.0,1.0,3.0,3.0,2.0,2.0,1.0,5.0,1.0,5.0,4.0,2.0,2.0,1.0,5.0,5.0,5.0,4.0,2.0,4.0,3.0,4.0,2.0,2.0,2.0,2.0,3.0,3.0,2.0,5.0,1.0,5.0,5.0,4.0,,1.0,1.0,5.0,2.0,1.0,1.0,1.0,4.0,4.0,1.0,5.0,3.0,2.0,2.0,1.0,2.0,2.0,4.0,4.0,2.0,2.0,2.0,2.0,2.0,1.0,1.0,1.0,1.0,1.0,4.0,4.0,1.0,5.0,8.0,4.0,2.0,2.0,2.0,2.0,1.0,,4.0,,3.0,1.0,2.0,3.0,2.0,1.051499,4.333333333333333,4.0,5.0,1.0,2.0
21678.0,9.0,2.0,1.0,28.0,1.0,4.0,5.0,4.0,3.0,4.0,4.0,4.0,4.0,3.0,2.0,,,,,,,,,,,,,,,,,,2.0,2.0,,,,,,,,3.0,4.0,4.0,4.0,4.0,3.0,4.0,3.0,4.0,4.0,3.0,3.0,4.0,4.0,4.0,4.0,4.0,4.0,4.0,4.0,4.0,3.0,4.0,4.0,4.0,4.0,4.0,4.0,3.0,4.0,4.0,4.0,3.0,4.0,4.0,4.0,4.0,4.0,3.0,4.0,4.0,4.0,4.0,4.0,4.0,4.0,3.0,4.0,3.0,4.0,4.0,4.0,3.0,3.0,4.0,4.0,3.0,4.0,3.0,4.0,4.0,4.0,3.0,3.0,4.0,3.0,2.0,4.0,4.0,4.0,3.0,4.0,4.0,3.0,4.0,3.0,4.0,6.0,4.0,4.0,4.0,2.0,3.0,3.0,4.0,,4.0,4.0,3.0,2.0,4.0,3.0,3.0,2.0,2.0,3.0,2.0,2.0,2.0,2.0,2.0,2.0,2.0,3.0,3.0,2.0,3.0,2.0,3.0,3.0,1.0,1.0,2.0,2.0,3.0,2.0,3.0,3.0,4.0,6.0,7.0,2.0,2.0,2.0,2.0,1.0,,7.0,,3.0,1.0,2.0,6.0,2.0,1.051424,3.6666666666666665,4.0,3.0,4.0,2.0
21692.0,9.0,2.0,2.0,24.0,1.0,5.0,5.0,4.0,4.0,4.0,3.0,4.0,4.0,4.0,1.0,1.0,2.0,3.0,4.0,5.0,6.0,,8.0,,,11.0,12.0,,,,,,2.0,1.0,,,,,,9997.0,사이트 털림,3.0,5.0,5.0,5.0,5.0,5.0,5.0,4.0,5.0,5.0,5.0,4.0,5.0,5.0,5.0,5.0,2.0,2.0,2.0,2.0,2.0,2.0,3.0,4.0,3.0,2.0,2.0,2.0,4.0,4.0,2.0,1.0,1.0,1.0,1.0,1.0,1.0,1.0,1.0,1.0,1.0,4.0,3.0,3.0,3.0,2.0,3.0,4.0,4.0,3.0,4.0,3.0,4.0,4.0,4.0,4.0,5.0,3.0,4.0,4.0,4.0,4.0,4.0,5.0,5.0,4.0,1.0,3.0,3.0,4.0,4.0,3.0,4.0,3.0,4.0,3.0,4.0,6.0,4.0,2.0,4.0,1.0,4.0,4.0,2.0,,2.0,2.0,2.0,1.0,3.0,3.0,3.0,4.0,3.0,2.0,3.0,4.0,2.0,2.0,2.0,2.0,2.0,3.0,3.0,3.0,3.0,3.0,3.0,2.0,2.0,2.0,1.0,2.0,3.0,5.0,2.0,1.0,2.0,11.0,6.0,2.0,2.0,2.0,2.0,1.0,,7.0,,4.0,1.0,2.0,6.0,3.0,1.026542,4.0,3.5,4.0,3.0,1.0
21693.0,1.0,1.0,2.0,22.0,1.0,5.0,5.0,4.0,4.0,4.0,4.0,4.0,4.0,4.0,2.0,,,,,,,,,,,,,,,,,,1.0,2.0,,,,,,,,3.0,4.0,4.0,4.0,4.0,4.0,4.0,3.0,4.0,4.0,4.0,3.0,4.0,4.0,4.0,4.0,4.0,4.0,4.0,4.0,4.0,4.0,4.0,4.0,4.0,4.0,4.0,4.0,4.0,4.0,4.0,4.0,4.0,4.0,4.0,4.0,4.0,4.0,4.0,4.0,4.0,4.0,4.0,4.0,4.0,4.0,4.0,4.0,4.0,4.0,4.0,4.0,4.0,4.0,4.0,4.0,4.0,4.0,4.0,4.0,4.0,4.0,4.0,4.0,4.0,4.0,3.0,4.0,3.0,4.0,4.0,4.0,4.0,4.0,4.0,4.0,4.0,6.0,3.0,3.0,3.0,1.0,4.0,4.0,2.0,,3.0,3.0,3.0,1.0,4.0,3.0,3.0,3.0,3.0,3.0,3.0,3.0,1.0,1.0,1.0,1.0,1.0,4.0,4.0,4.0,4.0,4.0,4.0,4.0,4.0,3.0,3.0,3.0,4.0,4.0,4.0,3.0,4.0,6.0,6.0,1.0,1.0,1.0,1.0,1.0,,6.0,,3.0,1.0,2.0,5.0,2.0,1.034762,4.0,4.0,4.0,4.0,1.0
21702.0,1.0,1.0,1.0,47.0,3.0,5.0,5.0,3.0,3.0,4.0,4.0,4.0,4.0,4.0,2.0,,,,,,,,,,,,,,,,,,2.0,2.0,,,,,,,,4.0,3.0,3.0,2.0,3.0,3.0,3.0,2.0,3.0,4.0,3.0,3.0,3.0,3.0,4.0,4.0,3.0,3.0,3.0,3.0,2.0,3.0,2.0,4.0,4.0,4.0,3.0,3.0,4.0,2.0,3.0,3.0,3.0,3.0,3.0,3.0,3.0,3.0,4.0,4.0,4.0,3.0,3.0,4.0,2.0,3.0,3.0,3.0,3.0,3.0,3.0,3.0,2.0,4.0,3.0,4.0,3.0,3.0,4.0,3.0,3.0,3.0,3.0,4.0,4.0,3.0,2.0,2.0,2.0,4.0,4.0,3.0,4.0,4.0,4.0,4.0,4.0,9.0,3.0,2.0,4.0,2.0,3.0,2.0,2.0,,3.0,4.0,4.0,1.0,4.0,2.0,3.0,4.0,4.0,2.0,4.0,3.0,1.0,2.0,2.0,1.0,1.0,4.0,4.0,4.0,4.0,4.0,3.0,4.0,2.0,2.0,4.0,4.0,4.0,4.0,4.0,2.0,4.0,9.0,3.0,1.0,2.0,1.0,1.0,2.0,1.0,4.0,,2.0,2.0,1.0,3.0,1.0,1.074504,4.0,4.0,2.5,4.0,1.0
21719.0,9.0,2.0,2.0,49.0,3.0,5.0,5.0,3.0,3.0,3.0,3.0,2.0,3.0,2.0,2.0,,,,,,,,,,,,,,,,,,2.0,1.0,,,,,5.0,9997.0,스팸문자,2.0,3.0,3.0,3.0,3.0,3.0,3.0,3.0,3.0,3.0,2.0,2.0,3.0,3.0,3.0,3.0,3.0,3.0,3.0,3.0,3.0,2.0,3.0,4.0,4.0,3.0,3.0,2.0,3.0,2.0,3.0,3.0,3.0,3.0,3.0,3.0,3.0,3.0,3.0,3.0,3.0,3.0,2.0,2.0,3.0,2.0,2.0,3.0,3.0,2.0,3.0,2.0,2.0,3.0,3.0,3.0,3.0,2.0,2.0,2.0,2.0,3.0,3.0,4.0,5.0,4.0,2.0,2.0,2.0,4.0,3.0,3.0,3.0,3.0,3.0,3.0,3.0,6.0,4.0,2.0,3.0,1.0,5.0,4.0,2.0,,3.0,3.0,3.0,2.0,3.0,3.0,3.0,3.0,3.0,2.0,4.0,3.0,2.0,2.0,2.0,2.0,2.0,3.0,4.0,3.0,3.0,2.0,2.0,2.0,1.0,1.0,2.0,2.0,3.0,3.0,3.0,3.0,3.0,9.0,3.0,2.0,2.0,2.0,2.0,2.0,1.0,5.0,,3.0,2.0,1.0,4.0,2.0,0.965456,2.3333333333333335,3.0,4.5,3.0,2.0
21766.0,2.0,6.0,1.0,56.0,4.0,4.0,5.0,4.0,4.0,3.0,2.0,2.0,3.0,2.0,2.0,,,,,,,,,,,,,,,,,,2.0,2.0,,,,,,,,3.0,4.0,3.0,3.0,3.0,3.0,4.0,3.0,4.0,4.0,2.0,3.0,4.0,3.0,4.0,4.0,1.0,1.0,1.0,1.0,1.0,1.0,1.0,1.0,1.0,3.0,3.0,3.0,4.0,3.0,1.0,1.0,1.0,1.0,1.0,1.0,1.0,1.0,1.0,1.0,1.0,1.0,4.0,4.0,3.0,2.0,1.0,1.0,1.0,1.0,1.0,1.0,1.0,1.0,1.0,1.0,3.0,3.0,4.0,4.0,2.0,4.0,3.0,3.0,3.0,4.0,3.0,2.0,3.0,3.0,4.0,3.0,3.0,4.0,4.0,3.0,3.0,7.0,2.0,2.0,3.0,1.0,4.0,4.0,1.0,,3.0,3.0,4.0,2.0,3.0,1.0,2.0,4.0,3.0,3.0,4.0,3.0,2.0,2.0,2.0,1.0,2.0,4.0,4.0,4.0,4.0,3.0,3.0,3.0,1.0,1.0,2.0,1.0,1.0,1.0,1.0,1.0,1.0,7.0,4.0,1.0,2.0,2.0,2.0,2.0,1.0,4.0,,3.0,2.0,1.0,3.0,2.0,1.044509,2.3333333333333335,2.5,4.0,3.0,2.0
21807.0,9.0,2.0,1.0,57.0,4.0,5.0,5.0,5.0,5.0,4.0,5.0,4.0,4.0,4.0,1.0,,,,,,,,,,,,,13.0,,,,,1.0,1.0,,,3.0,,5.0,,,4.0,4.0,4.0,3.0,4.0,3.0,3.0,3.0,5.0,4.0,3.0,2.0,3.0,4.0,4.0,5.0,4.0,4.0,5.0,4.0,5.0,3.0,5.0,5.0,5.0,5.0,4.0,3.0,4.0,3.0,3.0,4.0,5.0,5.0,4.0,5.0,3.0,5.0,5.0,5.0,5.0,4.0,3.0,4.0,3.0,3.0,5.0,5.0,5.0,4.0,5.0,3.0,5.0,5.0,5.0,5.0,4.0,3.0,4.0,3.0,3.0,4.0,3.0,4.0,5.0,4.0,3.0,4.0,4.0,5.0,5.0,4.0,5.0,4.0,5.0,5.0,5.0,10.0,4.0,5.0,3.0,1.0,3.0,2.0,3.0,,4.0,5.0,5.0,1.0,5.0,5.0,5.0,4.0,4.0,3.0,3.0,4.0,1.0,1.0,2.0,1.0,1.0,4.0,4.0,4.0,4.0,4.0,5.0,5.0,2.0,3.0,4.0,3.0,3.0,4.0,4.0,2.0,4.0,3.0,9.0,1.0,1.0,1.0,1.0,2.0,1.0,4.0,,3.0,2.0,1.0,3.0,2.0,1.048518,4.0,4.5,2.5,5.0,1.0
21845.0,4.0,2.0,1.0,42.0,3.0,5.0,5.0,3.0,3.0,4.0,4.0,4.0,4.0,3.0,2.0,,,,,,,,,,,,,,,,,,2.0,2.0,,,,,,,,3.0,3.0,3.0,2.0,2.0,2.0,2.0,1.0,3.0,3.0,2.0,2.0,3.0,4.0,4.0,5.0,4.0,4.0,4.0,4.0,4.0,2.0,3.0,4.0,4.0,3.0,4.0,5.0,5.0,4.0,5.0,5.0,5.0,5.0,4.0,5.0,4.0,5.0,5.0,5.0,4.0,5.0,5.0,5.0,4.0,5.0,4.0,4.0,4.0,3.0,4.0,3.0,4.0,4.0,4.0,3.0,4.0,5.0,5.0,4.0,5.0,4.0,2.0,2.0,5.0,3.0,1.0,2.0,2.0,4.0,4.0,2.0,4.0,5.0,5.0,5.0,3.0,4.0,4.0,4.0,4.0,1.0,4.0,3.0,5.0,,4.0,4.0,2.0,1.0,3.0,1.0,3.0,5.0,3.0,4.0,4.0,4.0,1.0,2.0,2.0,1.0,2.0,3.0,2.0,3.0,2.0,1.0,3.0,1.0,1.0,1.0,2.0,1.0,1.0,4.0,3.0,1.0,3.0,8.0,7.0,1.0,2.0,1.0,2.0,2.0,1.0,4.0,,3.0,2.0,1.0,3.0,2.0,1.065336,3.6666666666666665,4.0,3.5,3.0,1.0
21996.0,13.0,4.0,1.0,29.0,1.0,4.0,4.0,3.0,2.0,3.0,3.0,4.0,4.0,4.0,2.0,,,,,,,,,,,,,,,,,,2.0,2.0,,,,,,,,2.0,3.0,3.0,3.0,3.0,3.0,2.0,2.0,3.0,3.0,3.0,2.0,3.0,3.0,3.0,4.0,2.0,2.0,2.0,2.0,2.0,2.0,2.0,4.0,4.0,4.0,2.0,2.0,2.0,2.0,2.0,2.0,2.0,2.0,2.0,2.0,2.0,2.0,4.0,4.0,4.0,2.0,2.0,2.0,2.0,2.0,2.0,2.0,2.0,2.0,2.0,2.0,2.0,4.0,4.0,4.0,2.0,2.0,2.0,2.0,2.0,4.0,3.0,3.0,4.0,4.0,2.0,3.0,2.0,4.0,4.0,3.0,3.0,3.0,4.0,4.0,3.0,3.0,3.0,2.0,4.0,1.0,4.0,4.0,2.0,,3.0,3.0,3.0,2.0,2.0,2.0,2.0,3.0,3.0,2.0,3.0,2.0,2.0,2.0,2.0,2.0,2.0,4.0,4.0,4.0,4.0,4.0,3.0,2.0,3.0,2.0,2.0,3.0,2.0,2.0,2.0,2.0,3.0,8.0,8.0,2.0,2.0,2.0,2.0,1.0,,2.0,,5.0,1.0,2.0,1.0,3.0,1.158012,4.0,3.0,4.0,2.0,2.0
22007.0,1.0,1.0,1.0,51.0,4.0,4.0,4.0,4.0,4.0,4.0,4.0,4.0,4.0,4.0,2.0,,,,,,,,,,,,,,,,,,2.0,1.0,,,3.0,,5.0,,,3.0,4.0,4.0,3.0,3.0,3.0,3.0,3.0,4.0,3.0,3.0,3.0,4.0,4.0,4.0,4.0,4.0,4.0,4.0,4.0,4.0,4.0,4.0,4.0,4.0,4.0,3.0,3.0,3.0,3.0,3.0,3.0,3.0,3.0,3.0,3.0,3.0,3.0,2.0,2.0,2.0,2.0,2.0,2.0,2.0,2.0,4.0,4.0,4.0,4.0,4.0,4.0,4.0,4.0,4.0,4.0,4.0,4.0,2.0,2.0,3.0,4.0,4.0,3.0,4.0,3.0,2.0,3.0,3.0,3.0,3.0,3.0,4.0,3.0,4.0,4.0,3.0,5.0,4.0,4.0,4.0,1.0,4.0,4.0,2.0,,3.0,3.0,3.0,2.0,2.0,1.0,1.0,4.0,2.0,4.0,4.0,2.0,1.0,2.0,2.0,1.0,1.0,4.0,4.0,3.0,4.0,3.0,4.0,4.0,2.0,2.0,2.0,2.0,3.0,3.0,3.0,2.0,4.0,5.0,4.0,1.0,1.0,2.0,1.0,2.0,1.0,4.0,,3.0,2.0,1.0,3.0,2.0,1.101675,4.0,4.0,4.0,2.0,2.0
22034.0,2.0,6.0,2.0,23.0,1.0,5.0,5.0,5.0,5.0,5.0,5.0,4.0,5.0,4.0,2.0,,,,,,,,,,,,,,,,,,2.0,2.0,,,,,,,,4.0,4.0,4.0,3.0,3.0,3.0,5.0,1.0,4.0,4.0,2.0,1.0,1.0,2.0,1.0,5.0,5.0,5.0,5.0,1.0,1.0,1.0,5.0,5.0,5.0,1.0,1.0,1.0,5.0,1.0,1.0,5.0,5.0,5.0,5.0,5.0,5.0,5.0,5.0,5.0,5.0,5.0,5.0,5.0,5.0,5.0,5.0,5.0,5.0,1.0,3.0,1.0,5.0,5.0,5.0,5.0,5.0,5.0,5.0,1.0,3.0,4.0,5.0,5.0,5.0,5.0,2.0,4.0,4.0,5.0,5.0,1.0,3.0,5.0,2.0,3.0,3.0,9.0,4.0,2.0,4.0,1.0,4.0,4.0,1.0,,5.0,4.0,5.0,1.0,4.0,3.0,3.0,5.0,3.0,5.0,5.0,5.0,2.0,2.0,2.0,2.0,2.0,5.0,5.0,5.0,5.0,3.0,5.0,3.0,1.0,1.0,1.0,3.0,3.0,1.0,1.0,1.0,4.0,6.0,1.0,2.0,2.0,2.0,2.0,1.0,,4.0,,5.0,1.0,2.0,3.0,3.0,1.101295,4.333333333333333,5.0,4.0,4.0,1.0
22037.0,10.0,3.0,1.0,51.0,4.0,4.0,4.0,4.0,3.0,4.0,4.0,3.0,4.0,4.0,2.0,,,,,,,,,,,,,,,,,,2.0,2.0,,,,,,,,3.0,3.0,3.0,3.0,3.0,3.0,3.0,2.0,3.0,3.0,2.0,2.0,3.0,3.0,3.0,4.0,4.0,4.0,4.0,3.0,4.0,3.0,4.0,4.0,3.0,3.0,4.0,4.0,4.0,3.0,4.0,3.0,3.0,3.0,3.0,3.0,3.0,3.0,4.0,3.0,3.0,3.0,4.0,4.0,3.0,4.0,4.0,4.0,4.0,4.0,4.0,4.0,4.0,4.0,4.0,4.0,4.0,4.0,4.0,4.0,4.0,4.0,4.0,4.0,4.0,3.0,2.0,2.0,3.0,3.0,3.0,3.0,3.0,4.0,4.0,4.0,4.0,6.0,1.0,3.0,3.0,1.0,3.0,3.0,2.0,,3.0,4.0,4.0,1.0,4.0,3.0,3.0,4.0,3.0,3.0,3.0,3.0,2.0,1.0,1.0,1.0,2.0,4.0,4.0,3.0,2.0,4.0,2.0,2.0,2.0,2.0,4.0,2.0,2.0,4.0,3.0,2.0,3.0,6.0,6.0,2.0,2.0,2.0,2.0,2.0,1.0,3.0,,3.0,2.0,1.0,2.0,2.0,0.875187,3.6666666666666665,4.0,3.0,4.0,1.0
22039.0,9.0,2.0,2.0,59.0,4.0,5.0,5.0,4.0,3.0,4.0,4.0,3.0,3.0,3.0,1.0,1.0,2.0,,4.0,5.0,,,,,,11.0,,,,,,,1.0,1.0,1.0,,3.0,4.0,5.0,,,2.0,3.0,3.0,3.0,3.0,3.0,3.0,3.0,4.0,3.0,3.0,3.0,3.0,3.0,3.0,4.0,3.0,3.0,3.0,2.0,2.0,3.0,3.0,4.0,3.0,4.0,4.0,2.0,4.0,3.0,2.0,2.0,3.0,4.0,2.0,2.0,2.0,3.0,4.0,4.0,3.0,3.0,2.0,5.0,3.0,2.0,2.0,3.0,3.0,2.0,2.0,2.0,4.0,4.0,4.0,2.0,3.0,2.0,4.0,3.0,2.0,4.0,2.0,2.0,2.0,3.0,2.0,4.0,2.0,4.0,4.0,4.0,4.0,4.0,4.0,4.0,3.0,6.0,4.0,3.0,4.0,1.0,5.0,5.0,4.0,,2.0,2.0,4.0,2.0,2.0,4.0,3.0,4.0,3.0,1.0,4.0,2.0,1.0,2.0,2.0,1.0,1.0,4.0,4.0,2.0,2.0,2.0,2.0,2.0,1.0,2.0,2.0,2.0,2.0,2.0,2.0,4.0,3.0,11.0,11.0,1.0,2.0,1.0,2.0,2.0,1.0,4.0,,4.0,2.0,1.0,3.0,3.0,1.05617,3.0,4.0,5.0,2.0,2.0
22076.0,1.0,1.0,2.0,36.0,2.0,5.0,5.0,3.0,2.0,4.0,4.0,3.0,4.0,3.0,2.0,,,,,,,,,,,,,,,,,,2.0,1.0,,,3.0,,5.0,,,2.0,4.0,4.0,4.0,4.0,4.0,4.0,3.0,3.0,3.0,3.0,4.0,5.0,5.0,5.0,5.0,4.0,4.0,4.0,4.0,4.0,4.0,4.0,4.0,4.0,4.0,4.0,3.0,4.0,3.0,3.0,4.0,4.0,4.0,4.0,4.0,4.0,4.0,4.0,4.0,4.0,4.0,4.0,4.0,3.0,4.0,4.0,4.0,4.0,4.0,3.0,4.0,3.0,4.0,4.0,4.0,4.0,4.0,4.0,3.0,4.0,5.0,2.0,4.0,4.0,5.0,1.0,1.0,1.0,5.0,5.0,5.0,5.0,5.0,5.0,5.0,5.0,6.0,3.0,3.0,5.0,1.0,5.0,5.0,1.0,,3.0,3.0,3.0,2.0,3.0,2.0,3.0,4.0,2.0,2.0,5.0,3.0,2.0,1.0,1.0,1.0,2.0,3.0,4.0,1.0,1.0,1.0,1.0,1.0,1.0,1.0,1.0,1.0,4.0,4.0,1.0,1.0,4.0,6.0,6.0,1.0,1.0,1.0,1.0,2.0,1.0,4.0,,3.0,2.0,1.0,3.0,2.0,1.036816,3.3333333333333335,4.0,5.0,3.0,2.0
22079.0,4.0,2.0,1.0,28.0,1.0,4.0,4.0,4.0,4.0,3.0,3.0,3.0,4.0,3.0,2.0,,,,,,,,,,,,,,,,,,2.0,2.0,,,,,,,,2.0,3.0,4.0,3.0,4.0,4.0,4.0,3.0,3.0,3.0,3.0,2.0,3.0,4.0,3.0,4.0,4.0,4.0,4.0,4.0,4.0,4.0,4.0,3.0,4.0,4.0,2.0,2.0,4.0,2.0,2.0,4.0,4.0,4.0,4.0,4.0,4.0,4.0,3.0,3.0,4.0,3.0,3.0,4.0,2.0,2.0,3.0,2.0,4.0,4.0,4.0,4.0,4.0,4.0,3.0,4.0,3.0,4.0,4.0,2.0,2.0,4.0,4.0,4.0,4.0,3.0,3.0,4.0,3.0,3.0,3.0,2.0,2.0,2.0,2.0,2.0,3.0,5.0,4.0,2.0,4.0,1.0,5.0,5.0,1.0,,2.0,3.0,3.0,2.0,2.0,2.0,2.0,4.0,1.0,2.0,4.0,2.0,2.0,2.0,2.0,2.0,2.0,3.0,1.0,3.0,3.0,3.0,4.0,1.0,2.0,2.0,2.0,2.0,4.0,4.0,4.0,4.0,4.0,7.0,5.0,2.0,2.0,2.0,2.0,1.0,,4.0,,4.0,1.0,2.0,3.0,3.0,1.051424,3.3333333333333335,3.0,5.0,2.0,2.0
22087.0,9.0,2.0,1.0,52.0,4.0,4.0,4.0,4.0,4.0,3.0,3.0,4.0,4.0,4.0,2.0,,,,,,,,,,,,,,,,,,2.0,2.0,,,,,,,,3.0,4.0,4.0,3.0,3.0,2.0,3.0,2.0,3.0,2.0,2.0,2.0,4.0,4.0,4.0,5.0,3.0,3.0,2.0,2.0,2.0,3.0,2.0,2.0,2.0,2.0,2.0,3.0,3.0,3.0,5.0,3.0,3.0,2.0,3.0,2.0,3.0,2.0,2.0,2.0,2.0,2.0,3.0,3.0,3.0,5.0,4.0,4.0,3.0,4.0,2.0,4.0,3.0,3.0,3.0,3.0,3.0,4.0,4.0,4.0,5.0,5.0,4.0,4.0,4.0,4.0,3.0,5.0,3.0,3.0,5.0,3.0,4.0,3.0,3.0,3.0,4.0,10.0,3.0,2.0,3.0,1.0,3.0,3.0,1.0,,3.0,4.0,4.0,1.0,3.0,4.0,3.0,4.0,1.0,3.0,4.0,3.0,1.0,2.0,2.0,2.0,2.0,5.0,5.0,5.0,5.0,5.0,5.0,5.0,3.0,5.0,3.0,3.0,5.0,4.0,5.0,5.0,5.0,6.0,1.0,2.0,2.0,2.0,2.0,1.0,,4.0,,5.0,1.0,2.0,3.0,3.0,1.048518,4.0,3.0,3.0,3.0,1.0
22093.0,10.0,3.0,1.0,48.0,3.0,5.0,5.0,4.0,4.0,4.0,3.0,3.0,4.0,3.0,1.0,1.0,,3.0,4.0,5.0,6.0,,,,,,,,,,,,2.0,1.0,1.0,,3.0,4.0,5.0,,,2.0,3.0,3.0,3.0,3.0,3.0,4.0,2.0,5.0,3.0,3.0,2.0,5.0,4.0,4.0,5.0,3.0,3.0,3.0,3.0,2.0,2.0,2.0,3.0,3.0,2.0,2.0,3.0,3.0,3.0,3.0,3.0,4.0,4.0,3.0,4.0,2.0,2.0,4.0,4.0,4.0,2.0,2.0,4.0,2.0,2.0,4.0,3.0,4.0,3.0,3.0,3.0,3.0,4.0,4.0,4.0,2.0,2.0,2.0,2.0,3.0,4.0,2.0,3.0,3.0,3.0,2.0,2.0,3.0,3.0,5.0,3.0,3.0,4.0,4.0,3.0,4.0,7.0,4.0,3.0,4.0,1.0,4.0,4.0,2.0,,3.0,3.0,3.0,2.0,3.0,2.0,3.0,3.0,2.0,2.0,3.0,3.0,2.0,2.0,2.0,2.0,2.0,4.0,4.0,4.0,2.0,2.0,3.0,2.0,1.0,1.0,3.0,2.0,2.0,2.0,2.0,2.0,3.0,7.0,7.0,2.0,2.0,2.0,2.0,2.0,1.0,4.0,,3.0,2.0,1.0,3.0,2.0,0.776027,3.3333333333333335,3.5,4.0,3.0,2.0
22115.0,16.0,6.0,2.0,33.0,2.0,5.0,5.0,4.0,4.0,4.0,4.0,4.0,5.0,4.0,1.0,1.0,2.0,3.0,4.0,5.0,6.0,7.0,,,,11.0,12.0,13.0,,,,,2.0,2.0,,,,,,,,2.0,4.0,4.0,4.0,3.0,3.0,5.0,3.0,5.0,4.0,4.0,3.0,5.0,5.0,4.0,5.0,5.0,5.0,5.0,5.0,4.0,4.0,5.0,5.0,5.0,5.0,5.0,4.0,5.0,4.0,4.0,5.0,5.0,5.0,5.0,5.0,5.0,5.0,5.0,5.0,5.0,5.0,5.0,5.0,5.0,3.0,5.0,5.0,5.0,5.0,5.0,5.0,5.0,5.0,5.0,5.0,5.0,5.0,5.0,3.0,3.0,4.0,4.0,4.0,5.0,4.0,2.0,4.0,3.0,2.0,4.0,4.0,4.0,5.0,4.0,4.0,3.0,10.0,4.0,3.0,5.0,1.0,4.0,4.0,5.0,,3.0,3.0,4.0,2.0,3.0,3.0,4.0,5.0,3.0,3.0,3.0,3.0,1.0,1.0,2.0,1.0,1.0,5.0,4.0,5.0,4.0,4.0,3.0,3.0,2.0,2.0,3.0,3.0,3.0,4.0,3.0,2.0,3.0,8.0,2.0,1.0,1.0,1.0,2.0,1.0,,4.0,,3.0,1.0,2.0,3.0,2.0,0.910786,4.333333333333333,4.0,4.0,3.0,2.0
22161.0,4.0,2.0,1.0,35.0,2.0,4.0,5.0,4.0,3.0,4.0,3.0,3.0,4.0,3.0,2.0,,,,,,,,,,,,,,,,,,2.0,1.0,,,,,5.0,,,2.0,5.0,5.0,4.0,4.0,4.0,4.0,2.0,4.0,4.0,4.0,4.0,5.0,4.0,3.0,5.0,1.0,1.0,2.0,2.0,3.0,2.0,2.0,2.0,2.0,1.0,1.0,1.0,1.0,1.0,2.0,2.0,2.0,2.0,1.0,3.0,2.0,2.0,2.0,2.0,2.0,2.0,2.0,2.0,2.0,2.0,2.0,2.0,2.0,2.0,1.0,2.0,1.0,2.0,1.0,1.0,2.0,3.0,3.0,2.0,3.0,3.0,2.0,4.0,4.0,4.0,3.0,4.0,4.0,1.0,1.0,4.0,3.0,2.0,3.0,2.0,3.0,2.0,4.0,2.0,3.0,1.0,5.0,4.0,4.0,,3.0,3.0,4.0,1.0,4.0,3.0,4.0,4.0,3.0,4.0,4.0,3.0,2.0,2.0,2.0,2.0,2.0,4.0,4.0,4.0,4.0,2.0,2.0,1.0,2.0,1.0,2.0,1.0,2.0,3.0,1.0,1.0,3.0,10.0,4.0,2.0,2.0,2.0,2.0,1.0,,4.0,,3.0,1.0,2.0,3.0,2.0,0.921551,3.3333333333333335,3.5,4.5,4.0,1.0
22187.0,11.0,3.0,2.0,52.0,4.0,5.0,5.0,5.0,3.0,4.0,4.0,2.0,2.0,2.0,2.0,,,,,,,,,,,,,,,,,,2.0,1.0,,,,,5.0,,,2.0,2.0,4.0,4.0,3.0,3.0,4.0,4.0,5.0,4.0,4.0,5.0,5.0,5.0,4.0,3.0,3.0,3.0,3.0,2.0,3.0,3.0,1.0,3.0,3.0,3.0,3.0,3.0,5.0,4.0,3.0,3.0,3.0,3.0,3.0,3.0,3.0,3.0,3.0,3.0,3.0,3.0,3.0,5.0,4.0,3.0,3.0,3.0,3.0,3.0,3.0,3.0,3.0,3.0,3.0,3.0,3.0,4.0,4.0,4.0,3.0,4.0,2.0,2.0,5.0,3.0,2.0,4.0,3.0,3.0,2.0,2.0,4.0,3.0,3.0,3.0,3.0,9.0,5.0,3.0,3.0,1.0,5.0,5.0,4.0,,2.0,2.0,3.0,2.0,2.0,1.0,1.0,3.0,2.0,2.0,3.0,3.0,2.0,2.0,2.0,1.0,2.0,4.0,4.0,2.0,2.0,1.0,2.0,2.0,1.0,1.0,1.0,1.0,1.0,2.0,1.0,2.0,2.0,9.0,9.0,1.0,2.0,1.0,2.0,2.0,1.0,2.0,,3.0,2.0,1.0,1.0,2.0,0.976223,2.0,4.0,5.0,2.0,2.0
22198.0,9.0,2.0,2.0,55.0,4.0,5.0,5.0,5.0,5.0,4.0,4.0,4.0,4.0,4.0,2.0,,,,,,,,,,,,,,,,,,1.0,2.0,,,,,,,,2.0,3.0,3.0,3.0,3.0,3.0,4.0,3.0,4.0,3.0,3.0,3.0,4.0,3.0,4.0,4.0,3.0,3.0,3.0,3.0,3.0,2.0,2.0,3.0,3.0,3.0,3.0,2.0,3.0,3.0,3.0,2.0,2.0,2.0,2.0,2.0,2.0,2.0,2.0,2.0,2.0,2.0,3.0,2.0,2.0,2.0,2.0,3.0,2.0,2.0,2.0,2.0,3.0,3.0,2.0,2.0,2.0,2.0,3.0,3.0,2.0,4.0,4.0,4.0,4.0,4.0,3.0,4.0,3.0,2.0,5.0,5.0,4.0,4.0,4.0,3.0,5.0,10.0,4.0,4.0,3.0,1.0,4.0,4.0,1.0,,4.0,4.0,4.0,1.0,4.0,4.0,4.0,4.0,4.0,3.0,4.0,3.0,1.0,1.0,1.0,1.0,1.0,4.0,5.0,4.0,5.0,5.0,4.0,4.0,4.0,4.0,4.0,5.0,4.0,3.0,5.0,5.0,4.0,11.0,11.0,1.0,1.0,1.0,1.0,2.0,1.0,4.0,,2.0,2.0,1.0,3.0,1.0,1.05617,4.0,4.0,4.0,4.0,1.0
22224.0,6.0,3.0,2.0,24.0,1.0,3.0,4.0,3.0,3.0,4.0,4.0,4.0,4.0,4.0,2.0,,,,,,,,,,,,,,,,,,2.0,2.0,,,,,,,,4.0,4.0,4.0,3.0,4.0,4.0,5.0,2.0,4.0,2.0,2.0,2.0,4.0,4.0,4.0,5.0,4.0,4.0,4.0,4.0,4.0,5.0,4.0,4.0,4.0,4.0,4.0,4.0,5.0,4.0,2.0,1.0,1.0,1.0,1.0,1.0,1.0,1.0,1.0,1.0,1.0,1.0,1.0,4.0,4.0,1.0,4.0,5.0,4.0,4.0,5.0,4.0,5.0,5.0,5.0,5.0,5.0,4.0,5.0,3.0,2.0,4.0,1.0,3.0,4.0,5.0,1.0,4.0,4.0,4.0,4.0,4.0,3.0,3.0,3.0,2.0,4.0,6.0,2.0,2.0,4.0,1.0,2.0,2.0,4.0,,4.0,4.0,5.0,1.0,4.0,4.0,4.0,5.0,3.0,4.0,5.0,4.0,1.0,2.0,1.0,1.0,2.0,4.0,5.0,4.0,5.0,3.0,2.0,3.0,3.0,3.0,3.0,4.0,3.0,4.0,3.0,1.0,4.0,6.0,4.0,2.0,2.0,2.0,2.0,1.0,,6.0,,4.0,1.0,2.0,5.0,3.0,0.987061,4.0,4.0,2.0,4.0,1.0
22236.0,14.0,4.0,2.0,26.0,1.0,5.0,5.0,4.0,3.0,4.0,3.0,3.0,4.0,2.0,2.0,,,,,,,,,,,,,,,,,,2.0,2.0,,,,,,,,2.0,4.0,4.0,4.0,3.0,3.0,5.0,2.0,3.0,3.0,3.0,3.0,4.0,4.0,3.0,5.0,4.0,4.0,4.0,4.0,4.0,4.0,4.0,4.0,4.0,4.0,4.0,4.0,4.0,3.0,3.0,2.0,2.0,2.0,2.0,2.0,2.0,2.0,4.0,4.0,4.0,4.0,4.0,4.0,2.0,2.0,2.0,2.0,2.0,2.0,2.0,2.0,2.0,2.0,2.0,2.0,2.0,2.0,2.0,2.0,2.0,4.0,4.0,4.0,4.0,3.0,2.0,2.0,1.0,4.0,4.0,4.0,4.0,4.0,2.0,3.0,4.0,9.0,4.0,4.0,4.0,1.0,4.0,4.0,2.0,,3.0,3.0,4.0,2.0,3.0,1.0,1.0,4.0,4.0,4.0,4.0,4.0,1.0,2.0,2.0,2.0,2.0,4.0,4.0,4.0,2.0,1.0,1.0,1.0,1.0,1.0,1.0,4.0,4.0,4.0,1.0,1.0,2.0,9.0,4.0,2.0,2.0,2.0,2.0,1.0,,6.0,,3.0,1.0,2.0,5.0,2.0,1.080984,3.0,3.5,4.0,3.0,2.0
22255.0,4.0,2.0,1.0,52.0,4.0,5.0,4.0,3.0,3.0,4.0,2.0,4.0,2.0,4.0,2.0,,,,,,,,,,,,,,,,,,1.0,2.0,,,,,,,,2.0,4.0,4.0,3.0,2.0,3.0,4.0,5.0,3.0,3.0,4.0,3.0,3.0,5.0,5.0,5.0,2.0,2.0,3.0,4.0,4.0,3.0,5.0,4.0,2.0,4.0,4.0,1.0,2.0,3.0,4.0,2.0,3.0,3.0,5.0,4.0,4.0,3.0,5.0,2.0,2.0,3.0,2.0,5.0,3.0,4.0,3.0,4.0,3.0,4.0,3.0,3.0,4.0,4.0,4.0,4.0,2.0,2.0,3.0,2.0,4.0,4.0,4.0,2.0,2.0,4.0,1.0,2.0,3.0,3.0,3.0,5.0,4.0,5.0,4.0,5.0,3.0,9.0,3.0,2.0,2.0,1.0,5.0,5.0,4.0,,3.0,4.0,5.0,1.0,3.0,3.0,3.0,4.0,3.0,3.0,4.0,4.0,2.0,2.0,1.0,2.0,2.0,3.0,3.0,4.0,5.0,2.0,4.0,3.0,2.0,2.0,3.0,3.0,4.0,3.0,2.0,3.0,3.0,11.0,8.0,2.0,2.0,2.0,1.0,2.0,1.0,4.0,,4.0,2.0,1.0,3.0,3.0,1.048518,3.3333333333333335,3.0,5.0,3.0,1.0
22286.0,1.0,1.0,1.0,37.0,2.0,4.0,5.0,4.0,4.0,4.0,3.0,4.0,3.0,3.0,2.0,,,,,,,,,,,,,,,,,,2.0,2.0,,,,,,,,3.0,4.0,3.0,4.0,4.0,4.0,3.0,4.0,3.0,3.0,4.0,4.0,3.0,4.0,4.0,3.0,4.0,5.0,4.0,4.0,2.0,3.0,4.0,3.0,4.0,3.0,4.0,5.0,3.0,4.0,3.0,3.0,3.0,4.0,4.0,5.0,4.0,3.0,3.0,3.0,4.0,4.0,5.0,4.0,3.0,3.0,5.0,4.0,3.0,2.0,4.0,3.0,2.0,3.0,4.0,3.0,4.0,5.0,3.0,4.0,3.0,3.0,4.0,5.0,3.0,2.0,4.0,3.0,3.0,3.0,2.0,3.0,4.0,5.0,3.0,2.0,3.0,6.0,3.0,3.0,3.0,1.0,3.0,3.0,5.0,,2.0,3.0,4.0,2.0,3.0,3.0,3.0,3.0,2.0,2.0,2.0,3.0,1.0,2.0,1.0,1.0,2.0,4.0,3.0,2.0,3.0,3.0,3.0,3.0,3.0,4.0,4.0,5.0,5.0,4.0,3.0,3.0,3.0,6.0,6.0,1.0,2.0,1.0,2.0,2.0,1.0,4.0,,3.0,2.0,1.0,3.0,2.0,1.080947,3.3333333333333335,3.5,3.0,3.0,2.0
22291.0,1.0,1.0,2.0,48.0,3.0,5.0,5.0,4.0,4.0,4.0,5.0,4.0,4.0,4.0,2.0,,,,,,,,,,,,,,,,,,1.0,1.0,1.0,,,,,,,4.0,3.0,3.0,2.0,3.0,2.0,4.0,3.0,3.0,4.0,2.0,3.0,4.0,4.0,4.0,5.0,4.0,4.0,4.0,4.0,3.0,5.0,4.0,5.0,5.0,4.0,4.0,5.0,5.0,5.0,5.0,4.0,4.0,4.0,4.0,4.0,5.0,4.0,5.0,5.0,4.0,4.0,5.0,5.0,5.0,5.0,4.0,4.0,4.0,4.0,4.0,5.0,3.0,4.0,4.0,5.0,4.0,5.0,5.0,4.0,5.0,4.0,4.0,3.0,4.0,4.0,3.0,4.0,3.0,4.0,4.0,4.0,4.0,3.0,4.0,4.0,4.0,6.0,3.0,4.0,3.0,1.0,4.0,4.0,4.0,,4.0,4.0,5.0,1.0,4.0,4.0,3.0,4.0,4.0,3.0,4.0,3.0,1.0,1.0,1.0,1.0,2.0,4.0,4.0,4.0,3.0,3.0,4.0,3.0,5.0,5.0,4.0,4.0,4.0,5.0,4.0,3.0,4.0,6.0,8.0,1.0,1.0,2.0,2.0,1.0,,4.0,,3.0,1.0,2.0,3.0,2.0,1.098998,4.0,4.5,4.0,4.0,1.0
22297.0,1.0,1.0,1.0,41.0,3.0,4.0,4.0,4.0,4.0,4.0,4.0,4.0,4.0,4.0,2.0,,,,,,,,,,,,,,,,,,2.0,2.0,,,,,,,,3.0,3.0,3.0,1.0,3.0,3.0,3.0,1.0,2.0,2.0,2.0,2.0,3.0,3.0,3.0,3.0,4.0,4.0,3.0,3.0,3.0,4.0,4.0,3.0,4.0,5.0,4.0,4.0,5.0,5.0,4.0,5.0,4.0,4.0,4.0,5.0,5.0,3.0,4.0,5.0,4.0,4.0,4.0,4.0,3.0,4.0,3.0,4.0,4.0,5.0,3.0,4.0,4.0,5.0,4.0,3.0,5.0,4.0,4.0,5.0,4.0,4.0,5.0,3.0,4.0,3.0,4.0,3.0,4.0,4.0,4.0,5.0,4.0,3.0,3.0,3.0,5.0,6.0,3.0,3.0,3.0,2.0,3.0,3.0,4.0,,3.0,3.0,3.0,1.0,3.0,4.0,3.0,4.0,3.0,2.0,3.0,4.0,1.0,2.0,1.0,2.0,1.0,4.0,3.0,4.0,3.0,4.0,3.0,4.0,3.0,3.0,4.0,4.0,3.0,3.0,3.0,4.0,3.0,6.0,6.0,1.0,2.0,1.0,2.0,2.0,1.0,4.0,,3.0,2.0,1.0,3.0,2.0,1.074504,4.0,4.0,3.0,3.0,1.0
22365.0,1.0,1.0,1.0,21.0,1.0,5.0,5.0,5.0,5.0,3.0,3.0,1.0,1.0,1.0,2.0,,,,,,,,,,,,,,,,,,2.0,1.0,,,3.0,,5.0,,,2.0,3.0,3.0,2.0,2.0,2.0,1.0,1.0,3.0,2.0,1.0,1.0,3.0,2.0,3.0,5.0,1.0,1.0,1.0,1.0,1.0,1.0,1.0,1.0,1.0,1.0,2.0,2.0,3.0,2.0,1.0,1.0,2.0,2.0,1.0,1.0,2.0,1.0,1.0,2.0,2.0,2.0,1.0,3.0,3.0,1.0,2.0,1.0,1.0,2.0,2.0,1.0,2.0,2.0,1.0,1.0,2.0,1.0,3.0,3.0,2.0,4.0,4.0,4.0,5.0,5.0,5.0,4.0,4.0,1.0,1.0,4.0,4.0,5.0,1.0,1.0,1.0,1.0,1.0,2.0,5.0,1.0,5.0,5.0,1.0,,2.0,2.0,3.0,2.0,2.0,1.0,1.0,2.0,1.0,1.0,1.0,2.0,1.0,1.0,1.0,1.0,1.0,1.0,3.0,1.0,1.0,1.0,2.0,2.0,1.0,1.0,1.0,1.0,2.0,2.0,1.0,1.0,1.0,10.0,10.0,2.0,2.0,2.0,1.0,1.0,,6.0,,2.0,1.0,2.0,5.0,1.0,1.112248,1.0,3.0,5.0,2.0,2.0
22383.0,9.0,2.0,1.0,56.0,4.0,5.0,5.0,3.0,3.0,1.0,1.0,1.0,3.0,3.0,2.0,,,,,,,,,,,,,,,,,,2.0,1.0,,,3.0,,,,,1.0,3.0,5.0,5.0,3.0,3.0,3.0,3.0,4.0,5.0,3.0,3.0,3.0,5.0,3.0,3.0,3.0,5.0,1.0,1.0,1.0,1.0,1.0,1.0,1.0,1.0,1.0,1.0,5.0,3.0,3.0,4.0,4.0,1.0,1.0,3.0,5.0,3.0,2.0,1.0,5.0,2.0,4.0,3.0,3.0,2.0,5.0,5.0,4.0,3.0,3.0,4.0,4.0,5.0,5.0,4.0,4.0,3.0,5.0,2.0,2.0,3.0,2.0,4.0,5.0,4.0,1.0,1.0,1.0,5.0,5.0,4.0,4.0,4.0,4.0,4.0,5.0,11.0,2.0,3.0,1.0,1.0,3.0,5.0,1.0,,1.0,1.0,4.0,2.0,1.0,1.0,1.0,5.0,1.0,4.0,4.0,1.0,2.0,2.0,2.0,2.0,2.0,1.0,1.0,1.0,2.0,2.0,2.0,1.0,1.0,1.0,1.0,1.0,1.0,4.0,4.0,1.0,5.0,5.0,4.0,2.0,2.0,2.0,2.0,3.0,1.0,7.0,,5.0,3.0,1.0,6.0,3.0,1.048518,2.3333333333333335,1.0,4.0,1.0,2.0
22387.0,3.0,5.0,2.0,34.0,2.0,5.0,5.0,4.0,3.0,3.0,3.0,4.0,4.0,4.0,1.0,1.0,2.0,3.0,4.0,5.0,,,,,,,,,,,,,1.0,1.0,,,,4.0,,,,3.0,4.0,4.0,4.0,3.0,4.0,4.0,3.0,4.0,3.0,2.0,2.0,4.0,4.0,4.0,5.0,4.0,4.0,4.0,4.0,4.0,3.0,2.0,4.0,4.0,4.0,3.0,4.0,4.0,4.0,4.0,5.0,5.0,5.0,3.0,3.0,4.0,3.0,4.0,4.0,4.0,3.0,5.0,5.0,3.0,4.0,4.0,5.0,5.0,4.0,3.0,4.0,4.0,5.0,3.0,5.0,3.0,5.0,5.0,3.0,4.0,4.0,4.0,4.0,5.0,3.0,2.0,3.0,4.0,3.0,2.0,3.0,4.0,3.0,3.0,2.0,4.0,9.0,4.0,3.0,4.0,1.0,4.0,4.0,2.0,,3.0,2.0,4.0,2.0,3.0,3.0,3.0,4.0,3.0,3.0,4.0,3.0,1.0,1.0,2.0,1.0,1.0,4.0,4.0,4.0,4.0,4.0,4.0,4.0,2.0,2.0,3.0,4.0,3.0,4.0,3.0,3.0,4.0,11.0,1.0,1.0,1.0,1.0,2.0,2.0,2.0,4.0,,3.0,2.0,2.0,3.0,2.0,1.024093,4.0,3.0,4.0,3.0,2.0
22394.0,9.0,2.0,2.0,40.0,3.0,5.0,5.0,2.0,1.0,4.0,3.0,3.0,3.0,4.0,2.0,,,,,,,,,,,,,,,,,,2.0,2.0,,,,,,,,1.0,4.0,5.0,4.0,4.0,3.0,5.0,2.0,5.0,5.0,3.0,3.0,5.0,5.0,4.0,5.0,4.0,4.0,4.0,3.0,4.0,5.0,5.0,5.0,5.0,5.0,5.0,5.0,5.0,4.0,5.0,4.0,4.0,4.0,4.0,4.0,4.0,3.0,4.0,4.0,3.0,3.0,4.0,5.0,4.0,4.0,4.0,4.0,5.0,4.0,4.0,5.0,3.0,5.0,5.0,3.0,3.0,5.0,5.0,3.0,5.0,4.0,5.0,5.0,5.0,4.0,1.0,3.0,4.0,3.0,5.0,2.0,4.0,4.0,4.0,4.0,4.0,8.0,4.0,2.0,5.0,1.0,5.0,5.0,1.0,,3.0,2.0,4.0,2.0,2.0,2.0,2.0,2.0,1.0,1.0,3.0,2.0,1.0,2.0,2.0,1.0,1.0,4.0,4.0,3.0,2.0,1.0,3.0,3.0,1.0,1.0,3.0,3.0,3.0,1.0,1.0,2.0,3.0,8.0,9.0,2.0,1.0,1.0,1.0,1.0,,4.0,,3.0,1.0,2.0,3.0,2.0,0.965456,3.3333333333333335,3.5,5.0,2.0,2.0
22404.0,15.0,5.0,2.0,50.0,4.0,5.0,5.0,3.0,2.0,5.0,4.0,5.0,5.0,5.0,2.0,,,,,,,,,,,,,,,,,,2.0,2.0,,,,,,,,2.0,5.0,4.0,5.0,3.0,3.0,5.0,3.0,3.0,5.0,5.0,5.0,5.0,5.0,4.0,5.0,5.0,5.0,5.0,3.0,5.0,3.0,3.0,4.0,4.0,4.0,4.0,4.0,5.0,3.0,3.0,5.0,5.0,5.0,3.0,5.0,3.0,3.0,4.0,5.0,5.0,5.0,5.0,5.0,3.0,3.0,5.0,5.0,5.0,3.0,5.0,5.0,4.0,4.0,5.0,5.0,5.0,4.0,4.0,3.0,3.0,5.0,5.0,5.0,5.0,4.0,3.0,3.0,3.0,3.0,3.0,3.0,3.0,4.0,4.0,4.0,4.0,11.0,5.0,5.0,2.0,1.0,5.0,5.0,4.0,,3.0,3.0,3.0,2.0,4.0,4.0,4.0,5.0,1.0,1.0,5.0,3.0,1.0,2.0,2.0,2.0,1.0,4.0,4.0,4.0,4.0,4.0,1.0,1.0,1.0,1.0,4.0,4.0,4.0,4.0,1.0,1.0,5.0,1.0,1.0,1.0,1.0,1.0,1.0,2.0,1.0,2.0,,3.0,2.0,1.0,1.0,2.0,1.111192,5.0,4.5,5.0,4.0,2.0
22408.0,9.0,2.0,2.0,45.0,3.0,5.0,5.0,4.0,4.0,4.0,4.0,4.0,4.0,3.0,2.0,,,,,,,,,,,,,,,,,,2.0,2.0,,,,,,,,2.0,4.0,4.0,3.0,3.0,2.0,4.0,2.0,3.0,3.0,3.0,2.0,3.0,4.0,3.0,4.0,4.0,4.0,4.0,3.0,4.0,3.0,4.0,4.0,3.0,4.0,3.0,3.0,4.0,3.0,3.0,2.0,3.0,4.0,3.0,4.0,3.0,5.0,4.0,4.0,4.0,3.0,3.0,3.0,2.0,3.0,3.0,4.0,5.0,3.0,4.0,3.0,5.0,4.0,4.0,3.0,3.0,3.0,4.0,3.0,3.0,4.0,5.0,4.0,4.0,3.0,2.0,3.0,2.0,3.0,3.0,2.0,3.0,4.0,4.0,3.0,4.0,6.0,3.0,2.0,4.0,1.0,4.0,4.0,2.0,,3.0,3.0,4.0,2.0,3.0,2.0,2.0,3.0,3.0,3.0,4.0,3.0,2.0,2.0,2.0,1.0,2.0,3.0,4.0,4.0,4.0,3.0,3.0,3.0,3.0,3.0,2.0,2.0,2.0,3.0,3.0,3.0,4.0,5.0,4.0,1.0,2.0,1.0,1.0,2.0,1.0,5.0,,4.0,2.0,1.0,4.0,3.0,0.965456,3.6666666666666665,4.0,4.0,3.0,2.0
22410.0,12.0,3.0,1.0,35.0,2.0,4.0,3.0,3.0,4.0,4.0,4.0,3.0,4.0,3.0,2.0,,,,,,,,,,,,,,,,,,2.0,2.0,,,,,,,,3.0,4.0,3.0,4.0,3.0,3.0,4.0,4.0,3.0,3.0,4.0,3.0,4.0,3.0,3.0,3.0,4.0,3.0,3.0,3.0,3.0,3.0,4.0,4.0,3.0,3.0,2.0,2.0,2.0,2.0,4.0,3.0,4.0,3.0,3.0,4.0,3.0,3.0,4.0,3.0,3.0,3.0,3.0,4.0,3.0,3.0,3.0,3.0,3.0,4.0,4.0,3.0,3.0,3.0,4.0,4.0,3.0,3.0,3.0,4.0,4.0,2.0,4.0,3.0,3.0,4.0,3.0,3.0,3.0,4.0,3.0,3.0,3.0,3.0,3.0,4.0,3.0,4.0,3.0,3.0,3.0,2.0,3.0,3.0,5.0,,3.0,3.0,4.0,2.0,3.0,3.0,2.0,2.0,3.0,3.0,4.0,3.0,2.0,2.0,2.0,2.0,1.0,3.0,4.0,2.0,2.0,2.0,2.0,3.0,2.0,2.0,2.0,3.0,3.0,3.0,2.0,3.0,4.0,6.0,7.0,2.0,2.0,2.0,2.0,1.0,,3.0,,4.0,1.0,2.0,2.0,3.0,0.865768,3.3333333333333335,4.0,3.0,3.0,2.0
22427.0,1.0,1.0,1.0,39.0,2.0,4.0,4.0,4.0,4.0,4.0,4.0,4.0,4.0,4.0,2.0,,,,,,,,,,,,,,,,,,2.0,2.0,,,,,,,,3.0,3.0,3.0,3.0,3.0,4.0,3.0,3.0,3.0,4.0,3.0,3.0,3.0,3.0,3.0,4.0,3.0,3.0,3.0,4.0,3.0,3.0,3.0,3.0,3.0,3.0,3.0,4.0,3.0,3.0,3.0,3.0,3.0,4.0,3.0,4.0,3.0,3.0,3.0,3.0,3.0,3.0,3.0,3.0,4.0,3.0,3.0,3.0,4.0,3.0,4.0,3.0,3.0,3.0,4.0,3.0,4.0,3.0,3.0,3.0,3.0,3.0,3.0,4.0,3.0,3.0,3.0,4.0,3.0,3.0,3.0,3.0,4.0,3.0,3.0,3.0,3.0,7.0,4.0,4.0,3.0,1.0,3.0,3.0,2.0,,3.0,3.0,4.0,1.0,3.0,3.0,3.0,4.0,4.0,3.0,3.0,3.0,2.0,2.0,2.0,1.0,2.0,4.0,4.0,4.0,3.0,3.0,3.0,3.0,3.0,3.0,4.0,4.0,3.0,4.0,3.0,3.0,3.0,7.0,8.0,2.0,2.0,1.0,2.0,1.0,,4.0,,3.0,1.0,2.0,3.0,2.0,1.080947,4.0,4.0,3.0,3.0,1.0
22429.0,10.0,3.0,2.0,37.0,2.0,5.0,5.0,3.0,3.0,3.0,3.0,3.0,2.0,2.0,2.0,,,,,,,,,,,,,,,,,,1.0,1.0,,,,4.0,5.0,,,3.0,2.0,2.0,2.0,2.0,2.0,2.0,2.0,3.0,2.0,2.0,3.0,4.0,4.0,2.0,5.0,1.0,3.0,1.0,1.0,1.0,1.0,1.0,4.0,1.0,1.0,1.0,1.0,3.0,1.0,1.0,2.0,4.0,2.0,2.0,2.0,2.0,2.0,4.0,1.0,4.0,2.0,2.0,4.0,1.0,1.0,1.0,3.0,2.0,2.0,1.0,1.0,2.0,4.0,1.0,2.0,2.0,2.0,3.0,1.0,2.0,3.0,1.0,4.0,4.0,3.0,2.0,4.0,4.0,5.0,5.0,2.0,4.0,5.0,4.0,4.0,4.0,7.0,4.0,2.0,4.0,1.0,4.0,5.0,4.0,,3.0,2.0,4.0,2.0,2.0,1.0,1.0,3.0,3.0,2.0,3.0,4.0,1.0,1.0,1.0,1.0,1.0,4.0,4.0,1.0,3.0,1.0,1.0,3.0,1.0,1.0,1.0,2.0,2.0,2.0,1.0,1.0,3.0,5.0,5.0,1.0,1.0,1.0,1.0,2.0,1.0,5.0,,4.0,2.0,1.0,4.0,3.0,0.900154,2.3333333333333335,3.0,4.5,2.0,2.0
22435.0,2.0,6.0,1.0,28.0,1.0,5.0,5.0,4.0,4.0,4.0,4.0,4.0,4.0,4.0,1.0,1.0,2.0,3.0,4.0,,6.0,,,,,11.0,,,,,,,2.0,2.0,,,,,,,,2.0,3.0,3.0,4.0,3.0,4.0,4.0,2.0,4.0,4.0,3.0,2.0,4.0,4.0,4.0,4.0,5.0,4.0,5.0,4.0,5.0,4.0,5.0,5.0,5.0,4.0,4.0,4.0,5.0,5.0,5.0,5.0,5.0,5.0,4.0,5.0,4.0,5.0,5.0,5.0,5.0,5.0,4.0,5.0,5.0,4.0,5.0,5.0,5.0,4.0,5.0,4.0,5.0,5.0,5.0,5.0,5.0,4.0,5.0,5.0,5.0,5.0,4.0,4.0,4.0,4.0,2.0,5.0,4.0,4.0,3.0,2.0,4.0,5.0,4.0,4.0,4.0,4.0,3.0,2.0,2.0,1.0,5.0,5.0,4.0,,4.0,3.0,4.0,2.0,2.0,2.0,3.0,4.0,2.0,3.0,4.0,2.0,1.0,2.0,2.0,2.0,2.0,4.0,4.0,4.0,4.0,3.0,4.0,4.0,1.0,1.0,2.0,2.0,1.0,1.0,1.0,1.0,4.0,4.0,4.0,1.0,2.0,2.0,2.0,1.0,,4.0,,4.0,1.0,2.0,3.0,3.0,1.00476,4.0,4.0,5.0,2.0,2.0
22498.0,16.0,6.0,2.0,31.0,2.0,5.0,5.0,4.0,3.0,4.0,4.0,4.0,4.0,4.0,2.0,,,,,,,,,,,,,,,,,,1.0,2.0,,,,,,,,2.0,3.0,4.0,4.0,3.0,3.0,4.0,3.0,4.0,4.0,4.0,3.0,4.0,4.0,3.0,4.0,4.0,4.0,4.0,3.0,4.0,4.0,3.0,4.0,4.0,4.0,3.0,4.0,4.0,3.0,3.0,4.0,4.0,4.0,3.0,4.0,4.0,3.0,4.0,4.0,4.0,3.0,4.0,4.0,3.0,3.0,5.0,5.0,5.0,5.0,5.0,5.0,4.0,5.0,5.0,4.0,4.0,5.0,5.0,4.0,4.0,4.0,3.0,4.0,5.0,2.0,2.0,3.0,3.0,4.0,4.0,4.0,4.0,4.0,3.0,3.0,4.0,8.0,2.0,3.0,4.0,1.0,4.0,4.0,4.0,,3.0,4.0,4.0,1.0,3.0,4.0,4.0,3.0,4.0,3.0,3.0,3.0,2.0,1.0,2.0,1.0,1.0,4.0,4.0,4.0,3.0,3.0,3.0,2.0,2.0,2.0,3.0,3.0,3.0,2.0,3.0,2.0,4.0,3.0,3.0,1.0,1.0,1.0,2.0,1.0,,4.0,,3.0,1.0,2.0,3.0,2.0,0.910786,4.0,4.0,4.0,3.0,1.0
22537.0,13.0,4.0,2.0,54.0,4.0,5.0,5.0,3.0,3.0,3.0,3.0,4.0,3.0,4.0,2.0,,,,,,,,,,,,,,,,,,2.0,2.0,,,,,,,,2.0,3.0,3.0,3.0,3.0,3.0,3.0,3.0,4.0,3.0,4.0,4.0,5.0,4.0,4.0,5.0,3.0,4.0,4.0,4.0,3.0,4.0,3.0,4.0,4.0,4.0,4.0,4.0,4.0,3.0,4.0,4.0,4.0,4.0,4.0,3.0,4.0,3.0,4.0,4.0,4.0,4.0,4.0,4.0,4.0,4.0,4.0,4.0,4.0,4.0,4.0,4.0,4.0,4.0,4.0,4.0,4.0,4.0,4.0,4.0,4.0,4.0,4.0,2.0,3.0,2.0,2.0,2.0,2.0,3.0,4.0,4.0,4.0,4.0,2.0,2.0,4.0,7.0,4.0,3.0,4.0,1.0,4.0,5.0,4.0,,3.0,3.0,4.0,2.0,3.0,2.0,3.0,3.0,3.0,3.0,3.0,2.0,2.0,2.0,2.0,2.0,2.0,4.0,4.0,4.0,3.0,3.0,3.0,3.0,2.0,2.0,2.0,3.0,3.0,2.0,2.0,4.0,2.0,7.0,6.0,2.0,2.0,1.0,2.0,2.0,1.0,5.0,,3.0,2.0,1.0,4.0,2.0,1.055948,3.6666666666666665,3.0,4.5,3.0,2.0
22619.0,9.0,2.0,1.0,50.0,4.0,5.0,5.0,4.0,4.0,3.0,3.0,3.0,3.0,3.0,2.0,,,,,,,,,,,,,,,,,,2.0,2.0,,,,,,,,3.0,4.0,4.0,5.0,4.0,4.0,4.0,4.0,5.0,5.0,5.0,5.0,4.0,4.0,4.0,4.0,4.0,4.0,4.0,4.0,4.0,4.0,4.0,5.0,5.0,5.0,5.0,4.0,4.0,4.0,3.0,4.0,4.0,4.0,4.0,4.0,4.0,4.0,5.0,5.0,5.0,5.0,5.0,5.0,4.0,4.0,4.0,4.0,4.0,4.0,4.0,4.0,4.0,4.0,4.0,5.0,5.0,5.0,5.0,4.0,4.0,4.0,4.0,4.0,4.0,4.0,3.0,3.0,3.0,3.0,3.0,3.0,3.0,3.0,3.0,3.0,3.0,6.0,4.0,3.0,4.0,1.0,4.0,4.0,2.0,,3.0,3.0,3.0,1.0,3.0,3.0,3.0,4.0,3.0,3.0,4.0,3.0,1.0,2.0,2.0,1.0,1.0,3.0,3.0,3.0,3.0,3.0,3.0,3.0,1.0,1.0,1.0,1.0,1.0,1.0,1.0,1.0,3.0,6.0,6.0,2.0,2.0,2.0,2.0,1.0,,2.0,,3.0,1.0,2.0,1.0,2.0,1.048518,3.0,3.0,4.0,3.0,1.0
22620.0,16.0,6.0,1.0,47.0,3.0,4.0,4.0,3.0,4.0,2.0,2.0,3.0,2.0,2.0,2.0,,,,,,,,,,,,,,,,,,2.0,2.0,,,,,,,,3.0,3.0,3.0,3.0,3.0,2.0,3.0,2.0,3.0,3.0,2.0,2.0,3.0,2.0,2.0,3.0,3.0,3.0,3.0,3.0,3.0,2.0,3.0,2.0,3.0,2.0,2.0,2.0,4.0,2.0,2.0,3.0,3.0,3.0,3.0,3.0,2.0,3.0,2.0,3.0,2.0,2.0,2.0,4.0,2.0,2.0,3.0,3.0,3.0,3.0,3.0,3.0,3.0,2.0,3.0,3.0,2.0,2.0,4.0,2.0,2.0,4.0,2.0,4.0,4.0,2.0,2.0,4.0,2.0,3.0,4.0,3.0,4.0,4.0,4.0,4.0,4.0,8.0,2.0,2.0,4.0,1.0,5.0,4.0,1.0,,3.0,2.0,4.0,2.0,2.0,2.0,3.0,4.0,2.0,3.0,4.0,3.0,1.0,2.0,2.0,2.0,2.0,4.0,4.0,2.0,2.0,2.0,2.0,2.0,2.0,2.0,2.0,3.0,2.0,4.0,2.0,2.0,3.0,8.0,4.0,1.0,1.0,1.0,1.0,2.0,1.0,4.0,,3.0,2.0,1.0,3.0,2.0,0.846161,2.3333333333333335,2.0,4.5,2.0,2.0
22703.0,1.0,1.0,2.0,54.0,4.0,4.0,5.0,3.0,3.0,4.0,3.0,3.0,3.0,2.0,2.0,,,,,,,,,,,,,,,,,,2.0,2.0,,,,,,,,2.0,4.0,4.0,4.0,4.0,4.0,4.0,3.0,3.0,3.0,3.0,2.0,4.0,4.0,2.0,4.0,3.0,4.0,4.0,3.0,4.0,3.0,3.0,4.0,3.0,4.0,3.0,3.0,4.0,3.0,3.0,3.0,4.0,4.0,3.0,3.0,3.0,3.0,4.0,3.0,3.0,4.0,4.0,4.0,3.0,4.0,3.0,4.0,4.0,4.0,4.0,4.0,3.0,4.0,4.0,4.0,3.0,4.0,4.0,3.0,4.0,5.0,5.0,5.0,5.0,5.0,4.0,5.0,5.0,2.0,2.0,1.0,3.0,5.0,4.0,4.0,4.0,8.0,4.0,4.0,3.0,1.0,4.0,4.0,2.0,,3.0,4.0,3.0,2.0,2.0,1.0,2.0,2.0,1.0,2.0,3.0,3.0,1.0,1.0,1.0,1.0,1.0,2.0,4.0,4.0,2.0,2.0,2.0,3.0,1.0,2.0,1.0,2.0,2.0,3.0,3.0,4.0,4.0,8.0,9.0,2.0,2.0,2.0,2.0,2.0,1.0,8.0,,3.0,2.0,1.0,7.0,2.0,1.053567,2.6666666666666665,3.5,4.0,2.0,2.0
22764.0,9.0,2.0,1.0,52.0,4.0,5.0,5.0,3.0,2.0,4.0,3.0,3.0,3.0,2.0,2.0,,,,,,,,,,,,,,,,,,2.0,2.0,,,,,,,,2.0,4.0,5.0,2.0,4.0,4.0,4.0,2.0,4.0,4.0,3.0,4.0,5.0,4.0,4.0,5.0,4.0,4.0,2.0,3.0,3.0,3.0,1.0,3.0,2.0,2.0,3.0,2.0,4.0,1.0,3.0,4.0,4.0,3.0,3.0,4.0,2.0,2.0,4.0,3.0,3.0,4.0,2.0,4.0,2.0,2.0,4.0,4.0,3.0,3.0,4.0,3.0,3.0,4.0,3.0,3.0,3.0,3.0,4.0,2.0,1.0,4.0,4.0,4.0,5.0,3.0,2.0,4.0,4.0,4.0,4.0,2.0,4.0,4.0,5.0,4.0,4.0,10.0,3.0,3.0,3.0,1.0,4.0,4.0,4.0,,3.0,3.0,5.0,1.0,3.0,1.0,1.0,4.0,1.0,3.0,4.0,1.0,1.0,1.0,1.0,1.0,2.0,3.0,4.0,3.0,3.0,3.0,3.0,3.0,1.0,1.0,1.0,1.0,2.0,4.0,1.0,1.0,3.0,10.0,3.0,2.0,2.0,1.0,1.0,2.0,1.0,2.0,,4.0,2.0,1.0,1.0,3.0,1.048518,2.6666666666666665,3.5,4.0,3.0,1.0
22800.0,9.0,2.0,1.0,38.0,2.0,5.0,4.0,4.0,4.0,4.0,5.0,4.0,4.0,4.0,1.0,1.0,2.0,3.0,4.0,5.0,6.0,,,,10.0,,,,,,,,1.0,1.0,,,3.0,4.0,,,,4.0,3.0,3.0,2.0,3.0,3.0,3.0,3.0,3.0,2.0,2.0,3.0,3.0,3.0,4.0,3.0,4.0,3.0,4.0,4.0,4.0,3.0,4.0,4.0,3.0,3.0,3.0,3.0,3.0,3.0,3.0,3.0,4.0,3.0,4.0,3.0,3.0,3.0,4.0,3.0,4.0,3.0,3.0,3.0,3.0,4.0,3.0,3.0,3.0,3.0,3.0,2.0,2.0,3.0,3.0,3.0,4.0,2.0,3.0,4.0,3.0,3.0,3.0,2.0,4.0,2.0,3.0,3.0,2.0,4.0,3.0,1.0,5.0,5.0,3.0,3.0,4.0,7.0,4.0,3.0,4.0,1.0,3.0,3.0,1.0,,3.0,2.0,4.0,2.0,4.0,3.0,3.0,2.0,3.0,4.0,4.0,3.0,1.0,2.0,2.0,1.0,1.0,3.0,4.0,4.0,4.0,3.0,4.0,3.0,3.0,2.0,3.0,4.0,3.0,2.0,3.0,3.0,3.0,7.0,7.0,1.0,1.0,2.0,1.0,1.0,,5.0,,2.0,1.0,2.0,4.0,1.0,0.921551,4.0,4.5,3.0,4.0,2.0
22825.0,1.0,1.0,1.0,59.0,4.0,5.0,4.0,5.0,4.0,4.0,4.0,4.0,4.0,4.0,2.0,,,,,,,,,,,,,,,,,,1.0,2.0,,,,,,,,2.0,4.0,4.0,4.0,4.0,4.0,5.0,4.0,5.0,3.0,4.0,4.0,4.0,4.0,4.0,5.0,4.0,4.0,4.0,4.0,4.0,4.0,3.0,4.0,4.0,4.0,5.0,4.0,5.0,3.0,4.0,4.0,4.0,4.0,4.0,4.0,3.0,3.0,4.0,4.0,3.0,4.0,4.0,5.0,3.0,3.0,4.0,5.0,5.0,4.0,4.0,4.0,3.0,4.0,4.0,4.0,4.0,4.0,5.0,4.0,5.0,4.0,3.0,4.0,4.0,4.0,4.0,4.0,4.0,3.0,4.0,4.0,4.0,5.0,5.0,5.0,4.0,9.0,2.0,3.0,4.0,2.0,4.0,3.0,3.0,,4.0,4.0,5.0,1.0,4.0,1.0,2.0,5.0,3.0,3.0,5.0,4.0,2.0,2.0,1.0,1.0,2.0,4.0,4.0,4.0,4.0,4.0,4.0,4.0,3.0,3.0,3.0,2.0,4.0,4.0,3.0,2.0,5.0,2.0,2.0,2.0,2.0,1.0,1.0,2.0,1.0,2.0,,4.0,2.0,1.0,1.0,3.0,1.101675,4.0,4.0,3.5,4.0,1.0
22826.0,1.0,1.0,2.0,30.0,2.0,4.0,4.0,5.0,3.0,3.0,4.0,3.0,4.0,3.0,2.0,,,,,,,,,,,,,,,,,,1.0,1.0,,2.0,3.0,,5.0,,,3.0,4.0,4.0,4.0,4.0,3.0,4.0,4.0,3.0,4.0,3.0,4.0,3.0,2.0,3.0,4.0,3.0,3.0,3.0,4.0,3.0,3.0,3.0,3.0,4.0,3.0,4.0,3.0,1.0,3.0,4.0,4.0,3.0,3.0,3.0,4.0,3.0,3.0,3.0,4.0,3.0,3.0,3.0,1.0,3.0,3.0,3.0,3.0,3.0,4.0,3.0,2.0,3.0,3.0,3.0,3.0,3.0,4.0,1.0,3.0,3.0,3.0,4.0,5.0,5.0,4.0,4.0,4.0,4.0,4.0,4.0,3.0,4.0,4.0,5.0,3.0,5.0,9.0,3.0,4.0,4.0,1.0,4.0,4.0,3.0,,3.0,2.0,4.0,2.0,3.0,3.0,3.0,4.0,3.0,3.0,2.0,3.0,1.0,2.0,1.0,1.0,1.0,4.0,4.0,2.0,2.0,3.0,3.0,2.0,3.0,3.0,3.0,3.0,3.0,1.0,2.0,1.0,3.0,8.0,5.0,1.0,1.0,2.0,1.0,1.0,,4.0,,3.0,1.0,2.0,3.0,2.0,1.036816,3.3333333333333335,3.5,4.0,3.0,2.0
22925.0,2.0,6.0,2.0,47.0,3.0,5.0,5.0,4.0,5.0,5.0,4.0,5.0,5.0,3.0,1.0,1.0,2.0,3.0,4.0,5.0,,,,,,,12.0,13.0,,,,,2.0,2.0,,,,,,,,2.0,5.0,5.0,5.0,5.0,5.0,5.0,5.0,5.0,5.0,5.0,4.0,5.0,5.0,5.0,5.0,5.0,5.0,5.0,5.0,4.0,4.0,4.0,5.0,5.0,5.0,4.0,4.0,5.0,4.0,5.0,5.0,5.0,5.0,5.0,3.0,4.0,5.0,4.0,5.0,5.0,4.0,5.0,5.0,4.0,5.0,5.0,5.0,5.0,5.0,4.0,5.0,5.0,4.0,5.0,5.0,4.0,4.0,5.0,4.0,5.0,2.0,3.0,4.0,5.0,4.0,2.0,4.0,4.0,4.0,4.0,2.0,3.0,4.0,4.0,4.0,4.0,5.0,4.0,4.0,1.0,2.0,3.0,5.0,1.0,,4.0,4.0,5.0,2.0,2.0,3.0,3.0,3.0,2.0,3.0,3.0,2.0,1.0,1.0,1.0,1.0,2.0,4.0,4.0,4.0,4.0,4.0,3.0,4.0,5.0,5.0,5.0,3.0,5.0,5.0,4.0,3.0,5.0,1.0,2.0,1.0,1.0,1.0,1.0,2.0,1.0,3.0,,4.0,2.0,1.0,2.0,3.0,1.115818,4.333333333333333,4.5,4.0,2.0,2.0
22981.0,13.0,4.0,2.0,30.0,2.0,5.0,5.0,4.0,3.0,4.0,4.0,4.0,4.0,4.0,2.0,,,,,,,,,,,,,,,,,,2.0,2.0,,,,,,,,4.0,3.0,3.0,2.0,3.0,3.0,4.0,2.0,4.0,3.0,3.0,3.0,3.0,4.0,4.0,5.0,4.0,4.0,5.0,5.0,4.0,4.0,4.0,5.0,5.0,5.0,4.0,4.0,5.0,5.0,5.0,5.0,5.0,5.0,5.0,4.0,4.0,4.0,5.0,5.0,5.0,4.0,4.0,5.0,5.0,5.0,5.0,5.0,5.0,5.0,4.0,4.0,4.0,5.0,5.0,5.0,4.0,4.0,5.0,5.0,5.0,2.0,4.0,4.0,5.0,5.0,4.0,4.0,5.0,4.0,4.0,1.0,1.0,3.0,3.0,3.0,5.0,6.0,4.0,2.0,3.0,1.0,5.0,4.0,3.0,,3.0,3.0,5.0,2.0,3.0,1.0,3.0,4.0,3.0,3.0,4.0,3.0,2.0,2.0,2.0,2.0,2.0,4.0,4.0,4.0,4.0,4.0,3.0,3.0,3.0,3.0,3.0,3.0,3.0,3.0,3.0,3.0,3.0,11.0,11.0,2.0,2.0,2.0,2.0,1.0,,7.0,,3.0,1.0,2.0,6.0,2.0,0.880586,4.0,4.0,4.5,3.0,2.0
23041.0,16.0,6.0,2.0,26.0,1.0,5.0,4.0,4.0,4.0,4.0,4.0,4.0,3.0,4.0,1.0,1.0,,,,,,,,,,,,,,,,,2.0,2.0,,,,,,,,3.0,3.0,3.0,3.0,4.0,3.0,4.0,3.0,4.0,3.0,3.0,3.0,4.0,4.0,3.0,5.0,3.0,3.0,3.0,2.0,3.0,2.0,3.0,3.0,4.0,4.0,2.0,3.0,4.0,2.0,3.0,4.0,3.0,4.0,2.0,2.0,2.0,2.0,4.0,3.0,3.0,2.0,2.0,4.0,2.0,3.0,2.0,2.0,3.0,2.0,3.0,2.0,3.0,3.0,4.0,4.0,2.0,3.0,4.0,4.0,3.0,3.0,4.0,4.0,4.0,3.0,2.0,4.0,2.0,4.0,4.0,3.0,3.0,4.0,3.0,3.0,4.0,9.0,4.0,3.0,4.0,1.0,4.0,4.0,4.0,,3.0,2.0,3.0,2.0,3.0,1.0,3.0,3.0,3.0,3.0,4.0,3.0,2.0,1.0,1.0,1.0,2.0,3.0,3.0,4.0,3.0,2.0,3.0,3.0,1.0,1.0,1.0,3.0,3.0,2.0,3.0,3.0,3.0,9.0,9.0,1.0,1.0,2.0,1.0,1.0,,7.0,,3.0,1.0,2.0,6.0,2.0,1.101295,3.6666666666666665,4.0,4.0,3.0,2.0
23056.0,9.0,2.0,2.0,32.0,2.0,5.0,5.0,5.0,3.0,4.0,4.0,3.0,4.0,3.0,1.0,1.0,,3.0,,,,,,,,,,,,,,,2.0,1.0,,,,,5.0,,,2.0,4.0,4.0,4.0,4.0,3.0,4.0,3.0,4.0,3.0,3.0,3.0,4.0,4.0,4.0,4.0,3.0,4.0,3.0,3.0,3.0,3.0,3.0,4.0,4.0,3.0,3.0,3.0,4.0,3.0,3.0,3.0,4.0,3.0,3.0,3.0,4.0,3.0,4.0,3.0,3.0,3.0,3.0,4.0,3.0,3.0,3.0,4.0,4.0,3.0,4.0,4.0,3.0,4.0,3.0,4.0,4.0,3.0,4.0,4.0,3.0,3.0,4.0,4.0,4.0,4.0,3.0,4.0,4.0,3.0,3.0,3.0,3.0,3.0,2.0,2.0,2.0,5.0,4.0,3.0,4.0,1.0,4.0,4.0,5.0,,3.0,3.0,4.0,1.0,3.0,2.0,3.0,3.0,3.0,3.0,4.0,3.0,1.0,2.0,2.0,1.0,2.0,4.0,2.0,4.0,3.0,2.0,3.0,2.0,2.0,2.0,2.0,2.0,3.0,3.0,2.0,2.0,4.0,8.0,5.0,1.0,2.0,2.0,1.0,1.0,,4.0,,4.0,1.0,2.0,3.0,3.0,1.051499,3.3333333333333335,4.0,4.0,3.0,1.0
23063.0,9.0,2.0,1.0,25.0,1.0,5.0,5.0,5.0,5.0,1.0,1.0,1.0,1.0,1.0,2.0,,,,,,,,,,,,,,,,,,2.0,2.0,,,,,,,,1.0,5.0,5.0,5.0,5.0,5.0,5.0,3.0,5.0,5.0,3.0,3.0,5.0,5.0,3.0,5.0,3.0,3.0,3.0,3.0,3.0,3.0,3.0,3.0,3.0,3.0,3.0,3.0,3.0,3.0,3.0,3.0,3.0,3.0,3.0,3.0,3.0,3.0,3.0,3.0,3.0,3.0,3.0,3.0,3.0,3.0,3.0,3.0,3.0,3.0,3.0,3.0,3.0,3.0,3.0,3.0,3.0,3.0,3.0,3.0,3.0,3.0,5.0,5.0,5.0,5.0,5.0,3.0,5.0,3.0,3.0,3.0,3.0,3.0,3.0,3.0,3.0,6.0,3.0,3.0,3.0,2.0,3.0,3.0,1.0,,3.0,3.0,3.0,2.0,3.0,1.0,1.0,1.0,1.0,1.0,1.0,1.0,2.0,2.0,2.0,2.0,2.0,5.0,5.0,1.0,1.0,1.0,5.0,3.0,1.0,1.0,1.0,1.0,1.0,1.0,1.0,1.0,1.0,6.0,6.0,2.0,2.0,2.0,2.0,1.0,,4.0,,4.0,1.0,2.0,3.0,3.0,1.051424,1.0,1.0,3.0,3.0,2.0
23176.0,2.0,6.0,2.0,35.0,2.0,5.0,4.0,3.0,2.0,3.0,3.0,2.0,3.0,2.0,2.0,,,,,,,,,,,,,,,,,,2.0,2.0,,,,,,,,2.0,1.0,2.0,1.0,2.0,2.0,1.0,2.0,1.0,2.0,1.0,2.0,2.0,2.0,1.0,1.0,2.0,1.0,2.0,2.0,2.0,1.0,2.0,1.0,2.0,2.0,2.0,1.0,2.0,1.0,1.0,2.0,1.0,2.0,2.0,2.0,1.0,2.0,2.0,1.0,2.0,1.0,2.0,2.0,2.0,1.0,2.0,2.0,2.0,1.0,1.0,1.0,2.0,2.0,2.0,1.0,1.0,1.0,2.0,1.0,2.0,2.0,3.0,2.0,3.0,4.0,4.0,2.0,2.0,3.0,3.0,3.0,2.0,2.0,3.0,4.0,5.0,2.0,2.0,2.0,2.0,2.0,2.0,3.0,4.0,,2.0,1.0,2.0,2.0,2.0,1.0,1.0,2.0,1.0,1.0,2.0,1.0,1.0,2.0,1.0,1.0,1.0,2.0,1.0,2.0,2.0,1.0,1.0,1.0,1.0,1.0,2.0,1.0,1.0,1.0,1.0,2.0,3.0,3.0,2.0,1.0,1.0,1.0,2.0,2.0,1.0,4.0,,5.0,2.0,1.0,3.0,3.0,0.910786,2.3333333333333335,3.0,2.5,2.0,2.0
23235.0,9.0,2.0,1.0,53.0,4.0,5.0,5.0,5.0,5.0,2.0,2.0,2.0,2.0,2.0,1.0,1.0,2.0,3.0,4.0,,6.0,7.0,,,,11.0,12.0,13.0,,,,,2.0,1.0,1.0,,,,,,,2.0,4.0,4.0,4.0,4.0,4.0,4.0,4.0,4.0,4.0,4.0,4.0,4.0,4.0,4.0,4.0,4.0,4.0,4.0,4.0,4.0,4.0,4.0,4.0,4.0,4.0,5.0,4.0,4.0,4.0,3.0,2.0,2.0,2.0,2.0,2.0,2.0,2.0,2.0,2.0,2.0,2.0,2.0,2.0,3.0,1.0,3.0,3.0,3.0,2.0,3.0,3.0,2.0,2.0,2.0,3.0,3.0,3.0,3.0,3.0,3.0,3.0,3.0,4.0,4.0,4.0,2.0,3.0,3.0,3.0,3.0,2.0,3.0,4.0,3.0,3.0,3.0,6.0,3.0,2.0,3.0,1.0,4.0,4.0,1.0,,3.0,3.0,3.0,2.0,3.0,2.0,3.0,2.0,2.0,2.0,2.0,3.0,2.0,2.0,2.0,2.0,2.0,2.0,2.0,2.0,3.0,3.0,3.0,2.0,2.0,2.0,1.0,2.0,1.0,1.0,2.0,1.0,2.0,6.0,8.0,2.0,2.0,2.0,2.0,2.0,1.0,4.0,,3.0,2.0,1.0,3.0,2.0,1.048518,2.0,2.0,4.0,3.0,2.0
23258.0,2.0,6.0,2.0,36.0,2.0,5.0,5.0,3.0,1.0,3.0,3.0,3.0,1.0,1.0,2.0,,,,,,,,,,,,,,,,,,2.0,1.0,1.0,,3.0,4.0,5.0,,,1.0,3.0,3.0,1.0,1.0,2.0,2.0,1.0,3.0,3.0,3.0,1.0,3.0,3.0,3.0,4.0,5.0,3.0,5.0,3.0,5.0,3.0,4.0,5.0,5.0,5.0,5.0,5.0,5.0,5.0,2.0,1.0,1.0,1.0,5.0,1.0,1.0,5.0,1.0,1.0,3.0,3.0,5.0,5.0,5.0,1.0,3.0,3.0,5.0,1.0,3.0,1.0,5.0,1.0,1.0,5.0,1.0,5.0,5.0,5.0,1.0,3.0,5.0,4.0,5.0,3.0,3.0,2.0,4.0,4.0,5.0,2.0,2.0,3.0,2.0,2.0,4.0,4.0,4.0,1.0,5.0,1.0,4.0,4.0,3.0,,3.0,3.0,5.0,2.0,3.0,4.0,3.0,4.0,2.0,2.0,3.0,2.0,2.0,1.0,2.0,2.0,1.0,1.0,3.0,1.0,2.0,1.0,1.0,1.0,1.0,1.0,1.0,3.0,2.0,1.0,1.0,1.0,2.0,9.0,11.0,1.0,1.0,1.0,2.0,1.0,,4.0,,5.0,1.0,2.0,3.0,3.0,0.910786,1.6666666666666667,3.0,4.0,3.0,2.0
23264.0,1.0,1.0,2.0,30.0,2.0,4.0,4.0,4.0,4.0,4.0,5.0,4.0,5.0,5.0,2.0,,,,,,,,,,,,,,,,,,1.0,2.0,,,,,,,,4.0,3.0,4.0,4.0,3.0,3.0,4.0,3.0,4.0,3.0,3.0,3.0,4.0,4.0,4.0,5.0,4.0,4.0,4.0,3.0,4.0,5.0,4.0,3.0,3.0,4.0,4.0,3.0,4.0,3.0,4.0,4.0,4.0,3.0,3.0,3.0,4.0,3.0,3.0,3.0,3.0,3.0,4.0,3.0,4.0,4.0,4.0,3.0,3.0,3.0,3.0,3.0,4.0,4.0,4.0,4.0,4.0,3.0,3.0,4.0,4.0,5.0,5.0,5.0,5.0,5.0,4.0,4.0,5.0,2.0,2.0,2.0,2.0,5.0,4.0,3.0,4.0,2.0,4.0,4.0,4.0,1.0,4.0,4.0,4.0,,3.0,3.0,4.0,1.0,4.0,1.0,2.0,2.0,2.0,2.0,3.0,1.0,1.0,1.0,1.0,1.0,1.0,2.0,4.0,2.0,2.0,1.0,1.0,1.0,1.0,1.0,1.0,1.0,1.0,1.0,1.0,3.0,4.0,10.0,8.0,1.0,1.0,1.0,2.0,2.0,1.0,4.0,,4.0,2.0,1.0,3.0,3.0,1.036816,4.666666666666667,4.5,4.0,4.0,1.0
23304.0,2.0,6.0,1.0,23.0,1.0,4.0,5.0,4.0,3.0,5.0,5.0,5.0,5.0,5.0,2.0,,,,,,,,,,,,,,,,,,1.0,2.0,,,,,,,,2.0,4.0,3.0,4.0,3.0,3.0,5.0,2.0,4.0,4.0,2.0,2.0,5.0,5.0,5.0,5.0,5.0,5.0,5.0,5.0,5.0,5.0,5.0,5.0,5.0,5.0,5.0,5.0,5.0,5.0,5.0,5.0,5.0,5.0,5.0,5.0,5.0,5.0,5.0,5.0,5.0,5.0,5.0,5.0,5.0,5.0,5.0,5.0,5.0,5.0,5.0,5.0,5.0,5.0,5.0,5.0,5.0,5.0,5.0,5.0,5.0,3.0,4.0,4.0,3.0,4.0,2.0,2.0,4.0,2.0,3.0,3.0,4.0,4.0,2.0,2.0,3.0,9.0,4.0,3.0,3.0,2.0,4.0,4.0,1.0,,3.0,3.0,4.0,2.0,2.0,1.0,2.0,5.0,1.0,1.0,4.0,1.0,2.0,2.0,2.0,2.0,2.0,5.0,5.0,5.0,5.0,5.0,5.0,5.0,5.0,1.0,3.0,4.0,5.0,5.0,2.0,1.0,4.0,4.0,3.0,1.0,2.0,1.0,1.0,1.0,,3.0,,5.0,1.0,2.0,2.0,3.0,1.00476,5.0,5.0,4.0,2.0,2.0
23363.0,5.0,4.0,1.0,43.0,3.0,3.0,3.0,4.0,1.0,4.0,4.0,4.0,4.0,4.0,2.0,,,,,,,,,,,,,,,,,,2.0,2.0,,,,,,,,3.0,3.0,3.0,2.0,3.0,2.0,3.0,2.0,3.0,3.0,1.0,1.0,1.0,3.0,3.0,3.0,4.0,4.0,4.0,3.0,4.0,3.0,3.0,4.0,4.0,4.0,4.0,3.0,5.0,3.0,3.0,4.0,4.0,4.0,4.0,4.0,3.0,3.0,4.0,4.0,4.0,4.0,3.0,4.0,3.0,3.0,3.0,3.0,3.0,3.0,3.0,3.0,3.0,4.0,4.0,4.0,3.0,3.0,5.0,3.0,3.0,4.0,4.0,4.0,5.0,4.0,3.0,3.0,1.0,3.0,1.0,3.0,1.0,3.0,2.0,1.0,3.0,6.0,2.0,3.0,4.0,1.0,4.0,2.0,4.0,,4.0,3.0,4.0,1.0,3.0,1.0,2.0,3.0,3.0,3.0,3.0,2.0,1.0,2.0,2.0,1.0,1.0,3.0,4.0,4.0,4.0,3.0,4.0,3.0,2.0,1.0,1.0,1.0,4.0,3.0,2.0,2.0,3.0,6.0,6.0,2.0,2.0,2.0,2.0,1.0,,7.0,,4.0,1.0,2.0,6.0,3.0,0.826158,4.0,4.0,3.0,3.0,1.0
23381.0,9.0,2.0,2.0,30.0,2.0,5.0,5.0,4.0,3.0,4.0,4.0,4.0,3.0,2.0,2.0,,,,,,,,,,,,,,,,,,2.0,2.0,,,,,,,,3.0,2.0,3.0,3.0,2.0,2.0,4.0,1.0,4.0,4.0,2.0,2.0,4.0,4.0,3.0,4.0,3.0,2.0,5.0,3.0,2.0,3.0,2.0,4.0,3.0,4.0,3.0,3.0,5.0,2.0,3.0,2.0,2.0,5.0,2.0,2.0,3.0,2.0,4.0,3.0,3.0,1.0,4.0,5.0,2.0,3.0,2.0,2.0,5.0,2.0,2.0,1.0,2.0,3.0,4.0,3.0,2.0,3.0,4.0,2.0,3.0,3.0,4.0,4.0,4.0,2.0,1.0,3.0,1.0,4.0,3.0,4.0,4.0,4.0,4.0,4.0,4.0,6.0,3.0,2.0,5.0,1.0,5.0,4.0,2.0,,4.0,4.0,4.0,2.0,3.0,3.0,3.0,3.0,2.0,1.0,4.0,4.0,2.0,2.0,2.0,1.0,2.0,4.0,4.0,3.0,4.0,1.0,3.0,2.0,1.0,2.0,1.0,1.0,4.0,3.0,3.0,3.0,1.0,11.0,2.0,1.0,2.0,1.0,1.0,1.0,,4.0,,3.0,1.0,2.0,3.0,2.0,1.051499,3.0,4.0,4.5,3.0,2.0
23400.0,11.0,3.0,1.0,49.0,3.0,4.0,4.0,5.0,5.0,5.0,4.0,5.0,4.0,5.0,1.0,1.0,2.0,3.0,4.0,5.0,,,,,,,,,,,,,1.0,1.0,,,,4.0,5.0,,,4.0,4.0,4.0,4.0,4.0,3.0,4.0,3.0,4.0,3.0,3.0,3.0,4.0,4.0,4.0,5.0,4.0,4.0,4.0,5.0,3.0,4.0,4.0,5.0,4.0,4.0,4.0,4.0,5.0,4.0,5.0,4.0,5.0,5.0,4.0,3.0,4.0,4.0,4.0,5.0,5.0,5.0,4.0,5.0,4.0,5.0,5.0,4.0,5.0,4.0,5.0,4.0,5.0,4.0,5.0,5.0,5.0,4.0,5.0,5.0,4.0,4.0,4.0,4.0,3.0,5.0,3.0,4.0,3.0,3.0,3.0,4.0,3.0,4.0,3.0,4.0,5.0,10.0,5.0,4.0,4.0,1.0,4.0,4.0,2.0,,4.0,4.0,3.0,1.0,4.0,5.0,4.0,4.0,3.0,3.0,4.0,4.0,1.0,1.0,2.0,1.0,2.0,4.0,5.0,4.0,4.0,3.0,4.0,5.0,4.0,4.0,3.0,4.0,4.0,3.0,4.0,3.0,4.0,10.0,9.0,1.0,1.0,2.0,1.0,2.0,1.0,4.0,,3.0,2.0,1.0,3.0,2.0,0.776027,4.666666666666667,4.5,4.0,4.0,1.0
23416.0,9.0,2.0,1.0,50.0,4.0,5.0,5.0,5.0,4.0,3.0,2.0,3.0,2.0,2.0,2.0,,,,,,,,,,,,,,,,,,2.0,2.0,,,,,,,,2.0,4.0,5.0,3.0,3.0,3.0,5.0,3.0,4.0,3.0,4.0,2.0,4.0,4.0,5.0,5.0,2.0,2.0,3.0,2.0,2.0,3.0,3.0,3.0,3.0,2.0,2.0,3.0,4.0,2.0,2.0,2.0,2.0,1.0,2.0,2.0,2.0,2.0,3.0,2.0,2.0,2.0,2.0,4.0,3.0,2.0,2.0,2.0,3.0,3.0,2.0,3.0,2.0,2.0,2.0,3.0,2.0,3.0,2.0,1.0,2.0,4.0,4.0,5.0,5.0,3.0,3.0,4.0,2.0,4.0,4.0,3.0,3.0,4.0,4.0,5.0,4.0,6.0,3.0,4.0,2.0,1.0,4.0,5.0,3.0,,3.0,3.0,3.0,2.0,2.0,1.0,1.0,3.0,1.0,3.0,3.0,1.0,2.0,2.0,2.0,2.0,2.0,2.0,2.0,1.0,2.0,1.0,2.0,2.0,1.0,1.0,1.0,2.0,1.0,1.0,1.0,2.0,2.0,11.0,8.0,2.0,2.0,2.0,2.0,2.0,1.0,4.0,,3.0,2.0,1.0,3.0,2.0,1.048518,2.3333333333333335,2.5,4.5,2.0,2.0
23482.0,2.0,6.0,1.0,29.0,1.0,4.0,4.0,4.0,4.0,4.0,3.0,4.0,4.0,4.0,2.0,,,,,,,,,,,,,,,,,,2.0,2.0,,,,,,,,2.0,4.0,3.0,2.0,2.0,2.0,4.0,1.0,3.0,3.0,3.0,2.0,4.0,4.0,3.0,4.0,4.0,3.0,2.0,2.0,3.0,3.0,2.0,3.0,4.0,3.0,2.0,4.0,5.0,5.0,5.0,3.0,2.0,3.0,2.0,3.0,2.0,2.0,2.0,3.0,3.0,2.0,3.0,4.0,4.0,4.0,3.0,2.0,3.0,2.0,2.0,2.0,4.0,4.0,3.0,2.0,3.0,4.0,4.0,4.0,3.0,4.0,3.0,2.0,3.0,3.0,2.0,3.0,3.0,4.0,4.0,4.0,3.0,3.0,3.0,3.0,2.0,6.0,4.0,1.0,4.0,1.0,3.0,4.0,4.0,,4.0,3.0,2.0,2.0,4.0,3.0,3.0,4.0,3.0,3.0,3.0,4.0,1.0,2.0,1.0,1.0,2.0,3.0,4.0,4.0,3.0,4.0,3.0,2.0,3.0,2.0,2.0,3.0,3.0,4.0,3.0,2.0,4.0,7.0,6.0,2.0,2.0,2.0,2.0,1.0,,7.0,,4.0,1.0,2.0,6.0,3.0,1.00476,4.0,3.5,3.5,4.0,2.0
23514.0,2.0,6.0,2.0,30.0,2.0,5.0,5.0,3.0,2.0,3.0,4.0,4.0,4.0,3.0,2.0,,,,,,,,,,,,,,,,,,2.0,2.0,,,,,,,,2.0,4.0,4.0,4.0,4.0,4.0,4.0,3.0,4.0,3.0,3.0,3.0,4.0,4.0,4.0,4.0,4.0,4.0,4.0,3.0,4.0,3.0,4.0,4.0,3.0,3.0,4.0,4.0,4.0,3.0,3.0,2.0,2.0,2.0,2.0,2.0,2.0,2.0,2.0,2.0,2.0,2.0,2.0,3.0,3.0,2.0,4.0,4.0,4.0,2.0,4.0,2.0,3.0,4.0,3.0,3.0,3.0,3.0,4.0,4.0,2.0,4.0,4.0,4.0,4.0,3.0,2.0,3.0,3.0,4.0,4.0,3.0,4.0,4.0,4.0,3.0,4.0,5.0,4.0,4.0,4.0,1.0,4.0,4.0,4.0,,3.0,2.0,4.0,1.0,4.0,2.0,3.0,4.0,3.0,3.0,4.0,4.0,1.0,2.0,2.0,1.0,2.0,4.0,3.0,4.0,4.0,4.0,3.0,2.0,2.0,2.0,2.0,3.0,3.0,3.0,1.0,1.0,3.0,9.0,4.0,1.0,2.0,1.0,2.0,1.0,,6.0,,3.0,1.0,2.0,5.0,2.0,0.910786,3.6666666666666665,3.5,4.0,4.0,1.0
23860.0,9.0,2.0,2.0,33.0,2.0,5.0,5.0,4.0,3.0,3.0,3.0,4.0,3.0,3.0,2.0,,,,,,,,,,,,,,,,,,2.0,1.0,1.0,,,,5.0,,,3.0,4.0,4.0,3.0,4.0,3.0,4.0,3.0,4.0,3.0,3.0,3.0,4.0,3.0,3.0,4.0,3.0,3.0,3.0,3.0,3.0,2.0,3.0,3.0,3.0,3.0,3.0,2.0,3.0,2.0,2.0,3.0,3.0,3.0,3.0,2.0,1.0,3.0,3.0,3.0,3.0,2.0,2.0,3.0,1.0,1.0,4.0,4.0,4.0,4.0,4.0,2.0,4.0,4.0,4.0,4.0,4.0,2.0,4.0,2.0,2.0,3.0,4.0,4.0,4.0,3.0,2.0,3.0,2.0,4.0,3.0,3.0,3.0,3.0,3.0,3.0,4.0,6.0,4.0,4.0,4.0,1.0,4.0,4.0,4.0,,3.0,3.0,3.0,1.0,3.0,3.0,2.0,3.0,3.0,3.0,4.0,3.0,1.0,2.0,1.0,1.0,2.0,4.0,4.0,3.0,3.0,3.0,3.0,2.0,2.0,2.0,2.0,2.0,2.0,2.0,2.0,1.0,3.0,7.0,5.0,1.0,2.0,1.0,2.0,1.0,,4.0,,3.0,1.0,2.0,3.0,2.0,1.051499,3.3333333333333335,3.0,4.0,3.0,1.0
24061.0,12.0,3.0,2.0,39.0,2.0,5.0,5.0,4.0,2.0,4.0,4.0,3.0,4.0,3.0,2.0,,,,,,,,,,,,,,,,,,2.0,1.0,,,,4.0,,,,3.0,3.0,4.0,4.0,2.0,2.0,4.0,2.0,4.0,4.0,3.0,2.0,4.0,3.0,3.0,4.0,2.0,2.0,4.0,2.0,3.0,4.0,2.0,4.0,4.0,4.0,3.0,4.0,4.0,3.0,2.0,3.0,3.0,4.0,3.0,3.0,3.0,3.0,4.0,4.0,4.0,3.0,3.0,4.0,3.0,3.0,3.0,3.0,4.0,3.0,3.0,3.0,3.0,4.0,4.0,4.0,3.0,4.0,4.0,3.0,3.0,3.0,3.0,4.0,5.0,3.0,3.0,3.0,4.0,2.0,3.0,1.0,3.0,4.0,2.0,2.0,2.0,6.0,4.0,2.0,4.0,1.0,5.0,5.0,1.0,,2.0,2.0,4.0,2.0,2.0,1.0,1.0,3.0,1.0,1.0,3.0,3.0,2.0,2.0,2.0,2.0,2.0,3.0,3.0,2.0,2.0,1.0,3.0,1.0,1.0,1.0,1.0,1.0,3.0,1.0,1.0,1.0,2.0,5.0,3.0,2.0,2.0,2.0,2.0,1.0,,7.0,,5.0,1.0,2.0,6.0,3.0,0.900154,3.3333333333333335,4.0,5.0,2.0,2.0
24092.0,9.0,2.0,2.0,29.0,1.0,3.0,3.0,3.0,3.0,3.0,4.0,4.0,4.0,3.0,2.0,,,,,,,,,,,,,,,,,,1.0,2.0,,,,,,,,3.0,3.0,3.0,2.0,3.0,3.0,3.0,2.0,2.0,3.0,3.0,3.0,2.0,2.0,2.0,3.0,2.0,2.0,3.0,3.0,2.0,2.0,3.0,2.0,3.0,2.0,2.0,3.0,3.0,3.0,2.0,3.0,2.0,3.0,3.0,2.0,3.0,3.0,3.0,2.0,2.0,3.0,2.0,3.0,2.0,2.0,3.0,2.0,3.0,3.0,2.0,2.0,3.0,2.0,2.0,2.0,3.0,2.0,2.0,2.0,3.0,2.0,2.0,5.0,4.0,2.0,3.0,4.0,3.0,3.0,2.0,4.0,3.0,3.0,4.0,3.0,2.0,5.0,3.0,2.0,3.0,2.0,3.0,3.0,5.0,,2.0,4.0,3.0,2.0,3.0,2.0,3.0,2.0,3.0,2.0,4.0,3.0,2.0,2.0,2.0,2.0,2.0,2.0,3.0,2.0,3.0,2.0,2.0,3.0,2.0,3.0,3.0,3.0,2.0,2.0,2.0,3.0,3.0,3.0,8.0,1.0,2.0,2.0,2.0,1.0,,2.0,,3.0,1.0,2.0,1.0,2.0,1.026542,3.6666666666666665,3.5,3.0,3.0,2.0
24114.0,9.0,2.0,1.0,36.0,2.0,5.0,5.0,5.0,4.0,4.0,4.0,4.0,4.0,4.0,2.0,,,,,,,,,,,,,,,,,,1.0,2.0,,,,,,,,4.0,3.0,4.0,2.0,3.0,2.0,3.0,1.0,4.0,4.0,4.0,2.0,2.0,1.0,4.0,5.0,2.0,1.0,1.0,4.0,2.0,4.0,1.0,5.0,2.0,2.0,2.0,1.0,5.0,4.0,4.0,4.0,5.0,5.0,4.0,4.0,5.0,5.0,5.0,4.0,3.0,2.0,4.0,5.0,5.0,4.0,4.0,5.0,4.0,4.0,4.0,5.0,4.0,4.0,5.0,5.0,4.0,4.0,5.0,5.0,5.0,4.0,5.0,4.0,5.0,4.0,2.0,4.0,4.0,4.0,4.0,3.0,5.0,5.0,4.0,4.0,3.0,8.0,3.0,4.0,4.0,1.0,4.0,4.0,2.0,,4.0,4.0,4.0,1.0,4.0,3.0,3.0,4.0,3.0,4.0,4.0,5.0,1.0,1.0,1.0,1.0,1.0,5.0,5.0,5.0,5.0,4.0,4.0,3.0,2.0,4.0,4.0,2.0,2.0,2.0,2.0,2.0,4.0,6.0,8.0,1.0,1.0,1.0,1.0,2.0,1.0,4.0,,3.0,2.0,1.0,3.0,2.0,0.921551,4.0,4.0,4.0,4.0,1.0
24221.0,1.0,1.0,2.0,40.0,3.0,5.0,4.0,3.0,4.0,4.0,4.0,4.0,2.0,3.0,2.0,,,,,,,,,,,,,,,,,,1.0,1.0,,,3.0,,5.0,,,3.0,4.0,5.0,3.0,3.0,3.0,4.0,2.0,4.0,3.0,2.0,2.0,4.0,4.0,3.0,5.0,4.0,4.0,4.0,3.0,3.0,4.0,3.0,4.0,3.0,3.0,2.0,4.0,4.0,3.0,3.0,3.0,4.0,3.0,3.0,3.0,3.0,3.0,4.0,4.0,3.0,3.0,4.0,4.0,3.0,3.0,3.0,4.0,3.0,3.0,3.0,3.0,3.0,4.0,3.0,3.0,3.0,4.0,4.0,3.0,3.0,4.0,4.0,3.0,5.0,5.0,2.0,3.0,3.0,4.0,4.0,3.0,3.0,4.0,4.0,4.0,3.0,8.0,4.0,3.0,4.0,1.0,4.0,4.0,2.0,,4.0,3.0,4.0,1.0,4.0,3.0,4.0,4.0,3.0,4.0,4.0,4.0,1.0,1.0,2.0,2.0,1.0,4.0,4.0,4.0,3.0,2.0,3.0,3.0,1.0,1.0,1.0,1.0,3.0,3.0,1.0,3.0,4.0,8.0,4.0,1.0,1.0,1.0,1.0,2.0,1.0,4.0,,3.0,2.0,1.0,3.0,2.0,1.098998,3.0,4.0,4.0,4.0,1.0
24235.0,13.0,4.0,1.0,30.0,2.0,5.0,4.0,5.0,4.0,5.0,4.0,3.0,4.0,4.0,1.0,1.0,,3.0,,5.0,,,,,,,,,,,,,2.0,2.0,,,,,,,,4.0,4.0,4.0,4.0,2.0,2.0,5.0,4.0,5.0,4.0,3.0,4.0,2.0,3.0,3.0,5.0,3.0,4.0,2.0,4.0,2.0,3.0,4.0,4.0,3.0,3.0,4.0,3.0,1.0,3.0,2.0,1.0,5.0,4.0,5.0,4.0,2.0,3.0,2.0,4.0,3.0,4.0,2.0,3.0,1.0,4.0,3.0,5.0,5.0,5.0,1.0,2.0,4.0,3.0,4.0,3.0,1.0,4.0,3.0,4.0,2.0,2.0,4.0,2.0,5.0,3.0,5.0,4.0,5.0,4.0,3.0,2.0,4.0,4.0,3.0,3.0,4.0,7.0,3.0,3.0,4.0,2.0,3.0,4.0,4.0,,2.0,5.0,3.0,2.0,3.0,3.0,4.0,2.0,4.0,3.0,5.0,4.0,1.0,2.0,1.0,2.0,1.0,3.0,4.0,3.0,4.0,2.0,4.0,3.0,5.0,1.0,2.0,4.0,3.0,3.0,4.0,4.0,3.0,7.0,7.0,1.0,2.0,1.0,2.0,1.0,,4.0,,2.0,1.0,2.0,3.0,1.0,1.028782,3.6666666666666665,4.5,3.5,3.0,2.0
24239.0,13.0,4.0,2.0,49.0,3.0,5.0,5.0,4.0,2.0,5.0,5.0,4.0,4.0,4.0,2.0,,,,,,,,,,,,,,,,,,2.0,1.0,,,3.0,,5.0,,,2.0,4.0,5.0,4.0,4.0,4.0,5.0,3.0,5.0,4.0,4.0,3.0,5.0,4.0,3.0,4.0,4.0,4.0,4.0,3.0,3.0,3.0,3.0,5.0,5.0,5.0,4.0,3.0,4.0,1.0,1.0,2.0,2.0,2.0,2.0,2.0,1.0,2.0,2.0,2.0,2.0,2.0,1.0,3.0,1.0,1.0,5.0,5.0,5.0,5.0,5.0,5.0,5.0,5.0,5.0,5.0,5.0,4.0,4.0,3.0,1.0,4.0,3.0,4.0,4.0,3.0,1.0,3.0,2.0,3.0,3.0,2.0,3.0,3.0,2.0,2.0,3.0,9.0,5.0,4.0,4.0,2.0,4.0,2.0,1.0,,3.0,3.0,4.0,2.0,2.0,1.0,1.0,5.0,3.0,3.0,5.0,3.0,2.0,2.0,2.0,1.0,2.0,4.0,4.0,4.0,2.0,4.0,1.0,1.0,1.0,1.0,1.0,1.0,1.0,4.0,1.0,1.0,1.0,11.0,4.0,1.0,2.0,2.0,2.0,2.0,1.0,5.0,,4.0,2.0,1.0,4.0,3.0,0.826771,4.0,5.0,3.0,2.0,2.0
24287.0,1.0,1.0,2.0,34.0,2.0,3.0,3.0,4.0,3.0,4.0,4.0,4.0,5.0,4.0,1.0,1.0,,,4.0,5.0,,,,,,,,13.0,,,,,2.0,1.0,,,,4.0,5.0,,,2.0,3.0,3.0,4.0,3.0,2.0,3.0,3.0,5.0,4.0,3.0,3.0,5.0,4.0,4.0,5.0,2.0,4.0,4.0,4.0,3.0,3.0,3.0,3.0,3.0,2.0,2.0,2.0,2.0,3.0,1.0,1.0,3.0,4.0,4.0,2.0,1.0,3.0,1.0,2.0,1.0,1.0,1.0,2.0,1.0,1.0,2.0,1.0,1.0,2.0,2.0,2.0,2.0,2.0,2.0,2.0,2.0,2.0,3.0,3.0,2.0,4.0,4.0,4.0,5.0,4.0,2.0,4.0,2.0,3.0,3.0,2.0,2.0,5.0,2.0,2.0,2.0,10.0,4.0,2.0,4.0,1.0,4.0,4.0,2.0,,2.0,2.0,4.0,2.0,2.0,2.0,1.0,3.0,1.0,1.0,1.0,1.0,1.0,2.0,1.0,2.0,2.0,4.0,5.0,4.0,4.0,3.0,3.0,2.0,1.0,1.0,1.0,2.0,3.0,4.0,2.0,1.0,4.0,2.0,3.0,1.0,2.0,2.0,2.0,2.0,1.0,5.0,,3.0,2.0,1.0,4.0,2.0,1.036816,4.333333333333333,4.0,4.0,2.0,2.0
24500.0,15.0,5.0,1.0,29.0,1.0,5.0,5.0,2.0,1.0,2.0,2.0,2.0,2.0,2.0,2.0,,,,,,,,,,,,,,,,,,1.0,2.0,,,,,,,,2.0,4.0,4.0,3.0,3.0,3.0,4.0,4.0,5.0,4.0,3.0,2.0,4.0,5.0,4.0,5.0,4.0,4.0,5.0,2.0,1.0,1.0,3.0,2.0,2.0,4.0,5.0,1.0,5.0,2.0,2.0,1.0,1.0,1.0,1.0,1.0,1.0,1.0,3.0,3.0,3.0,1.0,1.0,3.0,1.0,1.0,3.0,3.0,4.0,2.0,2.0,2.0,2.0,4.0,4.0,4.0,4.0,1.0,5.0,3.0,1.0,4.0,5.0,4.0,4.0,2.0,1.0,2.0,3.0,3.0,4.0,5.0,5.0,4.0,3.0,3.0,5.0,3.0,1.0,2.0,5.0,1.0,4.0,5.0,1.0,,2.0,1.0,3.0,2.0,2.0,1.0,1.0,1.0,1.0,1.0,4.0,2.0,1.0,1.0,1.0,1.0,2.0,4.0,4.0,1.0,1.0,1.0,5.0,1.0,1.0,1.0,1.0,1.0,1.0,1.0,1.0,1.0,5.0,9.0,3.0,1.0,2.0,2.0,1.0,1.0,,6.0,,3.0,1.0,2.0,5.0,2.0,0.98424,2.0,2.0,4.5,2.0,2.0
24520.0,4.0,2.0,1.0,39.0,2.0,5.0,5.0,3.0,2.0,4.0,3.0,3.0,4.0,4.0,2.0,,,,,,,,,,,,,,,,,,2.0,2.0,,,,,,,,4.0,4.0,4.0,3.0,4.0,4.0,4.0,4.0,5.0,4.0,3.0,3.0,4.0,4.0,4.0,4.0,4.0,5.0,5.0,5.0,4.0,4.0,4.0,4.0,4.0,4.0,5.0,4.0,4.0,4.0,4.0,4.0,4.0,4.0,3.0,5.0,3.0,4.0,4.0,5.0,4.0,4.0,4.0,4.0,4.0,3.0,4.0,4.0,4.0,3.0,4.0,3.0,4.0,5.0,4.0,4.0,5.0,2.0,4.0,3.0,2.0,4.0,3.0,4.0,4.0,4.0,3.0,4.0,2.0,4.0,4.0,4.0,4.0,4.0,5.0,5.0,4.0,6.0,2.0,3.0,4.0,1.0,4.0,4.0,4.0,,4.0,5.0,4.0,1.0,4.0,1.0,2.0,4.0,4.0,4.0,5.0,4.0,1.0,2.0,2.0,1.0,2.0,4.0,4.0,2.0,4.0,2.0,4.0,2.0,1.0,1.0,2.0,1.0,3.0,4.0,1.0,3.0,4.0,6.0,6.0,1.0,1.0,2.0,2.0,2.0,1.0,4.0,,3.0,2.0,1.0,3.0,2.0,0.921551,3.6666666666666665,3.5,4.0,4.0,1.0
24550.0,9.0,2.0,2.0,24.0,1.0,5.0,5.0,4.0,3.0,4.0,4.0,3.0,4.0,4.0,2.0,,,,,,,,,,,,,,,,,,2.0,1.0,1.0,,,,5.0,,,3.0,3.0,3.0,3.0,3.0,3.0,4.0,3.0,4.0,2.0,3.0,3.0,4.0,4.0,3.0,5.0,4.0,4.0,3.0,3.0,3.0,4.0,3.0,4.0,3.0,3.0,3.0,4.0,4.0,3.0,3.0,4.0,4.0,4.0,3.0,3.0,3.0,4.0,3.0,3.0,3.0,3.0,2.0,2.0,2.0,3.0,4.0,4.0,4.0,4.0,4.0,4.0,4.0,4.0,3.0,4.0,4.0,4.0,4.0,4.0,4.0,4.0,4.0,4.0,3.0,2.0,2.0,3.0,3.0,4.0,3.0,2.0,2.0,4.0,3.0,4.0,3.0,8.0,4.0,2.0,4.0,1.0,4.0,4.0,2.0,,3.0,3.0,4.0,2.0,3.0,2.0,2.0,4.0,3.0,2.0,4.0,3.0,1.0,2.0,2.0,1.0,2.0,4.0,4.0,3.0,4.0,2.0,3.0,4.0,3.0,2.0,2.0,3.0,4.0,4.0,3.0,2.0,3.0,5.0,7.0,1.0,1.0,1.0,2.0,1.0,,7.0,,4.0,1.0,2.0,6.0,3.0,1.026542,3.6666666666666665,4.0,4.0,3.0,2.0
24656.0,9.0,2.0,1.0,59.0,4.0,4.0,4.0,4.0,4.0,4.0,4.0,4.0,4.0,4.0,1.0,1.0,2.0,3.0,4.0,5.0,6.0,,,,,,,,,,,,2.0,2.0,,,,,,,,3.0,3.0,3.0,3.0,3.0,3.0,4.0,3.0,4.0,3.0,3.0,3.0,4.0,4.0,4.0,4.0,4.0,4.0,4.0,4.0,4.0,4.0,3.0,3.0,3.0,3.0,4.0,4.0,4.0,4.0,4.0,3.0,3.0,4.0,3.0,3.0,3.0,3.0,3.0,4.0,4.0,3.0,3.0,4.0,3.0,3.0,3.0,3.0,3.0,3.0,3.0,3.0,3.0,3.0,3.0,4.0,4.0,3.0,4.0,3.0,3.0,2.0,3.0,3.0,4.0,3.0,3.0,3.0,3.0,4.0,4.0,3.0,3.0,4.0,4.0,4.0,4.0,5.0,3.0,3.0,3.0,1.0,4.0,3.0,1.0,,4.0,4.0,3.0,1.0,3.0,3.0,3.0,4.0,2.0,3.0,4.0,3.0,1.0,1.0,1.0,1.0,2.0,3.0,3.0,3.0,3.0,4.0,3.0,3.0,2.0,2.0,2.0,2.0,2.0,2.0,2.0,2.0,3.0,5.0,5.0,1.0,1.0,1.0,1.0,2.0,1.0,4.0,,3.0,2.0,1.0,3.0,2.0,1.048518,4.0,4.0,3.5,3.0,1.0
24659.0,4.0,2.0,1.0,25.0,1.0,5.0,5.0,4.0,3.0,4.0,4.0,3.0,4.0,2.0,2.0,,,,,,,,,,,,,,,,,,2.0,2.0,,,,,,,,5.0,4.0,3.0,2.0,4.0,3.0,4.0,2.0,4.0,4.0,4.0,3.0,4.0,4.0,3.0,5.0,3.0,3.0,4.0,3.0,4.0,3.0,4.0,4.0,4.0,4.0,4.0,4.0,3.0,1.0,1.0,4.0,4.0,4.0,2.0,4.0,2.0,4.0,4.0,4.0,4.0,4.0,3.0,3.0,1.0,1.0,4.0,4.0,4.0,1.0,4.0,1.0,4.0,4.0,4.0,4.0,4.0,2.0,3.0,1.0,1.0,3.0,4.0,4.0,4.0,4.0,4.0,4.0,4.0,3.0,4.0,2.0,4.0,2.0,3.0,2.0,4.0,10.0,4.0,4.0,3.0,1.0,4.0,4.0,3.0,,4.0,3.0,3.0,2.0,2.0,3.0,3.0,3.0,3.0,4.0,4.0,4.0,2.0,2.0,2.0,2.0,2.0,4.0,4.0,2.0,4.0,2.0,4.0,3.0,2.0,2.0,2.0,4.0,1.0,2.0,2.0,2.0,4.0,8.0,2.0,2.0,2.0,2.0,2.0,1.0,,7.0,,2.0,1.0,2.0,6.0,1.0,1.051424,3.0,4.0,4.0,2.0,2.0
24904.0,6.0,3.0,1.0,46.0,3.0,4.0,4.0,4.0,3.0,3.0,3.0,3.0,3.0,3.0,2.0,,,,,,,,,,,,,,,,,,2.0,1.0,1.0,,3.0,4.0,5.0,,,2.0,3.0,3.0,4.0,3.0,3.0,3.0,3.0,4.0,4.0,3.0,4.0,4.0,4.0,4.0,4.0,3.0,3.0,3.0,3.0,3.0,3.0,3.0,3.0,3.0,3.0,3.0,3.0,3.0,3.0,3.0,2.0,2.0,3.0,2.0,2.0,2.0,2.0,2.0,2.0,2.0,2.0,2.0,3.0,3.0,2.0,3.0,3.0,3.0,3.0,3.0,3.0,3.0,3.0,3.0,3.0,3.0,3.0,3.0,3.0,3.0,4.0,4.0,4.0,4.0,3.0,2.0,3.0,2.0,3.0,2.0,3.0,3.0,4.0,3.0,3.0,3.0,8.0,4.0,3.0,5.0,1.0,5.0,5.0,4.0,,1.0,1.0,1.0,2.0,3.0,1.0,1.0,4.0,3.0,3.0,4.0,3.0,2.0,2.0,2.0,2.0,2.0,4.0,4.0,4.0,4.0,4.0,4.0,3.0,1.0,1.0,1.0,1.0,1.0,1.0,1.0,1.0,3.0,8.0,7.0,2.0,2.0,2.0,2.0,2.0,1.0,4.0,,4.0,2.0,1.0,3.0,3.0,0.776027,3.0,3.0,5.0,3.0,2.0
24905.0,1.0,1.0,2.0,36.0,2.0,4.0,4.0,4.0,4.0,4.0,4.0,4.0,4.0,4.0,1.0,1.0,2.0,,4.0,5.0,,,,,,,,,,,,,2.0,1.0,,,,4.0,5.0,,,3.0,4.0,5.0,4.0,3.0,2.0,4.0,3.0,5.0,4.0,3.0,3.0,5.0,5.0,4.0,5.0,2.0,4.0,4.0,2.0,2.0,2.0,2.0,3.0,3.0,2.0,3.0,2.0,4.0,4.0,2.0,4.0,4.0,4.0,4.0,3.0,3.0,3.0,4.0,4.0,3.0,4.0,4.0,4.0,4.0,4.0,4.0,4.0,4.0,3.0,3.0,3.0,3.0,4.0,4.0,4.0,4.0,4.0,4.0,4.0,4.0,4.0,3.0,4.0,4.0,4.0,2.0,4.0,4.0,2.0,2.0,2.0,3.0,5.0,3.0,3.0,4.0,10.0,4.0,3.0,4.0,2.0,4.0,4.0,4.0,,4.0,4.0,4.0,2.0,4.0,4.0,3.0,4.0,2.0,2.0,4.0,3.0,1.0,2.0,2.0,2.0,1.0,3.0,3.0,4.0,4.0,2.0,2.0,1.0,1.0,1.0,2.0,2.0,1.0,2.0,2.0,2.0,3.0,10.0,10.0,1.0,1.0,1.0,1.0,2.0,1.0,5.0,,3.0,2.0,1.0,4.0,2.0,1.036816,4.0,4.0,4.0,4.0,2.0
24907.0,9.0,2.0,2.0,38.0,2.0,4.0,4.0,4.0,3.0,4.0,4.0,4.0,5.0,5.0,2.0,,,,,,,,,,,,,,,,,,2.0,1.0,,,,4.0,,,,2.0,2.0,3.0,2.0,3.0,2.0,3.0,3.0,3.0,3.0,2.0,2.0,3.0,3.0,2.0,4.0,4.0,4.0,4.0,4.0,4.0,3.0,4.0,4.0,4.0,4.0,4.0,4.0,4.0,3.0,3.0,4.0,4.0,4.0,3.0,3.0,4.0,4.0,4.0,4.0,4.0,4.0,3.0,4.0,4.0,3.0,4.0,4.0,3.0,4.0,3.0,4.0,4.0,4.0,4.0,4.0,4.0,4.0,4.0,3.0,3.0,3.0,3.0,3.0,4.0,4.0,2.0,3.0,3.0,3.0,3.0,3.0,3.0,4.0,4.0,3.0,4.0,10.0,4.0,2.0,3.0,1.0,2.0,2.0,2.0,,3.0,3.0,4.0,1.0,3.0,2.0,3.0,4.0,2.0,2.0,3.0,3.0,2.0,2.0,2.0,2.0,2.0,4.0,4.0,4.0,4.0,3.0,4.0,3.0,2.0,3.0,3.0,3.0,2.0,2.0,2.0,3.0,3.0,2.0,2.0,1.0,2.0,2.0,2.0,3.0,1.0,3.0,,4.0,3.0,1.0,2.0,3.0,1.051499,4.666666666666667,4.0,2.0,3.0,1.0
24913.0,16.0,6.0,2.0,59.0,4.0,5.0,5.0,4.0,3.0,3.0,3.0,2.0,2.0,1.0,2.0,,,,,,,,,,,,,,,,,,2.0,2.0,,,,,,,,2.0,3.0,3.0,3.0,3.0,3.0,3.0,2.0,3.0,3.0,3.0,3.0,3.0,1.0,3.0,3.0,2.0,3.0,3.0,3.0,3.0,3.0,2.0,3.0,3.0,3.0,2.0,3.0,1.0,1.0,2.0,3.0,3.0,3.0,3.0,3.0,3.0,3.0,3.0,3.0,3.0,3.0,3.0,2.0,2.0,2.0,4.0,4.0,5.0,4.0,4.0,4.0,4.0,5.0,5.0,5.0,5.0,5.0,4.0,3.0,3.0,5.0,4.0,4.0,5.0,4.0,2.0,2.0,1.0,3.0,4.0,2.0,4.0,3.0,5.0,2.0,2.0,2.0,1.0,3.0,3.0,1.0,5.0,5.0,5.0,,3.0,2.0,2.0,2.0,2.0,4.0,4.0,4.0,1.0,1.0,1.0,3.0,2.0,2.0,2.0,2.0,2.0,2.0,2.0,1.0,1.0,1.0,3.0,2.0,2.0,2.0,1.0,1.0,1.0,3.0,2.0,1.0,2.0,11.0,11.0,2.0,2.0,2.0,2.0,2.0,1.0,7.0,,3.0,2.0,1.0,6.0,2.0,1.142237,1.6666666666666667,3.0,5.0,2.0,2.0
24924.0,2.0,6.0,1.0,41.0,3.0,5.0,5.0,4.0,3.0,4.0,5.0,4.0,4.0,5.0,1.0,1.0,2.0,3.0,4.0,5.0,6.0,7.0,,,,,,,,,,,2.0,1.0,,,3.0,4.0,5.0,,,2.0,2.0,2.0,1.0,3.0,1.0,1.0,1.0,2.0,5.0,1.0,1.0,2.0,4.0,4.0,5.0,5.0,5.0,5.0,5.0,4.0,5.0,5.0,5.0,5.0,4.0,4.0,4.0,5.0,5.0,4.0,5.0,5.0,4.0,5.0,5.0,5.0,4.0,4.0,5.0,4.0,4.0,5.0,5.0,5.0,5.0,4.0,5.0,5.0,5.0,4.0,5.0,5.0,5.0,4.0,5.0,5.0,5.0,5.0,4.0,5.0,4.0,5.0,5.0,4.0,5.0,2.0,5.0,5.0,2.0,2.0,1.0,2.0,4.0,5.0,5.0,5.0,1.0,5.0,4.0,5.0,1.0,5.0,5.0,2.0,,3.0,2.0,5.0,2.0,2.0,5.0,5.0,4.0,2.0,1.0,3.0,4.0,1.0,2.0,2.0,1.0,1.0,5.0,5.0,3.0,3.0,3.0,4.0,4.0,1.0,1.0,4.0,4.0,3.0,4.0,2.0,5.0,4.0,1.0,2.0,1.0,1.0,2.0,1.0,2.0,1.0,4.0,,3.0,2.0,1.0,3.0,2.0,0.846161,4.333333333333333,4.5,5.0,2.0,2.0
24926.0,9.0,2.0,2.0,48.0,3.0,5.0,4.0,3.0,3.0,2.0,2.0,2.0,3.0,3.0,2.0,,,,,,,,,,,,,,,,,,2.0,2.0,,,,,,,,2.0,3.0,3.0,3.0,3.0,3.0,3.0,2.0,4.0,3.0,3.0,4.0,5.0,4.0,3.0,5.0,3.0,3.0,4.0,3.0,3.0,3.0,2.0,4.0,4.0,4.0,3.0,3.0,4.0,3.0,5.0,3.0,3.0,4.0,3.0,3.0,4.0,3.0,3.0,3.0,3.0,3.0,4.0,4.0,3.0,5.0,3.0,3.0,4.0,3.0,3.0,4.0,3.0,4.0,3.0,3.0,4.0,4.0,4.0,3.0,5.0,3.0,2.0,3.0,3.0,3.0,2.0,3.0,2.0,3.0,4.0,3.0,2.0,3.0,3.0,3.0,3.0,11.0,4.0,2.0,4.0,1.0,5.0,4.0,4.0,,3.0,3.0,3.0,1.0,2.0,3.0,3.0,3.0,3.0,3.0,2.0,3.0,1.0,2.0,2.0,2.0,1.0,3.0,3.0,3.0,4.0,3.0,3.0,4.0,4.0,3.0,3.0,3.0,3.0,3.0,3.0,4.0,3.0,11.0,11.0,2.0,2.0,2.0,2.0,2.0,1.0,5.0,,3.0,2.0,1.0,4.0,2.0,0.965456,2.6666666666666665,2.0,4.5,2.0,1.0
24941.0,9.0,2.0,2.0,28.0,1.0,5.0,5.0,4.0,3.0,5.0,4.0,5.0,4.0,4.0,2.0,,,,,,,,,,,,,,,,,,2.0,2.0,,,,,,,,3.0,3.0,3.0,3.0,3.0,3.0,4.0,2.0,3.0,3.0,3.0,2.0,5.0,4.0,3.0,5.0,4.0,4.0,4.0,4.0,4.0,4.0,4.0,4.0,4.0,4.0,3.0,4.0,5.0,3.0,3.0,4.0,4.0,4.0,4.0,4.0,4.0,4.0,4.0,4.0,4.0,4.0,4.0,4.0,4.0,4.0,4.0,4.0,4.0,4.0,4.0,4.0,4.0,4.0,4.0,4.0,4.0,4.0,4.0,4.0,4.0,3.0,5.0,4.0,4.0,4.0,3.0,3.0,4.0,4.0,4.0,3.0,4.0,3.0,4.0,3.0,4.0,6.0,4.0,3.0,4.0,1.0,3.0,4.0,3.0,,3.0,2.0,4.0,2.0,3.0,2.0,2.0,3.0,3.0,3.0,3.0,3.0,2.0,2.0,2.0,2.0,2.0,5.0,5.0,4.0,4.0,4.0,3.0,3.0,1.0,1.0,3.0,3.0,4.0,4.0,4.0,1.0,4.0,6.0,6.0,1.0,2.0,2.0,2.0,1.0,,3.0,,3.0,1.0,2.0,2.0,2.0,1.026542,4.333333333333333,4.5,3.5,3.0,2.0
24961.0,1.0,1.0,1.0,24.0,1.0,1.0,1.0,1.0,1.0,1.0,3.0,3.0,4.0,3.0,2.0,,,,,,,,,,,,,,,,,,2.0,2.0,,,,,,,,3.0,3.0,3.0,3.0,3.0,3.0,3.0,3.0,4.0,3.0,4.0,5.0,5.0,5.0,5.0,5.0,3.0,3.0,3.0,3.0,3.0,3.0,3.0,3.0,3.0,3.0,3.0,3.0,3.0,3.0,5.0,3.0,2.0,2.0,2.0,2.0,2.0,2.0,2.0,2.0,2.0,2.0,2.0,2.0,2.0,4.0,2.0,3.0,4.0,4.0,4.0,4.0,4.0,5.0,4.0,4.0,4.0,4.0,4.0,4.0,5.0,4.0,4.0,4.0,4.0,4.0,3.0,4.0,3.0,4.0,4.0,4.0,5.0,3.0,4.0,4.0,4.0,6.0,3.0,2.0,4.0,1.0,3.0,3.0,2.0,,3.0,3.0,3.0,1.0,3.0,2.0,2.0,3.0,2.0,2.0,3.0,3.0,2.0,2.0,2.0,2.0,2.0,2.0,2.0,2.0,2.0,2.0,2.0,2.0,1.0,1.0,1.0,1.0,1.0,1.0,1.0,1.0,3.0,5.0,6.0,2.0,2.0,2.0,2.0,1.0,,6.0,,3.0,1.0,2.0,5.0,2.0,1.112248,3.3333333333333335,2.0,3.0,3.0,1.0
24969.0,8.0,3.0,2.0,29.0,1.0,4.0,4.0,3.0,2.0,3.0,3.0,2.0,3.0,2.0,2.0,,,,,,,,,,,,,,,,,,2.0,2.0,,,,,,,,2.0,4.0,4.0,3.0,3.0,3.0,4.0,3.0,4.0,2.0,2.0,3.0,4.0,4.0,4.0,4.0,4.0,4.0,4.0,4.0,3.0,3.0,3.0,4.0,4.0,3.0,3.0,3.0,4.0,3.0,4.0,3.0,3.0,3.0,4.0,3.0,4.0,3.0,4.0,3.0,3.0,3.0,3.0,3.0,3.0,3.0,3.0,4.0,4.0,3.0,3.0,4.0,3.0,4.0,3.0,3.0,3.0,4.0,4.0,3.0,4.0,3.0,4.0,4.0,4.0,3.0,2.0,2.0,3.0,3.0,3.0,2.0,2.0,4.0,4.0,4.0,4.0,6.0,4.0,2.0,3.0,1.0,4.0,4.0,4.0,,3.0,4.0,2.0,1.0,3.0,3.0,4.0,3.0,3.0,2.0,2.0,3.0,2.0,2.0,2.0,1.0,2.0,4.0,4.0,2.0,2.0,2.0,2.0,2.0,1.0,2.0,2.0,2.0,2.0,2.0,2.0,3.0,3.0,8.0,5.0,2.0,2.0,1.0,1.0,2.0,2.0,4.0,,4.0,2.0,2.0,3.0,3.0,0.987061,2.3333333333333335,3.0,4.0,3.0,1.0
24987.0,8.0,3.0,1.0,27.0,1.0,5.0,5.0,5.0,5.0,5.0,5.0,5.0,5.0,5.0,2.0,,,,,,,,,,,,,,,,,,2.0,1.0,1.0,,,,,,,1.0,5.0,5.0,1.0,5.0,5.0,5.0,1.0,5.0,5.0,5.0,3.0,5.0,5.0,5.0,5.0,5.0,5.0,1.0,5.0,5.0,5.0,1.0,5.0,5.0,5.0,3.0,5.0,5.0,5.0,5.0,5.0,5.0,5.0,5.0,5.0,5.0,5.0,5.0,5.0,5.0,5.0,5.0,5.0,5.0,5.0,5.0,5.0,5.0,5.0,5.0,5.0,5.0,5.0,5.0,5.0,5.0,5.0,5.0,5.0,5.0,5.0,5.0,5.0,5.0,4.0,1.0,4.0,5.0,5.0,5.0,5.0,5.0,5.0,5.0,5.0,4.0,9.0,5.0,2.0,3.0,1.0,4.0,4.0,3.0,,4.0,4.0,4.0,1.0,4.0,5.0,4.0,4.0,4.0,4.0,4.0,4.0,1.0,1.0,2.0,2.0,2.0,5.0,5.0,5.0,5.0,5.0,5.0,5.0,1.0,1.0,1.0,5.0,5.0,5.0,5.0,1.0,4.0,11.0,11.0,2.0,2.0,2.0,2.0,1.0,,6.0,,4.0,1.0,2.0,5.0,3.0,0.984842,5.0,5.0,4.0,4.0,1.0
24990.0,1.0,1.0,2.0,47.0,3.0,4.0,5.0,5.0,5.0,4.0,4.0,4.0,3.0,3.0,1.0,1.0,2.0,3.0,4.0,5.0,,7.0,,,,,,,,,,,2.0,2.0,,,,,,,,2.0,5.0,5.0,4.0,4.0,3.0,3.0,3.0,4.0,4.0,4.0,5.0,4.0,5.0,3.0,4.0,3.0,3.0,4.0,3.0,3.0,3.0,3.0,4.0,3.0,4.0,4.0,4.0,4.0,2.0,2.0,3.0,3.0,4.0,3.0,3.0,3.0,2.0,3.0,2.0,3.0,4.0,3.0,3.0,3.0,3.0,3.0,3.0,2.0,2.0,2.0,2.0,2.0,3.0,3.0,3.0,3.0,3.0,3.0,3.0,3.0,4.0,3.0,3.0,3.0,4.0,4.0,4.0,5.0,3.0,3.0,4.0,3.0,3.0,3.0,3.0,4.0,7.0,4.0,3.0,4.0,1.0,4.0,3.0,2.0,,4.0,4.0,3.0,2.0,3.0,3.0,3.0,2.0,2.0,2.0,2.0,2.0,2.0,1.0,2.0,1.0,2.0,4.0,4.0,3.0,3.0,2.0,3.0,2.0,1.0,1.0,1.0,1.0,1.0,1.0,1.0,1.0,3.0,5.0,7.0,1.0,1.0,1.0,1.0,2.0,1.0,4.0,,5.0,2.0,1.0,3.0,3.0,1.098998,3.3333333333333335,4.0,3.5,3.0,2.0
25000.0,9.0,2.0,1.0,27.0,1.0,5.0,5.0,4.0,5.0,4.0,3.0,3.0,4.0,3.0,1.0,1.0,2.0,3.0,4.0,5.0,,,,,,,,,,,,,2.0,1.0,1.0,,,,5.0,,,1.0,5.0,5.0,2.0,3.0,3.0,5.0,2.0,5.0,5.0,4.0,3.0,5.0,4.0,4.0,5.0,5.0,5.0,3.0,3.0,3.0,5.0,3.0,5.0,4.0,4.0,3.0,4.0,4.0,4.0,5.0,4.0,5.0,3.0,5.0,5.0,4.0,4.0,5.0,4.0,4.0,2.0,4.0,5.0,2.0,3.0,5.0,5.0,2.0,4.0,4.0,3.0,3.0,5.0,4.0,3.0,2.0,4.0,4.0,2.0,3.0,2.0,5.0,4.0,4.0,5.0,5.0,3.0,5.0,3.0,3.0,1.0,4.0,4.0,5.0,4.0,4.0,4.0,4.0,1.0,4.0,1.0,5.0,5.0,3.0,,2.0,3.0,4.0,2.0,2.0,2.0,1.0,5.0,1.0,3.0,3.0,2.0,2.0,1.0,2.0,1.0,2.0,5.0,5.0,3.0,4.0,1.0,2.0,2.0,1.0,1.0,1.0,1.0,1.0,2.0,1.0,1.0,3.0,9.0,6.0,2.0,2.0,1.0,2.0,1.0,,6.0,,4.0,1.0,2.0,5.0,3.0,1.051424,3.3333333333333335,3.5,5.0,2.0,2.0
25072.0,16.0,6.0,1.0,49.0,3.0,5.0,5.0,4.0,2.0,4.0,4.0,4.0,4.0,2.0,2.0,,,,,,,,,,,,,,,,,,2.0,1.0,,,,,5.0,,,4.0,5.0,5.0,4.0,3.0,3.0,4.0,4.0,5.0,3.0,4.0,3.0,3.0,4.0,3.0,4.0,3.0,4.0,4.0,3.0,3.0,3.0,4.0,4.0,4.0,4.0,4.0,2.0,3.0,2.0,1.0,2.0,2.0,2.0,2.0,2.0,2.0,2.0,2.0,2.0,2.0,2.0,2.0,3.0,2.0,2.0,4.0,4.0,4.0,3.0,4.0,2.0,4.0,4.0,4.0,3.0,3.0,2.0,3.0,2.0,2.0,4.0,4.0,4.0,4.0,4.0,2.0,4.0,3.0,3.0,3.0,2.0,3.0,4.0,4.0,4.0,3.0,8.0,2.0,4.0,3.0,1.0,2.0,2.0,3.0,,4.0,4.0,4.0,1.0,4.0,3.0,4.0,4.0,5.0,5.0,3.0,3.0,2.0,2.0,2.0,1.0,1.0,4.0,4.0,4.0,4.0,4.0,4.0,4.0,1.0,2.0,4.0,3.0,3.0,3.0,2.0,1.0,3.0,9.0,3.0,1.0,2.0,1.0,1.0,2.0,1.0,3.0,,3.0,2.0,1.0,2.0,2.0,0.846161,3.3333333333333335,4.0,2.0,4.0,1.0
25101.0,9.0,2.0,1.0,51.0,4.0,5.0,5.0,5.0,5.0,4.0,4.0,3.0,5.0,5.0,1.0,1.0,2.0,3.0,4.0,5.0,6.0,,,,,,,13.0,,,,,1.0,2.0,,,,,,,,1.0,4.0,3.0,2.0,3.0,3.0,4.0,4.0,4.0,3.0,3.0,3.0,4.0,4.0,4.0,5.0,5.0,5.0,5.0,5.0,5.0,4.0,5.0,4.0,3.0,4.0,5.0,3.0,5.0,3.0,3.0,5.0,5.0,5.0,5.0,5.0,3.0,4.0,4.0,4.0,4.0,5.0,4.0,5.0,4.0,5.0,5.0,5.0,5.0,5.0,5.0,4.0,5.0,5.0,5.0,5.0,5.0,5.0,5.0,5.0,5.0,5.0,5.0,4.0,4.0,3.0,1.0,1.0,2.0,3.0,4.0,3.0,3.0,2.0,5.0,4.0,3.0,8.0,3.0,2.0,4.0,1.0,4.0,4.0,3.0,,3.0,2.0,4.0,1.0,3.0,3.0,2.0,4.0,3.0,3.0,3.0,3.0,1.0,2.0,2.0,2.0,2.0,3.0,5.0,4.0,3.0,3.0,3.0,3.0,1.0,1.0,2.0,2.0,2.0,5.0,3.0,3.0,3.0,6.0,6.0,1.0,1.0,1.0,2.0,2.0,1.0,4.0,,4.0,2.0,1.0,3.0,3.0,1.048518,4.333333333333333,4.0,4.0,3.0,1.0
25214.0,3.0,5.0,2.0,41.0,3.0,5.0,5.0,4.0,4.0,4.0,4.0,4.0,4.0,4.0,2.0,,,,,,,,,,,,,,,,,,2.0,1.0,,,3.0,,5.0,,,2.0,3.0,3.0,3.0,2.0,3.0,4.0,2.0,4.0,3.0,3.0,2.0,5.0,4.0,4.0,5.0,3.0,3.0,3.0,3.0,3.0,4.0,3.0,3.0,3.0,3.0,3.0,4.0,4.0,4.0,5.0,3.0,3.0,3.0,3.0,3.0,4.0,3.0,3.0,3.0,3.0,3.0,4.0,4.0,3.0,4.0,4.0,4.0,4.0,4.0,4.0,4.0,4.0,4.0,4.0,4.0,4.0,4.0,5.0,4.0,5.0,4.0,4.0,5.0,5.0,4.0,2.0,4.0,3.0,3.0,4.0,2.0,3.0,3.0,4.0,2.0,4.0,9.0,4.0,3.0,4.0,1.0,5.0,5.0,2.0,,3.0,2.0,4.0,2.0,2.0,2.0,2.0,3.0,2.0,3.0,4.0,2.0,1.0,2.0,2.0,1.0,2.0,4.0,4.0,3.0,4.0,3.0,3.0,3.0,2.0,2.0,2.0,3.0,2.0,4.0,3.0,3.0,4.0,3.0,9.0,1.0,2.0,1.0,2.0,1.0,,4.0,,2.0,1.0,2.0,3.0,1.0,0.871396,4.0,4.0,5.0,2.0,2.0
25786.0,9.0,2.0,2.0,52.0,4.0,4.0,4.0,4.0,4.0,4.0,3.0,3.0,4.0,4.0,2.0,,,,,,,,,,,,,,,,,,2.0,2.0,,,,,,,,3.0,4.0,3.0,3.0,3.0,3.0,4.0,3.0,4.0,3.0,3.0,3.0,4.0,4.0,4.0,5.0,4.0,3.0,3.0,3.0,3.0,3.0,3.0,3.0,3.0,3.0,3.0,3.0,4.0,3.0,3.0,4.0,3.0,4.0,4.0,4.0,3.0,3.0,4.0,4.0,3.0,3.0,2.0,4.0,2.0,2.0,3.0,3.0,4.0,3.0,3.0,3.0,3.0,4.0,4.0,3.0,2.0,2.0,4.0,2.0,2.0,3.0,3.0,3.0,3.0,3.0,2.0,4.0,3.0,3.0,3.0,3.0,3.0,4.0,4.0,3.0,4.0,6.0,4.0,2.0,5.0,1.0,4.0,3.0,2.0,,3.0,3.0,4.0,2.0,3.0,2.0,2.0,4.0,2.0,2.0,3.0,2.0,2.0,2.0,2.0,1.0,2.0,3.0,3.0,3.0,4.0,3.0,2.0,2.0,1.0,1.0,1.0,1.0,1.0,3.0,1.0,1.0,4.0,6.0,4.0,1.0,2.0,1.0,1.0,2.0,1.0,2.0,,3.0,2.0,1.0,1.0,2.0,1.05617,3.6666666666666665,3.5,3.5,3.0,2.0
25824.0,11.0,3.0,2.0,53.0,4.0,4.0,4.0,4.0,3.0,4.0,4.0,4.0,4.0,4.0,1.0,,,3.0,,,,,,,,,,,,,,,1.0,2.0,,,,,,,,3.0,3.0,3.0,2.0,3.0,2.0,3.0,2.0,3.0,3.0,3.0,2.0,2.0,3.0,2.0,4.0,4.0,4.0,4.0,3.0,4.0,3.0,4.0,4.0,4.0,4.0,4.0,3.0,4.0,3.0,2.0,4.0,4.0,4.0,4.0,4.0,4.0,4.0,4.0,4.0,4.0,4.0,4.0,4.0,4.0,4.0,4.0,4.0,4.0,3.0,4.0,3.0,4.0,4.0,4.0,4.0,4.0,3.0,4.0,3.0,2.0,4.0,4.0,4.0,4.0,3.0,2.0,3.0,3.0,3.0,4.0,3.0,4.0,4.0,4.0,4.0,3.0,10.0,2.0,3.0,3.0,1.0,4.0,3.0,2.0,,4.0,4.0,4.0,1.0,4.0,1.0,2.0,3.0,3.0,3.0,4.0,3.0,1.0,2.0,2.0,2.0,1.0,4.0,4.0,4.0,4.0,3.0,4.0,4.0,2.0,2.0,3.0,3.0,4.0,4.0,2.0,3.0,4.0,5.0,1.0,1.0,2.0,1.0,2.0,2.0,1.0,4.0,,3.0,2.0,1.0,3.0,2.0,0.976223,4.0,4.0,3.5,4.0,1.0
26001.0,12.0,3.0,1.0,24.0,1.0,5.0,5.0,5.0,5.0,5.0,5.0,5.0,5.0,5.0,1.0,1.0,2.0,3.0,4.0,5.0,,,,,,,,13.0,,,,,1.0,1.0,,,3.0,,5.0,,,2.0,4.0,4.0,5.0,5.0,3.0,4.0,3.0,5.0,4.0,5.0,3.0,5.0,5.0,3.0,5.0,3.0,5.0,5.0,3.0,3.0,3.0,5.0,5.0,5.0,5.0,3.0,3.0,5.0,3.0,3.0,3.0,3.0,5.0,3.0,3.0,3.0,5.0,5.0,5.0,5.0,3.0,3.0,5.0,3.0,5.0,3.0,5.0,5.0,4.0,4.0,3.0,5.0,5.0,5.0,5.0,5.0,5.0,5.0,5.0,2.0,5.0,5.0,5.0,5.0,5.0,1.0,5.0,4.0,5.0,5.0,1.0,1.0,5.0,5.0,5.0,5.0,11.0,1.0,5.0,5.0,1.0,4.0,4.0,3.0,,4.0,3.0,4.0,2.0,3.0,1.0,3.0,4.0,4.0,3.0,5.0,4.0,1.0,1.0,2.0,2.0,2.0,5.0,5.0,4.0,5.0,4.0,4.0,4.0,3.0,3.0,4.0,3.0,4.0,4.0,3.0,2.0,4.0,8.0,1.0,1.0,1.0,1.0,1.0,1.0,,7.0,,3.0,1.0,2.0,6.0,2.0,0.984842,5.0,5.0,4.0,3.0,2.0
26188.0,4.0,2.0,1.0,54.0,4.0,5.0,5.0,2.0,1.0,3.0,3.0,2.0,2.0,2.0,2.0,,,,,,,,,,,,,,,,,,2.0,1.0,,,3.0,4.0,5.0,,,1.0,4.0,4.0,5.0,4.0,4.0,4.0,4.0,5.0,4.0,4.0,4.0,4.0,5.0,4.0,4.0,2.0,2.0,3.0,3.0,2.0,2.0,2.0,3.0,2.0,2.0,2.0,3.0,3.0,2.0,1.0,1.0,1.0,3.0,1.0,1.0,1.0,3.0,3.0,1.0,3.0,3.0,3.0,3.0,1.0,1.0,1.0,1.0,3.0,1.0,3.0,1.0,1.0,3.0,3.0,3.0,3.0,3.0,3.0,1.0,1.0,4.0,2.0,4.0,5.0,2.0,2.0,3.0,2.0,2.0,4.0,3.0,4.0,4.0,4.0,4.0,4.0,6.0,3.0,2.0,3.0,1.0,4.0,4.0,4.0,,3.0,3.0,2.0,1.0,3.0,1.0,1.0,4.0,1.0,2.0,4.0,4.0,1.0,2.0,2.0,1.0,2.0,3.0,1.0,3.0,1.0,1.0,3.0,1.0,1.0,1.0,1.0,1.0,1.0,1.0,1.0,1.0,3.0,6.0,4.0,2.0,2.0,2.0,2.0,2.0,1.0,4.0,,4.0,2.0,1.0,3.0,3.0,1.048518,2.0,3.0,4.0,3.0,1.0
26339.0,1.0,1.0,1.0,56.0,4.0,5.0,5.0,4.0,4.0,5.0,5.0,4.0,4.0,4.0,2.0,,,,,,,,,,,,,,,,,,2.0,2.0,,,,,,,,2.0,4.0,4.0,3.0,3.0,3.0,4.0,2.0,4.0,3.0,3.0,2.0,4.0,5.0,3.0,5.0,4.0,4.0,4.0,3.0,3.0,3.0,2.0,4.0,3.0,3.0,2.0,2.0,5.0,3.0,2.0,4.0,4.0,4.0,3.0,3.0,3.0,2.0,4.0,3.0,3.0,3.0,3.0,5.0,3.0,2.0,4.0,4.0,4.0,3.0,3.0,3.0,2.0,4.0,4.0,4.0,3.0,3.0,5.0,3.0,2.0,4.0,5.0,3.0,4.0,4.0,3.0,4.0,3.0,2.0,4.0,4.0,4.0,5.0,4.0,4.0,3.0,10.0,3.0,2.0,3.0,1.0,2.0,1.0,5.0,,4.0,4.0,5.0,1.0,4.0,2.0,2.0,4.0,2.0,4.0,4.0,3.0,1.0,2.0,2.0,1.0,1.0,5.0,5.0,3.0,4.0,2.0,3.0,2.0,1.0,1.0,2.0,1.0,2.0,1.0,1.0,2.0,5.0,9.0,1.0,1.0,2.0,2.0,2.0,2.0,1.0,2.0,,3.0,2.0,1.0,1.0,2.0,1.101675,4.0,5.0,1.5,4.0,1.0
26352.0,2.0,6.0,1.0,36.0,2.0,4.0,5.0,5.0,5.0,5.0,5.0,5.0,5.0,5.0,1.0,1.0,2.0,3.0,4.0,,6.0,,,,,,,,,,,,2.0,2.0,,,,,,,,2.0,4.0,4.0,4.0,3.0,2.0,3.0,3.0,4.0,4.0,3.0,2.0,4.0,4.0,4.0,4.0,4.0,4.0,4.0,2.0,2.0,4.0,2.0,4.0,4.0,2.0,4.0,3.0,5.0,5.0,2.0,4.0,4.0,4.0,4.0,4.0,4.0,4.0,4.0,4.0,4.0,4.0,4.0,4.0,4.0,4.0,2.0,4.0,4.0,3.0,2.0,3.0,4.0,3.0,4.0,4.0,4.0,2.0,2.0,4.0,3.0,3.0,2.0,2.0,4.0,3.0,2.0,2.0,3.0,2.0,4.0,2.0,3.0,2.0,4.0,2.0,4.0,7.0,4.0,3.0,4.0,1.0,3.0,2.0,3.0,,4.0,4.0,3.0,1.0,3.0,2.0,2.0,3.0,2.0,2.0,2.0,2.0,2.0,1.0,1.0,2.0,2.0,4.0,2.0,4.0,2.0,1.0,4.0,2.0,3.0,5.0,4.0,5.0,5.0,4.0,3.0,2.0,3.0,4.0,9.0,1.0,1.0,2.0,1.0,2.0,1.0,3.0,,2.0,2.0,1.0,2.0,1.0,0.80892,5.0,5.0,2.5,3.0,1.0
26358.0,9.0,2.0,2.0,42.0,3.0,5.0,5.0,3.0,2.0,3.0,3.0,4.0,4.0,4.0,1.0,1.0,2.0,3.0,4.0,5.0,,,,,,11.0,,,,,,,2.0,2.0,,,,,,,,2.0,3.0,4.0,3.0,3.0,3.0,4.0,3.0,4.0,3.0,3.0,2.0,3.0,4.0,4.0,5.0,3.0,4.0,3.0,3.0,3.0,2.0,3.0,4.0,3.0,3.0,3.0,3.0,4.0,3.0,3.0,3.0,3.0,3.0,3.0,3.0,3.0,3.0,4.0,2.0,3.0,2.0,3.0,5.0,3.0,4.0,3.0,3.0,3.0,3.0,3.0,3.0,3.0,5.0,3.0,4.0,3.0,4.0,5.0,4.0,4.0,3.0,2.0,3.0,3.0,3.0,3.0,3.0,2.0,4.0,4.0,4.0,4.0,5.0,4.0,4.0,4.0,5.0,3.0,3.0,3.0,1.0,3.0,3.0,3.0,,4.0,4.0,3.0,1.0,4.0,3.0,4.0,4.0,4.0,3.0,4.0,3.0,2.0,2.0,2.0,1.0,2.0,4.0,4.0,4.0,4.0,4.0,2.0,2.0,1.0,1.0,2.0,4.0,3.0,4.0,1.0,1.0,3.0,6.0,6.0,2.0,2.0,2.0,2.0,2.0,1.0,5.0,,4.0,2.0,1.0,4.0,3.0,0.965456,4.0,3.0,3.0,4.0,1.0
26447.0,1.0,1.0,2.0,53.0,4.0,5.0,5.0,3.0,2.0,2.0,3.0,3.0,3.0,2.0,2.0,,,,,,,,,,,,,,,,,,2.0,2.0,,,,,,,,2.0,3.0,5.0,4.0,3.0,4.0,5.0,3.0,4.0,5.0,4.0,3.0,4.0,4.0,5.0,5.0,4.0,4.0,4.0,4.0,4.0,4.0,4.0,4.0,4.0,4.0,4.0,4.0,4.0,3.0,2.0,2.0,2.0,2.0,2.0,2.0,2.0,2.0,2.0,2.0,2.0,2.0,2.0,2.0,2.0,2.0,5.0,5.0,5.0,5.0,5.0,5.0,5.0,5.0,5.0,5.0,5.0,5.0,5.0,5.0,5.0,2.0,2.0,4.0,5.0,5.0,1.0,4.0,1.0,4.0,5.0,2.0,4.0,5.0,5.0,5.0,4.0,6.0,4.0,3.0,3.0,1.0,4.0,4.0,2.0,,4.0,4.0,4.0,1.0,4.0,4.0,4.0,4.0,4.0,4.0,4.0,4.0,1.0,2.0,1.0,1.0,2.0,4.0,4.0,3.0,4.0,2.0,4.0,2.0,1.0,1.0,1.0,3.0,1.0,1.0,1.0,1.0,4.0,4.0,8.0,1.0,1.0,1.0,2.0,2.0,2.0,2.0,,4.0,2.0,2.0,1.0,3.0,1.053567,2.6666666666666665,2.5,4.0,4.0,1.0
26465.0,4.0,2.0,1.0,57.0,4.0,5.0,5.0,3.0,2.0,4.0,4.0,4.0,4.0,4.0,2.0,,,,,,,,,,,,,,,,,,2.0,2.0,,,,,,,,2.0,4.0,4.0,3.0,4.0,4.0,5.0,3.0,4.0,4.0,4.0,3.0,4.0,4.0,3.0,4.0,4.0,4.0,3.0,4.0,4.0,4.0,3.0,4.0,4.0,4.0,3.0,4.0,4.0,3.0,3.0,4.0,4.0,3.0,4.0,4.0,4.0,3.0,4.0,4.0,4.0,3.0,4.0,4.0,3.0,4.0,4.0,4.0,3.0,4.0,4.0,4.0,3.0,4.0,4.0,4.0,3.0,4.0,4.0,3.0,3.0,4.0,4.0,4.0,4.0,4.0,3.0,3.0,3.0,4.0,4.0,3.0,4.0,4.0,4.0,4.0,4.0,8.0,4.0,3.0,4.0,1.0,4.0,4.0,4.0,,3.0,3.0,4.0,2.0,3.0,2.0,2.0,4.0,2.0,3.0,4.0,2.0,2.0,2.0,2.0,2.0,2.0,4.0,4.0,3.0,3.0,3.0,3.0,2.0,2.0,2.0,2.0,1.0,2.0,2.0,1.0,1.0,4.0,9.0,4.0,1.0,1.0,1.0,2.0,2.0,1.0,4.0,,3.0,2.0,1.0,3.0,2.0,1.048518,4.0,4.0,4.0,3.0,2.0
26819.0,9.0,2.0,1.0,58.0,4.0,5.0,5.0,4.0,3.0,4.0,3.0,4.0,4.0,4.0,2.0,,,,,,,,,,,,,,,,,,2.0,1.0,,,3.0,4.0,5.0,,,3.0,3.0,4.0,4.0,4.0,3.0,3.0,2.0,4.0,3.0,3.0,4.0,3.0,5.0,3.0,3.0,3.0,3.0,3.0,3.0,2.0,3.0,2.0,4.0,3.0,3.0,3.0,2.0,5.0,4.0,3.0,3.0,3.0,3.0,3.0,2.0,3.0,2.0,4.0,3.0,3.0,3.0,3.0,5.0,4.0,3.0,3.0,3.0,3.0,3.0,2.0,3.0,2.0,4.0,3.0,3.0,3.0,2.0,5.0,4.0,3.0,5.0,4.0,4.0,4.0,3.0,2.0,3.0,2.0,3.0,4.0,4.0,3.0,4.0,4.0,4.0,3.0,8.0,3.0,4.0,4.0,1.0,5.0,4.0,2.0,,4.0,3.0,4.0,2.0,3.0,2.0,2.0,4.0,3.0,3.0,4.0,3.0,1.0,1.0,2.0,1.0,1.0,4.0,4.0,3.0,3.0,2.0,3.0,2.0,1.0,1.0,1.0,2.0,1.0,2.0,2.0,2.0,4.0,9.0,6.0,1.0,1.0,1.0,1.0,1.0,,2.0,,4.0,1.0,2.0,1.0,3.0,1.048518,4.0,3.5,4.5,3.0,2.0
26863.0,9.0,2.0,2.0,33.0,2.0,5.0,5.0,4.0,2.0,4.0,3.0,4.0,4.0,4.0,2.0,,,,,,,,,,,,,,,,,,2.0,2.0,,,,,,,,2.0,3.0,3.0,4.0,3.0,3.0,3.0,3.0,4.0,3.0,3.0,3.0,4.0,3.0,3.0,5.0,3.0,3.0,3.0,3.0,3.0,3.0,3.0,3.0,3.0,3.0,3.0,3.0,4.0,4.0,3.0,2.0,2.0,2.0,2.0,2.0,2.0,2.0,2.0,2.0,2.0,1.0,2.0,2.0,2.0,2.0,3.0,3.0,3.0,3.0,3.0,3.0,4.0,4.0,4.0,4.0,4.0,3.0,3.0,3.0,3.0,4.0,4.0,4.0,5.0,3.0,2.0,3.0,2.0,3.0,3.0,4.0,4.0,3.0,3.0,3.0,3.0,4.0,4.0,3.0,4.0,1.0,4.0,4.0,2.0,,3.0,2.0,2.0,2.0,3.0,4.0,4.0,4.0,2.0,3.0,3.0,3.0,1.0,2.0,1.0,1.0,2.0,3.0,4.0,2.0,3.0,1.0,3.0,2.0,2.0,2.0,3.0,2.0,1.0,2.0,2.0,1.0,3.0,8.0,6.0,1.0,2.0,1.0,2.0,1.0,,9997.0,이직준비,3.0,1.0,2.0,7.0,2.0,1.051499,4.0,3.5,4.0,3.0,2.0
26865.0,4.0,2.0,2.0,52.0,4.0,5.0,5.0,4.0,4.0,4.0,3.0,3.0,3.0,4.0,2.0,,,,,,,,,,,,,,,,,,2.0,2.0,,,,,,,,4.0,4.0,4.0,4.0,4.0,3.0,4.0,2.0,3.0,3.0,3.0,3.0,4.0,3.0,4.0,5.0,4.0,4.0,4.0,3.0,4.0,3.0,4.0,4.0,4.0,4.0,4.0,4.0,4.0,3.0,3.0,2.0,3.0,3.0,2.0,3.0,2.0,3.0,3.0,3.0,4.0,3.0,3.0,4.0,4.0,2.0,4.0,4.0,4.0,4.0,4.0,4.0,4.0,4.0,3.0,4.0,3.0,3.0,4.0,4.0,3.0,4.0,3.0,4.0,4.0,3.0,2.0,2.0,2.0,3.0,4.0,2.0,4.0,5.0,3.0,3.0,4.0,9.0,2.0,4.0,4.0,1.0,4.0,4.0,4.0,,3.0,3.0,4.0,2.0,3.0,1.0,3.0,4.0,3.0,2.0,4.0,3.0,1.0,2.0,2.0,2.0,2.0,4.0,4.0,3.0,4.0,3.0,3.0,3.0,1.0,1.0,3.0,3.0,3.0,3.0,2.0,2.0,3.0,10.0,3.0,1.0,2.0,2.0,2.0,2.0,1.0,5.0,,2.0,2.0,1.0,4.0,1.0,1.05617,3.3333333333333335,3.5,4.0,3.0,2.0
26885.0,2.0,6.0,2.0,39.0,2.0,5.0,5.0,4.0,2.0,4.0,4.0,4.0,3.0,3.0,2.0,,,,,,,,,,,,,,,,,,2.0,2.0,,,,,,,,3.0,4.0,3.0,4.0,3.0,2.0,4.0,3.0,4.0,3.0,2.0,2.0,4.0,2.0,2.0,4.0,4.0,4.0,4.0,4.0,2.0,4.0,4.0,4.0,4.0,3.0,2.0,4.0,4.0,3.0,4.0,4.0,4.0,4.0,4.0,2.0,4.0,3.0,4.0,4.0,3.0,3.0,4.0,4.0,3.0,4.0,4.0,4.0,4.0,4.0,3.0,4.0,3.0,4.0,4.0,3.0,3.0,4.0,4.0,3.0,4.0,2.0,2.0,4.0,3.0,4.0,3.0,4.0,2.0,4.0,4.0,4.0,3.0,4.0,2.0,2.0,2.0,8.0,4.0,4.0,3.0,2.0,4.0,4.0,4.0,,3.0,3.0,4.0,1.0,3.0,2.0,3.0,4.0,4.0,2.0,4.0,2.0,2.0,2.0,2.0,2.0,2.0,2.0,4.0,3.0,4.0,1.0,4.0,2.0,2.0,2.0,1.0,3.0,2.0,1.0,3.0,4.0,4.0,4.0,8.0,2.0,2.0,2.0,2.0,1.0,,4.0,,4.0,1.0,2.0,3.0,3.0,0.910786,3.3333333333333335,4.0,4.0,3.0,1.0
26888.0,5.0,4.0,2.0,35.0,2.0,5.0,5.0,3.0,3.0,4.0,4.0,4.0,4.0,4.0,2.0,,,,,,,,,,,,,,,,,,2.0,2.0,,,,,,,,4.0,2.0,2.0,3.0,1.0,2.0,3.0,1.0,3.0,3.0,2.0,2.0,3.0,3.0,2.0,4.0,3.0,4.0,4.0,3.0,2.0,2.0,3.0,4.0,4.0,4.0,4.0,3.0,4.0,3.0,3.0,4.0,4.0,4.0,3.0,2.0,2.0,4.0,4.0,3.0,4.0,3.0,3.0,4.0,2.0,3.0,3.0,4.0,4.0,3.0,2.0,3.0,4.0,4.0,5.0,5.0,3.0,4.0,4.0,3.0,3.0,5.0,5.0,5.0,5.0,5.0,2.0,3.0,3.0,3.0,4.0,3.0,3.0,4.0,3.0,3.0,3.0,10.0,3.0,3.0,3.0,1.0,3.0,2.0,3.0,,4.0,4.0,5.0,1.0,4.0,3.0,3.0,3.0,3.0,3.0,4.0,3.0,1.0,2.0,2.0,1.0,1.0,4.0,4.0,3.0,3.0,2.0,3.0,2.0,2.0,2.0,2.0,2.0,1.0,3.0,2.0,2.0,4.0,6.0,10.0,2.0,2.0,1.0,2.0,2.0,1.0,4.0,,1.0,2.0,1.0,3.0,1.0,0.880586,4.0,4.0,2.5,4.0,1.0
26897.0,6.0,3.0,1.0,54.0,4.0,5.0,5.0,4.0,3.0,4.0,4.0,5.0,4.0,4.0,2.0,,,,,,,,,,,,,,,,,,1.0,1.0,,,,,5.0,,,4.0,4.0,4.0,4.0,4.0,4.0,5.0,4.0,4.0,4.0,3.0,3.0,5.0,5.0,4.0,5.0,4.0,4.0,4.0,4.0,4.0,4.0,4.0,3.0,3.0,3.0,3.0,4.0,5.0,3.0,5.0,3.0,4.0,4.0,4.0,4.0,4.0,3.0,4.0,3.0,3.0,3.0,5.0,5.0,3.0,4.0,4.0,4.0,4.0,4.0,4.0,4.0,3.0,3.0,3.0,3.0,3.0,5.0,5.0,3.0,5.0,4.0,3.0,4.0,4.0,4.0,2.0,4.0,3.0,4.0,4.0,4.0,5.0,5.0,5.0,5.0,5.0,11.0,5.0,3.0,5.0,1.0,5.0,5.0,3.0,,4.0,3.0,5.0,2.0,4.0,3.0,3.0,4.0,4.0,4.0,4.0,4.0,2.0,2.0,2.0,2.0,2.0,3.0,4.0,3.0,3.0,3.0,3.0,3.0,1.0,1.0,1.0,1.0,2.0,2.0,1.0,3.0,4.0,1.0,11.0,2.0,2.0,1.0,1.0,1.0,,9997.0,파트타임,5.0,1.0,2.0,7.0,3.0,0.875187,4.333333333333333,4.0,5.0,4.0,2.0
26916.0,9.0,2.0,2.0,54.0,4.0,5.0,5.0,4.0,3.0,3.0,3.0,3.0,3.0,3.0,2.0,,,,,,,,,,,,,,,,,,2.0,1.0,,,,4.0,5.0,,,2.0,4.0,4.0,4.0,2.0,3.0,4.0,3.0,4.0,4.0,4.0,3.0,4.0,4.0,4.0,5.0,3.0,3.0,4.0,3.0,3.0,3.0,3.0,3.0,3.0,3.0,3.0,3.0,3.0,3.0,2.0,4.0,4.0,4.0,4.0,4.0,4.0,4.0,4.0,4.0,4.0,4.0,4.0,4.0,3.0,3.0,3.0,4.0,4.0,3.0,3.0,4.0,4.0,4.0,4.0,4.0,3.0,3.0,4.0,3.0,4.0,3.0,4.0,4.0,5.0,3.0,1.0,1.0,3.0,3.0,4.0,4.0,4.0,5.0,5.0,5.0,4.0,3.0,3.0,3.0,4.0,1.0,5.0,5.0,3.0,,3.0,3.0,4.0,2.0,3.0,4.0,4.0,4.0,2.0,2.0,3.0,3.0,1.0,2.0,2.0,1.0,1.0,4.0,4.0,4.0,3.0,4.0,4.0,4.0,1.0,1.0,2.0,2.0,2.0,4.0,3.0,1.0,4.0,6.0,3.0,1.0,2.0,1.0,2.0,2.0,1.0,5.0,,3.0,2.0,1.0,4.0,2.0,1.05617,3.0,3.0,5.0,3.0,2.0
26951.0,11.0,3.0,1.0,37.0,2.0,5.0,5.0,4.0,3.0,4.0,4.0,4.0,4.0,4.0,2.0,,,,,,,,,,,,,,,,,,2.0,1.0,,,,4.0,,,,2.0,5.0,5.0,4.0,4.0,3.0,4.0,3.0,4.0,3.0,3.0,2.0,5.0,4.0,4.0,5.0,5.0,5.0,5.0,5.0,5.0,3.0,5.0,5.0,5.0,5.0,4.0,4.0,4.0,4.0,4.0,5.0,5.0,5.0,5.0,5.0,4.0,5.0,5.0,5.0,5.0,4.0,4.0,4.0,4.0,4.0,5.0,5.0,5.0,5.0,5.0,4.0,5.0,5.0,5.0,5.0,5.0,4.0,5.0,5.0,4.0,4.0,4.0,4.0,5.0,4.0,1.0,3.0,2.0,3.0,4.0,3.0,4.0,3.0,4.0,3.0,4.0,6.0,5.0,2.0,2.0,1.0,4.0,4.0,2.0,,4.0,4.0,2.0,1.0,4.0,4.0,4.0,4.0,4.0,3.0,3.0,3.0,2.0,2.0,2.0,2.0,2.0,5.0,5.0,5.0,4.0,3.0,5.0,3.0,1.0,1.0,5.0,4.0,4.0,3.0,3.0,2.0,4.0,9.0,3.0,1.0,1.0,1.0,2.0,1.0,,4.0,,4.0,1.0,2.0,3.0,3.0,0.865768,4.0,4.0,4.0,4.0,1.0
26963.0,9.0,2.0,1.0,33.0,2.0,4.0,4.0,3.0,3.0,3.0,3.0,2.0,2.0,2.0,2.0,,,,,,,,,,,,,,,,,,2.0,2.0,,,,,,,,2.0,4.0,3.0,3.0,3.0,3.0,3.0,3.0,3.0,3.0,2.0,2.0,4.0,3.0,3.0,4.0,3.0,3.0,3.0,3.0,3.0,2.0,2.0,3.0,3.0,3.0,2.0,2.0,4.0,3.0,2.0,2.0,2.0,2.0,3.0,2.0,2.0,3.0,2.0,2.0,3.0,2.0,2.0,3.0,2.0,1.0,2.0,2.0,2.0,3.0,2.0,2.0,2.0,2.0,2.0,3.0,3.0,2.0,2.0,3.0,1.0,4.0,4.0,3.0,4.0,4.0,2.0,3.0,3.0,2.0,2.0,3.0,3.0,3.0,3.0,3.0,3.0,4.0,3.0,3.0,4.0,1.0,4.0,3.0,2.0,,3.0,3.0,2.0,1.0,4.0,3.0,4.0,4.0,4.0,3.0,4.0,3.0,1.0,1.0,2.0,1.0,2.0,3.0,3.0,1.0,2.0,2.0,1.0,1.0,1.0,2.0,2.0,2.0,2.0,2.0,2.0,2.0,3.0,8.0,7.0,1.0,1.0,1.0,2.0,1.0,,7.0,,3.0,1.0,2.0,6.0,2.0,0.921551,2.0,3.0,3.5,4.0,1.0
26972.0,5.0,4.0,1.0,53.0,4.0,5.0,5.0,4.0,4.0,5.0,4.0,4.0,4.0,3.0,2.0,,,,,,,,,,,,,,,,,,2.0,1.0,,,,,5.0,,,3.0,4.0,3.0,3.0,3.0,3.0,4.0,2.0,4.0,3.0,3.0,3.0,4.0,4.0,3.0,4.0,4.0,3.0,4.0,4.0,3.0,4.0,3.0,4.0,3.0,3.0,3.0,4.0,4.0,4.0,4.0,3.0,3.0,3.0,4.0,3.0,4.0,3.0,4.0,3.0,4.0,3.0,4.0,4.0,3.0,4.0,4.0,3.0,4.0,4.0,3.0,4.0,3.0,4.0,3.0,4.0,3.0,4.0,4.0,3.0,4.0,4.0,4.0,4.0,5.0,4.0,2.0,4.0,2.0,4.0,4.0,4.0,4.0,3.0,4.0,4.0,4.0,7.0,2.0,4.0,4.0,1.0,4.0,4.0,2.0,,4.0,4.0,3.0,1.0,4.0,5.0,5.0,4.0,4.0,3.0,4.0,4.0,1.0,1.0,2.0,1.0,2.0,4.0,4.0,4.0,3.0,2.0,2.0,2.0,1.0,1.0,1.0,1.0,1.0,2.0,1.0,1.0,3.0,10.0,4.0,1.0,2.0,2.0,2.0,2.0,1.0,4.0,,3.0,2.0,1.0,3.0,2.0,1.073801,3.6666666666666665,4.5,4.0,4.0,1.0
26979.0,1.0,1.0,2.0,26.0,1.0,5.0,5.0,5.0,5.0,5.0,5.0,5.0,5.0,5.0,1.0,1.0,2.0,3.0,4.0,5.0,6.0,7.0,8.0,9.0,10.0,11.0,12.0,13.0,14.0,15.0,,,1.0,1.0,1.0,2.0,3.0,4.0,5.0,,,5.0,5.0,5.0,5.0,5.0,5.0,5.0,5.0,5.0,5.0,5.0,5.0,5.0,5.0,5.0,5.0,5.0,5.0,5.0,5.0,5.0,5.0,5.0,5.0,5.0,5.0,5.0,5.0,5.0,5.0,5.0,5.0,5.0,5.0,5.0,5.0,5.0,5.0,5.0,5.0,5.0,5.0,5.0,5.0,5.0,5.0,4.0,5.0,4.0,5.0,4.0,5.0,4.0,5.0,5.0,4.0,5.0,4.0,5.0,4.0,5.0,5.0,4.0,5.0,4.0,5.0,4.0,5.0,4.0,5.0,4.0,5.0,4.0,5.0,4.0,5.0,4.0,11.0,5.0,5.0,5.0,1.0,5.0,5.0,1.0,,5.0,5.0,5.0,1.0,5.0,5.0,4.0,5.0,4.0,5.0,4.0,5.0,1.0,1.0,1.0,1.0,1.0,5.0,5.0,5.0,5.0,5.0,5.0,5.0,5.0,5.0,5.0,5.0,5.0,5.0,5.0,5.0,5.0,11.0,11.0,1.0,1.0,1.0,1.0,1.0,,6.0,,1.0,1.0,2.0,5.0,1.0,1.034762,5.0,5.0,5.0,5.0,1.0
27048.0,1.0,1.0,2.0,43.0,3.0,3.0,4.0,4.0,3.0,4.0,4.0,4.0,4.0,4.0,2.0,,,,,,,,,,,,,,,,,,2.0,2.0,,,,,,,,2.0,3.0,4.0,3.0,3.0,2.0,4.0,3.0,4.0,3.0,3.0,3.0,4.0,4.0,4.0,4.0,4.0,4.0,4.0,3.0,4.0,2.0,4.0,4.0,4.0,4.0,4.0,4.0,4.0,2.0,3.0,4.0,4.0,4.0,4.0,4.0,3.0,4.0,4.0,4.0,4.0,4.0,4.0,4.0,2.0,3.0,4.0,4.0,4.0,4.0,4.0,3.0,4.0,4.0,4.0,4.0,4.0,4.0,4.0,3.0,3.0,4.0,3.0,4.0,4.0,2.0,2.0,3.0,2.0,3.0,4.0,3.0,4.0,4.0,4.0,4.0,4.0,9.0,2.0,3.0,3.0,1.0,4.0,4.0,4.0,,3.0,4.0,4.0,1.0,3.0,2.0,3.0,4.0,3.0,3.0,3.0,3.0,1.0,2.0,2.0,1.0,2.0,4.0,4.0,4.0,3.0,3.0,4.0,3.0,2.0,2.0,3.0,3.0,4.0,3.0,2.0,2.0,4.0,10.0,4.0,1.0,1.0,1.0,2.0,2.0,1.0,5.0,,3.0,2.0,1.0,4.0,2.0,1.098998,4.0,4.0,4.0,3.0,1.0
27071.0,16.0,6.0,1.0,57.0,4.0,4.0,4.0,4.0,4.0,4.0,4.0,5.0,5.0,5.0,2.0,,,,,,,,,,,,,,,,,,2.0,2.0,,,,,,,,4.0,3.0,4.0,3.0,3.0,3.0,4.0,3.0,3.0,3.0,3.0,3.0,5.0,3.0,4.0,5.0,3.0,3.0,3.0,3.0,3.0,3.0,3.0,5.0,3.0,4.0,4.0,4.0,5.0,3.0,4.0,5.0,4.0,4.0,5.0,5.0,5.0,5.0,5.0,5.0,5.0,4.0,4.0,5.0,4.0,5.0,5.0,5.0,5.0,5.0,5.0,5.0,5.0,5.0,5.0,5.0,5.0,5.0,5.0,5.0,4.0,4.0,5.0,4.0,5.0,4.0,2.0,3.0,3.0,4.0,4.0,5.0,5.0,4.0,4.0,4.0,4.0,9.0,3.0,3.0,3.0,1.0,3.0,3.0,2.0,,4.0,4.0,4.0,1.0,4.0,1.0,4.0,5.0,4.0,4.0,5.0,4.0,1.0,2.0,2.0,2.0,2.0,4.0,4.0,4.0,3.0,3.0,3.0,3.0,2.0,2.0,1.0,3.0,3.0,3.0,3.0,3.0,3.0,6.0,2.0,1.0,1.0,1.0,2.0,2.0,1.0,8.0,,3.0,2.0,1.0,7.0,2.0,1.044509,5.0,4.0,3.0,4.0,1.0
27083.0,1.0,1.0,2.0,24.0,1.0,4.0,4.0,5.0,4.0,4.0,4.0,4.0,4.0,3.0,1.0,1.0,,,4.0,,,7.0,,,10.0,,,,,,,,1.0,1.0,1.0,2.0,3.0,4.0,,,,4.0,4.0,4.0,3.0,2.0,3.0,3.0,4.0,4.0,3.0,3.0,3.0,3.0,3.0,5.0,3.0,4.0,4.0,3.0,3.0,3.0,3.0,4.0,4.0,3.0,3.0,4.0,3.0,3.0,3.0,4.0,3.0,3.0,3.0,4.0,4.0,4.0,3.0,4.0,3.0,3.0,4.0,4.0,4.0,3.0,3.0,3.0,4.0,4.0,3.0,3.0,4.0,3.0,5.0,4.0,4.0,3.0,3.0,3.0,4.0,3.0,4.0,3.0,4.0,3.0,3.0,3.0,2.0,2.0,2.0,4.0,3.0,3.0,2.0,2.0,3.0,2.0,10.0,4.0,4.0,4.0,1.0,4.0,4.0,2.0,,3.0,3.0,4.0,1.0,4.0,3.0,3.0,4.0,3.0,3.0,3.0,2.0,1.0,1.0,1.0,1.0,1.0,4.0,3.0,3.0,4.0,3.0,3.0,3.0,3.0,3.0,4.0,4.0,4.0,3.0,3.0,3.0,4.0,10.0,7.0,1.0,1.0,1.0,1.0,1.0,,6.0,,2.0,1.0,2.0,5.0,1.0,1.034762,3.6666666666666665,4.0,4.0,4.0,1.0
27096.0,3.0,5.0,2.0,52.0,4.0,5.0,5.0,5.0,3.0,5.0,4.0,4.0,5.0,4.0,1.0,1.0,2.0,3.0,4.0,5.0,,,,,,,12.0,,,,,,1.0,1.0,1.0,,3.0,4.0,5.0,,,3.0,3.0,4.0,3.0,3.0,4.0,4.0,3.0,5.0,5.0,3.0,3.0,4.0,4.0,3.0,5.0,5.0,5.0,5.0,4.0,5.0,4.0,4.0,5.0,5.0,4.0,4.0,4.0,5.0,3.0,5.0,5.0,5.0,5.0,5.0,5.0,5.0,5.0,5.0,5.0,5.0,5.0,5.0,5.0,4.0,5.0,5.0,5.0,5.0,5.0,5.0,5.0,5.0,5.0,5.0,5.0,3.0,5.0,5.0,4.0,5.0,4.0,4.0,5.0,5.0,4.0,1.0,3.0,2.0,3.0,4.0,3.0,4.0,3.0,5.0,2.0,4.0,11.0,5.0,2.0,5.0,1.0,4.0,4.0,4.0,,4.0,3.0,5.0,1.0,4.0,1.0,2.0,5.0,2.0,2.0,5.0,3.0,1.0,2.0,2.0,2.0,2.0,5.0,5.0,5.0,5.0,5.0,2.0,3.0,1.0,1.0,3.0,3.0,5.0,5.0,5.0,2.0,5.0,1.0,1.0,1.0,2.0,1.0,2.0,2.0,1.0,5.0,,3.0,2.0,1.0,4.0,2.0,1.111192,4.333333333333333,4.5,4.0,4.0,1.0
27101.0,2.0,6.0,2.0,51.0,4.0,5.0,5.0,4.0,4.0,4.0,4.0,4.0,4.0,4.0,2.0,,,,,,,,,,,,,,,,,,2.0,2.0,,,,,,,,3.0,4.0,4.0,4.0,4.0,4.0,4.0,3.0,5.0,4.0,3.0,3.0,4.0,4.0,4.0,5.0,4.0,4.0,5.0,4.0,4.0,4.0,4.0,5.0,4.0,4.0,4.0,4.0,5.0,4.0,4.0,4.0,4.0,5.0,4.0,4.0,4.0,4.0,5.0,4.0,4.0,4.0,4.0,5.0,3.0,4.0,4.0,4.0,4.0,4.0,4.0,4.0,4.0,5.0,4.0,4.0,4.0,4.0,5.0,3.0,3.0,4.0,3.0,3.0,4.0,4.0,2.0,4.0,3.0,4.0,3.0,3.0,5.0,4.0,4.0,4.0,4.0,6.0,3.0,4.0,4.0,1.0,3.0,3.0,3.0,,3.0,4.0,4.0,1.0,3.0,2.0,3.0,4.0,3.0,3.0,4.0,3.0,1.0,2.0,2.0,1.0,2.0,4.0,4.0,4.0,4.0,4.0,4.0,4.0,1.0,2.0,3.0,3.0,3.0,3.0,3.0,2.0,4.0,9.0,2.0,1.0,1.0,1.0,1.0,2.0,1.0,2.0,,3.0,2.0,1.0,1.0,2.0,1.142237,4.0,4.0,3.0,3.0,1.0
27116.0,11.0,3.0,2.0,47.0,3.0,5.0,5.0,4.0,2.0,3.0,3.0,3.0,3.0,3.0,2.0,,,,,,,,,,,,,,,,,,2.0,2.0,,,,,,,,2.0,4.0,4.0,3.0,3.0,3.0,4.0,3.0,4.0,4.0,3.0,4.0,5.0,4.0,3.0,4.0,2.0,3.0,2.0,2.0,2.0,3.0,2.0,2.0,2.0,3.0,3.0,2.0,4.0,2.0,2.0,2.0,3.0,2.0,2.0,2.0,3.0,2.0,3.0,3.0,3.0,3.0,3.0,4.0,3.0,2.0,4.0,4.0,4.0,4.0,3.0,4.0,3.0,4.0,3.0,3.0,3.0,4.0,4.0,3.0,3.0,4.0,4.0,4.0,5.0,4.0,2.0,4.0,3.0,2.0,3.0,3.0,3.0,4.0,3.0,3.0,4.0,3.0,4.0,4.0,2.0,1.0,4.0,4.0,4.0,,3.0,4.0,3.0,1.0,3.0,3.0,4.0,3.0,3.0,2.0,3.0,4.0,2.0,1.0,2.0,1.0,1.0,4.0,4.0,3.0,2.0,3.0,3.0,2.0,1.0,1.0,1.0,1.0,1.0,3.0,1.0,1.0,3.0,9.0,11.0,1.0,2.0,2.0,2.0,2.0,2.0,8.0,,3.0,2.0,2.0,7.0,2.0,0.951541,3.0,3.0,4.0,3.0,1.0
27122.0,11.0,3.0,1.0,58.0,4.0,5.0,5.0,5.0,5.0,5.0,5.0,5.0,5.0,5.0,2.0,,,,,,,,,,,,,,,,,,2.0,2.0,,,,,,,,5.0,3.0,2.0,2.0,2.0,2.0,3.0,3.0,4.0,3.0,3.0,3.0,3.0,3.0,4.0,4.0,5.0,5.0,5.0,3.0,4.0,3.0,4.0,5.0,4.0,4.0,4.0,4.0,5.0,3.0,4.0,4.0,5.0,5.0,3.0,4.0,3.0,4.0,4.0,4.0,5.0,4.0,3.0,5.0,3.0,3.0,5.0,4.0,5.0,3.0,4.0,3.0,4.0,5.0,5.0,5.0,4.0,3.0,5.0,3.0,3.0,5.0,4.0,4.0,3.0,3.0,2.0,3.0,2.0,4.0,4.0,4.0,4.0,4.0,3.0,3.0,4.0,10.0,4.0,3.0,2.0,1.0,4.0,3.0,3.0,,3.0,3.0,4.0,2.0,2.0,1.0,1.0,5.0,1.0,1.0,5.0,1.0,2.0,2.0,2.0,2.0,2.0,4.0,4.0,3.0,3.0,4.0,4.0,2.0,2.0,2.0,2.0,3.0,4.0,2.0,2.0,2.0,4.0,6.0,2.0,2.0,2.0,2.0,2.0,3.0,1.0,8.0,,5.0,3.0,1.0,7.0,3.0,0.875187,5.0,5.0,3.5,2.0,2.0
27126.0,6.0,3.0,1.0,26.0,1.0,4.0,4.0,4.0,4.0,5.0,5.0,5.0,5.0,5.0,1.0,,2.0,,,,,,,9.0,,,12.0,,,15.0,,,2.0,1.0,1.0,,3.0,4.0,5.0,,,2.0,4.0,3.0,2.0,3.0,2.0,4.0,1.0,3.0,3.0,3.0,2.0,4.0,3.0,3.0,5.0,4.0,2.0,4.0,5.0,3.0,2.0,1.0,5.0,4.0,4.0,3.0,3.0,4.0,3.0,4.0,4.0,4.0,4.0,4.0,4.0,3.0,1.0,5.0,4.0,4.0,3.0,4.0,4.0,4.0,4.0,5.0,5.0,4.0,5.0,4.0,5.0,5.0,5.0,5.0,5.0,5.0,5.0,5.0,5.0,5.0,4.0,4.0,4.0,3.0,2.0,2.0,4.0,2.0,3.0,3.0,3.0,3.0,4.0,4.0,4.0,4.0,8.0,3.0,4.0,3.0,1.0,4.0,4.0,1.0,,3.0,4.0,2.0,1.0,3.0,2.0,3.0,3.0,2.0,2.0,4.0,4.0,1.0,1.0,1.0,1.0,2.0,1.0,5.0,1.0,3.0,1.0,1.0,1.0,1.0,1.0,1.0,1.0,4.0,1.0,1.0,3.0,4.0,3.0,3.0,1.0,2.0,2.0,2.0,1.0,,4.0,,3.0,1.0,2.0,3.0,2.0,0.984842,5.0,5.0,4.0,3.0,1.0
27153.0,11.0,3.0,2.0,24.0,1.0,5.0,5.0,4.0,3.0,4.0,3.0,3.0,2.0,2.0,2.0,,,,,,,,,,,,,,,,,,2.0,2.0,,,,,,,,3.0,3.0,3.0,3.0,4.0,3.0,4.0,2.0,3.0,3.0,2.0,2.0,4.0,4.0,4.0,5.0,2.0,2.0,4.0,3.0,2.0,2.0,4.0,3.0,4.0,3.0,2.0,3.0,4.0,4.0,2.0,2.0,2.0,2.0,1.0,2.0,2.0,2.0,1.0,1.0,2.0,2.0,2.0,3.0,3.0,2.0,4.0,4.0,5.0,4.0,4.0,3.0,5.0,3.0,4.0,4.0,3.0,3.0,5.0,5.0,3.0,4.0,4.0,5.0,5.0,5.0,3.0,3.0,2.0,4.0,4.0,3.0,4.0,3.0,3.0,3.0,4.0,7.0,4.0,2.0,2.0,1.0,4.0,4.0,5.0,,3.0,4.0,4.0,1.0,3.0,2.0,3.0,4.0,3.0,4.0,4.0,4.0,1.0,2.0,1.0,1.0,2.0,4.0,4.0,4.0,4.0,3.0,4.0,3.0,2.0,2.0,1.0,2.0,2.0,2.0,1.0,1.0,3.0,7.0,6.0,1.0,2.0,2.0,2.0,1.0,,7.0,,3.0,1.0,2.0,6.0,2.0,0.987061,2.3333333333333335,3.5,4.0,3.0,1.0
27158.0,4.0,2.0,1.0,56.0,4.0,5.0,5.0,4.0,4.0,5.0,5.0,4.0,4.0,4.0,2.0,,,,,,,,,,,,,,,,,,2.0,1.0,1.0,,,,5.0,,,2.0,4.0,4.0,5.0,4.0,3.0,4.0,4.0,5.0,4.0,4.0,4.0,5.0,5.0,4.0,4.0,4.0,4.0,5.0,4.0,3.0,4.0,4.0,4.0,4.0,4.0,5.0,3.0,4.0,4.0,3.0,4.0,4.0,5.0,4.0,3.0,3.0,4.0,4.0,4.0,4.0,5.0,3.0,4.0,4.0,3.0,4.0,4.0,4.0,4.0,3.0,4.0,4.0,4.0,4.0,4.0,5.0,3.0,5.0,5.0,3.0,4.0,4.0,5.0,5.0,3.0,2.0,4.0,4.0,2.0,3.0,3.0,4.0,4.0,4.0,4.0,4.0,10.0,4.0,3.0,3.0,1.0,4.0,4.0,3.0,,4.0,4.0,5.0,1.0,4.0,4.0,4.0,5.0,4.0,4.0,5.0,4.0,2.0,2.0,2.0,2.0,2.0,4.0,4.0,4.0,4.0,4.0,3.0,4.0,4.0,4.0,3.0,3.0,3.0,3.0,4.0,3.0,4.0,6.0,1.0,1.0,2.0,1.0,2.0,2.0,1.0,4.0,,3.0,2.0,1.0,3.0,2.0,1.048518,4.0,5.0,4.0,4.0,1.0
27184.0,7.0,6.0,2.0,36.0,2.0,5.0,5.0,3.0,2.0,3.0,3.0,2.0,2.0,2.0,1.0,1.0,,3.0,4.0,5.0,,,,,,,,,,,,,2.0,1.0,1.0,,3.0,,5.0,,,2.0,5.0,4.0,4.0,4.0,4.0,5.0,4.0,4.0,4.0,3.0,3.0,4.0,5.0,5.0,5.0,2.0,2.0,2.0,2.0,2.0,2.0,2.0,2.0,2.0,2.0,2.0,2.0,4.0,4.0,2.0,2.0,2.0,2.0,2.0,2.0,2.0,2.0,3.0,3.0,2.0,3.0,2.0,4.0,4.0,2.0,2.0,2.0,2.0,2.0,2.0,2.0,2.0,3.0,2.0,3.0,3.0,2.0,4.0,4.0,2.0,4.0,3.0,4.0,5.0,4.0,2.0,4.0,4.0,3.0,3.0,3.0,4.0,5.0,4.0,3.0,3.0,6.0,4.0,4.0,4.0,1.0,5.0,5.0,1.0,,2.0,2.0,2.0,2.0,2.0,2.0,2.0,3.0,3.0,3.0,4.0,3.0,1.0,2.0,1.0,1.0,1.0,2.0,4.0,4.0,3.0,2.0,3.0,1.0,1.0,1.0,1.0,1.0,2.0,4.0,1.0,1.0,3.0,6.0,6.0,2.0,2.0,2.0,2.0,2.0,1.0,5.0,,4.0,2.0,1.0,4.0,3.0,0.910786,2.0,3.0,5.0,2.0,2.0
27190.0,4.0,2.0,1.0,36.0,2.0,5.0,5.0,4.0,5.0,3.0,4.0,5.0,4.0,3.0,1.0,1.0,2.0,3.0,4.0,5.0,6.0,,,,,,,,,,,,1.0,1.0,1.0,,3.0,4.0,,,,3.0,3.0,2.0,3.0,4.0,3.0,2.0,4.0,3.0,2.0,3.0,2.0,4.0,3.0,2.0,3.0,4.0,3.0,2.0,4.0,3.0,2.0,3.0,3.0,2.0,3.0,4.0,2.0,4.0,3.0,2.0,3.0,2.0,4.0,3.0,2.0,4.0,3.0,2.0,4.0,3.0,2.0,4.0,3.0,2.0,4.0,4.0,3.0,2.0,4.0,3.0,2.0,4.0,3.0,2.0,4.0,3.0,2.0,4.0,3.0,2.0,4.0,3.0,2.0,4.0,3.0,2.0,4.0,3.0,2.0,3.0,4.0,3.0,2.0,3.0,4.0,3.0,6.0,3.0,3.0,3.0,1.0,3.0,3.0,3.0,,3.0,2.0,3.0,1.0,3.0,2.0,3.0,4.0,3.0,2.0,3.0,2.0,1.0,1.0,2.0,1.0,1.0,3.0,3.0,3.0,3.0,1.0,1.0,2.0,1.0,1.0,1.0,1.0,1.0,2.0,1.0,1.0,3.0,6.0,6.0,1.0,1.0,2.0,1.0,1.0,,4.0,,3.0,1.0,2.0,3.0,2.0,0.921551,4.0,3.5,3.0,3.0,1.0
27194.0,6.0,3.0,1.0,33.0,2.0,5.0,5.0,3.0,3.0,4.0,4.0,3.0,3.0,3.0,1.0,1.0,2.0,3.0,4.0,,,,,,,,,,,,,,2.0,2.0,,,,,,,,2.0,2.0,3.0,2.0,2.0,2.0,4.0,1.0,2.0,3.0,2.0,1.0,3.0,4.0,3.0,4.0,4.0,4.0,4.0,4.0,4.0,5.0,3.0,5.0,5.0,5.0,5.0,4.0,5.0,3.0,3.0,3.0,3.0,4.0,4.0,4.0,4.0,4.0,4.0,4.0,4.0,4.0,4.0,5.0,2.0,2.0,4.0,4.0,5.0,4.0,4.0,4.0,4.0,5.0,5.0,5.0,5.0,4.0,5.0,3.0,4.0,2.0,3.0,4.0,3.0,4.0,3.0,4.0,3.0,3.0,3.0,3.0,4.0,3.0,4.0,3.0,3.0,4.0,4.0,3.0,4.0,1.0,5.0,5.0,4.0,,3.0,2.0,2.0,2.0,2.0,1.0,2.0,2.0,2.0,2.0,3.0,3.0,1.0,2.0,2.0,2.0,2.0,3.0,5.0,3.0,2.0,1.0,4.0,2.0,2.0,2.0,1.0,1.0,3.0,2.0,2.0,1.0,3.0,8.0,6.0,2.0,2.0,2.0,2.0,1.0,,3.0,,4.0,1.0,2.0,2.0,3.0,0.865768,3.0,4.0,5.0,2.0,2.0
27214.0,1.0,1.0,2.0,44.0,3.0,5.0,5.0,4.0,4.0,5.0,5.0,5.0,4.0,4.0,2.0,,,,,,,,,,,,,,,,,,2.0,2.0,,,,,,,,2.0,5.0,5.0,5.0,4.0,4.0,5.0,4.0,5.0,5.0,5.0,5.0,5.0,5.0,4.0,5.0,5.0,5.0,5.0,5.0,4.0,4.0,4.0,5.0,5.0,5.0,5.0,4.0,5.0,4.0,5.0,4.0,4.0,4.0,4.0,4.0,4.0,4.0,4.0,4.0,4.0,4.0,4.0,4.0,4.0,4.0,4.0,4.0,4.0,4.0,4.0,4.0,4.0,4.0,4.0,4.0,4.0,4.0,4.0,4.0,4.0,4.0,4.0,4.0,4.0,4.0,2.0,3.0,5.0,2.0,2.0,2.0,2.0,5.0,5.0,5.0,3.0,10.0,2.0,3.0,5.0,1.0,5.0,5.0,3.0,,3.0,3.0,4.0,2.0,2.0,1.0,2.0,3.0,2.0,3.0,3.0,3.0,2.0,2.0,2.0,1.0,2.0,4.0,4.0,3.0,3.0,2.0,2.0,2.0,2.0,2.0,2.0,2.0,2.0,2.0,2.0,2.0,4.0,9.0,2.0,1.0,2.0,2.0,2.0,2.0,2.0,5.0,,4.0,2.0,2.0,4.0,3.0,1.098998,4.333333333333333,5.0,5.0,2.0,2.0
27215.0,2.0,6.0,2.0,26.0,1.0,5.0,5.0,3.0,3.0,4.0,3.0,3.0,3.0,2.0,2.0,,,,,,,,,,,,,,,,,,2.0,1.0,,,3.0,,5.0,,,3.0,3.0,3.0,2.0,3.0,3.0,3.0,2.0,4.0,2.0,2.0,2.0,3.0,4.0,4.0,5.0,4.0,4.0,4.0,3.0,3.0,3.0,2.0,4.0,4.0,2.0,2.0,3.0,4.0,3.0,3.0,3.0,3.0,4.0,3.0,3.0,3.0,2.0,3.0,2.0,3.0,3.0,3.0,4.0,3.0,3.0,3.0,4.0,3.0,3.0,2.0,2.0,2.0,4.0,4.0,2.0,2.0,2.0,4.0,2.0,3.0,4.0,5.0,5.0,5.0,4.0,2.0,3.0,2.0,3.0,3.0,4.0,4.0,3.0,3.0,2.0,4.0,3.0,3.0,2.0,4.0,1.0,4.0,4.0,4.0,,3.0,3.0,2.0,1.0,3.0,3.0,3.0,3.0,3.0,3.0,3.0,4.0,1.0,1.0,1.0,1.0,1.0,4.0,4.0,3.0,3.0,2.0,2.0,2.0,1.0,1.0,1.0,3.0,2.0,3.0,2.0,1.0,3.0,8.0,4.0,1.0,1.0,1.0,1.0,1.0,,4.0,,3.0,1.0,2.0,3.0,2.0,1.101295,2.6666666666666665,3.5,4.0,3.0,1.0
27220.0,4.0,2.0,2.0,25.0,1.0,5.0,5.0,3.0,3.0,4.0,4.0,4.0,5.0,4.0,2.0,,,,,,,,,,,,,,,,,,2.0,2.0,,,,,,,,2.0,2.0,2.0,3.0,2.0,2.0,3.0,2.0,2.0,2.0,2.0,2.0,2.0,3.0,2.0,4.0,2.0,2.0,5.0,2.0,2.0,2.0,2.0,4.0,2.0,2.0,2.0,2.0,4.0,2.0,2.0,2.0,2.0,2.0,2.0,2.0,2.0,2.0,2.0,2.0,2.0,2.0,2.0,4.0,2.0,2.0,2.0,2.0,4.0,2.0,2.0,1.0,2.0,2.0,2.0,4.0,3.0,2.0,2.0,2.0,2.0,4.0,4.0,5.0,5.0,4.0,4.0,4.0,2.0,2.0,3.0,2.0,2.0,4.0,4.0,4.0,4.0,10.0,5.0,2.0,2.0,1.0,4.0,4.0,1.0,,2.0,2.0,2.0,2.0,2.0,1.0,1.0,4.0,2.0,4.0,4.0,2.0,2.0,2.0,2.0,1.0,2.0,3.0,2.0,4.0,2.0,2.0,2.0,2.0,1.0,1.0,4.0,4.0,4.0,5.0,4.0,2.0,2.0,11.0,8.0,2.0,2.0,2.0,2.0,1.0,,4.0,,3.0,1.0,2.0,3.0,2.0,1.026542,4.333333333333333,4.0,4.0,2.0,2.0
27238.0,9.0,2.0,2.0,39.0,2.0,5.0,5.0,3.0,3.0,4.0,4.0,4.0,4.0,4.0,2.0,,,,,,,,,,,,,,,,,,2.0,1.0,,,,,5.0,,,3.0,4.0,4.0,4.0,4.0,4.0,4.0,3.0,4.0,5.0,3.0,3.0,4.0,4.0,3.0,5.0,2.0,3.0,3.0,2.0,2.0,2.0,3.0,4.0,4.0,4.0,3.0,3.0,5.0,3.0,2.0,2.0,2.0,2.0,2.0,2.0,2.0,2.0,4.0,4.0,4.0,3.0,3.0,4.0,3.0,2.0,2.0,4.0,4.0,2.0,4.0,2.0,2.0,4.0,4.0,4.0,2.0,3.0,2.0,2.0,2.0,4.0,4.0,4.0,4.0,4.0,2.0,3.0,2.0,3.0,4.0,4.0,3.0,4.0,3.0,3.0,3.0,6.0,3.0,2.0,3.0,1.0,4.0,4.0,3.0,,3.0,3.0,4.0,1.0,3.0,2.0,3.0,3.0,3.0,3.0,3.0,3.0,2.0,2.0,2.0,1.0,2.0,4.0,4.0,4.0,4.0,4.0,4.0,2.0,2.0,2.0,3.0,3.0,2.0,2.0,2.0,2.0,3.0,6.0,4.0,2.0,2.0,2.0,2.0,1.0,,4.0,,3.0,1.0,2.0,3.0,2.0,1.051499,4.0,4.0,4.0,3.0,1.0
27265.0,9.0,2.0,1.0,27.0,1.0,5.0,5.0,4.0,2.0,5.0,4.0,4.0,4.0,4.0,2.0,,,,,,,,,,,,,,,,,,2.0,2.0,,,,,,,,4.0,4.0,4.0,1.0,2.0,3.0,4.0,2.0,4.0,3.0,2.0,1.0,4.0,4.0,3.0,5.0,5.0,4.0,5.0,5.0,5.0,3.0,3.0,4.0,4.0,3.0,4.0,4.0,4.0,2.0,5.0,4.0,5.0,4.0,5.0,4.0,5.0,4.0,5.0,4.0,4.0,5.0,5.0,4.0,2.0,4.0,5.0,5.0,4.0,4.0,5.0,5.0,5.0,4.0,5.0,5.0,5.0,4.0,4.0,5.0,4.0,4.0,4.0,3.0,5.0,4.0,2.0,3.0,4.0,4.0,3.0,4.0,5.0,5.0,3.0,3.0,3.0,10.0,3.0,4.0,4.0,2.0,4.0,2.0,3.0,,4.0,3.0,4.0,1.0,5.0,4.0,4.0,5.0,5.0,4.0,4.0,5.0,2.0,2.0,2.0,2.0,2.0,5.0,5.0,4.0,5.0,5.0,5.0,5.0,4.0,3.0,4.0,5.0,4.0,5.0,5.0,3.0,4.0,3.0,1.0,2.0,2.0,2.0,2.0,1.0,,4.0,,4.0,1.0,2.0,3.0,3.0,1.051424,4.0,4.5,3.0,5.0,1.0
27266.0,9.0,2.0,1.0,34.0,2.0,5.0,5.0,4.0,4.0,4.0,4.0,4.0,4.0,3.0,2.0,,,,,,,,,,,,,,,,,,2.0,2.0,,,,,,,,3.0,3.0,3.0,2.0,2.0,2.0,4.0,1.0,4.0,2.0,1.0,3.0,3.0,3.0,4.0,5.0,4.0,4.0,4.0,4.0,4.0,4.0,2.0,4.0,2.0,2.0,4.0,4.0,4.0,4.0,4.0,4.0,4.0,4.0,4.0,4.0,4.0,4.0,4.0,4.0,4.0,4.0,4.0,4.0,4.0,4.0,4.0,4.0,4.0,4.0,4.0,4.0,4.0,4.0,4.0,4.0,4.0,4.0,4.0,4.0,4.0,4.0,3.0,4.0,5.0,4.0,3.0,4.0,4.0,4.0,5.0,3.0,4.0,5.0,4.0,4.0,4.0,8.0,5.0,2.0,5.0,1.0,4.0,3.0,3.0,,3.0,3.0,4.0,2.0,2.0,1.0,1.0,3.0,2.0,3.0,4.0,2.0,1.0,2.0,2.0,2.0,2.0,5.0,5.0,5.0,5.0,1.0,5.0,5.0,1.0,1.0,5.0,1.0,1.0,5.0,1.0,1.0,4.0,11.0,3.0,1.0,2.0,2.0,2.0,2.0,2.0,4.0,,2.0,2.0,2.0,3.0,1.0,0.921551,3.6666666666666665,4.0,3.5,2.0,2.0
27283.0,1.0,1.0,2.0,36.0,2.0,5.0,5.0,3.0,2.0,4.0,4.0,3.0,4.0,4.0,2.0,,,,,,,,,,,,,,,,,,1.0,1.0,,,3.0,,5.0,,,2.0,3.0,4.0,3.0,2.0,2.0,4.0,2.0,3.0,2.0,2.0,1.0,3.0,3.0,2.0,5.0,3.0,4.0,4.0,3.0,2.0,3.0,4.0,4.0,4.0,3.0,3.0,3.0,4.0,2.0,2.0,4.0,4.0,4.0,2.0,2.0,3.0,2.0,4.0,4.0,3.0,3.0,3.0,4.0,2.0,2.0,3.0,3.0,3.0,2.0,2.0,2.0,2.0,4.0,4.0,4.0,2.0,2.0,4.0,1.0,1.0,5.0,5.0,5.0,5.0,4.0,4.0,5.0,3.0,3.0,2.0,2.0,2.0,4.0,4.0,3.0,3.0,3.0,4.0,3.0,2.0,1.0,5.0,4.0,4.0,,3.0,3.0,4.0,1.0,2.0,2.0,3.0,3.0,2.0,3.0,4.0,4.0,1.0,2.0,2.0,1.0,2.0,3.0,3.0,2.0,2.0,2.0,4.0,3.0,3.0,3.0,2.0,3.0,3.0,2.0,2.0,3.0,4.0,3.0,4.0,1.0,1.0,1.0,1.0,2.0,1.0,4.0,,3.0,2.0,1.0,3.0,2.0,1.036816,3.6666666666666665,4.0,4.5,2.0,1.0
27289.0,9.0,2.0,1.0,41.0,3.0,5.0,5.0,4.0,2.0,2.0,2.0,2.0,2.0,2.0,2.0,,,,,,,,,,,,,,,,,,2.0,2.0,,,,,,,,2.0,3.0,3.0,3.0,3.0,3.0,4.0,2.0,3.0,4.0,3.0,2.0,4.0,3.0,3.0,5.0,2.0,2.0,2.0,2.0,2.0,2.0,2.0,2.0,2.0,2.0,2.0,2.0,4.0,2.0,2.0,2.0,2.0,2.0,2.0,2.0,2.0,2.0,2.0,2.0,2.0,2.0,2.0,4.0,2.0,2.0,2.0,2.0,2.0,2.0,2.0,2.0,2.0,2.0,2.0,2.0,2.0,2.0,4.0,2.0,2.0,4.0,4.0,3.0,4.0,5.0,3.0,3.0,3.0,2.0,3.0,2.0,2.0,4.0,3.0,3.0,3.0,9.0,4.0,2.0,3.0,1.0,4.0,4.0,3.0,,2.0,2.0,4.0,2.0,1.0,1.0,2.0,4.0,4.0,2.0,4.0,3.0,2.0,2.0,2.0,2.0,2.0,4.0,4.0,2.0,3.0,2.0,2.0,1.0,1.0,1.0,1.0,1.0,1.0,3.0,1.0,1.0,2.0,10.0,10.0,2.0,2.0,2.0,2.0,2.0,2.0,4.0,,3.0,2.0,2.0,3.0,2.0,1.065336,2.0,2.0,4.0,1.0,2.0
27314.0,1.0,1.0,1.0,24.0,1.0,5.0,5.0,4.0,3.0,4.0,4.0,3.0,4.0,3.0,1.0,1.0,2.0,3.0,4.0,5.0,6.0,7.0,,,,,12.0,,,,,,1.0,1.0,,,,4.0,,,,2.0,3.0,4.0,2.0,4.0,4.0,4.0,2.0,4.0,4.0,3.0,4.0,4.0,4.0,4.0,5.0,3.0,3.0,4.0,3.0,3.0,3.0,3.0,3.0,3.0,3.0,3.0,2.0,4.0,3.0,2.0,2.0,2.0,3.0,2.0,2.0,2.0,2.0,2.0,2.0,2.0,2.0,2.0,2.0,2.0,2.0,2.0,2.0,3.0,2.0,2.0,2.0,2.0,2.0,2.0,2.0,2.0,1.0,2.0,1.0,1.0,4.0,5.0,5.0,5.0,5.0,2.0,3.0,3.0,4.0,4.0,2.0,3.0,2.0,1.0,1.0,3.0,5.0,5.0,2.0,5.0,1.0,5.0,5.0,2.0,,2.0,1.0,2.0,2.0,2.0,1.0,1.0,4.0,3.0,1.0,4.0,1.0,1.0,2.0,1.0,1.0,2.0,3.0,4.0,1.0,3.0,1.0,2.0,2.0,2.0,1.0,1.0,1.0,1.0,1.0,1.0,1.0,2.0,10.0,7.0,1.0,1.0,1.0,2.0,1.0,,3.0,,4.0,1.0,2.0,2.0,3.0,1.112248,3.3333333333333335,4.0,5.0,2.0,2.0
27346.0,10.0,3.0,2.0,43.0,3.0,5.0,5.0,5.0,5.0,5.0,5.0,3.0,3.0,3.0,2.0,,,,,,,,,,,,,,,,,,2.0,2.0,,,,,,,,1.0,5.0,5.0,5.0,5.0,5.0,5.0,5.0,5.0,5.0,5.0,4.0,4.0,5.0,5.0,4.0,5.0,4.0,5.0,4.0,5.0,4.0,3.0,4.0,5.0,4.0,4.0,4.0,4.0,4.0,3.0,4.0,3.0,4.0,4.0,3.0,4.0,3.0,3.0,4.0,4.0,4.0,3.0,4.0,4.0,4.0,5.0,3.0,4.0,3.0,4.0,3.0,2.0,4.0,5.0,3.0,5.0,3.0,5.0,3.0,4.0,3.0,4.0,5.0,1.0,2.0,1.0,5.0,1.0,3.0,4.0,2.0,4.0,3.0,5.0,4.0,3.0,6.0,4.0,3.0,3.0,1.0,5.0,4.0,4.0,,3.0,4.0,5.0,1.0,5.0,5.0,4.0,5.0,4.0,3.0,5.0,4.0,2.0,2.0,2.0,1.0,1.0,4.0,5.0,2.0,1.0,2.0,1.0,1.0,1.0,1.0,1.0,1.0,1.0,1.0,1.0,1.0,1.0,6.0,6.0,2.0,2.0,2.0,2.0,1.0,,7.0,,5.0,1.0,2.0,6.0,3.0,0.951541,3.0,5.0,4.5,5.0,1.0
27351.0,10.0,3.0,1.0,27.0,1.0,5.0,5.0,2.0,1.0,2.0,2.0,4.0,2.0,4.0,2.0,,,,,,,,,,,,,,,,,,2.0,2.0,,,,,,,,1.0,3.0,3.0,4.0,2.0,4.0,2.0,2.0,5.0,4.0,4.0,2.0,5.0,5.0,3.0,5.0,2.0,2.0,2.0,2.0,2.0,2.0,2.0,2.0,2.0,2.0,2.0,2.0,4.0,2.0,2.0,2.0,2.0,2.0,2.0,2.0,2.0,2.0,2.0,2.0,2.0,2.0,3.0,3.0,3.0,2.0,4.0,4.0,4.0,3.0,3.0,4.0,3.0,3.0,3.0,4.0,3.0,3.0,4.0,3.0,4.0,4.0,4.0,4.0,4.0,3.0,4.0,3.0,4.0,3.0,3.0,3.0,4.0,4.0,3.0,4.0,4.0,5.0,3.0,4.0,4.0,1.0,4.0,4.0,2.0,,4.0,4.0,3.0,1.0,2.0,3.0,3.0,2.0,2.0,2.0,4.0,2.0,2.0,2.0,2.0,2.0,2.0,4.0,4.0,4.0,4.0,2.0,4.0,2.0,1.0,1.0,2.0,2.0,5.0,5.0,3.0,1.0,4.0,7.0,11.0,2.0,2.0,2.0,2.0,1.0,,4.0,,4.0,1.0,2.0,3.0,3.0,0.984842,3.3333333333333335,2.0,4.0,2.0,1.0
27398.0,4.0,2.0,1.0,27.0,1.0,4.0,5.0,4.0,3.0,4.0,3.0,4.0,4.0,2.0,2.0,,,,,,,,,,,,,,,,,,2.0,2.0,,,,,,,,4.0,4.0,4.0,2.0,3.0,3.0,4.0,2.0,4.0,3.0,2.0,1.0,2.0,3.0,4.0,3.0,4.0,4.0,3.0,3.0,4.0,4.0,2.0,2.0,4.0,4.0,2.0,3.0,4.0,2.0,2.0,4.0,4.0,2.0,3.0,3.0,4.0,2.0,4.0,4.0,4.0,2.0,3.0,4.0,2.0,1.0,5.0,5.0,4.0,4.0,5.0,5.0,2.0,2.0,5.0,5.0,2.0,3.0,4.0,3.0,1.0,4.0,3.0,4.0,4.0,4.0,2.0,4.0,2.0,4.0,3.0,3.0,4.0,4.0,4.0,5.0,3.0,9.0,3.0,2.0,4.0,1.0,4.0,3.0,3.0,,4.0,4.0,4.0,1.0,3.0,4.0,4.0,4.0,3.0,3.0,4.0,4.0,1.0,2.0,2.0,1.0,2.0,5.0,5.0,3.0,4.0,2.0,2.0,3.0,1.0,1.0,3.0,2.0,3.0,2.0,1.0,1.0,4.0,10.0,2.0,1.0,2.0,1.0,2.0,1.0,,2.0,,3.0,1.0,2.0,1.0,2.0,1.051424,3.3333333333333335,3.5,3.5,3.0,1.0
27402.0,10.0,3.0,1.0,26.0,1.0,3.0,3.0,3.0,3.0,3.0,3.0,3.0,3.0,3.0,2.0,,,,,,,,,,,,,,,,,,2.0,2.0,,,,,,,,3.0,3.0,3.0,3.0,4.0,3.0,3.0,3.0,3.0,3.0,2.0,3.0,3.0,3.0,3.0,2.0,2.0,3.0,3.0,4.0,3.0,2.0,3.0,4.0,3.0,2.0,3.0,3.0,2.0,4.0,2.0,3.0,2.0,3.0,4.0,3.0,2.0,3.0,4.0,3.0,3.0,3.0,3.0,2.0,3.0,4.0,3.0,3.0,3.0,2.0,3.0,4.0,3.0,3.0,3.0,3.0,3.0,3.0,4.0,3.0,2.0,3.0,3.0,3.0,2.0,4.0,3.0,2.0,4.0,3.0,3.0,3.0,4.0,3.0,3.0,2.0,3.0,6.0,3.0,3.0,3.0,2.0,3.0,3.0,3.0,,3.0,3.0,3.0,2.0,3.0,3.0,3.0,4.0,3.0,3.0,2.0,3.0,2.0,2.0,2.0,2.0,2.0,3.0,3.0,3.0,3.0,4.0,3.0,3.0,2.0,3.0,4.0,2.0,3.0,3.0,3.0,3.0,3.0,6.0,6.0,2.0,2.0,2.0,2.0,1.0,,6.0,,3.0,1.0,2.0,5.0,2.0,0.984842,3.0,3.0,3.0,3.0,2.0
27404.0,16.0,6.0,1.0,29.0,1.0,4.0,4.0,4.0,4.0,4.0,4.0,4.0,4.0,5.0,1.0,1.0,2.0,3.0,4.0,,,,,,10.0,11.0,12.0,13.0,,,,,2.0,1.0,,,,4.0,5.0,,,4.0,4.0,4.0,3.0,4.0,4.0,5.0,3.0,4.0,4.0,2.0,3.0,4.0,4.0,4.0,5.0,2.0,2.0,4.0,4.0,4.0,4.0,4.0,4.0,4.0,4.0,4.0,4.0,4.0,2.0,2.0,3.0,3.0,3.0,3.0,3.0,3.0,3.0,3.0,3.0,3.0,3.0,3.0,4.0,2.0,3.0,4.0,4.0,4.0,4.0,4.0,4.0,4.0,4.0,4.0,4.0,4.0,4.0,5.0,2.0,2.0,4.0,4.0,4.0,4.0,4.0,3.0,4.0,2.0,4.0,4.0,4.0,4.0,4.0,4.0,4.0,4.0,7.0,3.0,3.0,3.0,1.0,4.0,4.0,3.0,,4.0,4.0,4.0,1.0,4.0,4.0,4.0,4.0,4.0,4.0,4.0,4.0,1.0,1.0,1.0,1.0,1.0,4.0,4.0,4.0,4.0,4.0,4.0,3.0,2.0,2.0,4.0,3.0,4.0,4.0,4.0,4.0,4.0,1.0,2.0,1.0,1.0,1.0,2.0,2.0,1.0,4.0,,4.0,2.0,1.0,3.0,3.0,1.00476,4.333333333333333,4.0,4.0,4.0,1.0
27424.0,4.0,2.0,2.0,36.0,2.0,5.0,5.0,3.0,3.0,4.0,2.0,3.0,2.0,2.0,2.0,,,,,,,,,,,,,,,,,,2.0,1.0,,,,,5.0,,,2.0,4.0,4.0,3.0,4.0,4.0,3.0,3.0,4.0,4.0,3.0,4.0,4.0,4.0,4.0,5.0,4.0,4.0,3.0,3.0,3.0,4.0,3.0,4.0,4.0,4.0,4.0,4.0,2.0,2.0,2.0,4.0,4.0,4.0,3.0,3.0,4.0,4.0,4.0,4.0,4.0,4.0,3.0,2.0,2.0,4.0,4.0,4.0,4.0,4.0,4.0,4.0,4.0,4.0,4.0,4.0,4.0,4.0,3.0,3.0,4.0,4.0,3.0,4.0,5.0,4.0,2.0,3.0,4.0,3.0,4.0,3.0,3.0,4.0,5.0,5.0,4.0,9.0,4.0,4.0,4.0,1.0,4.0,3.0,2.0,,3.0,4.0,4.0,2.0,3.0,3.0,3.0,5.0,3.0,3.0,4.0,2.0,1.0,2.0,2.0,2.0,2.0,4.0,4.0,3.0,3.0,2.0,2.0,2.0,1.0,2.0,2.0,2.0,1.0,2.0,1.0,3.0,3.0,11.0,2.0,1.0,2.0,1.0,1.0,2.0,1.0,5.0,,3.0,2.0,1.0,4.0,2.0,1.051499,2.3333333333333335,3.0,3.5,3.0,2.0
27438.0,9.0,2.0,1.0,27.0,1.0,5.0,5.0,1.0,1.0,2.0,2.0,2.0,1.0,1.0,2.0,,,,,,,,,,,,,,,,,,2.0,1.0,,,3.0,,5.0,,,1.0,5.0,5.0,4.0,5.0,4.0,3.0,2.0,4.0,4.0,2.0,3.0,3.0,4.0,4.0,5.0,1.0,1.0,1.0,1.0,1.0,1.0,1.0,1.0,4.0,1.0,1.0,1.0,4.0,1.0,1.0,1.0,1.0,1.0,1.0,1.0,1.0,1.0,4.0,4.0,1.0,1.0,1.0,4.0,1.0,1.0,1.0,1.0,1.0,1.0,1.0,1.0,1.0,5.0,5.0,1.0,1.0,1.0,1.0,1.0,1.0,3.0,3.0,2.0,4.0,4.0,2.0,2.0,5.0,3.0,3.0,3.0,4.0,5.0,3.0,4.0,3.0,6.0,5.0,2.0,5.0,1.0,5.0,5.0,4.0,,2.0,2.0,3.0,2.0,1.0,1.0,1.0,2.0,1.0,1.0,2.0,1.0,2.0,2.0,2.0,2.0,2.0,3.0,4.0,2.0,2.0,1.0,4.0,3.0,1.0,1.0,1.0,1.0,1.0,4.0,1.0,1.0,1.0,6.0,11.0,2.0,2.0,2.0,2.0,1.0,,3.0,,3.0,1.0,2.0,2.0,2.0,1.051424,1.3333333333333333,2.0,5.0,1.0,2.0
27442.0,9.0,2.0,2.0,48.0,3.0,5.0,5.0,4.0,3.0,4.0,4.0,4.0,4.0,3.0,1.0,1.0,,3.0,4.0,,,,,,,,,,,,,,2.0,1.0,,,3.0,,5.0,,,3.0,3.0,3.0,3.0,3.0,3.0,3.0,3.0,4.0,3.0,3.0,3.0,4.0,4.0,3.0,5.0,3.0,3.0,3.0,3.0,3.0,3.0,3.0,3.0,4.0,3.0,3.0,3.0,4.0,3.0,4.0,3.0,3.0,3.0,3.0,3.0,3.0,3.0,4.0,3.0,3.0,3.0,3.0,4.0,3.0,4.0,4.0,3.0,3.0,3.0,3.0,3.0,3.0,4.0,3.0,3.0,3.0,3.0,4.0,3.0,3.0,3.0,2.0,4.0,4.0,3.0,2.0,3.0,2.0,4.0,4.0,4.0,4.0,4.0,4.0,4.0,4.0,6.0,4.0,4.0,4.0,1.0,4.0,4.0,2.0,,3.0,2.0,4.0,2.0,2.0,1.0,2.0,4.0,4.0,3.0,4.0,2.0,2.0,2.0,2.0,2.0,2.0,4.0,4.0,4.0,3.0,2.0,2.0,2.0,2.0,2.0,2.0,2.0,4.0,3.0,3.0,2.0,4.0,6.0,3.0,1.0,2.0,2.0,2.0,2.0,1.0,4.0,,3.0,2.0,1.0,3.0,2.0,0.965456,3.6666666666666665,4.0,4.0,2.0,2.0
27443.0,16.0,6.0,2.0,24.0,1.0,5.0,5.0,5.0,5.0,3.0,3.0,4.0,4.0,4.0,2.0,,,,,,,,,,,,,,,,,,2.0,1.0,,,,4.0,,,,3.0,4.0,3.0,4.0,4.0,4.0,4.0,4.0,4.0,3.0,3.0,3.0,4.0,5.0,4.0,5.0,5.0,5.0,5.0,5.0,5.0,5.0,5.0,5.0,5.0,5.0,5.0,5.0,5.0,5.0,5.0,5.0,5.0,5.0,5.0,5.0,5.0,5.0,5.0,5.0,5.0,5.0,5.0,5.0,5.0,5.0,5.0,5.0,5.0,5.0,5.0,5.0,5.0,5.0,5.0,5.0,5.0,5.0,5.0,5.0,5.0,2.0,5.0,5.0,5.0,5.0,1.0,1.0,1.0,5.0,5.0,5.0,5.0,1.0,5.0,5.0,5.0,11.0,3.0,4.0,4.0,1.0,4.0,3.0,3.0,,3.0,3.0,3.0,1.0,4.0,3.0,4.0,4.0,4.0,4.0,5.0,4.0,2.0,2.0,2.0,2.0,2.0,5.0,5.0,4.0,5.0,5.0,5.0,5.0,4.0,3.0,3.0,3.0,5.0,5.0,4.0,1.0,4.0,6.0,6.0,1.0,1.0,1.0,1.0,1.0,,7.0,,4.0,1.0,2.0,6.0,3.0,1.101295,4.0,3.0,3.5,4.0,1.0
27450.0,1.0,1.0,2.0,40.0,3.0,5.0,5.0,3.0,3.0,3.0,3.0,3.0,4.0,3.0,1.0,1.0,,,,,,,,,,,,,,,,,2.0,2.0,,,,,,,,3.0,4.0,4.0,4.0,4.0,4.0,4.0,4.0,4.0,4.0,4.0,4.0,4.0,5.0,4.0,5.0,4.0,4.0,4.0,4.0,4.0,4.0,4.0,4.0,4.0,4.0,4.0,4.0,5.0,4.0,5.0,4.0,4.0,4.0,4.0,4.0,4.0,4.0,4.0,4.0,4.0,4.0,4.0,5.0,4.0,4.0,4.0,4.0,4.0,4.0,4.0,4.0,4.0,4.0,4.0,4.0,4.0,4.0,5.0,4.0,5.0,4.0,3.0,4.0,4.0,3.0,2.0,4.0,2.0,4.0,4.0,3.0,4.0,4.0,4.0,4.0,4.0,8.0,4.0,3.0,4.0,1.0,4.0,4.0,4.0,,2.0,2.0,3.0,2.0,2.0,3.0,2.0,3.0,2.0,2.0,2.0,2.0,2.0,2.0,2.0,2.0,2.0,3.0,4.0,2.0,3.0,2.0,3.0,2.0,1.0,1.0,1.0,2.0,2.0,2.0,1.0,2.0,2.0,6.0,7.0,2.0,2.0,2.0,2.0,2.0,1.0,2.0,,3.0,2.0,1.0,1.0,2.0,1.098998,3.3333333333333335,3.0,4.0,2.0,2.0
27481.0,9.0,2.0,2.0,28.0,1.0,4.0,5.0,2.0,1.0,2.0,2.0,2.0,2.0,2.0,1.0,1.0,,3.0,,5.0,,,,,,,,,,,,,2.0,1.0,,,3.0,4.0,5.0,,,2.0,2.0,2.0,4.0,3.0,3.0,3.0,2.0,4.0,3.0,3.0,2.0,4.0,4.0,3.0,2.0,3.0,3.0,4.0,3.0,2.0,3.0,4.0,3.0,4.0,4.0,4.0,3.0,3.0,3.0,4.0,2.0,2.0,3.0,3.0,4.0,4.0,3.0,3.0,2.0,3.0,3.0,3.0,3.0,4.0,2.0,3.0,3.0,4.0,4.0,3.0,4.0,3.0,3.0,3.0,4.0,2.0,3.0,3.0,4.0,4.0,2.0,3.0,3.0,3.0,4.0,4.0,4.0,4.0,3.0,4.0,2.0,4.0,4.0,4.0,4.0,4.0,9.0,4.0,2.0,4.0,1.0,4.0,4.0,2.0,,4.0,4.0,4.0,2.0,2.0,2.0,2.0,2.0,2.0,2.0,2.0,2.0,2.0,2.0,1.0,2.0,2.0,4.0,4.0,3.0,4.0,1.0,2.0,1.0,1.0,1.0,1.0,1.0,1.0,1.0,1.0,1.0,2.0,7.0,5.0,2.0,2.0,2.0,1.0,1.0,,4.0,,3.0,1.0,2.0,3.0,2.0,1.026542,2.0,2.0,4.0,2.0,2.0
27491.0,9.0,2.0,2.0,26.0,1.0,5.0,5.0,4.0,4.0,4.0,4.0,4.0,4.0,4.0,1.0,,2.0,3.0,4.0,,,,,,,11.0,12.0,13.0,,,,,2.0,1.0,,,3.0,,5.0,,,3.0,3.0,3.0,4.0,2.0,2.0,4.0,2.0,2.0,2.0,2.0,2.0,4.0,4.0,3.0,4.0,2.0,2.0,4.0,2.0,2.0,2.0,2.0,2.0,4.0,2.0,4.0,4.0,5.0,4.0,2.0,2.0,2.0,2.0,2.0,4.0,2.0,4.0,2.0,2.0,1.0,2.0,4.0,5.0,4.0,2.0,4.0,4.0,4.0,4.0,2.0,4.0,2.0,2.0,4.0,2.0,4.0,5.0,5.0,5.0,3.0,4.0,4.0,5.0,4.0,3.0,2.0,3.0,2.0,4.0,4.0,3.0,4.0,4.0,2.0,4.0,4.0,9.0,4.0,2.0,4.0,1.0,4.0,4.0,2.0,,4.0,4.0,4.0,1.0,4.0,3.0,4.0,4.0,3.0,2.0,4.0,4.0,1.0,2.0,2.0,1.0,2.0,2.0,4.0,4.0,4.0,2.0,4.0,2.0,2.0,2.0,1.0,4.0,4.0,4.0,4.0,1.0,4.0,10.0,4.0,1.0,1.0,1.0,1.0,1.0,,4.0,,4.0,1.0,2.0,3.0,3.0,1.026542,4.0,4.0,4.0,4.0,1.0
27494.0,9.0,2.0,1.0,39.0,2.0,5.0,5.0,4.0,2.0,3.0,3.0,3.0,3.0,3.0,2.0,,,,,,,,,,,,,,,,,,2.0,2.0,,,,,,,,3.0,4.0,4.0,3.0,3.0,3.0,5.0,1.0,5.0,4.0,3.0,1.0,4.0,4.0,3.0,5.0,4.0,3.0,3.0,3.0,3.0,3.0,3.0,5.0,4.0,3.0,4.0,3.0,3.0,3.0,5.0,4.0,3.0,4.0,3.0,4.0,4.0,4.0,3.0,3.0,4.0,4.0,4.0,3.0,3.0,5.0,3.0,3.0,2.0,2.0,3.0,4.0,4.0,4.0,3.0,3.0,3.0,4.0,4.0,4.0,5.0,3.0,2.0,3.0,2.0,2.0,4.0,3.0,2.0,3.0,4.0,4.0,3.0,5.0,2.0,2.0,3.0,9.0,3.0,3.0,4.0,1.0,4.0,4.0,3.0,,4.0,3.0,3.0,1.0,3.0,1.0,1.0,1.0,1.0,3.0,3.0,3.0,2.0,2.0,2.0,2.0,2.0,1.0,1.0,1.0,1.0,1.0,1.0,1.0,1.0,1.0,1.0,1.0,1.0,1.0,4.0,5.0,4.0,6.0,8.0,2.0,2.0,2.0,2.0,2.0,1.0,4.0,,3.0,2.0,1.0,3.0,2.0,0.921551,3.0,3.0,4.0,3.0,1.0
27496.0,17.0,4.0,2.0,40.0,3.0,5.0,5.0,4.0,3.0,2.0,1.0,3.0,4.0,4.0,2.0,,,,,,,,,,,,,,,,,,2.0,1.0,,,3.0,4.0,5.0,,,2.0,3.0,4.0,3.0,4.0,4.0,5.0,3.0,3.0,4.0,3.0,3.0,5.0,3.0,3.0,5.0,2.0,2.0,2.0,2.0,2.0,2.0,2.0,2.0,2.0,2.0,2.0,4.0,4.0,3.0,3.0,2.0,2.0,2.0,2.0,2.0,2.0,2.0,2.0,2.0,2.0,2.0,4.0,4.0,2.0,3.0,4.0,4.0,4.0,4.0,4.0,4.0,4.0,5.0,5.0,5.0,3.0,4.0,4.0,3.0,3.0,4.0,4.0,4.0,4.0,3.0,2.0,1.0,1.0,3.0,4.0,2.0,5.0,1.0,1.0,3.0,3.0,6.0,1.0,2.0,5.0,1.0,4.0,4.0,2.0,,2.0,3.0,4.0,2.0,3.0,1.0,3.0,4.0,3.0,3.0,4.0,3.0,2.0,2.0,1.0,2.0,2.0,4.0,4.0,3.0,4.0,2.0,2.0,2.0,1.0,1.0,1.0,3.0,1.0,3.0,1.0,1.0,4.0,6.0,6.0,1.0,2.0,2.0,2.0,1.0,,4.0,,4.0,1.0,2.0,3.0,3.0,0.826771,3.6666666666666665,1.5,4.0,3.0,2.0
27503.0,1.0,1.0,2.0,52.0,4.0,5.0,5.0,3.0,3.0,3.0,3.0,3.0,4.0,4.0,2.0,,,,,,,,,,,,,,,,,,2.0,1.0,,,,4.0,5.0,,,2.0,3.0,4.0,4.0,3.0,3.0,4.0,3.0,4.0,4.0,4.0,3.0,4.0,4.0,4.0,4.0,4.0,3.0,4.0,3.0,3.0,3.0,4.0,4.0,4.0,4.0,3.0,3.0,3.0,3.0,3.0,4.0,4.0,4.0,4.0,4.0,3.0,4.0,4.0,4.0,4.0,4.0,4.0,4.0,4.0,3.0,4.0,3.0,4.0,3.0,4.0,3.0,4.0,4.0,4.0,4.0,3.0,3.0,4.0,3.0,3.0,4.0,3.0,4.0,4.0,4.0,2.0,3.0,2.0,4.0,4.0,3.0,4.0,4.0,4.0,4.0,3.0,6.0,4.0,4.0,3.0,1.0,3.0,4.0,4.0,,2.0,2.0,3.0,2.0,2.0,1.0,1.0,3.0,2.0,3.0,2.0,2.0,2.0,2.0,2.0,1.0,2.0,3.0,4.0,3.0,3.0,2.0,3.0,2.0,1.0,2.0,2.0,2.0,2.0,3.0,3.0,1.0,3.0,6.0,6.0,1.0,2.0,2.0,2.0,2.0,1.0,4.0,,3.0,2.0,1.0,3.0,2.0,1.053567,3.6666666666666665,3.0,3.5,2.0,2.0
27504.0,10.0,3.0,2.0,22.0,1.0,4.0,5.0,2.0,2.0,5.0,5.0,5.0,5.0,5.0,2.0,,,,,,,,,,,,,,,,,,2.0,2.0,,,,,,,,3.0,3.0,2.0,3.0,3.0,3.0,3.0,2.0,5.0,2.0,2.0,2.0,4.0,3.0,4.0,5.0,5.0,5.0,5.0,5.0,5.0,5.0,5.0,5.0,5.0,5.0,5.0,5.0,5.0,5.0,5.0,2.0,2.0,2.0,2.0,2.0,2.0,2.0,2.0,2.0,2.0,2.0,2.0,2.0,2.0,2.0,4.0,4.0,4.0,4.0,4.0,4.0,4.0,4.0,4.0,4.0,4.0,4.0,4.0,4.0,4.0,4.0,4.0,4.0,5.0,5.0,3.0,4.0,5.0,3.0,4.0,4.0,4.0,4.0,4.0,5.0,4.0,11.0,3.0,2.0,3.0,1.0,4.0,4.0,4.0,,4.0,4.0,4.0,1.0,4.0,2.0,3.0,4.0,3.0,4.0,4.0,4.0,1.0,2.0,2.0,1.0,2.0,4.0,4.0,4.0,4.0,4.0,4.0,4.0,4.0,4.0,2.0,4.0,4.0,2.0,2.0,1.0,4.0,3.0,3.0,1.0,1.0,1.0,1.0,1.0,,6.0,,4.0,1.0,2.0,5.0,3.0,0.987061,5.0,5.0,4.0,4.0,1.0
27508.0,1.0,1.0,1.0,29.0,1.0,5.0,5.0,5.0,5.0,4.0,5.0,3.0,3.0,3.0,1.0,1.0,2.0,,4.0,,,,,,,,,,,,,,2.0,1.0,,,,4.0,,,,3.0,4.0,3.0,3.0,2.0,3.0,4.0,3.0,2.0,3.0,3.0,3.0,3.0,3.0,3.0,3.0,3.0,3.0,4.0,3.0,3.0,3.0,4.0,2.0,3.0,4.0,4.0,3.0,3.0,3.0,3.0,5.0,5.0,5.0,5.0,5.0,5.0,5.0,4.0,4.0,5.0,5.0,5.0,4.0,3.0,3.0,4.0,5.0,4.0,5.0,4.0,4.0,4.0,4.0,4.0,3.0,4.0,3.0,3.0,3.0,4.0,3.0,4.0,4.0,3.0,3.0,4.0,5.0,4.0,4.0,4.0,4.0,3.0,4.0,4.0,4.0,4.0,8.0,4.0,4.0,4.0,1.0,4.0,4.0,3.0,,3.0,3.0,4.0,1.0,4.0,3.0,3.0,4.0,4.0,3.0,4.0,3.0,2.0,2.0,1.0,1.0,2.0,3.0,4.0,3.0,3.0,4.0,3.0,2.0,3.0,4.0,3.0,3.0,3.0,3.0,4.0,3.0,4.0,8.0,9.0,1.0,1.0,2.0,1.0,1.0,,4.0,,3.0,1.0,2.0,3.0,2.0,1.112248,3.0,4.5,4.0,4.0,1.0
27519.0,1.0,1.0,2.0,34.0,2.0,4.0,4.0,4.0,3.0,4.0,3.0,3.0,3.0,3.0,1.0,1.0,2.0,3.0,4.0,,,,,,,,,,,,,,2.0,1.0,,2.0,3.0,4.0,,,,3.0,4.0,4.0,4.0,4.0,4.0,4.0,4.0,3.0,4.0,4.0,4.0,4.0,4.0,4.0,4.0,3.0,3.0,4.0,4.0,4.0,4.0,4.0,3.0,3.0,3.0,3.0,4.0,4.0,4.0,4.0,3.0,3.0,4.0,4.0,4.0,3.0,3.0,4.0,4.0,4.0,3.0,3.0,4.0,4.0,4.0,4.0,4.0,3.0,4.0,4.0,4.0,3.0,4.0,3.0,4.0,4.0,4.0,3.0,3.0,4.0,3.0,4.0,4.0,4.0,3.0,4.0,4.0,4.0,4.0,3.0,3.0,3.0,3.0,3.0,3.0,4.0,6.0,2.0,3.0,3.0,1.0,4.0,4.0,2.0,,3.0,3.0,4.0,2.0,3.0,2.0,2.0,3.0,2.0,2.0,3.0,3.0,1.0,1.0,1.0,2.0,2.0,3.0,4.0,3.0,3.0,3.0,4.0,4.0,4.0,3.0,3.0,3.0,4.0,4.0,4.0,3.0,4.0,6.0,6.0,1.0,2.0,1.0,1.0,2.0,2.0,4.0,,5.0,2.0,2.0,3.0,3.0,1.036816,3.0,3.5,4.0,3.0,2.0
27521.0,9.0,2.0,2.0,55.0,4.0,4.0,5.0,4.0,4.0,5.0,5.0,5.0,5.0,5.0,2.0,,,,,,,,,,,,,,,,,,2.0,2.0,,,,,,,,3.0,4.0,3.0,3.0,3.0,3.0,3.0,3.0,4.0,3.0,4.0,3.0,4.0,4.0,3.0,4.0,3.0,4.0,4.0,3.0,3.0,2.0,3.0,4.0,4.0,4.0,4.0,3.0,4.0,2.0,3.0,4.0,4.0,4.0,3.0,3.0,3.0,3.0,4.0,4.0,4.0,4.0,2.0,4.0,3.0,3.0,4.0,4.0,4.0,4.0,3.0,3.0,3.0,5.0,4.0,5.0,4.0,3.0,4.0,3.0,3.0,5.0,3.0,4.0,5.0,3.0,2.0,4.0,2.0,3.0,4.0,3.0,3.0,2.0,4.0,2.0,4.0,8.0,4.0,4.0,2.0,1.0,3.0,2.0,2.0,,4.0,3.0,5.0,1.0,4.0,3.0,4.0,5.0,4.0,3.0,5.0,3.0,2.0,2.0,2.0,1.0,1.0,4.0,4.0,5.0,4.0,5.0,3.0,4.0,3.0,3.0,3.0,4.0,3.0,4.0,4.0,2.0,4.0,3.0,2.0,1.0,2.0,1.0,2.0,2.0,1.0,5.0,,3.0,2.0,1.0,4.0,2.0,1.05617,5.0,5.0,2.5,4.0,1.0
27529.0,6.0,3.0,2.0,57.0,4.0,5.0,5.0,3.0,3.0,4.0,3.0,3.0,4.0,4.0,2.0,,,,,,,,,,,,,,,,,,2.0,2.0,,,,,,,,2.0,5.0,5.0,5.0,4.0,5.0,4.0,5.0,5.0,5.0,5.0,5.0,5.0,5.0,4.0,4.0,3.0,4.0,4.0,2.0,2.0,2.0,4.0,4.0,4.0,4.0,4.0,4.0,4.0,2.0,1.0,4.0,4.0,4.0,4.0,4.0,4.0,5.0,5.0,5.0,5.0,4.0,4.0,4.0,3.0,2.0,3.0,4.0,3.0,4.0,4.0,2.0,5.0,5.0,5.0,5.0,4.0,3.0,4.0,1.0,1.0,3.0,2.0,4.0,4.0,3.0,2.0,4.0,2.0,4.0,4.0,4.0,4.0,4.0,4.0,3.0,4.0,10.0,3.0,3.0,2.0,1.0,4.0,4.0,3.0,,4.0,3.0,4.0,2.0,3.0,2.0,3.0,4.0,4.0,3.0,4.0,3.0,1.0,2.0,2.0,2.0,2.0,4.0,4.0,4.0,4.0,4.0,2.0,2.0,2.0,2.0,3.0,3.0,3.0,4.0,3.0,2.0,4.0,7.0,3.0,1.0,1.0,1.0,2.0,2.0,1.0,3.0,,4.0,2.0,1.0,2.0,3.0,0.976223,3.6666666666666665,3.5,4.0,3.0,2.0
27531.0,10.0,3.0,2.0,48.0,3.0,4.0,4.0,4.0,4.0,5.0,4.0,3.0,3.0,3.0,2.0,,,,,,,,,,,,,,,,,,2.0,2.0,,,,,,,,3.0,4.0,4.0,4.0,4.0,4.0,3.0,3.0,3.0,3.0,3.0,3.0,3.0,3.0,4.0,4.0,4.0,4.0,4.0,4.0,4.0,3.0,3.0,3.0,3.0,3.0,4.0,4.0,4.0,4.0,4.0,4.0,4.0,4.0,4.0,4.0,4.0,3.0,4.0,4.0,3.0,4.0,4.0,4.0,4.0,4.0,3.0,3.0,3.0,3.0,3.0,3.0,3.0,3.0,3.0,3.0,3.0,3.0,3.0,3.0,3.0,2.0,1.0,4.0,3.0,3.0,2.0,2.0,3.0,3.0,3.0,4.0,4.0,4.0,4.0,4.0,4.0,6.0,3.0,3.0,3.0,1.0,4.0,4.0,3.0,,3.0,3.0,2.0,2.0,3.0,3.0,3.0,3.0,3.0,3.0,3.0,3.0,1.0,1.0,1.0,1.0,1.0,2.0,2.0,2.0,2.0,2.0,2.0,2.0,2.0,2.0,2.0,2.0,2.0,2.0,2.0,3.0,2.0,6.0,6.0,1.0,1.0,1.0,1.0,2.0,1.0,5.0,,3.0,2.0,1.0,4.0,2.0,0.951541,3.0,4.5,4.0,3.0,2.0
27552.0,3.0,5.0,1.0,47.0,3.0,5.0,5.0,4.0,3.0,4.0,4.0,4.0,4.0,4.0,1.0,1.0,,3.0,4.0,5.0,,,,,,,,,,,,,2.0,1.0,,,,4.0,,,,4.0,2.0,2.0,3.0,2.0,2.0,4.0,1.0,3.0,3.0,3.0,2.0,3.0,3.0,3.0,5.0,4.0,4.0,4.0,3.0,2.0,3.0,2.0,3.0,3.0,3.0,2.0,4.0,5.0,4.0,1.0,3.0,3.0,4.0,3.0,3.0,3.0,2.0,3.0,3.0,3.0,2.0,4.0,5.0,4.0,1.0,3.0,3.0,4.0,3.0,3.0,3.0,2.0,3.0,3.0,3.0,2.0,4.0,5.0,4.0,1.0,4.0,4.0,4.0,4.0,4.0,2.0,5.0,1.0,5.0,5.0,2.0,4.0,3.0,4.0,4.0,4.0,9.0,3.0,3.0,3.0,1.0,4.0,4.0,5.0,,3.0,3.0,4.0,2.0,4.0,3.0,3.0,4.0,4.0,3.0,4.0,4.0,2.0,2.0,2.0,1.0,2.0,4.0,4.0,4.0,4.0,4.0,4.0,2.0,1.0,1.0,4.0,3.0,3.0,4.0,4.0,1.0,4.0,6.0,1.0,1.0,1.0,2.0,2.0,2.0,1.0,4.0,,2.0,2.0,1.0,3.0,1.0,0.956937,4.0,4.0,4.0,4.0,2.0
27557.0,2.0,6.0,2.0,52.0,4.0,5.0,5.0,5.0,4.0,4.0,3.0,3.0,4.0,3.0,2.0,,,,,,,,,,,,,,,,,,1.0,1.0,,,3.0,,5.0,,,2.0,5.0,4.0,5.0,4.0,4.0,4.0,5.0,5.0,5.0,4.0,4.0,4.0,5.0,4.0,5.0,3.0,4.0,3.0,5.0,4.0,4.0,2.0,3.0,3.0,4.0,3.0,4.0,5.0,3.0,2.0,3.0,3.0,2.0,3.0,4.0,3.0,4.0,3.0,2.0,3.0,2.0,2.0,3.0,3.0,4.0,3.0,3.0,2.0,4.0,3.0,3.0,4.0,4.0,3.0,2.0,3.0,3.0,4.0,3.0,4.0,3.0,2.0,3.0,4.0,3.0,2.0,4.0,3.0,3.0,2.0,3.0,4.0,5.0,3.0,2.0,3.0,8.0,3.0,4.0,3.0,1.0,4.0,4.0,4.0,,4.0,3.0,4.0,2.0,3.0,3.0,2.0,2.0,3.0,3.0,2.0,1.0,1.0,2.0,2.0,1.0,1.0,3.0,2.0,2.0,4.0,4.0,3.0,2.0,2.0,3.0,2.0,4.0,3.0,3.0,2.0,3.0,4.0,7.0,5.0,1.0,2.0,1.0,2.0,2.0,1.0,4.0,,4.0,2.0,1.0,3.0,3.0,1.142237,3.3333333333333335,3.5,4.0,3.0,2.0
27567.0,11.0,3.0,2.0,35.0,2.0,4.0,4.0,4.0,4.0,3.0,4.0,3.0,4.0,4.0,2.0,,,,,,,,,,,,,,,,,,2.0,1.0,1.0,,3.0,,,,,3.0,4.0,4.0,3.0,4.0,4.0,3.0,3.0,4.0,5.0,5.0,4.0,4.0,4.0,3.0,4.0,3.0,4.0,4.0,3.0,3.0,4.0,3.0,4.0,4.0,5.0,4.0,4.0,3.0,3.0,4.0,4.0,4.0,3.0,3.0,4.0,2.0,3.0,3.0,4.0,5.0,4.0,3.0,4.0,3.0,3.0,3.0,4.0,3.0,3.0,4.0,3.0,3.0,4.0,3.0,4.0,3.0,3.0,3.0,4.0,3.0,4.0,3.0,4.0,4.0,3.0,3.0,4.0,3.0,4.0,3.0,3.0,4.0,3.0,4.0,4.0,4.0,7.0,3.0,4.0,3.0,1.0,4.0,4.0,3.0,,3.0,3.0,4.0,1.0,4.0,3.0,4.0,3.0,3.0,4.0,4.0,3.0,1.0,1.0,1.0,2.0,1.0,4.0,4.0,3.0,4.0,3.0,4.0,4.0,2.0,3.0,4.0,3.0,3.0,4.0,3.0,3.0,3.0,5.0,7.0,1.0,2.0,1.0,1.0,1.0,,4.0,,3.0,1.0,2.0,3.0,2.0,0.900154,3.6666666666666665,3.5,4.0,4.0,1.0
27576.0,2.0,6.0,2.0,32.0,2.0,5.0,5.0,3.0,3.0,4.0,4.0,3.0,4.0,3.0,2.0,,,,,,,,,,,,,,,,,,2.0,1.0,,,3.0,4.0,5.0,,,2.0,4.0,4.0,4.0,4.0,4.0,3.0,3.0,4.0,3.0,3.0,3.0,4.0,4.0,3.0,4.0,4.0,4.0,3.0,3.0,3.0,3.0,3.0,3.0,3.0,3.0,3.0,4.0,3.0,4.0,3.0,4.0,4.0,4.0,3.0,3.0,3.0,4.0,3.0,3.0,3.0,3.0,3.0,4.0,3.0,3.0,3.0,3.0,3.0,3.0,4.0,3.0,4.0,3.0,4.0,4.0,4.0,3.0,3.0,4.0,3.0,3.0,4.0,3.0,4.0,3.0,3.0,4.0,4.0,3.0,3.0,3.0,3.0,3.0,4.0,3.0,3.0,3.0,3.0,3.0,3.0,1.0,3.0,3.0,3.0,,3.0,4.0,4.0,2.0,4.0,3.0,3.0,4.0,3.0,3.0,4.0,3.0,1.0,2.0,2.0,2.0,2.0,4.0,4.0,2.0,2.0,1.0,2.0,2.0,1.0,1.0,1.0,1.0,1.0,1.0,1.0,1.0,3.0,6.0,6.0,2.0,2.0,2.0,2.0,1.0,,4.0,,3.0,1.0,2.0,3.0,2.0,0.910786,3.3333333333333335,4.0,3.0,4.0,2.0
27581.0,4.0,2.0,1.0,19.0,1.0,5.0,5.0,3.0,2.0,4.0,4.0,3.0,4.0,3.0,2.0,,,,,,,,,,,,,,,,,,2.0,2.0,,,,,,,,3.0,4.0,4.0,4.0,4.0,3.0,4.0,4.0,5.0,4.0,3.0,3.0,5.0,5.0,4.0,5.0,4.0,4.0,4.0,4.0,3.0,4.0,4.0,5.0,4.0,4.0,4.0,5.0,5.0,4.0,5.0,4.0,4.0,4.0,4.0,3.0,4.0,4.0,4.0,4.0,3.0,3.0,4.0,4.0,3.0,4.0,4.0,4.0,4.0,4.0,3.0,4.0,4.0,5.0,4.0,4.0,3.0,5.0,5.0,4.0,5.0,5.0,5.0,5.0,5.0,4.0,4.0,5.0,3.0,3.0,4.0,3.0,4.0,4.0,5.0,4.0,4.0,9.0,3.0,3.0,4.0,1.0,4.0,5.0,4.0,,3.0,3.0,4.0,2.0,3.0,2.0,2.0,5.0,4.0,3.0,5.0,3.0,1.0,2.0,2.0,2.0,2.0,4.0,4.0,3.0,3.0,2.0,1.0,1.0,1.0,1.0,1.0,1.0,1.0,3.0,1.0,1.0,4.0,8.0,9.0,2.0,2.0,2.0,2.0,1.0,,6.0,,3.0,1.0,2.0,5.0,2.0,1.051424,3.3333333333333335,4.0,4.5,3.0,2.0
27592.0,10.0,3.0,2.0,35.0,2.0,5.0,5.0,5.0,2.0,4.0,2.0,4.0,4.0,4.0,1.0,1.0,,3.0,,,,7.0,,,,,,,,,,,2.0,1.0,1.0,,3.0,4.0,5.0,,,3.0,5.0,3.0,3.0,3.0,3.0,4.0,2.0,4.0,5.0,5.0,4.0,5.0,5.0,4.0,5.0,4.0,4.0,4.0,4.0,3.0,4.0,2.0,4.0,4.0,4.0,4.0,3.0,5.0,2.0,3.0,2.0,3.0,4.0,2.0,3.0,2.0,2.0,1.0,3.0,1.0,2.0,2.0,4.0,1.0,2.0,4.0,4.0,5.0,4.0,5.0,4.0,4.0,5.0,5.0,3.0,3.0,4.0,5.0,3.0,3.0,3.0,4.0,4.0,3.0,2.0,1.0,2.0,4.0,5.0,4.0,4.0,4.0,5.0,4.0,3.0,4.0,9.0,4.0,3.0,3.0,1.0,5.0,2.0,5.0,,3.0,4.0,4.0,1.0,4.0,2.0,2.0,3.0,2.0,3.0,3.0,4.0,1.0,2.0,2.0,1.0,2.0,5.0,5.0,5.0,4.0,2.0,4.0,3.0,1.0,1.0,2.0,2.0,4.0,2.0,1.0,3.0,4.0,9.0,2.0,1.0,2.0,2.0,2.0,2.0,2.0,4.0,,3.0,2.0,2.0,3.0,2.0,0.900154,4.0,3.0,3.5,4.0,1.0
27593.0,5.0,4.0,2.0,27.0,1.0,5.0,4.0,5.0,4.0,4.0,5.0,4.0,5.0,4.0,2.0,,,,,,,,,,,,,,,,,,2.0,1.0,1.0,2.0,3.0,4.0,5.0,,,1.0,3.0,4.0,3.0,4.0,3.0,4.0,3.0,4.0,3.0,3.0,3.0,2.0,3.0,3.0,4.0,4.0,4.0,3.0,4.0,3.0,4.0,3.0,5.0,4.0,4.0,4.0,5.0,4.0,4.0,5.0,4.0,4.0,3.0,4.0,3.0,4.0,3.0,4.0,5.0,4.0,4.0,4.0,5.0,4.0,5.0,4.0,4.0,3.0,4.0,3.0,4.0,3.0,4.0,5.0,4.0,4.0,3.0,5.0,4.0,5.0,3.0,4.0,3.0,4.0,4.0,3.0,4.0,4.0,3.0,3.0,4.0,3.0,3.0,4.0,3.0,3.0,6.0,2.0,4.0,4.0,1.0,4.0,4.0,2.0,,4.0,3.0,4.0,1.0,4.0,3.0,3.0,4.0,2.0,3.0,3.0,3.0,2.0,2.0,2.0,1.0,1.0,4.0,3.0,2.0,3.0,2.0,3.0,2.0,2.0,2.0,2.0,2.0,3.0,3.0,2.0,2.0,3.0,7.0,6.0,2.0,2.0,1.0,1.0,1.0,,4.0,,3.0,1.0,2.0,3.0,2.0,1.080984,4.333333333333333,4.5,4.0,4.0,1.0
27611.0,9.0,2.0,1.0,23.0,1.0,5.0,5.0,3.0,3.0,4.0,4.0,3.0,4.0,4.0,1.0,1.0,2.0,3.0,4.0,5.0,,,,,,,,,,,,,2.0,2.0,,,,,,,,4.0,3.0,3.0,3.0,3.0,3.0,3.0,3.0,3.0,3.0,3.0,3.0,4.0,3.0,3.0,5.0,4.0,4.0,4.0,4.0,4.0,4.0,4.0,5.0,4.0,4.0,4.0,4.0,4.0,4.0,4.0,3.0,3.0,3.0,3.0,3.0,3.0,3.0,3.0,3.0,3.0,3.0,3.0,3.0,3.0,3.0,4.0,4.0,4.0,4.0,4.0,4.0,4.0,4.0,4.0,4.0,4.0,4.0,4.0,4.0,4.0,4.0,4.0,5.0,4.0,3.0,3.0,4.0,2.0,3.0,4.0,3.0,3.0,4.0,4.0,3.0,4.0,6.0,3.0,3.0,4.0,1.0,4.0,4.0,3.0,,3.0,3.0,4.0,1.0,4.0,3.0,3.0,4.0,3.0,3.0,4.0,4.0,2.0,2.0,2.0,1.0,2.0,4.0,4.0,4.0,4.0,3.0,2.0,3.0,1.0,1.0,1.0,3.0,3.0,3.0,3.0,2.0,3.0,3.0,7.0,2.0,2.0,2.0,2.0,1.0,,4.0,,3.0,1.0,2.0,3.0,2.0,1.051424,3.6666666666666665,4.0,4.0,4.0,1.0
27657.0,9.0,2.0,2.0,50.0,4.0,5.0,5.0,4.0,4.0,4.0,4.0,3.0,3.0,4.0,2.0,,,,,,,,,,,,,,,,,,2.0,2.0,,,,,,,,3.0,4.0,4.0,4.0,3.0,4.0,4.0,3.0,4.0,4.0,4.0,3.0,4.0,4.0,4.0,5.0,4.0,4.0,4.0,4.0,4.0,3.0,4.0,4.0,4.0,4.0,3.0,3.0,4.0,4.0,4.0,4.0,3.0,3.0,3.0,4.0,3.0,4.0,3.0,3.0,3.0,3.0,3.0,3.0,3.0,3.0,3.0,4.0,4.0,3.0,4.0,3.0,4.0,4.0,4.0,4.0,3.0,3.0,3.0,2.0,3.0,4.0,3.0,4.0,4.0,3.0,2.0,3.0,2.0,3.0,4.0,3.0,4.0,3.0,4.0,4.0,3.0,8.0,4.0,4.0,3.0,1.0,4.0,5.0,2.0,,4.0,4.0,5.0,1.0,3.0,1.0,1.0,4.0,3.0,3.0,4.0,3.0,1.0,2.0,2.0,1.0,2.0,3.0,4.0,4.0,4.0,2.0,2.0,2.0,1.0,1.0,1.0,1.0,1.0,4.0,4.0,4.0,3.0,8.0,7.0,1.0,2.0,2.0,2.0,2.0,1.0,5.0,,2.0,2.0,1.0,4.0,1.0,1.05617,3.3333333333333335,4.0,4.5,3.0,1.0
27686.0,9.0,2.0,1.0,27.0,1.0,4.0,4.0,4.0,4.0,5.0,5.0,4.0,4.0,4.0,1.0,1.0,2.0,3.0,4.0,5.0,6.0,,,,,11.0,12.0,13.0,14.0,,,,1.0,1.0,,,3.0,,5.0,,,3.0,3.0,4.0,3.0,3.0,3.0,4.0,3.0,4.0,3.0,3.0,4.0,5.0,4.0,4.0,4.0,4.0,5.0,4.0,4.0,4.0,5.0,5.0,5.0,4.0,5.0,4.0,5.0,4.0,4.0,5.0,4.0,3.0,4.0,3.0,4.0,4.0,3.0,3.0,4.0,4.0,3.0,4.0,3.0,4.0,3.0,4.0,5.0,4.0,5.0,5.0,5.0,4.0,4.0,4.0,5.0,4.0,5.0,4.0,4.0,5.0,4.0,5.0,4.0,4.0,5.0,3.0,3.0,3.0,4.0,4.0,3.0,3.0,4.0,4.0,4.0,3.0,9.0,4.0,4.0,4.0,1.0,4.0,4.0,4.0,,3.0,3.0,4.0,1.0,3.0,4.0,3.0,4.0,3.0,3.0,5.0,3.0,2.0,2.0,2.0,2.0,1.0,4.0,4.0,3.0,4.0,3.0,3.0,3.0,3.0,4.0,3.0,3.0,4.0,3.0,3.0,3.0,4.0,9.0,3.0,1.0,1.0,1.0,1.0,1.0,,4.0,,3.0,1.0,2.0,3.0,2.0,1.051424,4.0,5.0,4.0,3.0,1.0
27701.0,3.0,5.0,1.0,34.0,2.0,5.0,5.0,5.0,5.0,5.0,5.0,5.0,4.0,4.0,1.0,1.0,2.0,3.0,4.0,5.0,,,,,,,12.0,13.0,14.0,,,,1.0,1.0,1.0,,3.0,4.0,5.0,,,2.0,3.0,3.0,3.0,3.0,3.0,3.0,3.0,3.0,3.0,3.0,2.0,4.0,4.0,4.0,5.0,3.0,3.0,3.0,3.0,3.0,3.0,3.0,3.0,3.0,3.0,3.0,5.0,4.0,4.0,5.0,3.0,3.0,3.0,3.0,3.0,4.0,3.0,3.0,3.0,4.0,3.0,3.0,4.0,3.0,3.0,3.0,2.0,3.0,3.0,2.0,3.0,3.0,3.0,3.0,2.0,4.0,4.0,3.0,4.0,5.0,4.0,4.0,4.0,4.0,4.0,3.0,4.0,3.0,3.0,3.0,3.0,4.0,3.0,3.0,3.0,4.0,9.0,3.0,4.0,3.0,1.0,4.0,3.0,3.0,,3.0,3.0,4.0,1.0,4.0,3.0,3.0,2.0,3.0,3.0,4.0,3.0,1.0,1.0,2.0,1.0,1.0,4.0,4.0,3.0,5.0,3.0,3.0,3.0,3.0,4.0,3.0,3.0,4.0,3.0,3.0,4.0,3.0,8.0,7.0,1.0,1.0,1.0,1.0,2.0,1.0,4.0,,3.0,2.0,1.0,3.0,2.0,0.96424,4.333333333333333,5.0,3.5,4.0,1.0
27727.0,7.0,6.0,2.0,53.0,4.0,4.0,4.0,4.0,3.0,4.0,4.0,4.0,4.0,4.0,2.0,,,,,,,,,,,,,,,,,,2.0,2.0,,,,,,,,2.0,3.0,4.0,4.0,4.0,3.0,4.0,3.0,5.0,4.0,4.0,3.0,4.0,5.0,4.0,4.0,4.0,4.0,4.0,4.0,4.0,3.0,4.0,5.0,4.0,4.0,3.0,4.0,5.0,3.0,4.0,4.0,4.0,5.0,4.0,4.0,3.0,4.0,5.0,3.0,4.0,3.0,4.0,5.0,3.0,4.0,4.0,5.0,5.0,4.0,4.0,3.0,4.0,5.0,5.0,4.0,3.0,4.0,5.0,3.0,3.0,3.0,2.0,3.0,4.0,3.0,2.0,4.0,3.0,3.0,4.0,3.0,3.0,5.0,5.0,5.0,4.0,10.0,4.0,1.0,4.0,1.0,4.0,4.0,4.0,,3.0,3.0,4.0,2.0,3.0,3.0,3.0,4.0,3.0,2.0,4.0,3.0,2.0,2.0,2.0,2.0,2.0,4.0,4.0,3.0,4.0,2.0,4.0,4.0,2.0,2.0,3.0,3.0,4.0,3.0,4.0,3.0,4.0,6.0,2.0,2.0,2.0,2.0,2.0,2.0,1.0,5.0,,3.0,2.0,1.0,4.0,2.0,1.142237,4.0,4.0,4.0,3.0,2.0
27733.0,7.0,6.0,1.0,23.0,1.0,4.0,5.0,4.0,4.0,5.0,4.0,4.0,4.0,4.0,2.0,,,,,,,,,,,,,,,,,,1.0,2.0,,,,,,,,3.0,3.0,2.0,2.0,3.0,2.0,3.0,2.0,1.0,2.0,3.0,3.0,3.0,3.0,3.0,2.0,3.0,4.0,4.0,4.0,3.0,4.0,4.0,3.0,4.0,4.0,4.0,4.0,4.0,3.0,4.0,4.0,3.0,4.0,4.0,4.0,3.0,4.0,4.0,4.0,5.0,5.0,4.0,4.0,4.0,3.0,4.0,4.0,4.0,3.0,4.0,3.0,3.0,4.0,4.0,4.0,5.0,4.0,3.0,4.0,3.0,4.0,3.0,4.0,4.0,4.0,3.0,4.0,4.0,4.0,3.0,4.0,4.0,5.0,4.0,4.0,4.0,8.0,4.0,3.0,3.0,1.0,3.0,4.0,1.0,,3.0,2.0,4.0,1.0,3.0,4.0,3.0,4.0,4.0,4.0,4.0,4.0,2.0,1.0,2.0,2.0,2.0,3.0,3.0,3.0,4.0,3.0,4.0,3.0,5.0,4.0,4.0,4.0,3.0,4.0,4.0,5.0,4.0,9.0,10.0,2.0,2.0,2.0,1.0,1.0,,6.0,,4.0,1.0,2.0,5.0,3.0,1.00476,4.0,4.5,3.5,3.0,1.0
27738.0,10.0,3.0,1.0,50.0,4.0,4.0,5.0,4.0,3.0,4.0,4.0,4.0,4.0,4.0,2.0,,,,,,,,,,,,,,,,,,2.0,1.0,,2.0,,4.0,,,,2.0,4.0,5.0,4.0,4.0,4.0,4.0,4.0,4.0,4.0,4.0,4.0,4.0,4.0,4.0,5.0,4.0,5.0,3.0,4.0,5.0,5.0,4.0,5.0,5.0,5.0,5.0,4.0,5.0,5.0,5.0,5.0,5.0,3.0,4.0,5.0,5.0,5.0,5.0,5.0,5.0,5.0,4.0,5.0,4.0,5.0,4.0,4.0,4.0,5.0,5.0,5.0,5.0,5.0,5.0,5.0,5.0,5.0,5.0,5.0,5.0,4.0,3.0,4.0,4.0,4.0,3.0,4.0,4.0,3.0,4.0,4.0,3.0,4.0,4.0,4.0,4.0,5.0,4.0,3.0,3.0,1.0,4.0,4.0,2.0,,3.0,2.0,3.0,2.0,3.0,2.0,2.0,3.0,2.0,2.0,3.0,3.0,2.0,2.0,2.0,2.0,1.0,3.0,4.0,3.0,3.0,4.0,4.0,2.0,3.0,2.0,3.0,3.0,4.0,4.0,3.0,2.0,4.0,7.0,6.0,1.0,1.0,1.0,1.0,1.0,,7.0,,5.0,1.0,2.0,6.0,3.0,0.875187,4.0,4.0,4.0,3.0,2.0
27747.0,9.0,2.0,2.0,57.0,4.0,5.0,5.0,3.0,2.0,5.0,5.0,5.0,5.0,5.0,2.0,,,,,,,,,,,,,,,,,,2.0,2.0,,,,,,,,1.0,4.0,4.0,3.0,4.0,4.0,4.0,3.0,5.0,4.0,4.0,4.0,5.0,5.0,5.0,5.0,5.0,5.0,5.0,5.0,5.0,5.0,5.0,5.0,5.0,5.0,4.0,5.0,5.0,5.0,5.0,3.0,3.0,3.0,3.0,3.0,3.0,3.0,4.0,3.0,4.0,4.0,3.0,5.0,3.0,3.0,4.0,4.0,3.0,3.0,3.0,3.0,3.0,5.0,4.0,5.0,5.0,4.0,4.0,4.0,3.0,4.0,3.0,4.0,4.0,5.0,4.0,5.0,5.0,2.0,3.0,4.0,5.0,5.0,5.0,5.0,3.0,10.0,5.0,4.0,4.0,1.0,4.0,4.0,4.0,,4.0,4.0,4.0,1.0,4.0,1.0,1.0,4.0,4.0,3.0,3.0,3.0,1.0,2.0,2.0,2.0,2.0,2.0,3.0,2.0,3.0,2.0,2.0,1.0,1.0,2.0,2.0,2.0,2.0,2.0,2.0,2.0,4.0,10.0,10.0,1.0,1.0,1.0,1.0,2.0,1.0,4.0,,2.0,2.0,1.0,3.0,1.0,1.05617,5.0,5.0,4.0,4.0,1.0
27752.0,2.0,6.0,1.0,51.0,4.0,5.0,5.0,4.0,3.0,4.0,4.0,4.0,4.0,4.0,2.0,,,,,,,,,,,,,,,,,,2.0,1.0,1.0,,,,5.0,,,4.0,4.0,4.0,3.0,3.0,3.0,5.0,3.0,4.0,3.0,3.0,3.0,4.0,4.0,3.0,5.0,4.0,4.0,5.0,3.0,3.0,3.0,4.0,5.0,4.0,4.0,5.0,5.0,5.0,3.0,4.0,2.0,2.0,2.0,2.0,2.0,2.0,2.0,2.0,2.0,2.0,2.0,2.0,3.0,1.0,2.0,3.0,4.0,5.0,2.0,3.0,3.0,2.0,4.0,4.0,4.0,3.0,2.0,5.0,1.0,2.0,4.0,3.0,4.0,5.0,3.0,2.0,3.0,1.0,4.0,4.0,3.0,3.0,4.0,4.0,3.0,4.0,8.0,4.0,4.0,3.0,1.0,4.0,4.0,2.0,,4.0,3.0,4.0,1.0,4.0,1.0,2.0,4.0,3.0,3.0,4.0,4.0,1.0,2.0,2.0,1.0,2.0,4.0,4.0,3.0,4.0,3.0,4.0,4.0,2.0,3.0,4.0,3.0,4.0,4.0,3.0,3.0,4.0,8.0,8.0,1.0,2.0,1.0,1.0,3.0,2.0,4.0,,3.0,3.0,2.0,3.0,2.0,1.044509,4.0,4.0,4.0,4.0,1.0
27756.0,3.0,5.0,1.0,21.0,1.0,4.0,5.0,2.0,2.0,4.0,4.0,3.0,4.0,3.0,2.0,,,,,,,,,,,,,,,,,,2.0,2.0,,,,,,,,2.0,1.0,2.0,2.0,2.0,2.0,4.0,1.0,4.0,2.0,3.0,1.0,5.0,4.0,4.0,5.0,3.0,2.0,3.0,3.0,3.0,3.0,5.0,3.0,5.0,3.0,4.0,2.0,3.0,3.0,4.0,3.0,4.0,3.0,3.0,4.0,3.0,3.0,3.0,1.0,3.0,3.0,4.0,3.0,3.0,1.0,3.0,2.0,3.0,3.0,3.0,4.0,3.0,3.0,1.0,3.0,4.0,3.0,2.0,3.0,2.0,2.0,4.0,4.0,4.0,4.0,3.0,5.0,4.0,4.0,4.0,3.0,5.0,4.0,4.0,3.0,5.0,8.0,4.0,2.0,4.0,1.0,4.0,2.0,3.0,,3.0,5.0,4.0,1.0,4.0,4.0,3.0,4.0,5.0,4.0,4.0,3.0,1.0,1.0,2.0,2.0,1.0,4.0,2.0,2.0,2.0,2.0,3.0,3.0,3.0,2.0,3.0,3.0,2.0,3.0,3.0,3.0,4.0,8.0,8.0,1.0,1.0,2.0,1.0,1.0,,6.0,,3.0,1.0,2.0,5.0,2.0,0.98424,3.3333333333333335,4.0,3.0,4.0,1.0
27777.0,4.0,2.0,1.0,30.0,2.0,4.0,4.0,4.0,4.0,4.0,3.0,4.0,3.0,4.0,2.0,,,,,,,,,,,,,,,,,,2.0,2.0,,,,,,,,3.0,2.0,2.0,2.0,2.0,2.0,2.0,2.0,4.0,2.0,2.0,2.0,3.0,3.0,3.0,3.0,2.0,3.0,2.0,3.0,3.0,2.0,3.0,2.0,3.0,2.0,2.0,3.0,4.0,2.0,3.0,2.0,3.0,2.0,2.0,2.0,2.0,3.0,2.0,3.0,2.0,2.0,2.0,4.0,2.0,3.0,2.0,3.0,2.0,1.0,2.0,2.0,1.0,2.0,2.0,1.0,2.0,2.0,4.0,2.0,2.0,3.0,3.0,4.0,3.0,3.0,3.0,3.0,4.0,4.0,3.0,3.0,4.0,4.0,3.0,3.0,4.0,6.0,3.0,3.0,3.0,1.0,3.0,3.0,3.0,,3.0,3.0,3.0,2.0,3.0,2.0,2.0,4.0,2.0,2.0,2.0,3.0,2.0,2.0,2.0,2.0,2.0,4.0,4.0,2.0,4.0,2.0,4.0,2.0,2.0,2.0,2.0,2.0,2.0,2.0,2.0,2.0,2.0,11.0,11.0,2.0,2.0,2.0,2.0,2.0,2.0,4.0,,4.0,2.0,2.0,3.0,3.0,0.921551,3.6666666666666665,3.5,3.0,3.0,2.0
27778.0,1.0,1.0,2.0,25.0,1.0,3.0,3.0,3.0,3.0,3.0,3.0,3.0,3.0,3.0,1.0,1.0,2.0,,4.0,,6.0,,,,,,,,,,,,1.0,2.0,,,,,,,,2.0,4.0,4.0,4.0,4.0,4.0,4.0,4.0,4.0,4.0,4.0,4.0,3.0,3.0,3.0,3.0,3.0,4.0,3.0,4.0,3.0,4.0,3.0,4.0,3.0,4.0,3.0,4.0,4.0,3.0,4.0,4.0,3.0,4.0,3.0,4.0,3.0,4.0,3.0,4.0,3.0,4.0,3.0,3.0,4.0,3.0,3.0,4.0,3.0,4.0,3.0,4.0,3.0,4.0,3.0,4.0,3.0,4.0,4.0,3.0,4.0,4.0,3.0,4.0,3.0,4.0,3.0,4.0,3.0,4.0,3.0,4.0,3.0,4.0,3.0,4.0,3.0,8.0,4.0,4.0,3.0,1.0,4.0,4.0,4.0,,3.0,4.0,4.0,1.0,4.0,3.0,4.0,3.0,4.0,3.0,4.0,3.0,1.0,1.0,2.0,1.0,1.0,3.0,4.0,3.0,4.0,3.0,4.0,3.0,2.0,2.0,2.0,2.0,2.0,2.0,2.0,2.0,4.0,9.0,6.0,1.0,2.0,1.0,2.0,1.0,,7.0,,4.0,1.0,2.0,6.0,3.0,1.034762,3.0,3.0,4.0,4.0,1.0
27779.0,9.0,2.0,2.0,55.0,4.0,5.0,5.0,3.0,3.0,4.0,4.0,4.0,4.0,4.0,2.0,,,,,,,,,,,,,,,,,,1.0,2.0,,,,,,,,1.0,4.0,5.0,4.0,4.0,4.0,5.0,4.0,5.0,4.0,4.0,4.0,5.0,5.0,4.0,5.0,3.0,3.0,3.0,3.0,3.0,3.0,3.0,4.0,4.0,4.0,3.0,3.0,4.0,3.0,3.0,3.0,3.0,4.0,3.0,3.0,3.0,3.0,4.0,4.0,4.0,3.0,3.0,4.0,1.0,1.0,3.0,4.0,4.0,3.0,4.0,3.0,4.0,4.0,4.0,4.0,4.0,3.0,5.0,2.0,2.0,4.0,3.0,4.0,4.0,4.0,2.0,4.0,1.0,3.0,3.0,5.0,4.0,3.0,3.0,2.0,4.0,9.0,3.0,3.0,4.0,1.0,5.0,4.0,4.0,,3.0,3.0,3.0,2.0,3.0,3.0,3.0,3.0,3.0,3.0,3.0,3.0,1.0,2.0,2.0,1.0,2.0,4.0,4.0,4.0,4.0,3.0,4.0,4.0,3.0,3.0,4.0,3.0,2.0,3.0,3.0,3.0,4.0,3.0,3.0,1.0,1.0,2.0,2.0,2.0,1.0,5.0,,3.0,2.0,1.0,4.0,2.0,1.05617,4.0,4.0,4.5,3.0,2.0
27790.0,6.0,3.0,1.0,44.0,3.0,4.0,5.0,4.0,2.0,4.0,4.0,3.0,3.0,3.0,2.0,,,,,,,,,,,,,,,,,,2.0,1.0,,,,,5.0,,,3.0,4.0,4.0,4.0,4.0,4.0,4.0,4.0,4.0,4.0,4.0,4.0,4.0,5.0,4.0,4.0,3.0,3.0,4.0,3.0,3.0,3.0,3.0,3.0,3.0,3.0,3.0,3.0,4.0,3.0,3.0,3.0,3.0,3.0,3.0,3.0,3.0,3.0,3.0,3.0,3.0,3.0,3.0,4.0,3.0,3.0,3.0,3.0,3.0,3.0,3.0,3.0,3.0,4.0,3.0,3.0,3.0,3.0,4.0,3.0,3.0,4.0,3.0,3.0,4.0,3.0,1.0,1.0,2.0,4.0,4.0,4.0,4.0,4.0,4.0,4.0,4.0,8.0,4.0,3.0,3.0,1.0,4.0,4.0,1.0,,2.0,2.0,2.0,2.0,2.0,1.0,1.0,3.0,3.0,3.0,3.0,2.0,2.0,2.0,2.0,2.0,2.0,3.0,3.0,2.0,2.0,2.0,2.0,2.0,1.0,1.0,1.0,1.0,1.0,1.0,1.0,1.0,2.0,8.0,8.0,2.0,2.0,2.0,2.0,2.0,1.0,4.0,,2.0,2.0,1.0,3.0,1.0,0.776027,3.0,4.0,4.0,2.0,2.0
27838.0,12.0,3.0,2.0,38.0,2.0,5.0,5.0,5.0,5.0,3.0,3.0,3.0,3.0,3.0,1.0,1.0,2.0,3.0,4.0,5.0,,7.0,,,,,12.0,13.0,,,,,2.0,1.0,,,3.0,,5.0,,,3.0,4.0,5.0,3.0,3.0,3.0,4.0,3.0,5.0,4.0,3.0,2.0,4.0,3.0,3.0,4.0,2.0,3.0,2.0,2.0,2.0,2.0,2.0,2.0,2.0,2.0,2.0,2.0,3.0,3.0,1.0,1.0,1.0,1.0,1.0,1.0,1.0,1.0,1.0,1.0,1.0,1.0,1.0,3.0,3.0,1.0,3.0,3.0,3.0,2.0,3.0,2.0,3.0,3.0,3.0,3.0,3.0,2.0,3.0,3.0,1.0,4.0,3.0,4.0,4.0,3.0,3.0,3.0,3.0,3.0,3.0,3.0,3.0,5.0,3.0,2.0,4.0,9.0,4.0,3.0,4.0,1.0,4.0,3.0,2.0,,3.0,3.0,4.0,2.0,2.0,2.0,3.0,3.0,3.0,2.0,2.0,2.0,1.0,1.0,1.0,2.0,2.0,3.0,4.0,3.0,3.0,2.0,3.0,2.0,1.0,1.0,1.0,1.0,1.0,3.0,1.0,1.0,3.0,7.0,3.0,1.0,2.0,2.0,2.0,1.0,,4.0,,3.0,1.0,2.0,3.0,2.0,0.900154,3.0,3.0,3.5,2.0,2.0
27843.0,12.0,3.0,1.0,54.0,4.0,5.0,5.0,4.0,3.0,4.0,5.0,4.0,4.0,3.0,2.0,,,,,,,,,,,,,,,,,,2.0,1.0,,,3.0,,5.0,,,2.0,4.0,4.0,5.0,4.0,4.0,4.0,4.0,5.0,4.0,5.0,5.0,5.0,5.0,4.0,4.0,2.0,2.0,2.0,2.0,2.0,3.0,2.0,3.0,3.0,3.0,3.0,2.0,4.0,3.0,2.0,3.0,3.0,4.0,3.0,3.0,3.0,3.0,4.0,4.0,4.0,4.0,3.0,4.0,3.0,2.0,3.0,3.0,4.0,3.0,3.0,3.0,3.0,4.0,4.0,4.0,4.0,3.0,4.0,3.0,2.0,4.0,3.0,4.0,4.0,4.0,3.0,4.0,3.0,4.0,4.0,3.0,4.0,4.0,5.0,4.0,4.0,10.0,4.0,3.0,4.0,1.0,4.0,3.0,1.0,,4.0,3.0,5.0,1.0,4.0,4.0,5.0,4.0,4.0,3.0,4.0,5.0,2.0,2.0,2.0,2.0,2.0,5.0,5.0,3.0,4.0,3.0,4.0,3.0,2.0,2.0,2.0,1.0,3.0,1.0,1.0,2.0,4.0,10.0,3.0,1.0,2.0,2.0,2.0,2.0,1.0,2.0,,4.0,2.0,1.0,1.0,3.0,0.875187,3.6666666666666665,4.5,3.5,4.0,1.0
27872.0,3.0,5.0,2.0,42.0,3.0,4.0,4.0,5.0,5.0,4.0,4.0,4.0,4.0,4.0,2.0,,,,,,,,,,,,,,,,,,2.0,2.0,,,,,,,,4.0,4.0,4.0,5.0,4.0,4.0,5.0,4.0,5.0,5.0,5.0,5.0,5.0,5.0,4.0,4.0,4.0,4.0,5.0,4.0,4.0,4.0,4.0,5.0,5.0,5.0,4.0,4.0,5.0,4.0,5.0,3.0,3.0,3.0,3.0,3.0,3.0,3.0,3.0,3.0,3.0,3.0,3.0,4.0,3.0,3.0,4.0,4.0,4.0,4.0,4.0,4.0,4.0,4.0,4.0,4.0,4.0,4.0,5.0,5.0,4.0,3.0,3.0,3.0,3.0,3.0,2.0,3.0,2.0,4.0,4.0,3.0,4.0,4.0,4.0,4.0,4.0,9.0,2.0,4.0,4.0,1.0,3.0,3.0,3.0,,3.0,3.0,4.0,1.0,4.0,3.0,3.0,4.0,4.0,3.0,3.0,3.0,1.0,1.0,1.0,1.0,1.0,4.0,4.0,2.0,2.0,1.0,1.0,1.0,1.0,1.0,1.0,1.0,2.0,1.0,1.0,1.0,3.0,9.0,2.0,1.0,1.0,1.0,1.0,2.0,1.0,5.0,,3.0,2.0,1.0,4.0,2.0,0.871396,4.0,4.0,3.0,4.0,1.0
27898.0,9.0,2.0,1.0,57.0,4.0,5.0,5.0,4.0,3.0,4.0,4.0,3.0,3.0,4.0,2.0,,,,,,,,,,,,,,,,,,2.0,1.0,,2.0,3.0,,5.0,,,3.0,3.0,3.0,3.0,3.0,2.0,3.0,2.0,3.0,3.0,2.0,2.0,3.0,4.0,4.0,4.0,3.0,3.0,3.0,3.0,3.0,3.0,3.0,4.0,4.0,3.0,3.0,4.0,4.0,3.0,4.0,4.0,4.0,4.0,4.0,4.0,2.0,3.0,3.0,4.0,4.0,3.0,4.0,3.0,3.0,2.0,4.0,4.0,5.0,4.0,4.0,3.0,4.0,3.0,4.0,4.0,3.0,3.0,4.0,3.0,3.0,4.0,3.0,3.0,4.0,4.0,2.0,2.0,2.0,4.0,4.0,3.0,4.0,5.0,4.0,5.0,5.0,8.0,2.0,3.0,3.0,1.0,4.0,4.0,5.0,,4.0,3.0,4.0,1.0,3.0,2.0,2.0,4.0,2.0,3.0,4.0,3.0,2.0,2.0,2.0,1.0,2.0,4.0,4.0,4.0,2.0,3.0,3.0,3.0,2.0,2.0,2.0,2.0,2.0,3.0,2.0,2.0,2.0,7.0,6.0,2.0,2.0,1.0,2.0,3.0,2.0,4.0,,3.0,3.0,2.0,3.0,2.0,1.048518,3.3333333333333335,4.0,4.0,3.0,1.0
27904.0,8.0,3.0,1.0,58.0,4.0,5.0,5.0,4.0,4.0,5.0,4.0,4.0,4.0,3.0,1.0,1.0,,3.0,4.0,5.0,,,,,,,,,,,,,2.0,2.0,,,,,,,,4.0,3.0,3.0,3.0,4.0,3.0,3.0,2.0,3.0,2.0,2.0,2.0,3.0,4.0,4.0,4.0,3.0,2.0,2.0,3.0,2.0,2.0,2.0,3.0,2.0,2.0,1.0,3.0,4.0,1.0,3.0,4.0,3.0,4.0,4.0,2.0,3.0,2.0,4.0,2.0,2.0,4.0,4.0,4.0,2.0,3.0,4.0,3.0,4.0,2.0,2.0,2.0,2.0,3.0,2.0,4.0,3.0,2.0,4.0,2.0,4.0,4.0,4.0,4.0,5.0,5.0,2.0,3.0,2.0,3.0,4.0,4.0,4.0,4.0,5.0,4.0,3.0,9.0,2.0,4.0,4.0,1.0,5.0,5.0,3.0,,4.0,4.0,4.0,2.0,3.0,3.0,2.0,4.0,4.0,2.0,3.0,2.0,1.0,2.0,2.0,1.0,2.0,4.0,4.0,4.0,4.0,3.0,4.0,4.0,1.0,1.0,3.0,4.0,3.0,2.0,1.0,2.0,3.0,9.0,3.0,2.0,2.0,1.0,2.0,2.0,1.0,2.0,,3.0,2.0,1.0,1.0,2.0,0.875187,3.6666666666666665,4.5,5.0,3.0,2.0
27927.0,12.0,3.0,2.0,29.0,1.0,5.0,5.0,5.0,5.0,4.0,4.0,3.0,3.0,3.0,2.0,,,,,,,,,,,,,,,,,,2.0,2.0,,,,,,,,2.0,4.0,4.0,5.0,4.0,4.0,4.0,4.0,5.0,4.0,4.0,3.0,4.0,4.0,4.0,5.0,4.0,4.0,5.0,4.0,4.0,3.0,4.0,4.0,4.0,4.0,3.0,3.0,4.0,3.0,4.0,2.0,2.0,2.0,2.0,2.0,1.0,2.0,3.0,1.0,2.0,1.0,2.0,2.0,2.0,1.0,3.0,3.0,4.0,3.0,3.0,3.0,3.0,3.0,2.0,3.0,3.0,1.0,3.0,2.0,3.0,2.0,3.0,4.0,4.0,4.0,4.0,4.0,4.0,2.0,3.0,3.0,3.0,4.0,4.0,3.0,4.0,5.0,2.0,2.0,4.0,1.0,4.0,4.0,4.0,,3.0,2.0,2.0,2.0,3.0,2.0,2.0,3.0,3.0,2.0,2.0,1.0,1.0,2.0,2.0,2.0,2.0,4.0,4.0,4.0,4.0,3.0,3.0,2.0,1.0,1.0,1.0,2.0,3.0,3.0,2.0,1.0,2.0,7.0,6.0,1.0,1.0,1.0,2.0,2.0,2.0,5.0,,2.0,2.0,2.0,4.0,1.0,0.987061,3.0,4.0,4.0,3.0,2.0
27933.0,6.0,3.0,1.0,41.0,3.0,4.0,5.0,5.0,4.0,4.0,5.0,3.0,4.0,4.0,2.0,,,,,,,,,,,,,,,,,,1.0,2.0,,,,,,,,4.0,4.0,4.0,3.0,3.0,3.0,5.0,3.0,5.0,3.0,3.0,2.0,5.0,5.0,3.0,5.0,5.0,5.0,3.0,4.0,4.0,4.0,3.0,5.0,3.0,3.0,3.0,5.0,5.0,3.0,5.0,4.0,4.0,3.0,4.0,4.0,4.0,3.0,5.0,5.0,5.0,4.0,5.0,5.0,3.0,4.0,5.0,5.0,4.0,4.0,4.0,4.0,3.0,5.0,5.0,4.0,3.0,4.0,5.0,3.0,4.0,2.0,3.0,2.0,2.0,3.0,3.0,4.0,3.0,1.0,3.0,3.0,3.0,4.0,4.0,5.0,4.0,6.0,3.0,4.0,3.0,1.0,3.0,4.0,4.0,,4.0,4.0,5.0,1.0,5.0,3.0,4.0,5.0,5.0,4.0,4.0,4.0,1.0,2.0,1.0,1.0,1.0,4.0,5.0,5.0,4.0,5.0,4.0,5.0,4.0,5.0,3.0,4.0,4.0,3.0,4.0,4.0,4.0,10.0,11.0,1.0,2.0,1.0,2.0,1.0,,3.0,,4.0,1.0,2.0,2.0,3.0,0.776027,3.6666666666666665,4.5,3.5,5.0,1.0
27968.0,13.0,4.0,1.0,51.0,4.0,5.0,5.0,5.0,5.0,5.0,5.0,5.0,5.0,5.0,1.0,1.0,2.0,,4.0,,6.0,,,,,11.0,12.0,,,15.0,,,2.0,1.0,,,,,5.0,,,3.0,4.0,4.0,3.0,3.0,3.0,4.0,3.0,3.0,3.0,3.0,3.0,4.0,4.0,3.0,5.0,5.0,4.0,4.0,4.0,4.0,4.0,4.0,4.0,4.0,4.0,4.0,4.0,4.0,4.0,4.0,4.0,4.0,4.0,4.0,4.0,4.0,4.0,4.0,4.0,4.0,4.0,5.0,5.0,5.0,5.0,4.0,4.0,4.0,4.0,4.0,4.0,4.0,4.0,4.0,4.0,4.0,5.0,5.0,4.0,5.0,3.0,2.0,3.0,3.0,4.0,2.0,2.0,2.0,2.0,3.0,4.0,4.0,3.0,3.0,4.0,3.0,9.0,3.0,3.0,4.0,1.0,4.0,4.0,4.0,,4.0,3.0,5.0,2.0,3.0,2.0,2.0,4.0,3.0,3.0,4.0,3.0,2.0,2.0,2.0,1.0,2.0,3.0,4.0,4.0,4.0,3.0,4.0,3.0,3.0,2.0,2.0,3.0,3.0,2.0,2.0,4.0,4.0,4.0,3.0,1.0,1.0,1.0,2.0,1.0,,3.0,,2.0,1.0,2.0,2.0,1.0,1.073801,5.0,5.0,4.0,3.0,2.0
27977.0,3.0,5.0,1.0,41.0,3.0,5.0,5.0,4.0,4.0,3.0,3.0,5.0,5.0,4.0,2.0,,,,,,,,,,,,,,,,,,2.0,1.0,,,,4.0,5.0,,,4.0,4.0,2.0,2.0,3.0,2.0,4.0,2.0,4.0,4.0,3.0,2.0,4.0,4.0,4.0,5.0,5.0,4.0,4.0,3.0,4.0,4.0,4.0,5.0,5.0,5.0,5.0,4.0,5.0,4.0,3.0,5.0,5.0,5.0,3.0,5.0,3.0,5.0,5.0,5.0,5.0,5.0,3.0,5.0,4.0,3.0,5.0,5.0,5.0,3.0,5.0,3.0,5.0,5.0,5.0,5.0,5.0,3.0,5.0,4.0,3.0,4.0,4.0,5.0,5.0,2.0,2.0,4.0,2.0,2.0,3.0,3.0,3.0,5.0,5.0,4.0,3.0,4.0,4.0,2.0,5.0,2.0,4.0,3.0,2.0,,4.0,4.0,5.0,1.0,4.0,2.0,3.0,5.0,4.0,3.0,5.0,4.0,2.0,2.0,2.0,2.0,2.0,5.0,5.0,4.0,4.0,5.0,3.0,3.0,1.0,1.0,5.0,5.0,4.0,5.0,5.0,2.0,5.0,3.0,1.0,1.0,2.0,2.0,2.0,2.0,1.0,4.0,,3.0,2.0,1.0,3.0,2.0,0.956937,4.666666666666667,3.0,3.5,4.0,1.0
27989.0,6.0,3.0,1.0,29.0,1.0,5.0,5.0,4.0,3.0,5.0,4.0,4.0,4.0,4.0,1.0,1.0,2.0,3.0,4.0,5.0,,,,,,,,,,,,,2.0,2.0,,,,,,,,4.0,3.0,4.0,2.0,2.0,2.0,3.0,2.0,3.0,3.0,3.0,3.0,3.0,3.0,3.0,5.0,5.0,4.0,5.0,4.0,5.0,4.0,4.0,5.0,4.0,5.0,4.0,5.0,4.0,5.0,4.0,4.0,5.0,4.0,5.0,4.0,4.0,5.0,4.0,5.0,4.0,5.0,4.0,4.0,5.0,4.0,5.0,4.0,4.0,5.0,4.0,4.0,5.0,4.0,5.0,5.0,5.0,4.0,5.0,4.0,4.0,4.0,3.0,4.0,4.0,4.0,1.0,3.0,1.0,5.0,5.0,4.0,5.0,3.0,2.0,3.0,4.0,6.0,3.0,3.0,3.0,1.0,4.0,2.0,3.0,,4.0,3.0,5.0,1.0,4.0,4.0,4.0,5.0,5.0,3.0,4.0,4.0,2.0,2.0,2.0,2.0,2.0,5.0,5.0,5.0,5.0,5.0,5.0,5.0,2.0,2.0,4.0,4.0,4.0,3.0,2.0,3.0,4.0,8.0,7.0,2.0,2.0,2.0,2.0,1.0,,6.0,,3.0,1.0,2.0,5.0,2.0,0.984842,4.0,4.5,3.0,4.0,1.0
28001.0,15.0,5.0,1.0,30.0,2.0,4.0,4.0,4.0,4.0,4.0,4.0,4.0,4.0,3.0,1.0,1.0,2.0,3.0,4.0,5.0,,,,,,,,,,,,,2.0,1.0,,,3.0,4.0,5.0,,,3.0,3.0,3.0,3.0,3.0,3.0,3.0,3.0,3.0,3.0,2.0,3.0,4.0,4.0,3.0,5.0,4.0,4.0,4.0,4.0,4.0,3.0,4.0,4.0,4.0,4.0,4.0,4.0,4.0,3.0,3.0,3.0,3.0,3.0,2.0,3.0,2.0,3.0,3.0,3.0,3.0,2.0,2.0,2.0,2.0,2.0,3.0,3.0,3.0,3.0,3.0,3.0,3.0,3.0,3.0,3.0,4.0,2.0,4.0,2.0,2.0,4.0,4.0,4.0,4.0,2.0,2.0,4.0,3.0,3.0,3.0,2.0,2.0,3.0,3.0,3.0,4.0,7.0,3.0,3.0,4.0,1.0,4.0,4.0,3.0,,4.0,3.0,3.0,1.0,3.0,3.0,3.0,3.0,3.0,3.0,3.0,3.0,1.0,1.0,1.0,1.0,1.0,4.0,4.0,4.0,4.0,3.0,3.0,3.0,1.0,1.0,3.0,3.0,2.0,3.0,2.0,2.0,3.0,5.0,6.0,1.0,2.0,1.0,2.0,1.0,,4.0,,4.0,1.0,2.0,3.0,3.0,0.96424,3.6666666666666665,4.0,4.0,3.0,1.0
28004.0,11.0,3.0,2.0,59.0,4.0,5.0,5.0,4.0,4.0,5.0,4.0,3.0,4.0,4.0,2.0,,,,,,,,,,,,,,,,,,2.0,1.0,1.0,,3.0,,5.0,,,1.0,4.0,4.0,2.0,3.0,3.0,4.0,2.0,4.0,3.0,2.0,3.0,3.0,4.0,4.0,5.0,4.0,4.0,4.0,4.0,4.0,3.0,3.0,3.0,2.0,2.0,2.0,3.0,4.0,4.0,3.0,3.0,3.0,2.0,2.0,2.0,3.0,1.0,3.0,3.0,2.0,2.0,2.0,4.0,4.0,2.0,3.0,4.0,2.0,3.0,2.0,1.0,1.0,3.0,2.0,2.0,1.0,2.0,4.0,5.0,3.0,4.0,5.0,4.0,5.0,3.0,2.0,4.0,3.0,3.0,2.0,4.0,4.0,5.0,4.0,3.0,3.0,10.0,1.0,5.0,5.0,1.0,5.0,4.0,4.0,,3.0,4.0,4.0,1.0,4.0,4.0,4.0,4.0,3.0,4.0,4.0,3.0,1.0,2.0,1.0,2.0,2.0,4.0,4.0,4.0,4.0,3.0,4.0,4.0,1.0,1.0,3.0,2.0,3.0,1.0,1.0,3.0,4.0,10.0,4.0,2.0,1.0,1.0,2.0,4.0,1.0,3.0,,5.0,3.0,1.0,2.0,3.0,0.976223,3.6666666666666665,4.5,4.5,4.0,1.0
28007.0,1.0,1.0,1.0,47.0,3.0,5.0,5.0,5.0,4.0,5.0,5.0,5.0,5.0,5.0,2.0,,,,,,,,,,,,,,,,,,2.0,1.0,,,3.0,,5.0,,,4.0,5.0,5.0,3.0,4.0,4.0,5.0,4.0,5.0,5.0,5.0,3.0,5.0,5.0,5.0,5.0,5.0,5.0,5.0,5.0,3.0,5.0,3.0,5.0,5.0,5.0,3.0,4.0,5.0,3.0,5.0,5.0,5.0,5.0,5.0,5.0,5.0,5.0,5.0,5.0,5.0,5.0,5.0,5.0,3.0,5.0,5.0,5.0,5.0,5.0,5.0,5.0,5.0,5.0,5.0,5.0,3.0,5.0,5.0,3.0,2.0,2.0,3.0,3.0,4.0,5.0,2.0,5.0,2.0,4.0,4.0,4.0,4.0,5.0,5.0,5.0,5.0,11.0,1.0,3.0,4.0,1.0,5.0,5.0,4.0,,3.0,4.0,5.0,2.0,5.0,5.0,5.0,5.0,5.0,4.0,3.0,5.0,2.0,2.0,2.0,1.0,2.0,4.0,4.0,4.0,4.0,4.0,4.0,4.0,3.0,3.0,4.0,3.0,4.0,4.0,4.0,3.0,5.0,1.0,1.0,1.0,2.0,2.0,2.0,1.0,,7.0,,5.0,1.0,2.0,6.0,3.0,1.074504,5.0,5.0,5.0,5.0,2.0
28037.0,1.0,1.0,2.0,36.0,2.0,5.0,5.0,4.0,4.0,4.0,4.0,4.0,4.0,3.0,1.0,1.0,2.0,3.0,4.0,5.0,6.0,,,,,11.0,12.0,,,,,,2.0,1.0,,,,,5.0,9997.0,심야 또는 시시때때로 울리는 재난경고음으,3.0,5.0,5.0,5.0,5.0,5.0,5.0,5.0,5.0,5.0,5.0,5.0,5.0,5.0,5.0,5.0,4.0,4.0,4.0,4.0,4.0,4.0,4.0,4.0,4.0,4.0,4.0,4.0,4.0,3.0,4.0,3.0,3.0,3.0,3.0,3.0,3.0,3.0,3.0,3.0,3.0,3.0,3.0,3.0,3.0,3.0,3.0,3.0,3.0,3.0,3.0,3.0,3.0,3.0,3.0,3.0,3.0,3.0,3.0,3.0,3.0,4.0,3.0,4.0,4.0,3.0,1.0,4.0,3.0,3.0,5.0,4.0,4.0,4.0,3.0,3.0,4.0,6.0,3.0,1.0,4.0,1.0,4.0,4.0,2.0,,3.0,3.0,4.0,1.0,3.0,3.0,3.0,5.0,2.0,3.0,4.0,3.0,2.0,2.0,2.0,2.0,2.0,4.0,4.0,4.0,4.0,4.0,4.0,1.0,1.0,1.0,1.0,1.0,4.0,4.0,3.0,1.0,3.0,7.0,5.0,2.0,2.0,2.0,2.0,1.0,,4.0,,3.0,1.0,2.0,3.0,2.0,1.036816,3.6666666666666665,4.0,4.0,3.0,1.0
28040.0,9.0,2.0,2.0,50.0,4.0,5.0,5.0,5.0,3.0,3.0,3.0,3.0,2.0,2.0,1.0,1.0,2.0,3.0,4.0,,,,,,,,,,,,,,2.0,1.0,,,,,5.0,,,2.0,3.0,2.0,1.0,1.0,2.0,2.0,1.0,2.0,2.0,1.0,1.0,1.0,2.0,1.0,3.0,3.0,3.0,3.0,2.0,3.0,2.0,3.0,4.0,4.0,3.0,2.0,3.0,4.0,3.0,3.0,3.0,3.0,2.0,1.0,2.0,2.0,1.0,3.0,3.0,2.0,2.0,3.0,3.0,2.0,1.0,2.0,2.0,2.0,2.0,3.0,2.0,2.0,3.0,3.0,2.0,2.0,2.0,3.0,2.0,2.0,3.0,4.0,3.0,4.0,4.0,4.0,4.0,4.0,2.0,3.0,3.0,3.0,5.0,4.0,4.0,4.0,7.0,4.0,3.0,3.0,1.0,4.0,4.0,4.0,,3.0,2.0,4.0,2.0,2.0,2.0,2.0,3.0,2.0,2.0,3.0,2.0,2.0,2.0,2.0,1.0,1.0,3.0,3.0,2.0,2.0,2.0,2.0,2.0,1.0,1.0,2.0,2.0,3.0,3.0,1.0,3.0,3.0,4.0,8.0,2.0,2.0,1.0,1.0,2.0,1.0,5.0,,4.0,2.0,1.0,4.0,3.0,1.05617,2.3333333333333335,3.0,4.0,2.0,2.0
28041.0,6.0,3.0,1.0,36.0,2.0,5.0,5.0,5.0,3.0,5.0,4.0,4.0,4.0,5.0,2.0,,,,,,,,,,,,,,,,,,2.0,1.0,,,3.0,,5.0,,,2.0,4.0,4.0,5.0,3.0,5.0,4.0,5.0,4.0,5.0,5.0,5.0,5.0,5.0,4.0,3.0,4.0,5.0,5.0,3.0,5.0,3.0,5.0,4.0,5.0,5.0,5.0,3.0,4.0,4.0,2.0,4.0,5.0,5.0,3.0,5.0,4.0,5.0,4.0,5.0,5.0,5.0,3.0,5.0,3.0,2.0,5.0,5.0,5.0,3.0,5.0,3.0,5.0,4.0,5.0,5.0,5.0,3.0,5.0,3.0,2.0,5.0,5.0,5.0,5.0,3.0,3.0,3.0,2.0,4.0,1.0,1.0,2.0,3.0,1.0,1.0,3.0,3.0,4.0,4.0,4.0,1.0,3.0,3.0,1.0,,3.0,3.0,4.0,1.0,3.0,3.0,3.0,4.0,4.0,3.0,2.0,3.0,1.0,2.0,2.0,1.0,2.0,4.0,4.0,3.0,4.0,2.0,3.0,4.0,1.0,1.0,1.0,3.0,3.0,1.0,1.0,3.0,4.0,8.0,3.0,2.0,2.0,1.0,2.0,1.0,,4.0,,4.0,1.0,2.0,3.0,3.0,0.865768,4.333333333333333,4.5,3.0,3.0,1.0
28064.0,15.0,5.0,2.0,34.0,2.0,5.0,5.0,3.0,2.0,5.0,5.0,5.0,5.0,5.0,1.0,1.0,2.0,3.0,4.0,5.0,6.0,,,,,11.0,12.0,13.0,,,,,2.0,2.0,,,,,,,,3.0,3.0,3.0,2.0,3.0,2.0,3.0,2.0,4.0,4.0,3.0,2.0,3.0,3.0,2.0,3.0,4.0,4.0,4.0,2.0,5.0,1.0,5.0,5.0,5.0,5.0,5.0,5.0,5.0,1.0,1.0,4.0,4.0,4.0,1.0,4.0,1.0,4.0,4.0,4.0,4.0,4.0,4.0,4.0,1.0,1.0,4.0,4.0,4.0,4.0,4.0,2.0,4.0,4.0,4.0,4.0,4.0,4.0,4.0,3.0,2.0,3.0,3.0,4.0,5.0,4.0,2.0,4.0,3.0,4.0,3.0,2.0,3.0,4.0,4.0,2.0,4.0,11.0,3.0,3.0,3.0,1.0,4.0,4.0,3.0,,3.0,3.0,5.0,1.0,3.0,3.0,3.0,5.0,4.0,3.0,3.0,3.0,2.0,2.0,2.0,2.0,1.0,5.0,5.0,3.0,5.0,3.0,4.0,5.0,3.0,3.0,4.0,4.0,4.0,5.0,3.0,1.0,5.0,6.0,3.0,1.0,2.0,2.0,2.0,2.0,2.0,4.0,,3.0,2.0,2.0,3.0,2.0,1.024093,5.0,5.0,4.0,3.0,1.0
28068.0,14.0,4.0,2.0,19.0,1.0,5.0,5.0,3.0,3.0,4.0,4.0,4.0,4.0,4.0,2.0,,,,,,,,,,,,,,,,,,2.0,2.0,,,,,,,,3.0,4.0,4.0,4.0,3.0,3.0,4.0,3.0,5.0,4.0,3.0,3.0,5.0,4.0,4.0,4.0,4.0,4.0,4.0,4.0,4.0,4.0,4.0,5.0,4.0,4.0,3.0,4.0,4.0,3.0,3.0,5.0,4.0,4.0,4.0,4.0,4.0,4.0,5.0,4.0,4.0,3.0,4.0,4.0,3.0,4.0,5.0,4.0,4.0,4.0,4.0,4.0,4.0,5.0,4.0,4.0,3.0,4.0,4.0,3.0,4.0,3.0,4.0,4.0,4.0,4.0,3.0,4.0,4.0,3.0,4.0,3.0,4.0,3.0,4.0,4.0,4.0,6.0,4.0,3.0,3.0,1.0,3.0,4.0,1.0,,3.0,3.0,3.0,1.0,3.0,3.0,3.0,4.0,4.0,3.0,4.0,3.0,1.0,2.0,2.0,2.0,2.0,4.0,4.0,3.0,3.0,3.0,3.0,3.0,3.0,3.0,2.0,3.0,3.0,4.0,3.0,3.0,3.0,9.0,6.0,1.0,2.0,2.0,2.0,1.0,,6.0,,3.0,1.0,2.0,5.0,2.0,1.080984,4.0,4.0,3.5,3.0,1.0
28070.0,1.0,1.0,1.0,50.0,4.0,4.0,4.0,4.0,3.0,4.0,4.0,4.0,4.0,4.0,2.0,,,,,,,,,,,,,,,,,,2.0,2.0,,,,,,,,4.0,4.0,4.0,3.0,3.0,3.0,3.0,3.0,2.0,3.0,3.0,3.0,3.0,5.0,3.0,5.0,3.0,3.0,3.0,3.0,3.0,3.0,3.0,3.0,3.0,3.0,3.0,3.0,3.0,3.0,3.0,2.0,3.0,4.0,3.0,3.0,4.0,3.0,2.0,3.0,4.0,3.0,2.0,3.0,4.0,3.0,4.0,4.0,3.0,3.0,3.0,3.0,2.0,3.0,4.0,3.0,2.0,3.0,4.0,2.0,3.0,3.0,4.0,4.0,4.0,4.0,2.0,4.0,3.0,3.0,3.0,4.0,4.0,3.0,3.0,4.0,3.0,6.0,3.0,3.0,3.0,1.0,3.0,4.0,2.0,,3.0,4.0,3.0,1.0,4.0,3.0,3.0,4.0,3.0,3.0,2.0,2.0,2.0,2.0,2.0,2.0,2.0,4.0,3.0,4.0,3.0,4.0,3.0,4.0,4.0,3.0,3.0,4.0,4.0,3.0,4.0,3.0,3.0,6.0,6.0,2.0,2.0,2.0,2.0,2.0,1.0,4.0,,3.0,2.0,1.0,3.0,2.0,1.101675,4.0,4.0,3.5,4.0,1.0
28083.0,4.0,2.0,2.0,29.0,1.0,5.0,5.0,4.0,3.0,4.0,3.0,4.0,4.0,4.0,2.0,,,,,,,,,,,,,,,,,,2.0,1.0,,,,,,9997.0,"사이트 비밀번호,이메일주소 유출",2.0,4.0,4.0,4.0,3.0,3.0,4.0,2.0,4.0,4.0,2.0,2.0,4.0,4.0,4.0,5.0,4.0,4.0,4.0,3.0,4.0,3.0,4.0,5.0,4.0,4.0,3.0,4.0,5.0,3.0,2.0,4.0,4.0,2.0,2.0,2.0,3.0,2.0,4.0,4.0,4.0,2.0,4.0,5.0,3.0,2.0,5.0,5.0,4.0,3.0,4.0,3.0,4.0,5.0,5.0,5.0,3.0,5.0,5.0,4.0,3.0,4.0,4.0,5.0,5.0,4.0,3.0,4.0,4.0,4.0,4.0,2.0,1.0,3.0,4.0,2.0,4.0,11.0,4.0,2.0,5.0,1.0,4.0,3.0,2.0,,4.0,4.0,5.0,1.0,2.0,1.0,3.0,4.0,2.0,3.0,4.0,4.0,2.0,2.0,2.0,1.0,2.0,4.0,4.0,4.0,4.0,4.0,2.0,1.0,1.0,1.0,1.0,5.0,5.0,5.0,4.0,1.0,4.0,1.0,1.0,1.0,2.0,1.0,2.0,1.0,,4.0,,4.0,1.0,2.0,3.0,3.0,1.026542,4.0,3.5,3.5,2.0,1.0
28085.0,1.0,1.0,2.0,44.0,3.0,5.0,5.0,5.0,5.0,5.0,5.0,4.0,4.0,4.0,2.0,,,,,,,,,,,,,,,,,,2.0,2.0,,,,,,,,2.0,4.0,4.0,4.0,4.0,2.0,4.0,2.0,3.0,3.0,2.0,2.0,4.0,4.0,4.0,4.0,4.0,4.0,4.0,4.0,2.0,3.0,3.0,3.0,3.0,2.0,2.0,4.0,4.0,2.0,4.0,3.0,3.0,3.0,2.0,2.0,2.0,2.0,2.0,2.0,2.0,2.0,2.0,2.0,2.0,2.0,5.0,5.0,5.0,5.0,4.0,4.0,4.0,4.0,4.0,4.0,4.0,5.0,5.0,3.0,3.0,3.0,4.0,4.0,4.0,3.0,3.0,2.0,4.0,2.0,3.0,2.0,4.0,4.0,4.0,4.0,4.0,11.0,3.0,2.0,4.0,2.0,4.0,4.0,3.0,,4.0,4.0,5.0,2.0,4.0,3.0,4.0,5.0,4.0,3.0,4.0,3.0,2.0,2.0,2.0,2.0,2.0,4.0,4.0,2.0,4.0,2.0,2.0,2.0,1.0,1.0,1.0,1.0,1.0,3.0,3.0,1.0,4.0,1.0,1.0,2.0,2.0,2.0,2.0,3.0,1.0,4.0,,4.0,3.0,1.0,3.0,3.0,1.098998,4.0,5.0,4.0,4.0,2.0
28102.0,9.0,2.0,2.0,30.0,2.0,5.0,5.0,4.0,4.0,4.0,4.0,4.0,4.0,2.0,2.0,,,,,,,,,,,,,,,,,,2.0,1.0,1.0,,3.0,,5.0,,,2.0,5.0,5.0,4.0,4.0,3.0,5.0,3.0,5.0,4.0,4.0,3.0,5.0,4.0,5.0,5.0,4.0,4.0,4.0,4.0,4.0,4.0,4.0,4.0,4.0,4.0,4.0,5.0,5.0,5.0,3.0,2.0,2.0,2.0,2.0,2.0,2.0,2.0,2.0,2.0,2.0,2.0,2.0,3.0,3.0,2.0,4.0,4.0,4.0,4.0,4.0,4.0,4.0,4.0,4.0,4.0,4.0,3.0,5.0,5.0,2.0,3.0,3.0,4.0,4.0,4.0,1.0,3.0,3.0,5.0,5.0,3.0,4.0,4.0,4.0,4.0,4.0,9.0,2.0,2.0,4.0,1.0,4.0,4.0,1.0,,4.0,2.0,4.0,2.0,2.0,1.0,3.0,4.0,2.0,2.0,4.0,4.0,2.0,2.0,2.0,1.0,2.0,5.0,5.0,4.0,5.0,4.0,4.0,4.0,1.0,1.0,2.0,2.0,2.0,1.0,1.0,1.0,4.0,11.0,3.0,1.0,2.0,1.0,2.0,1.0,,3.0,,2.0,1.0,2.0,2.0,1.0,1.051499,3.3333333333333335,4.0,4.0,2.0,2.0
28105.0,15.0,5.0,2.0,28.0,1.0,4.0,4.0,5.0,4.0,4.0,3.0,4.0,4.0,4.0,1.0,1.0,2.0,3.0,4.0,5.0,,,,,,,12.0,,,,,,2.0,1.0,1.0,,3.0,,5.0,,,2.0,4.0,4.0,3.0,3.0,3.0,4.0,3.0,4.0,4.0,4.0,3.0,4.0,4.0,4.0,5.0,4.0,4.0,3.0,3.0,2.0,2.0,2.0,4.0,4.0,4.0,3.0,3.0,4.0,4.0,2.0,3.0,3.0,3.0,3.0,3.0,3.0,3.0,3.0,3.0,3.0,3.0,3.0,3.0,3.0,3.0,4.0,4.0,4.0,3.0,3.0,3.0,3.0,3.0,3.0,4.0,3.0,3.0,4.0,3.0,3.0,4.0,3.0,4.0,4.0,4.0,2.0,4.0,3.0,2.0,2.0,4.0,3.0,4.0,4.0,4.0,4.0,4.0,5.0,4.0,5.0,1.0,5.0,5.0,4.0,,2.0,2.0,3.0,2.0,2.0,1.0,2.0,3.0,2.0,1.0,2.0,2.0,2.0,2.0,2.0,1.0,2.0,2.0,4.0,2.0,4.0,1.0,4.0,2.0,2.0,2.0,2.0,2.0,2.0,4.0,2.0,1.0,3.0,9.0,5.0,2.0,2.0,2.0,2.0,2.0,1.0,5.0,,3.0,2.0,1.0,4.0,2.0,0.976825,4.0,3.5,5.0,2.0,2.0
28119.0,12.0,3.0,2.0,53.0,4.0,5.0,5.0,4.0,4.0,4.0,4.0,4.0,4.0,4.0,2.0,,,,,,,,,,,,,,,,,,2.0,1.0,1.0,,3.0,4.0,5.0,9997.0,주식참여문자및 전화,2.0,4.0,4.0,2.0,3.0,3.0,4.0,2.0,3.0,2.0,2.0,3.0,4.0,3.0,2.0,4.0,4.0,4.0,4.0,4.0,4.0,4.0,4.0,4.0,4.0,4.0,4.0,4.0,4.0,4.0,3.0,4.0,4.0,4.0,4.0,4.0,4.0,4.0,4.0,4.0,4.0,4.0,4.0,4.0,2.0,3.0,4.0,4.0,4.0,4.0,4.0,4.0,4.0,4.0,4.0,4.0,4.0,4.0,4.0,2.0,3.0,4.0,3.0,4.0,4.0,3.0,2.0,3.0,3.0,2.0,3.0,2.0,4.0,4.0,5.0,4.0,4.0,10.0,3.0,4.0,4.0,1.0,4.0,4.0,3.0,,3.0,4.0,5.0,1.0,3.0,1.0,3.0,4.0,2.0,2.0,3.0,3.0,1.0,2.0,2.0,2.0,2.0,5.0,5.0,5.0,5.0,5.0,5.0,5.0,1.0,1.0,5.0,3.0,4.0,5.0,1.0,1.0,5.0,10.0,2.0,1.0,2.0,1.0,2.0,2.0,1.0,4.0,,4.0,2.0,1.0,3.0,3.0,0.976223,4.0,4.0,4.0,3.0,1.0
28129.0,16.0,6.0,2.0,46.0,3.0,5.0,5.0,5.0,5.0,5.0,5.0,5.0,5.0,5.0,2.0,,,,,,,,,,,,,,,,,,2.0,1.0,,,,,5.0,,,4.0,4.0,4.0,4.0,4.0,4.0,5.0,4.0,5.0,5.0,4.0,4.0,5.0,5.0,5.0,5.0,5.0,5.0,5.0,5.0,5.0,5.0,5.0,5.0,5.0,5.0,5.0,5.0,5.0,4.0,4.0,5.0,5.0,5.0,5.0,5.0,5.0,5.0,5.0,5.0,5.0,5.0,5.0,5.0,4.0,4.0,5.0,5.0,5.0,5.0,5.0,5.0,5.0,5.0,5.0,5.0,5.0,4.0,5.0,4.0,4.0,3.0,2.0,4.0,4.0,3.0,2.0,4.0,4.0,4.0,4.0,4.0,4.0,4.0,4.0,2.0,4.0,9.0,4.0,2.0,3.0,1.0,5.0,4.0,2.0,,3.0,4.0,4.0,1.0,3.0,2.0,2.0,3.0,3.0,2.0,3.0,2.0,2.0,2.0,2.0,2.0,2.0,5.0,4.0,5.0,4.0,3.0,2.0,3.0,2.0,1.0,4.0,3.0,3.0,5.0,4.0,2.0,4.0,6.0,4.0,2.0,2.0,1.0,2.0,2.0,2.0,5.0,,4.0,2.0,2.0,4.0,3.0,1.115818,5.0,5.0,4.5,3.0,1.0
28132.0,9.0,2.0,1.0,36.0,2.0,5.0,5.0,4.0,5.0,5.0,5.0,4.0,4.0,4.0,2.0,,,,,,,,,,,,,,,,,,2.0,2.0,,,,,,,,3.0,4.0,4.0,3.0,4.0,4.0,5.0,3.0,5.0,4.0,3.0,3.0,4.0,4.0,5.0,5.0,3.0,3.0,3.0,3.0,4.0,2.0,5.0,5.0,3.0,3.0,5.0,3.0,5.0,3.0,2.0,2.0,2.0,2.0,2.0,2.0,2.0,2.0,1.0,2.0,2.0,2.0,2.0,3.0,1.0,1.0,2.0,2.0,2.0,2.0,4.0,1.0,3.0,4.0,2.0,4.0,4.0,2.0,5.0,4.0,1.0,5.0,3.0,4.0,5.0,5.0,1.0,4.0,2.0,3.0,4.0,3.0,4.0,5.0,5.0,5.0,5.0,11.0,2.0,2.0,4.0,1.0,4.0,4.0,3.0,,4.0,3.0,5.0,1.0,4.0,3.0,3.0,4.0,4.0,3.0,5.0,4.0,1.0,2.0,2.0,1.0,1.0,2.0,4.0,4.0,4.0,3.0,4.0,2.0,1.0,1.0,1.0,1.0,3.0,1.0,1.0,1.0,2.0,1.0,6.0,1.0,2.0,1.0,2.0,2.0,1.0,4.0,,2.0,2.0,1.0,3.0,1.0,0.921551,4.0,5.0,4.0,4.0,1.0
28135.0,16.0,6.0,2.0,49.0,3.0,5.0,5.0,4.0,4.0,4.0,4.0,4.0,4.0,4.0,2.0,,,,,,,,,,,,,,,,,,1.0,2.0,,,,,,,,3.0,4.0,4.0,3.0,3.0,3.0,5.0,3.0,5.0,5.0,3.0,3.0,5.0,5.0,3.0,4.0,4.0,4.0,3.0,3.0,3.0,4.0,3.0,4.0,4.0,3.0,3.0,4.0,4.0,3.0,3.0,4.0,4.0,3.0,3.0,3.0,4.0,3.0,4.0,4.0,3.0,3.0,4.0,4.0,3.0,3.0,4.0,4.0,3.0,3.0,3.0,4.0,3.0,4.0,4.0,3.0,3.0,4.0,4.0,3.0,3.0,3.0,3.0,3.0,4.0,4.0,3.0,3.0,4.0,3.0,3.0,2.0,3.0,3.0,3.0,3.0,3.0,6.0,3.0,3.0,4.0,1.0,4.0,4.0,1.0,,3.0,3.0,3.0,1.0,3.0,2.0,3.0,4.0,3.0,3.0,3.0,3.0,1.0,2.0,1.0,2.0,2.0,4.0,4.0,3.0,3.0,3.0,3.0,3.0,2.0,3.0,2.0,2.0,2.0,3.0,3.0,2.0,3.0,6.0,6.0,2.0,2.0,2.0,2.0,1.0,,4.0,,3.0,1.0,2.0,3.0,2.0,1.115818,4.0,4.0,4.0,3.0,1.0
28142.0,9.0,2.0,1.0,44.0,3.0,5.0,5.0,3.0,2.0,4.0,4.0,4.0,3.0,3.0,2.0,,,,,,,,,,,,,,,,,,2.0,2.0,,,,,,,,2.0,4.0,4.0,3.0,4.0,4.0,4.0,2.0,5.0,4.0,3.0,2.0,4.0,4.0,4.0,5.0,4.0,5.0,4.0,5.0,5.0,4.0,5.0,5.0,4.0,4.0,4.0,4.0,5.0,4.0,4.0,4.0,4.0,4.0,4.0,5.0,4.0,4.0,5.0,5.0,5.0,4.0,4.0,5.0,4.0,4.0,4.0,4.0,4.0,4.0,5.0,3.0,4.0,5.0,5.0,5.0,4.0,4.0,5.0,4.0,4.0,3.0,2.0,3.0,2.0,3.0,2.0,3.0,3.0,4.0,4.0,3.0,4.0,3.0,4.0,4.0,4.0,10.0,4.0,2.0,3.0,1.0,3.0,3.0,4.0,,3.0,3.0,4.0,1.0,4.0,3.0,3.0,4.0,4.0,3.0,4.0,4.0,2.0,2.0,2.0,2.0,2.0,4.0,4.0,3.0,3.0,3.0,3.0,3.0,2.0,2.0,2.0,2.0,3.0,3.0,2.0,2.0,4.0,3.0,4.0,2.0,2.0,2.0,2.0,1.0,,3.0,,4.0,1.0,2.0,2.0,3.0,1.065336,3.3333333333333335,4.0,3.0,4.0,1.0
