id,sq1,sq2,sq2h,sq3,sq3h,q1_1,q2k1_1,q2k2_1,q3_1,q4_1,q5_1,q5_2,q5_3,q5_4,q5_5,q5_6,q5_7,q5_8,q5_9,q5_10,q5_11,q5_12,q5_13,q5_14,q5_15,q5_9997,q5_9997et,q6,q6_9997et,q7,q8,q9,q10_1,q11_1,q12,q13_1,q13_2,q13_3,q13_4,q13_5,q13_9997,q13_9997et,q14,q14_9997et,q15_1,q16k1_1,q16k1_2,q16k1_3,q16k1_4,q16k1_5,q16k1_6,q16k1_7,q16k1_8,q16k1_9,q16k1_10,q16k1_11,q16k1_12,q16k1_13,q16k1_14,q16k1_15,q16k2_1,q16k2_2,q16k2_3,q16k2_4,q16k2_5,q16k2_6,q16k2_7,q16k2_8,q16k2_9,q16k2_10,q16k2_11,q16k2_12,q16k2_13,q16k2_14,q16k2_15,q16k3_1,q16k3_2,q16k3_3,q16k3_4,q16k3_5,q16k3_6,q16k3_7,q16k3_8,q16k3_9,q16k3_10,q16k3_11,q16k3_12,q16k3_13,q16k3_14,q16k3_15,q16k4_1,q16k4_2,q16k4_3,q16k4_4,q16k4_5,q16k4_6,q16k4_7,q16k4_8,q16k4_9,q16k4_10,q16k4_11,q16k4_12,q16k4_13,q16k4_14,q16k4_15,q17_1,q17_2,q17_3,q17_4,q17_5,q17_6,q17_7,q17_8,q17_9,q17_10,q17_11,q17_12,q17_13,q17_14,q17_15,q17_16,q18_1,q19_1,q20_1,q21_1,q22_1,q23_1,q24_1,q25_1,q26,q26_9997et,q27,q27_9997et,q28_1,q28_2,q28_3,q28_4,q28_5,q28_6,q28_7,q28_8,q28_9,q28_10,q28_11,q29_1,q29_2,q29_3,q30_1,q31_1,q32_1,q33_1,q33_2,q33_3,q33_4,q33_5,q33_6,q33_7,q34_1,q35_1,q35_2,q35_3,q35_4,q36_1,q36_2,q36_3,q36_4,q36_5,q36_6,q36_7,q36_8,q37_1,q37_2,q37_3,q37_4,q37_5,q37_6,q37_7,q37_8,q37_9,q37_10,q37_11,q37_12,q37_13,q37_14,q37_15,q38_1,q39_1,q39_2,q39_3,q40_1,q40_2,q40_3,q40_4,q40_5,q40_6,q40_7,q40_8,q40_9,q40_10,q40_9997,q40_9997et,q41,q42,q42_9997et,dq1,dq2,dq3,dq4,dq5k1,dq5k2,dq5k3,tdq5z1,tdq5z2,tsq1,tsq2,tsq,tsq_1,tsq3,tdq3,tdq4,tdq5k1,tdq5k2,tdq5k3,management,safety
1001.0,3.0,2.0,2.0,1.0,4.0,5.0,4.0,3.0,4.0,4.0,1.0,2.0,3.0,4.0,5.0,,,,,,,,13.0,,,,,5.0,,1.0,1.0,2.0,4.0,4.0,2.0,,,,,,,,1.0,,3.0,3.0,4.0,2.0,2.0,3.0,4.0,1.0,4.0,1.0,1.0,1.0,1.0,4.0,2.0,5.0,1.0,5.0,5.0,1.0,1.0,1.0,5.0,5.0,5.0,5.0,5.0,2.0,4.0,1.0,1.0,4.0,4.0,4.0,4.0,4.0,4.0,4.0,4.0,4.0,4.0,2.0,4.0,4.0,4.0,4.0,4.0,4.0,4.0,4.0,4.0,4.0,4.0,4.0,4.0,4.0,4.0,5.0,4.0,1.0,2.0,4.0,4.0,4.0,4.0,4.0,2.0,4.0,4.0,4.0,4.0,4.0,4.0,2.0,4.0,4.0,5.0,4.0,11.0,11.0,4.0,4.0,4.0,4.0,4.0,5.0,,4.0,,,,,,,,,8.0,,,,4.0,4.0,4.0,4.0,4.0,4.0,4.0,4.0,4.0,4.0,2.0,4.0,4.0,4.0,3.0,3.0,3.0,3.0,1.0,1.0,1.0,1.0,1.0,1.0,1.0,1.0,4.0,4.0,4.0,5.0,4.0,5.0,2.0,2.0,2.0,2.0,4.0,2.0,4.0,2.0,2.0,4.0,1.0,1.0,1.0,,,,,,,,8.0,,,,,1.0,1.0,,1.0,2.0,3.0,9997.0,,,3.0,3.0,2.0,3.0,2.0,4.0,7.0,1.0,3.0,4.0,,,3.0,1.0,4.0
1002.0,3.0,1.0,1.0,1.0,4.0,5.0,4.0,2.0,3.0,4.0,1.0,,3.0,,,,,,,,,,,,,,,1.0,,2.0,1.0,2.0,3.0,1.0,1.0,,2.0,,,,,,4.0,,4.0,2.0,2.0,3.0,2.0,2.0,4.0,2.0,3.0,3.0,2.0,2.0,4.0,4.0,2.0,5.0,1.0,1.0,3.0,1.0,1.0,1.0,1.0,3.0,3.0,3.0,1.0,3.0,3.0,1.0,1.0,1.0,1.0,1.0,1.0,1.0,1.0,1.0,1.0,1.0,1.0,1.0,1.0,1.0,1.0,1.0,4.0,4.0,4.0,4.0,4.0,4.0,4.0,4.0,4.0,4.0,4.0,4.0,4.0,4.0,1.0,4.0,4.0,4.0,4.0,4.0,2.0,4.0,3.0,3.0,3.0,4.0,4.0,4.0,4.0,4.0,3.0,3.0,6.0,6.0,4.0,4.0,4.0,4.0,4.0,6.0,,2.0,,,,3.0,,,,,8.0,,,,3.0,3.0,3.0,3.0,3.0,3.0,1.0,2.0,3.0,3.0,3.0,3.0,3.0,3.0,3.0,2.0,2.0,2.0,1.0,1.0,1.0,1.0,1.0,2.0,1.0,1.0,1.0,4.0,4.0,1.0,1.0,1.0,1.0,1.0,1.0,1.0,1.0,1.0,4.0,1.0,1.0,4.0,1.0,1.0,1.0,1.0,,,,,,,,,,,,1.0,3.0,,2.0,2.0,2.0,9997.0,,,2.0,2.0,1.0,3.0,1.0,4.0,7.0,1.0,2.0,4.0,,,2.0,2.0,2.6666666666666665
1003.0,3.0,2.0,2.0,1.0,4.0,5.0,5.0,5.0,4.0,4.0,1.0,2.0,3.0,,,,,,,,,,,,,,,2.0,,2.0,2.0,2.0,3.0,3.0,2.0,,,,,,,,3.0,,1.0,5.0,5.0,1.0,1.0,1.0,5.0,1.0,5.0,5.0,4.0,5.0,5.0,5.0,4.0,5.0,1.0,1.0,1.0,1.0,1.0,1.0,1.0,1.0,1.0,1.0,1.0,1.0,1.0,1.0,1.0,3.0,3.0,3.0,3.0,3.0,3.0,3.0,3.0,3.0,3.0,3.0,3.0,3.0,3.0,3.0,3.0,3.0,3.0,3.0,3.0,3.0,3.0,3.0,3.0,3.0,3.0,3.0,3.0,2.0,3.0,3.0,3.0,2.0,2.0,3.0,3.0,2.0,3.0,3.0,3.0,5.0,4.0,4.0,5.0,5.0,3.0,3.0,6.0,6.0,3.0,3.0,3.0,4.0,3.0,6.0,,6.0,,,,,,5.0,,7.0,,,10.0,,3.0,3.0,2.0,4.0,4.0,4.0,3.0,3.0,5.0,5.0,4.0,5.0,5.0,4.0,1.0,2.0,2.0,2.0,1.0,1.0,1.0,2.0,1.0,1.0,2.0,1.0,3.0,2.0,2.0,2.0,1.0,1.0,1.0,1.0,1.0,1.0,1.0,1.0,1.0,1.0,1.0,3.0,2.0,2.0,2.0,,,,,5.0,,,,,10.0,,,2.0,4.0,,1.0,2.0,3.0,3.0,,,3.0,3.0,2.0,3.0,2.0,4.0,7.0,1.0,3.0,3.0,,,3.0,3.0,4.0
1004.0,3.0,1.0,1.0,1.0,4.0,5.0,5.0,5.0,5.0,5.0,1.0,2.0,3.0,4.0,5.0,,,,,10.0,11.0,,,,,,,3.0,,1.0,1.0,1.0,5.0,5.0,2.0,,,,,,,,2.0,,4.0,5.0,5.0,5.0,5.0,4.0,5.0,5.0,5.0,5.0,5.0,4.0,5.0,5.0,5.0,5.0,5.0,5.0,5.0,5.0,5.0,5.0,5.0,5.0,5.0,5.0,5.0,5.0,5.0,5.0,5.0,5.0,5.0,5.0,5.0,5.0,5.0,5.0,5.0,5.0,5.0,5.0,5.0,5.0,5.0,5.0,5.0,5.0,5.0,5.0,5.0,5.0,5.0,5.0,5.0,5.0,5.0,5.0,5.0,5.0,5.0,4.0,3.0,4.0,3.0,4.0,2.0,2.0,2.0,4.0,5.0,3.0,5.0,5.0,5.0,5.0,5.0,3.0,9.0,6.0,3.0,2.0,2.0,1.0,1.0,2.0,,3.0,,,,,4.0,,,,8.0,,,,4.0,3.0,4.0,4.0,4.0,4.0,4.0,4.0,4.0,4.0,4.0,4.0,4.0,4.0,3.0,3.0,3.0,3.0,1.0,1.0,1.0,1.0,1.0,1.0,1.0,1.0,4.0,4.0,4.0,4.0,4.0,2.0,3.0,2.0,2.0,5.0,4.0,2.0,5.0,2.0,2.0,4.0,1.0,1.0,1.0,1.0,,,,,,7.0,8.0,,,,,1.0,4.0,,1.0,4.0,5.0,1.0,,,4.0,4.0,2.0,3.0,1.0,4.0,7.0,1.0,5.0,1.0,,,4.0,2.5,4.0
1005.0,3.0,1.0,1.0,1.0,4.0,5.0,5.0,5.0,4.0,4.0,1.0,2.0,,,,,7.0,,,,,,,,,,,1.0,,1.0,1.0,2.0,4.0,3.0,,,,,,,,,3.0,,3.0,4.0,5.0,4.0,4.0,3.0,4.0,4.0,4.0,4.0,4.0,4.0,5.0,5.0,5.0,5.0,4.0,4.0,4.0,4.0,4.0,3.0,4.0,3.0,3.0,3.0,4.0,4.0,4.0,4.0,4.0,4.0,4.0,4.0,3.0,4.0,4.0,4.0,4.0,4.0,4.0,4.0,4.0,4.0,4.0,3.0,3.0,3.0,3.0,3.0,4.0,4.0,4.0,3.0,3.0,3.0,4.0,4.0,4.0,4.0,4.0,1.0,2.0,4.0,4.0,4.0,2.0,4.0,2.0,4.0,4.0,4.0,4.0,4.0,4.0,2.0,4.0,2.0,10.0,11.0,4.0,4.0,4.0,4.0,4.0,7.0,,2.0,,,2.0,,,,,,,,,,4.0,4.0,5.0,3.0,3.0,2.0,3.0,3.0,4.0,4.0,4.0,3.0,3.0,3.0,3.0,2.0,2.0,3.0,1.0,1.0,1.0,1.0,1.0,1.0,1.0,1.0,1.0,2.0,4.0,1.0,1.0,2.0,2.0,1.0,1.0,1.0,1.0,1.0,1.0,1.0,1.0,4.0,1.0,1.0,1.0,,,3.0,,,,,,,,,,1.0,4.0,,1.0,4.0,5.0,3.0,,,4.0,4.0,2.0,3.0,1.0,4.0,7.0,1.0,5.0,3.0,,,4.0,2.5,2.5
1006.0,3.0,1.0,1.0,1.0,4.0,5.0,5.0,2.0,4.0,5.0,,,3.0,4.0,5.0,,,,,,11.0,,,,,,,3.0,,2.0,1.0,2.0,4.0,3.0,,,,,,,,,3.0,,3.0,3.0,2.0,2.0,2.0,2.0,4.0,1.0,4.0,2.0,4.0,1.0,5.0,5.0,3.0,5.0,4.0,4.0,4.0,4.0,4.0,4.0,4.0,4.0,4.0,4.0,4.0,4.0,4.0,4.0,4.0,4.0,4.0,4.0,4.0,4.0,4.0,5.0,4.0,4.0,5.0,4.0,4.0,4.0,4.0,4.0,4.0,4.0,4.0,4.0,4.0,4.0,4.0,4.0,4.0,4.0,4.0,4.0,4.0,4.0,4.0,3.0,4.0,4.0,4.0,4.0,1.0,4.0,4.0,5.0,4.0,4.0,5.0,4.0,5.0,4.0,5.0,2.0,10.0,10.0,3.0,4.0,4.0,4.0,4.0,2.0,,2.0,,,2.0,3.0,,5.0,,,,,,,4.0,4.0,4.0,4.0,4.0,4.0,4.0,4.0,4.0,4.0,4.0,4.0,4.0,4.0,3.0,3.0,3.0,3.0,1.0,1.0,1.0,1.0,1.0,1.0,1.0,1.0,4.0,4.0,4.0,4.0,4.0,4.0,4.0,4.0,4.0,4.0,4.0,4.0,4.0,4.0,1.0,4.0,3.0,3.0,3.0,,,,,,,,8.0,9.0,,,,1.0,5.0,,1.0,2.0,2.0,9997.0,,,2.0,2.0,1.0,3.0,1.0,4.0,7.0,1.0,2.0,4.0,,,2.0,3.0,4.0
1007.0,3.0,2.0,2.0,1.0,4.0,5.0,5.0,2.0,4.0,4.0,1.0,2.0,3.0,4.0,5.0,,,,,,,,,,,,,5.0,,1.0,1.0,2.0,3.0,3.0,2.0,,,,,,,,1.0,,3.0,3.0,3.0,3.0,3.0,3.0,3.0,3.0,3.0,3.0,3.0,3.0,3.0,3.0,3.0,3.0,3.0,3.0,3.0,3.0,3.0,3.0,3.0,3.0,3.0,3.0,3.0,5.0,5.0,4.0,5.0,3.0,3.0,3.0,3.0,3.0,3.0,3.0,3.0,3.0,3.0,3.0,3.0,5.0,3.0,5.0,5.0,5.0,5.0,5.0,5.0,5.0,5.0,5.0,5.0,5.0,5.0,5.0,5.0,5.0,5.0,3.0,4.0,4.0,4.0,2.0,1.0,2.0,1.0,5.0,5.0,5.0,5.0,3.0,3.0,2.0,4.0,4.0,6.0,6.0,2.0,2.0,2.0,2.0,2.0,2.0,,4.0,,,2.0,,,,,,,,,,4.0,4.0,4.0,3.0,3.0,3.0,3.0,3.0,3.0,5.0,3.0,3.0,3.0,3.0,3.0,3.0,3.0,3.0,1.0,1.0,1.0,1.0,1.0,1.0,1.0,1.0,4.0,4.0,4.0,4.0,4.0,4.0,4.0,2.0,2.0,3.0,3.0,3.0,2.0,1.0,1.0,3.0,2.0,2.0,1.0,1.0,,3.0,4.0,5.0,6.0,7.0,8.0,,,,,1.0,4.0,,2.0,2.0,2.0,3.0,,,2.0,2.0,1.0,3.0,2.0,4.0,7.0,1.0,2.0,3.0,,,2.0,2.5,3.0
1008.0,3.0,2.0,2.0,1.0,4.0,4.0,5.0,2.0,2.0,4.0,1.0,,3.0,4.0,,,,,,,,,,,,,,2.0,,1.0,1.0,2.0,2.0,2.0,1.0,1.0,,,,,,,4.0,,1.0,5.0,5.0,4.0,5.0,4.0,5.0,4.0,5.0,5.0,4.0,4.0,5.0,5.0,4.0,5.0,5.0,5.0,5.0,5.0,5.0,5.0,5.0,5.0,5.0,5.0,5.0,5.0,4.0,5.0,5.0,4.0,5.0,4.0,5.0,4.0,5.0,4.0,5.0,4.0,5.0,4.0,5.0,4.0,5.0,5.0,5.0,5.0,4.0,5.0,4.0,5.0,4.0,5.0,4.0,5.0,4.0,5.0,4.0,5.0,4.0,4.0,5.0,4.0,5.0,5.0,5.0,5.0,5.0,3.0,4.0,3.0,3.0,4.0,4.0,2.0,4.0,2.0,11.0,11.0,3.0,4.0,4.0,4.0,5.0,2.0,,5.0,,1.0,,,,,,,,,,,3.0,3.0,5.0,3.0,3.0,2.0,2.0,2.0,3.0,2.0,2.0,2.0,1.0,3.0,3.0,2.0,2.0,2.0,1.0,1.0,1.0,1.0,2.0,2.0,1.0,1.0,3.0,4.0,4.0,4.0,1.0,1.0,1.0,1.0,1.0,1.0,1.0,1.0,1.0,1.0,1.0,4.0,1.0,1.0,1.0,1.0,,,,,,,,,,,,1.0,6.0,,2.0,3.0,4.0,3.0,,,4.0,4.0,2.0,3.0,2.0,4.0,7.0,1.0,4.0,3.0,,,4.0,3.5,2.0
1009.0,3.0,1.0,1.0,1.0,4.0,4.0,4.0,2.0,5.0,5.0,1.0,2.0,3.0,4.0,5.0,,,,,10.0,,,13.0,,,,,5.0,,2.0,1.0,2.0,3.0,3.0,2.0,,,,,,,,2.0,,4.0,3.0,3.0,2.0,2.0,2.0,2.0,2.0,3.0,2.0,2.0,1.0,4.0,3.0,3.0,5.0,4.0,4.0,4.0,4.0,4.0,4.0,4.0,4.0,4.0,4.0,4.0,4.0,4.0,4.0,4.0,4.0,4.0,4.0,4.0,4.0,4.0,4.0,4.0,4.0,4.0,4.0,4.0,4.0,4.0,4.0,4.0,4.0,4.0,4.0,4.0,4.0,4.0,4.0,4.0,4.0,4.0,4.0,4.0,4.0,4.0,4.0,4.0,4.0,3.0,2.0,1.0,3.0,2.0,4.0,3.0,4.0,4.0,3.0,2.0,2.0,4.0,2.0,10.0,10.0,4.0,4.0,4.0,2.0,2.0,4.0,,2.0,,1.0,2.0,3.0,4.0,,,,8.0,,,,4.0,4.0,5.0,4.0,4.0,4.0,4.0,4.0,4.0,4.0,4.0,4.0,4.0,4.0,3.0,2.0,2.0,3.0,1.0,1.0,1.0,1.0,1.0,1.0,1.0,1.0,4.0,4.0,4.0,4.0,4.0,2.0,2.0,2.0,2.0,4.0,2.0,4.0,5.0,2.0,1.0,4.0,3.0,3.0,1.0,1.0,2.0,3.0,,5.0,,7.0,8.0,,,,,1.0,4.0,,1.0,3.0,5.0,9997.0,,,4.0,4.0,2.0,3.0,1.0,4.0,7.0,1.0,5.0,4.0,,,4.0,2.5,4.0
1010.0,3.0,1.0,1.0,1.0,4.0,5.0,4.0,4.0,4.0,5.0,1.0,2.0,3.0,,5.0,,,,,10.0,11.0,12.0,,,,,,2.0,,2.0,1.0,2.0,3.0,2.0,,,,,,,,,3.0,,4.0,4.0,4.0,3.0,4.0,3.0,4.0,2.0,3.0,2.0,2.0,2.0,3.0,4.0,4.0,5.0,4.0,4.0,4.0,2.0,4.0,3.0,4.0,4.0,5.0,5.0,5.0,3.0,4.0,4.0,2.0,3.0,3.0,3.0,3.0,3.0,2.0,3.0,3.0,3.0,3.0,3.0,3.0,3.0,3.0,1.0,4.0,4.0,5.0,3.0,3.0,3.0,4.0,5.0,5.0,5.0,5.0,3.0,4.0,4.0,2.0,4.0,4.0,2.0,5.0,3.0,1.0,4.0,2.0,5.0,5.0,4.0,5.0,3.0,5.0,3.0,4.0,4.0,7.0,7.0,3.0,4.0,4.0,4.0,4.0,5.0,,5.0,,,,,4.0,,,,,,,11.0,4.0,3.0,4.0,3.0,3.0,4.0,2.0,2.0,5.0,3.0,2.0,5.0,4.0,3.0,2.0,2.0,2.0,2.0,1.0,1.0,1.0,1.0,1.0,1.0,1.0,1.0,2.0,3.0,1.0,1.0,1.0,1.0,1.0,1.0,1.0,1.0,1.0,1.0,1.0,1.0,2.0,1.0,1.0,3.0,3.0,1.0,2.0,,,,,,8.0,,,,,1.0,1.0,,1.0,2.0,1.0,9997.0,,,1.0,1.0,1.0,3.0,1.0,4.0,7.0,1.0,1.0,4.0,,,1.0,1.0,3.5
1011.0,3.0,1.0,1.0,1.0,4.0,5.0,5.0,3.0,4.0,4.0,1.0,2.0,3.0,4.0,,,,,,,,,,,,,,3.0,,2.0,1.0,2.0,2.0,3.0,2.0,,,,,,,,1.0,,3.0,3.0,3.0,3.0,3.0,3.0,3.0,3.0,4.0,3.0,3.0,3.0,3.0,3.0,3.0,3.0,3.0,4.0,3.0,4.0,3.0,4.0,4.0,4.0,4.0,3.0,4.0,3.0,4.0,3.0,4.0,2.0,3.0,2.0,3.0,2.0,3.0,2.0,3.0,3.0,2.0,2.0,3.0,2.0,3.0,3.0,2.0,2.0,3.0,3.0,2.0,3.0,2.0,3.0,3.0,2.0,3.0,2.0,3.0,2.0,3.0,4.0,4.0,4.0,4.0,5.0,4.0,3.0,3.0,3.0,3.0,4.0,4.0,4.0,5.0,5.0,5.0,3.0,6.0,6.0,3.0,3.0,3.0,3.0,3.0,1.0,,2.0,,,2.0,,,,,,,,,,3.0,3.0,3.0,3.0,3.0,3.0,3.0,3.0,3.0,4.0,3.0,3.0,2.0,3.0,2.0,2.0,2.0,2.0,1.0,1.0,1.0,1.0,1.0,1.0,1.0,1.0,3.0,3.0,3.0,3.0,3.0,3.0,3.0,3.0,3.0,3.0,3.0,3.0,3.0,3.0,2.0,3.0,2.0,2.0,1.0,1.0,,,,,,,,,,,,2.0,4.0,,1.0,3.0,4.0,9997.0,,,4.0,4.0,2.0,3.0,1.0,4.0,7.0,1.0,4.0,4.0,,,4.0,3.0,3.0
1012.0,3.0,1.0,1.0,1.0,4.0,5.0,3.0,1.0,4.0,4.0,1.0,2.0,,,,,,,,,,,,,,,,1.0,,2.0,1.0,2.0,3.0,3.0,2.0,,,,,,,,1.0,,2.0,4.0,4.0,3.0,4.0,4.0,4.0,4.0,4.0,4.0,4.0,3.0,4.0,3.0,4.0,4.0,3.0,4.0,4.0,5.0,3.0,4.0,3.0,5.0,5.0,5.0,3.0,4.0,3.0,3.0,2.0,4.0,3.0,4.0,3.0,2.0,3.0,4.0,4.0,4.0,4.0,3.0,2.0,1.0,3.0,5.0,4.0,4.0,4.0,3.0,3.0,3.0,3.0,3.0,4.0,4.0,4.0,4.0,3.0,4.0,4.0,4.0,4.0,4.0,4.0,4.0,2.0,3.0,2.0,3.0,3.0,4.0,4.0,5.0,5.0,5.0,5.0,3.0,5.0,5.0,3.0,3.0,3.0,3.0,3.0,1.0,,4.0,,,,,,,,7.0,,9.0,,,2.0,3.0,2.0,3.0,3.0,3.0,3.0,3.0,3.0,5.0,5.0,3.0,3.0,3.0,3.0,3.0,3.0,3.0,1.0,1.0,1.0,1.0,1.0,1.0,1.0,1.0,3.0,3.0,3.0,3.0,3.0,3.0,3.0,3.0,3.0,3.0,3.0,3.0,3.0,3.0,2.0,3.0,1.0,1.0,1.0,1.0,2.0,,,,,,,,,,,1.0,2.0,,1.0,3.0,4.0,9997.0,,,4.0,4.0,2.0,3.0,1.0,4.0,7.0,1.0,4.0,4.0,,,4.0,1.5,3.0
1013.0,3.0,3.0,2.0,1.0,4.0,4.0,4.0,3.0,4.0,4.0,1.0,2.0,3.0,4.0,,,,,,,,,,,,,,5.0,,2.0,1.0,2.0,2.0,3.0,,,,,,,,,1.0,,2.0,3.0,4.0,4.0,4.0,4.0,4.0,4.0,4.0,4.0,4.0,4.0,4.0,4.0,4.0,4.0,4.0,4.0,4.0,4.0,4.0,4.0,4.0,4.0,4.0,4.0,4.0,4.0,4.0,4.0,4.0,4.0,4.0,4.0,4.0,4.0,4.0,4.0,4.0,4.0,4.0,4.0,4.0,4.0,4.0,4.0,4.0,4.0,4.0,4.0,4.0,4.0,4.0,4.0,4.0,4.0,4.0,4.0,4.0,4.0,4.0,4.0,4.0,4.0,4.0,4.0,2.0,2.0,4.0,4.0,4.0,4.0,4.0,5.0,5.0,3.0,3.0,4.0,11.0,9.0,3.0,5.0,4.0,4.0,4.0,7.0,,4.0,,1.0,,,,,,,,,,,3.0,3.0,4.0,2.0,2.0,2.0,2.0,2.0,2.0,2.0,2.0,2.0,2.0,3.0,3.0,2.0,2.0,2.0,1.0,1.0,1.0,1.0,1.0,1.0,1.0,1.0,4.0,4.0,4.0,4.0,2.0,3.0,2.0,2.0,2.0,3.0,2.0,2.0,2.0,2.0,2.0,4.0,3.0,3.0,1.0,1.0,2.0,3.0,4.0,5.0,,7.0,8.0,,,,,1.0,3.0,,1.0,4.0,5.0,1.0,,,4.0,4.0,2.0,3.0,3.0,4.0,7.0,1.0,5.0,1.0,,,4.0,2.0,2.0
1014.0,3.0,3.0,2.0,1.0,4.0,4.0,4.0,4.0,4.0,4.0,1.0,2.0,3.0,4.0,5.0,,,,,,11.0,12.0,,,,,,3.0,,2.0,1.0,1.0,4.0,4.0,,,,,,,,,2.0,,5.0,3.0,4.0,2.0,3.0,3.0,4.0,2.0,5.0,4.0,1.0,1.0,4.0,4.0,4.0,5.0,3.0,4.0,2.0,4.0,4.0,4.0,1.0,3.0,1.0,1.0,1.0,1.0,5.0,4.0,1.0,1.0,2.0,1.0,1.0,1.0,2.0,1.0,1.0,1.0,1.0,1.0,1.0,4.0,4.0,1.0,4.0,5.0,5.0,4.0,4.0,4.0,3.0,4.0,3.0,4.0,5.0,5.0,5.0,5.0,4.0,4.0,3.0,5.0,4.0,3.0,2.0,4.0,2.0,4.0,4.0,4.0,4.0,4.0,4.0,5.0,5.0,3.0,9.0,6.0,5.0,4.0,4.0,4.0,4.0,6.0,,3.0,,1.0,,,,,,,,,,11.0,5.0,5.0,4.0,4.0,5.0,4.0,3.0,4.0,4.0,4.0,3.0,5.0,4.0,5.0,1.0,1.0,3.0,3.0,1.0,1.0,1.0,1.0,1.0,1.0,1.0,1.0,5.0,3.0,4.0,4.0,3.0,1.0,1.0,1.0,1.0,1.0,4.0,4.0,4.0,1.0,1.0,4.0,3.0,3.0,3.0,1.0,2.0,3.0,,5.0,6.0,7.0,8.0,,,,,1.0,4.0,,2.0,2.0,2.0,3.0,,,3.0,3.0,2.0,3.0,3.0,4.0,7.0,1.0,2.0,3.0,,,3.0,2.5,4.5
1015.0,3.0,2.0,2.0,1.0,4.0,4.0,4.0,4.0,3.0,3.0,1.0,2.0,3.0,4.0,5.0,,,,,,,,,,,,,5.0,,2.0,2.0,1.0,2.0,3.0,,,,,,,,,2.0,,3.0,4.0,4.0,3.0,4.0,3.0,3.0,3.0,4.0,4.0,3.0,3.0,3.0,5.0,4.0,5.0,4.0,4.0,4.0,4.0,4.0,4.0,4.0,4.0,4.0,4.0,4.0,4.0,4.0,4.0,4.0,3.0,3.0,3.0,3.0,3.0,3.0,3.0,3.0,3.0,3.0,3.0,3.0,3.0,3.0,3.0,3.0,4.0,4.0,4.0,3.0,3.0,3.0,4.0,4.0,4.0,4.0,4.0,4.0,4.0,3.0,3.0,4.0,4.0,5.0,3.0,1.0,2.0,2.0,3.0,4.0,4.0,4.0,3.0,3.0,4.0,4.0,4.0,8.0,8.0,4.0,4.0,4.0,4.0,4.0,7.0,,2.0,,,,3.0,,,,,8.0,,,,4.0,3.0,3.0,3.0,3.0,3.0,2.0,2.0,4.0,2.0,2.0,2.0,2.0,3.0,2.0,2.0,1.0,1.0,1.0,1.0,1.0,1.0,1.0,1.0,1.0,1.0,2.0,4.0,3.0,4.0,2.0,3.0,2.0,1.0,1.0,2.0,2.0,3.0,3.0,3.0,1.0,3.0,2.0,2.0,3.0,,2.0,,,,6.0,,,,,,,1.0,3.0,,2.0,2.0,2.0,9997.0,,,2.0,2.0,1.0,3.0,2.0,4.0,7.0,1.0,2.0,4.0,,,2.0,2.0,3.0
1016.0,3.0,1.0,1.0,1.0,4.0,5.0,4.0,2.0,5.0,5.0,1.0,2.0,3.0,4.0,5.0,,,,,,,,,,,,,3.0,,2.0,1.0,2.0,3.0,4.0,2.0,,,,,,,,1.0,,4.0,3.0,3.0,3.0,3.0,3.0,3.0,3.0,4.0,4.0,3.0,3.0,4.0,4.0,3.0,4.0,4.0,4.0,4.0,4.0,4.0,4.0,4.0,4.0,4.0,4.0,4.0,4.0,4.0,4.0,4.0,4.0,4.0,4.0,3.0,3.0,3.0,3.0,4.0,4.0,4.0,3.0,3.0,4.0,3.0,3.0,5.0,5.0,5.0,5.0,5.0,5.0,5.0,5.0,5.0,5.0,5.0,4.0,5.0,4.0,4.0,2.0,4.0,3.0,4.0,3.0,2.0,4.0,2.0,4.0,4.0,4.0,4.0,4.0,4.0,4.0,4.0,1.0,10.0,10.0,3.0,2.0,3.0,2.0,2.0,2.0,,4.0,,1.0,,,,,,,,,,,5.0,4.0,4.0,4.0,4.0,4.0,4.0,4.0,4.0,4.0,3.0,3.0,3.0,4.0,3.0,3.0,2.0,3.0,1.0,1.0,1.0,1.0,1.0,1.0,1.0,1.0,4.0,4.0,4.0,4.0,3.0,3.0,3.0,2.0,2.0,3.0,3.0,3.0,3.0,3.0,3.0,3.0,1.0,1.0,1.0,1.0,2.0,,,,,,,,,,,1.0,4.0,,1.0,3.0,4.0,9997.0,,,4.0,4.0,2.0,3.0,1.0,4.0,7.0,1.0,4.0,4.0,,,4.0,2.5,4.0
1017.0,3.0,1.0,1.0,1.0,4.0,5.0,4.0,4.0,4.0,4.0,1.0,2.0,3.0,4.0,5.0,,7.0,8.0,,10.0,11.0,,13.0,,,,,5.0,,1.0,2.0,2.0,2.0,3.0,2.0,,,,,,,,1.0,,4.0,5.0,5.0,5.0,4.0,5.0,5.0,5.0,5.0,5.0,5.0,5.0,5.0,5.0,5.0,5.0,5.0,5.0,5.0,4.0,4.0,3.0,4.0,4.0,5.0,5.0,4.0,4.0,5.0,4.0,5.0,5.0,4.0,5.0,4.0,4.0,4.0,4.0,3.0,4.0,5.0,4.0,5.0,5.0,4.0,5.0,5.0,5.0,5.0,4.0,5.0,3.0,3.0,3.0,5.0,5.0,4.0,4.0,5.0,4.0,5.0,4.0,4.0,4.0,4.0,3.0,2.0,4.0,3.0,3.0,4.0,3.0,3.0,4.0,4.0,3.0,4.0,3.0,9.0,9.0,4.0,3.0,4.0,4.0,2.0,1.0,,4.0,,1.0,2.0,,,,,,,,,,3.0,3.0,4.0,3.0,3.0,4.0,3.0,3.0,3.0,4.0,3.0,4.0,4.0,4.0,2.0,2.0,2.0,3.0,1.0,1.0,1.0,1.0,1.0,1.0,1.0,1.0,4.0,4.0,4.0,2.0,2.0,2.0,2.0,2.0,2.0,2.0,2.0,2.0,4.0,2.0,2.0,4.0,3.0,3.0,3.0,,2.0,,,,,,,,,,,1.0,1.0,,2.0,3.0,4.0,9997.0,,,4.0,4.0,2.0,3.0,1.0,4.0,7.0,1.0,4.0,4.0,,,4.0,1.0,3.5
1018.0,3.0,2.0,2.0,1.0,4.0,5.0,5.0,5.0,4.0,4.0,1.0,2.0,3.0,4.0,5.0,,,,,10.0,,,13.0,,,,,3.0,,1.0,1.0,1.0,4.0,4.0,2.0,,,,,,,,1.0,,4.0,4.0,3.0,3.0,3.0,3.0,3.0,3.0,3.0,3.0,3.0,3.0,3.0,3.0,3.0,4.0,4.0,4.0,4.0,4.0,4.0,3.0,4.0,4.0,4.0,4.0,4.0,3.0,4.0,3.0,3.0,4.0,4.0,4.0,3.0,3.0,3.0,3.0,4.0,4.0,4.0,4.0,3.0,4.0,3.0,3.0,5.0,4.0,5.0,4.0,5.0,5.0,5.0,5.0,5.0,5.0,5.0,4.0,4.0,4.0,4.0,4.0,3.0,3.0,4.0,4.0,2.0,3.0,2.0,4.0,4.0,4.0,4.0,4.0,4.0,4.0,4.0,3.0,10.0,10.0,3.0,3.0,4.0,3.0,2.0,6.0,,2.0,,,,3.0,,,,,,,,,4.0,4.0,4.0,4.0,4.0,4.0,4.0,4.0,4.0,4.0,4.0,4.0,4.0,4.0,3.0,3.0,3.0,3.0,1.0,1.0,1.0,1.0,1.0,2.0,1.0,1.0,4.0,4.0,4.0,4.0,4.0,4.0,4.0,3.0,3.0,4.0,4.0,4.0,4.0,3.0,3.0,4.0,1.0,1.0,1.0,1.0,2.0,3.0,4.0,5.0,6.0,7.0,8.0,9.0,,,,1.0,3.0,,1.0,4.0,4.0,1.0,,,4.0,4.0,2.0,3.0,2.0,4.0,7.0,1.0,4.0,1.0,,,4.0,2.0,4.0
1019.0,3.0,3.0,2.0,1.0,4.0,5.0,4.0,3.0,4.0,5.0,1.0,2.0,3.0,4.0,5.0,,,,,,,,13.0,,,,,2.0,,2.0,1.0,2.0,2.0,3.0,,,,,,,,,2.0,,4.0,4.0,4.0,3.0,4.0,3.0,4.0,3.0,4.0,4.0,2.0,2.0,3.0,3.0,3.0,5.0,4.0,4.0,4.0,3.0,3.0,3.0,4.0,4.0,4.0,2.0,2.0,2.0,4.0,2.0,3.0,4.0,4.0,5.0,3.0,4.0,4.0,4.0,5.0,5.0,4.0,4.0,3.0,5.0,2.0,3.0,5.0,5.0,5.0,3.0,3.0,3.0,4.0,5.0,5.0,5.0,5.0,4.0,5.0,5.0,3.0,5.0,3.0,4.0,3.0,2.0,2.0,4.0,2.0,4.0,5.0,3.0,3.0,3.0,3.0,2.0,3.0,4.0,8.0,9.0,5.0,4.0,4.0,2.0,3.0,6.0,,5.0,,1.0,2.0,3.0,,,,,8.0,,,,3.0,3.0,4.0,3.0,3.0,2.0,1.0,2.0,5.0,1.0,3.0,4.0,4.0,3.0,3.0,1.0,2.0,3.0,1.0,1.0,1.0,1.0,1.0,2.0,1.0,1.0,5.0,5.0,5.0,5.0,2.0,3.0,2.0,1.0,1.0,1.0,1.0,2.0,2.0,1.0,1.0,2.0,3.0,3.0,3.0,1.0,2.0,,,5.0,,7.0,,,,,,2.0,3.0,,1.0,2.0,3.0,2.0,,,3.0,3.0,2.0,3.0,3.0,4.0,7.0,1.0,3.0,2.0,,,3.0,2.5,2.5
1020.0,1.0,1.0,1.0,1.0,1.0,5.0,3.0,1.0,4.0,4.0,1.0,2.0,3.0,4.0,5.0,6.0,7.0,,,10.0,11.0,12.0,13.0,14.0,,,,3.0,,1.0,2.0,2.0,3.0,4.0,,,,,,,,,1.0,,3.0,4.0,4.0,4.0,4.0,4.0,5.0,4.0,5.0,5.0,4.0,4.0,5.0,4.0,4.0,5.0,4.0,4.0,4.0,4.0,4.0,4.0,4.0,4.0,4.0,4.0,4.0,4.0,4.0,4.0,4.0,4.0,4.0,4.0,4.0,4.0,4.0,4.0,4.0,4.0,5.0,5.0,4.0,4.0,4.0,4.0,5.0,5.0,5.0,5.0,5.0,5.0,4.0,5.0,5.0,4.0,4.0,5.0,5.0,5.0,5.0,2.0,3.0,4.0,4.0,4.0,2.0,4.0,2.0,3.0,4.0,2.0,4.0,4.0,4.0,4.0,4.0,2.0,11.0,6.0,4.0,5.0,5.0,4.0,4.0,5.0,,4.0,,,,3.0,,,,,,,,,4.0,4.0,5.0,4.0,4.0,3.0,3.0,3.0,3.0,4.0,3.0,3.0,3.0,4.0,3.0,3.0,3.0,3.0,1.0,1.0,1.0,1.0,1.0,1.0,1.0,1.0,4.0,4.0,4.0,4.0,2.0,2.0,4.0,3.0,2.0,4.0,3.0,2.0,4.0,2.0,2.0,4.0,2.0,2.0,1.0,1.0,,,,,,7.0,,,,,,1.0,3.0,,2.0,4.0,5.0,1.0,4.0,,,4.0,2.0,1.0,1.0,1.0,1.0,1.0,5.0,1.0,4.0,,,2.0,3.5
1021.0,3.0,1.0,1.0,1.0,4.0,4.0,4.0,4.0,5.0,5.0,1.0,2.0,3.0,4.0,,,,,,,,,,,,,,5.0,,2.0,1.0,1.0,4.0,4.0,2.0,,,,,,,,3.0,,5.0,5.0,5.0,5.0,5.0,5.0,4.0,4.0,5.0,5.0,5.0,5.0,4.0,5.0,4.0,4.0,4.0,4.0,5.0,4.0,4.0,4.0,4.0,5.0,5.0,5.0,5.0,4.0,4.0,4.0,3.0,4.0,4.0,5.0,4.0,5.0,4.0,4.0,5.0,5.0,5.0,5.0,4.0,4.0,4.0,4.0,5.0,5.0,5.0,5.0,5.0,4.0,5.0,5.0,4.0,5.0,5.0,4.0,5.0,4.0,4.0,3.0,4.0,4.0,4.0,4.0,2.0,3.0,3.0,4.0,4.0,4.0,5.0,3.0,3.0,3.0,4.0,3.0,10.0,10.0,3.0,2.0,2.0,2.0,2.0,1.0,,4.0,,1.0,,3.0,,,,,,,,,4.0,4.0,4.0,4.0,4.0,3.0,4.0,4.0,4.0,4.0,4.0,4.0,4.0,4.0,3.0,3.0,2.0,3.0,1.0,1.0,1.0,1.0,1.0,1.0,1.0,1.0,4.0,4.0,4.0,4.0,4.0,3.0,3.0,2.0,2.0,4.0,3.0,3.0,4.0,3.0,3.0,4.0,3.0,3.0,3.0,1.0,2.0,,,,,,,,,,,1.0,4.0,,1.0,4.0,5.0,9997.0,,,4.0,4.0,2.0,3.0,1.0,4.0,7.0,1.0,5.0,4.0,,,4.0,2.5,3.5
1022.0,3.0,2.0,2.0,1.0,4.0,4.0,4.0,4.0,3.0,3.0,1.0,2.0,3.0,4.0,,,,,,,,,,,,,,1.0,,1.0,1.0,2.0,3.0,3.0,,,,,,,,,3.0,,3.0,4.0,4.0,4.0,4.0,4.0,4.0,4.0,4.0,4.0,4.0,4.0,4.0,4.0,4.0,4.0,4.0,4.0,4.0,4.0,4.0,4.0,4.0,4.0,4.0,4.0,4.0,4.0,4.0,4.0,4.0,3.0,4.0,3.0,4.0,3.0,4.0,3.0,4.0,3.0,4.0,3.0,4.0,4.0,4.0,4.0,4.0,4.0,3.0,4.0,4.0,3.0,4.0,4.0,4.0,4.0,3.0,3.0,4.0,4.0,3.0,4.0,4.0,3.0,3.0,4.0,2.0,3.0,3.0,3.0,3.0,3.0,3.0,3.0,3.0,3.0,3.0,3.0,6.0,6.0,3.0,3.0,3.0,3.0,3.0,2.0,,1.0,,1.0,2.0,3.0,,,,,,,,,3.0,4.0,4.0,4.0,4.0,3.0,2.0,2.0,2.0,3.0,3.0,2.0,3.0,3.0,2.0,2.0,2.0,2.0,1.0,1.0,1.0,1.0,1.0,1.0,1.0,1.0,3.0,3.0,3.0,3.0,3.0,3.0,3.0,3.0,3.0,3.0,3.0,3.0,3.0,3.0,3.0,3.0,1.0,1.0,1.0,,2.0,,,,,,8.0,,,,,1.0,6.0,,1.0,2.0,3.0,1.0,,,3.0,3.0,2.0,3.0,2.0,4.0,7.0,1.0,3.0,1.0,,,3.0,3.5,3.5
1023.0,3.0,1.0,1.0,1.0,4.0,5.0,3.0,3.0,4.0,3.0,1.0,2.0,3.0,4.0,5.0,6.0,7.0,,,10.0,11.0,12.0,13.0,,,,,1.0,,2.0,1.0,1.0,3.0,3.0,,,,,,,,,2.0,,3.0,3.0,3.0,3.0,3.0,3.0,3.0,3.0,3.0,3.0,3.0,3.0,3.0,3.0,3.0,3.0,3.0,2.0,3.0,4.0,3.0,4.0,2.0,5.0,3.0,3.0,3.0,5.0,5.0,4.0,3.0,3.0,4.0,4.0,3.0,4.0,4.0,4.0,4.0,4.0,4.0,4.0,5.0,4.0,3.0,4.0,4.0,4.0,3.0,4.0,4.0,4.0,4.0,5.0,5.0,4.0,4.0,5.0,4.0,4.0,3.0,3.0,3.0,3.0,3.0,3.0,3.0,3.0,3.0,3.0,3.0,3.0,3.0,3.0,3.0,3.0,2.0,3.0,6.0,6.0,3.0,3.0,3.0,3.0,3.0,4.0,,2.0,,,,,4.0,,,,,,,,3.0,3.0,3.0,3.0,3.0,3.0,3.0,3.0,3.0,5.0,3.0,3.0,4.0,3.0,2.0,3.0,3.0,3.0,1.0,1.0,1.0,1.0,1.0,1.0,1.0,1.0,3.0,3.0,3.0,3.0,3.0,3.0,3.0,4.0,4.0,3.0,3.0,3.0,3.0,2.0,4.0,3.0,3.0,3.0,3.0,,,,,,6.0,,,,10.0,,,2.0,3.0,,2.0,1.0,2.0,9997.0,,,1.0,1.0,1.0,3.0,1.0,4.0,7.0,1.0,2.0,4.0,,,1.0,2.5,3.0
1024.0,3.0,1.0,1.0,9.0,4.0,4.0,4.0,4.0,4.0,4.0,,,,,,,,,,,,,,,,9997.0,알수없음,9997.0,알수없음,2.0,1.0,2.0,2.0,4.0,,,,,,,,,2.0,,4.0,4.0,5.0,4.0,4.0,4.0,5.0,4.0,4.0,3.0,3.0,3.0,5.0,4.0,4.0,5.0,4.0,4.0,4.0,4.0,4.0,4.0,4.0,4.0,4.0,4.0,4.0,5.0,5.0,4.0,5.0,4.0,4.0,4.0,4.0,4.0,4.0,4.0,5.0,4.0,3.0,3.0,5.0,5.0,5.0,5.0,4.0,4.0,4.0,4.0,4.0,4.0,4.0,5.0,4.0,4.0,4.0,5.0,5.0,5.0,5.0,3.0,2.0,2.0,3.0,2.0,2.0,4.0,2.0,4.0,4.0,4.0,4.0,4.0,4.0,4.0,4.0,3.0,6.0,6.0,3.0,1.0,2.0,1.0,1.0,6.0,,4.0,,1.0,,,,,,,,,,,3.0,3.0,4.0,5.0,5.0,4.0,4.0,4.0,4.0,4.0,4.0,4.0,4.0,4.0,2.0,2.0,2.0,2.0,1.0,1.0,1.0,1.0,1.0,1.0,1.0,1.0,4.0,4.0,4.0,2.0,1.0,1.0,1.0,1.0,1.0,4.0,1.0,4.0,4.0,4.0,4.0,4.0,3.0,3.0,3.0,,2.0,,,,,,,,,,,1.0,4.0,,1.0,4.0,5.0,1.0,,,4.0,4.0,2.0,3.0,1.0,4.0,7.0,1.0,5.0,1.0,,,4.0,2.5,4.5
1025.0,3.0,1.0,1.0,1.0,4.0,5.0,5.0,5.0,5.0,5.0,1.0,2.0,3.0,4.0,5.0,,7.0,,,,,,,,,,,1.0,,1.0,1.0,2.0,1.0,5.0,2.0,,,,,,,,2.0,,5.0,5.0,1.0,4.0,1.0,1.0,5.0,1.0,1.0,1.0,1.0,1.0,4.0,4.0,4.0,5.0,5.0,5.0,5.0,5.0,5.0,5.0,5.0,5.0,5.0,5.0,5.0,5.0,5.0,5.0,5.0,5.0,5.0,5.0,5.0,5.0,5.0,5.0,5.0,5.0,5.0,5.0,5.0,5.0,5.0,5.0,5.0,5.0,5.0,5.0,5.0,5.0,5.0,5.0,5.0,5.0,5.0,5.0,5.0,5.0,5.0,5.0,5.0,5.0,5.0,5.0,5.0,4.0,4.0,4.0,4.0,4.0,5.0,4.0,5.0,4.0,5.0,5.0,11.0,11.0,5.0,5.0,5.0,5.0,5.0,7.0,,6.0,,,,,,5.0,,,,,,,5.0,5.0,5.0,5.0,5.0,5.0,4.0,4.0,1.0,5.0,3.0,4.0,3.0,5.0,4.0,4.0,4.0,4.0,1.0,1.0,1.0,1.0,1.0,1.0,1.0,1.0,5.0,5.0,5.0,5.0,5.0,5.0,5.0,5.0,5.0,5.0,5.0,1.0,5.0,3.0,5.0,5.0,1.0,1.0,1.0,1.0,2.0,,,,,,,,,,,1.0,6.0,,1.0,2.0,3.0,2.0,,,3.0,3.0,2.0,3.0,1.0,4.0,7.0,1.0,3.0,2.0,,,3.0,3.5,5.0
1026.0,3.0,1.0,1.0,1.0,4.0,5.0,5.0,5.0,5.0,5.0,1.0,2.0,,,,,,,,,,,,,,,,2.0,,2.0,1.0,2.0,2.0,2.0,2.0,,,,,,,,2.0,,3.0,5.0,4.0,2.0,2.0,2.0,4.0,2.0,4.0,3.0,1.0,1.0,4.0,4.0,4.0,5.0,5.0,5.0,3.0,3.0,3.0,4.0,3.0,5.0,5.0,3.0,3.0,5.0,5.0,5.0,5.0,5.0,5.0,3.0,3.0,3.0,5.0,3.0,5.0,5.0,3.0,3.0,5.0,5.0,5.0,5.0,5.0,5.0,3.0,3.0,3.0,5.0,3.0,5.0,5.0,3.0,3.0,5.0,5.0,5.0,5.0,5.0,4.0,4.0,5.0,2.0,2.0,4.0,1.0,5.0,5.0,4.0,5.0,4.0,5.0,5.0,5.0,3.0,6.0,6.0,4.0,4.0,4.0,4.0,4.0,6.0,,2.0,,1.0,,3.0,,,,,,,,,3.0,3.0,3.0,3.0,3.0,3.0,3.0,4.0,2.0,5.0,3.0,4.0,4.0,3.0,2.0,2.0,2.0,2.0,1.0,1.0,1.0,1.0,1.0,1.0,1.0,1.0,4.0,4.0,4.0,4.0,2.0,2.0,2.0,2.0,2.0,2.0,2.0,2.0,4.0,2.0,2.0,3.0,2.0,2.0,3.0,,2.0,3.0,,,,,,,,,,1.0,3.0,,1.0,2.0,2.0,1.0,,,2.0,2.0,1.0,3.0,1.0,4.0,7.0,1.0,2.0,1.0,,,2.0,2.0,3.0
1027.0,3.0,1.0,1.0,1.0,4.0,5.0,5.0,5.0,5.0,5.0,1.0,2.0,3.0,4.0,,,,,,,,,,,,,,1.0,,1.0,1.0,1.0,4.0,5.0,1.0,,,,,5.0,,,3.0,,5.0,5.0,5.0,5.0,4.0,5.0,4.0,3.0,4.0,5.0,4.0,4.0,5.0,4.0,4.0,5.0,5.0,5.0,5.0,5.0,5.0,4.0,5.0,5.0,5.0,5.0,5.0,5.0,5.0,5.0,5.0,5.0,5.0,5.0,5.0,4.0,5.0,5.0,5.0,5.0,5.0,5.0,5.0,5.0,5.0,5.0,5.0,4.0,5.0,5.0,4.0,4.0,5.0,5.0,4.0,5.0,5.0,5.0,4.0,5.0,5.0,5.0,4.0,5.0,5.0,5.0,5.0,5.0,5.0,5.0,4.0,5.0,5.0,5.0,4.0,5.0,3.0,5.0,9.0,10.0,4.0,5.0,3.0,5.0,4.0,7.0,,5.0,,,,,,,6.0,,,,,,4.0,4.0,4.0,5.0,5.0,4.0,5.0,5.0,3.0,5.0,2.0,3.0,4.0,4.0,3.0,3.0,4.0,4.0,1.0,1.0,1.0,1.0,1.0,2.0,1.0,1.0,1.0,2.0,2.0,3.0,4.0,3.0,1.0,1.0,3.0,3.0,1.0,1.0,3.0,3.0,4.0,3.0,1.0,1.0,1.0,,,3.0,,,,,,,,,,1.0,6.0,,1.0,2.0,4.0,9997.0,,,4.0,4.0,2.0,3.0,1.0,4.0,7.0,1.0,4.0,4.0,,,4.0,3.5,4.666666666666667
1028.0,3.0,3.0,2.0,9.0,4.0,5.0,5.0,5.0,5.0,5.0,1.0,2.0,3.0,4.0,,,7.0,,,,11.0,,,,,,,5.0,,1.0,1.0,2.0,3.0,3.0,2.0,,,,,,,,3.0,,3.0,4.0,4.0,4.0,4.0,3.0,4.0,4.0,4.0,4.0,5.0,3.0,5.0,5.0,5.0,5.0,3.0,3.0,3.0,3.0,3.0,3.0,3.0,4.0,4.0,3.0,3.0,3.0,3.0,3.0,3.0,3.0,3.0,3.0,3.0,4.0,4.0,4.0,4.0,4.0,4.0,4.0,4.0,4.0,3.0,3.0,4.0,4.0,3.0,3.0,3.0,3.0,3.0,4.0,4.0,4.0,4.0,3.0,4.0,4.0,5.0,3.0,3.0,2.0,3.0,4.0,4.0,4.0,4.0,4.0,4.0,3.0,3.0,2.0,4.0,2.0,3.0,3.0,6.0,6.0,3.0,3.0,3.0,3.0,3.0,4.0,,4.0,,,,3.0,4.0,,,,,,,,3.0,3.0,4.0,3.0,3.0,3.0,3.0,3.0,3.0,4.0,3.0,3.0,4.0,3.0,2.0,3.0,3.0,3.0,1.0,1.0,1.0,1.0,1.0,1.0,1.0,1.0,3.0,3.0,3.0,3.0,3.0,3.0,2.0,2.0,2.0,2.0,2.0,2.0,2.0,2.0,2.0,3.0,1.0,1.0,1.0,,,3.0,4.0,,,,,,,,,1.0,4.0,,2.0,3.0,4.0,9997.0,,,4.0,4.0,2.0,3.0,3.0,4.0,7.0,1.0,4.0,4.0,,,4.0,2.5,3.0
1029.0,3.0,1.0,1.0,1.0,4.0,5.0,4.0,4.0,4.0,4.0,1.0,2.0,3.0,4.0,5.0,,,,,,,,,,,,,3.0,,2.0,1.0,2.0,4.0,4.0,,,,,,,,,1.0,,3.0,4.0,4.0,2.0,4.0,4.0,4.0,2.0,4.0,3.0,2.0,2.0,4.0,4.0,3.0,5.0,4.0,5.0,4.0,5.0,4.0,5.0,4.0,5.0,5.0,4.0,4.0,5.0,4.0,5.0,5.0,4.0,4.0,3.0,2.0,4.0,3.0,3.0,4.0,4.0,3.0,3.0,2.0,2.0,1.0,1.0,4.0,4.0,4.0,4.0,4.0,4.0,4.0,4.0,4.0,4.0,4.0,2.0,2.0,2.0,1.0,3.0,4.0,4.0,5.0,3.0,1.0,4.0,2.0,4.0,4.0,3.0,3.0,3.0,3.0,3.0,4.0,2.0,6.0,6.0,4.0,3.0,3.0,3.0,3.0,2.0,,4.0,,,,3.0,,,,,,,,,3.0,3.0,3.0,3.0,3.0,3.0,3.0,3.0,3.0,3.0,3.0,3.0,3.0,3.0,3.0,2.0,2.0,2.0,1.0,1.0,1.0,1.0,1.0,1.0,1.0,1.0,4.0,4.0,4.0,4.0,4.0,2.0,1.0,1.0,1.0,3.0,3.0,1.0,4.0,2.0,1.0,3.0,3.0,3.0,3.0,,2.0,,,,,7.0,8.0,9.0,,,,1.0,3.0,,2.0,2.0,4.0,9997.0,,,4.0,4.0,2.0,3.0,1.0,4.0,7.0,1.0,4.0,4.0,,,4.0,2.0,3.0
1030.0,3.0,1.0,1.0,1.0,4.0,5.0,5.0,5.0,5.0,5.0,,,3.0,,5.0,,,,,10.0,,,13.0,14.0,,,,3.0,,1.0,1.0,2.0,4.0,4.0,2.0,,,,,,,,1.0,,3.0,4.0,4.0,3.0,3.0,3.0,5.0,2.0,4.0,4.0,3.0,3.0,4.0,4.0,4.0,4.0,4.0,4.0,4.0,4.0,4.0,4.0,4.0,5.0,5.0,5.0,5.0,5.0,5.0,5.0,4.0,4.0,4.0,5.0,4.0,5.0,5.0,5.0,5.0,5.0,5.0,5.0,5.0,5.0,5.0,4.0,5.0,5.0,5.0,5.0,5.0,5.0,5.0,5.0,5.0,5.0,5.0,5.0,5.0,5.0,4.0,5.0,3.0,2.0,5.0,4.0,1.0,3.0,2.0,3.0,4.0,2.0,3.0,5.0,4.0,4.0,4.0,2.0,9.0,9.0,4.0,2.0,2.0,2.0,2.0,7.0,,4.0,,1.0,,,,5.0,,,,,,,4.0,4.0,3.0,3.0,3.0,4.0,4.0,4.0,4.0,4.0,3.0,4.0,3.0,4.0,3.0,3.0,3.0,3.0,1.0,1.0,1.0,1.0,1.0,1.0,1.0,1.0,3.0,3.0,3.0,3.0,3.0,3.0,3.0,3.0,2.0,3.0,2.0,4.0,4.0,3.0,2.0,2.0,1.0,1.0,1.0,,2.0,,,,,,,,,,,1.0,4.0,,2.0,3.0,5.0,9997.0,,,4.0,4.0,2.0,3.0,1.0,4.0,7.0,1.0,5.0,4.0,,,4.0,2.5,3.5
1031.0,3.0,1.0,1.0,1.0,4.0,5.0,4.0,4.0,4.0,4.0,1.0,2.0,3.0,4.0,5.0,6.0,7.0,,,,,,,,,,,1.0,,2.0,1.0,2.0,3.0,2.0,2.0,,,,,,,,1.0,,3.0,4.0,4.0,4.0,4.0,4.0,3.0,4.0,4.0,5.0,5.0,5.0,4.0,5.0,4.0,4.0,3.0,3.0,3.0,3.0,3.0,3.0,3.0,3.0,3.0,4.0,4.0,3.0,4.0,3.0,3.0,3.0,3.0,4.0,3.0,3.0,3.0,4.0,5.0,5.0,5.0,5.0,3.0,5.0,3.0,3.0,4.0,3.0,4.0,5.0,4.0,3.0,4.0,4.0,5.0,5.0,5.0,3.0,5.0,4.0,3.0,3.0,2.0,2.0,4.0,3.0,3.0,3.0,2.0,4.0,4.0,5.0,4.0,5.0,5.0,3.0,4.0,3.0,6.0,4.0,4.0,4.0,4.0,3.0,3.0,7.0,,4.0,,,,,4.0,,,,,,,,3.0,3.0,3.0,4.0,4.0,3.0,3.0,3.0,3.0,4.0,3.0,3.0,4.0,3.0,3.0,3.0,3.0,3.0,1.0,1.0,1.0,1.0,1.0,1.0,1.0,1.0,3.0,4.0,3.0,3.0,2.0,3.0,3.0,2.0,2.0,2.0,2.0,2.0,2.0,2.0,2.0,3.0,1.0,1.0,1.0,,,3.0,4.0,,,,,,,,,1.0,4.0,,1.0,4.0,5.0,3.0,,,5.0,5.0,3.0,3.0,1.0,4.0,8.0,1.0,5.0,3.0,,,5.0,2.5,3.5
1032.0,3.0,2.0,2.0,1.0,4.0,1.0,3.0,3.0,2.0,4.0,1.0,2.0,,4.0,5.0,,,,,,,,,,,,,3.0,,1.0,1.0,2.0,2.0,2.0,2.0,,,,,,,,3.0,,4.0,2.0,4.0,2.0,5.0,2.0,1.0,2.0,3.0,4.0,5.0,2.0,3.0,3.0,2.0,2.0,3.0,2.0,2.0,3.0,3.0,3.0,4.0,4.0,2.0,4.0,3.0,4.0,3.0,2.0,4.0,3.0,4.0,4.0,3.0,4.0,4.0,2.0,3.0,5.0,3.0,4.0,3.0,5.0,3.0,5.0,4.0,3.0,4.0,3.0,3.0,4.0,4.0,4.0,3.0,3.0,2.0,3.0,3.0,5.0,3.0,3.0,4.0,1.0,3.0,3.0,1.0,3.0,4.0,2.0,2.0,5.0,3.0,4.0,2.0,3.0,4.0,3.0,7.0,10.0,4.0,4.0,3.0,3.0,5.0,7.0,,6.0,,,,,,,6.0,,,,,,3.0,5.0,4.0,4.0,3.0,5.0,3.0,3.0,1.0,4.0,2.0,5.0,2.0,4.0,2.0,4.0,2.0,3.0,1.0,2.0,1.0,2.0,1.0,2.0,1.0,1.0,3.0,4.0,3.0,2.0,3.0,2.0,4.0,1.0,4.0,2.0,4.0,5.0,2.0,3.0,4.0,4.0,2.0,3.0,1.0,,2.0,,,5.0,,,8.0,,,,,1.0,4.0,,1.0,3.0,4.0,3.0,,,4.0,4.0,2.0,3.0,2.0,4.0,7.0,1.0,4.0,3.0,,,4.0,2.5,4.0
1033.0,3.0,2.0,2.0,1.0,4.0,5.0,5.0,3.0,4.0,5.0,1.0,2.0,3.0,,5.0,,7.0,,,10.0,11.0,,13.0,,,,,5.0,,2.0,1.0,2.0,4.0,4.0,2.0,,,,,,,,2.0,,4.0,4.0,4.0,3.0,3.0,3.0,3.0,3.0,4.0,3.0,3.0,3.0,4.0,3.0,3.0,4.0,4.0,4.0,4.0,4.0,4.0,4.0,4.0,4.0,4.0,4.0,4.0,4.0,4.0,4.0,3.0,4.0,4.0,4.0,3.0,4.0,1.0,1.0,1.0,3.0,3.0,4.0,2.0,4.0,4.0,1.0,4.0,4.0,4.0,4.0,4.0,4.0,4.0,4.0,4.0,4.0,4.0,3.0,4.0,4.0,1.0,4.0,3.0,4.0,4.0,4.0,2.0,4.0,2.0,4.0,4.0,3.0,4.0,4.0,4.0,4.0,4.0,4.0,6.0,10.0,2.0,2.0,2.0,2.0,2.0,2.0,,4.0,,,,3.0,,,,,,,,,4.0,4.0,4.0,4.0,4.0,4.0,4.0,4.0,3.0,3.0,3.0,3.0,3.0,4.0,2.0,2.0,2.0,3.0,1.0,1.0,1.0,1.0,1.0,1.0,1.0,1.0,4.0,4.0,4.0,4.0,4.0,4.0,4.0,1.0,1.0,4.0,4.0,3.0,4.0,1.0,1.0,4.0,1.0,1.0,1.0,1.0,2.0,3.0,4.0,5.0,6.0,,8.0,,,,,1.0,4.0,,1.0,3.0,4.0,2.0,,,4.0,4.0,2.0,3.0,2.0,4.0,7.0,1.0,4.0,2.0,,,4.0,2.5,4.0
1034.0,3.0,2.0,2.0,1.0,4.0,4.0,5.0,5.0,5.0,5.0,1.0,2.0,3.0,4.0,5.0,,,,,10.0,,,13.0,,,,,5.0,,2.0,1.0,2.0,2.0,4.0,2.0,,,,,,,,1.0,,4.0,4.0,5.0,3.0,4.0,3.0,3.0,3.0,4.0,4.0,3.0,2.0,3.0,3.0,3.0,4.0,4.0,4.0,4.0,4.0,4.0,4.0,4.0,4.0,4.0,4.0,4.0,4.0,4.0,4.0,1.0,4.0,4.0,4.0,2.0,4.0,2.0,4.0,4.0,4.0,4.0,4.0,3.0,4.0,3.0,1.0,4.0,4.0,4.0,4.0,4.0,4.0,4.0,4.0,4.0,4.0,4.0,4.0,4.0,4.0,2.0,4.0,5.0,5.0,5.0,3.0,2.0,4.0,2.0,4.0,4.0,2.0,3.0,3.0,4.0,2.0,2.0,2.0,8.0,8.0,4.0,2.0,3.0,1.0,2.0,2.0,,9997.0,해당 시스템에 대해 들어본 바 없음,1.0,,,,,,,,,,,4.0,4.0,5.0,4.0,4.0,2.0,1.0,3.0,4.0,2.0,3.0,3.0,3.0,4.0,2.0,2.0,2.0,3.0,1.0,1.0,1.0,1.0,1.0,1.0,1.0,1.0,5.0,5.0,5.0,5.0,5.0,4.0,4.0,4.0,2.0,5.0,4.0,4.0,4.0,4.0,2.0,4.0,3.0,3.0,3.0,,2.0,,4.0,,,,8.0,,,,,1.0,3.0,,1.0,2.0,3.0,9997.0,,,4.0,4.0,2.0,3.0,2.0,4.0,7.0,1.0,3.0,4.0,,,4.0,2.0,3.0
1035.0,3.0,1.0,1.0,1.0,4.0,5.0,4.0,4.0,4.0,4.0,1.0,,,,,,,,,,,,13.0,,,,,2.0,,1.0,1.0,2.0,2.0,3.0,,,,,,,,,1.0,,4.0,3.0,3.0,3.0,3.0,3.0,3.0,3.0,4.0,4.0,4.0,4.0,4.0,4.0,4.0,3.0,3.0,3.0,3.0,3.0,3.0,3.0,3.0,3.0,3.0,3.0,3.0,3.0,3.0,3.0,3.0,4.0,4.0,4.0,4.0,4.0,4.0,4.0,4.0,4.0,4.0,4.0,4.0,4.0,4.0,4.0,3.0,3.0,3.0,3.0,4.0,4.0,3.0,3.0,3.0,3.0,3.0,3.0,3.0,3.0,3.0,3.0,3.0,3.0,4.0,4.0,2.0,4.0,4.0,4.0,4.0,3.0,4.0,3.0,3.0,3.0,4.0,1.0,8.0,6.0,3.0,3.0,3.0,3.0,3.0,2.0,,4.0,,,,3.0,,,,,,,,,3.0,3.0,3.0,3.0,3.0,3.0,3.0,3.0,3.0,4.0,2.0,3.0,3.0,3.0,3.0,3.0,2.0,3.0,1.0,1.0,1.0,1.0,1.0,1.0,1.0,1.0,3.0,3.0,3.0,3.0,3.0,2.0,3.0,1.0,1.0,3.0,2.0,3.0,3.0,2.0,2.0,3.0,1.0,1.0,1.0,,,,,,,7.0,,,,,,1.0,4.0,,1.0,4.0,5.0,9997.0,,,4.0,4.0,2.0,3.0,1.0,4.0,7.0,1.0,5.0,4.0,,,4.0,2.5,3.0
1036.0,3.0,2.0,2.0,1.0,4.0,5.0,4.0,5.0,4.0,4.0,1.0,2.0,3.0,,,,,,,,,,13.0,,,,,5.0,,2.0,1.0,2.0,2.0,2.0,,,,,,,,,2.0,,2.0,4.0,4.0,4.0,4.0,4.0,4.0,3.0,4.0,4.0,4.0,4.0,4.0,4.0,4.0,5.0,4.0,4.0,4.0,4.0,4.0,4.0,4.0,4.0,4.0,4.0,4.0,4.0,4.0,4.0,4.0,4.0,4.0,4.0,4.0,4.0,4.0,4.0,4.0,4.0,4.0,4.0,4.0,4.0,4.0,4.0,4.0,4.0,4.0,4.0,4.0,4.0,4.0,4.0,4.0,4.0,4.0,4.0,4.0,4.0,4.0,4.0,3.0,3.0,4.0,4.0,4.0,4.0,3.0,3.0,3.0,3.0,3.0,4.0,3.0,3.0,4.0,4.0,6.0,6.0,4.0,4.0,4.0,4.0,4.0,4.0,,4.0,,1.0,,,,,,,,,,,3.0,2.0,3.0,3.0,3.0,3.0,3.0,2.0,2.0,3.0,1.0,3.0,2.0,3.0,3.0,2.0,3.0,3.0,1.0,1.0,1.0,1.0,1.0,1.0,1.0,1.0,2.0,3.0,3.0,3.0,3.0,3.0,2.0,2.0,2.0,2.0,2.0,2.0,3.0,2.0,3.0,3.0,1.0,1.0,1.0,1.0,2.0,,4.0,,,,8.0,,,,,1.0,5.0,,2.0,3.0,4.0,9997.0,,,4.0,4.0,2.0,3.0,2.0,4.0,7.0,1.0,4.0,4.0,,,4.0,3.0,3.0
1037.0,3.0,1.0,1.0,1.0,4.0,5.0,5.0,5.0,5.0,5.0,1.0,2.0,3.0,,,6.0,7.0,,,,,,,,,,,2.0,,2.0,1.0,1.0,3.0,3.0,2.0,,,,,,,,2.0,,3.0,5.0,5.0,3.0,3.0,3.0,3.0,3.0,3.0,2.0,2.0,5.0,5.0,4.0,3.0,5.0,3.0,3.0,3.0,2.0,3.0,3.0,3.0,3.0,3.0,3.0,3.0,4.0,4.0,3.0,3.0,2.0,3.0,2.0,4.0,3.0,3.0,3.0,3.0,3.0,3.0,2.0,3.0,2.0,4.0,2.0,2.0,2.0,2.0,2.0,2.0,2.0,3.0,2.0,2.0,3.0,3.0,3.0,4.0,2.0,2.0,4.0,3.0,3.0,4.0,4.0,1.0,2.0,2.0,4.0,3.0,5.0,5.0,5.0,4.0,5.0,5.0,3.0,11.0,11.0,4.0,3.0,3.0,3.0,4.0,4.0,,1.0,,1.0,,,,,,,,,,,4.0,4.0,4.0,4.0,3.0,3.0,4.0,4.0,4.0,4.0,3.0,3.0,4.0,4.0,3.0,3.0,3.0,3.0,1.0,1.0,1.0,1.0,1.0,1.0,1.0,1.0,5.0,4.0,3.0,3.0,2.0,3.0,2.0,1.0,2.0,2.0,1.0,1.0,1.0,1.0,1.0,5.0,3.0,3.0,1.0,,,,4.0,,,7.0,,,,,,1.0,2.0,,1.0,3.0,4.0,9997.0,,,4.0,4.0,2.0,3.0,1.0,4.0,7.0,1.0,4.0,4.0,,,4.0,1.5,3.0
1038.0,3.0,1.0,1.0,1.0,4.0,3.0,5.0,3.0,4.0,5.0,1.0,2.0,,4.0,5.0,,,,,,,,,,,,,3.0,,2.0,1.0,2.0,1.0,4.0,1.0,1.0,,,,,,,3.0,,5.0,3.0,2.0,2.0,2.0,2.0,2.0,1.0,3.0,3.0,4.0,1.0,4.0,3.0,2.0,4.0,4.0,4.0,4.0,2.0,5.0,2.0,5.0,5.0,5.0,5.0,5.0,2.0,4.0,2.0,1.0,5.0,5.0,5.0,2.0,5.0,2.0,5.0,5.0,5.0,5.0,2.0,2.0,5.0,1.0,1.0,4.0,4.0,4.0,2.0,5.0,5.0,5.0,5.0,5.0,5.0,5.0,2.0,5.0,2.0,1.0,2.0,3.0,4.0,4.0,4.0,2.0,4.0,3.0,2.0,3.0,3.0,3.0,2.0,3.0,3.0,3.0,4.0,9.0,8.0,2.0,4.0,4.0,4.0,4.0,1.0,,6.0,,,2.0,3.0,,,,,8.0,,,,2.0,3.0,4.0,3.0,3.0,2.0,2.0,1.0,4.0,1.0,2.0,3.0,3.0,3.0,3.0,1.0,1.0,2.0,1.0,1.0,1.0,1.0,1.0,1.0,1.0,1.0,4.0,4.0,4.0,4.0,4.0,1.0,4.0,1.0,1.0,4.0,4.0,1.0,4.0,1.0,1.0,4.0,1.0,1.0,1.0,1.0,2.0,3.0,4.0,5.0,6.0,7.0,8.0,,,,,1.0,4.0,,1.0,2.0,3.0,1.0,,,3.0,3.0,2.0,3.0,1.0,4.0,7.0,1.0,3.0,1.0,,,3.0,2.5,2.0
1039.0,3.0,1.0,1.0,1.0,4.0,2.0,5.0,5.0,5.0,5.0,1.0,,3.0,4.0,5.0,,,,,,,,,,,,,3.0,,2.0,1.0,2.0,2.0,5.0,2.0,,,,,,,,2.0,,5.0,4.0,4.0,4.0,4.0,4.0,4.0,3.0,4.0,4.0,4.0,3.0,4.0,4.0,4.0,4.0,4.0,4.0,5.0,4.0,4.0,4.0,3.0,4.0,4.0,4.0,3.0,4.0,4.0,4.0,4.0,3.0,4.0,4.0,4.0,4.0,4.0,4.0,4.0,4.0,4.0,3.0,4.0,4.0,3.0,3.0,5.0,5.0,5.0,5.0,5.0,5.0,5.0,5.0,5.0,5.0,5.0,5.0,5.0,5.0,5.0,3.0,3.0,4.0,3.0,4.0,2.0,3.0,4.0,3.0,2.0,3.0,4.0,5.0,4.0,4.0,4.0,1.0,11.0,11.0,3.0,2.0,2.0,1.0,2.0,9997.0,법이 엉망임,6.0,,1.0,2.0,3.0,,,,,8.0,9.0,,,5.0,5.0,5.0,5.0,5.0,2.0,3.0,3.0,3.0,2.0,3.0,3.0,3.0,5.0,3.0,3.0,3.0,2.0,1.0,1.0,1.0,1.0,1.0,1.0,1.0,1.0,5.0,5.0,4.0,4.0,4.0,2.0,2.0,1.0,1.0,3.0,3.0,3.0,3.0,1.0,1.0,5.0,1.0,1.0,1.0,1.0,2.0,3.0,4.0,5.0,6.0,,,,,,,1.0,9997.0,법개정,2.0,3.0,5.0,3.0,,,4.0,4.0,2.0,3.0,1.0,4.0,7.0,1.0,5.0,3.0,,,4.0,4999.0,3.5
1040.0,3.0,1.0,1.0,9.0,4.0,4.0,5.0,4.0,4.0,4.0,1.0,,3.0,4.0,,,,,,,,,13.0,,,,,5.0,,1.0,1.0,2.0,2.0,3.0,2.0,,,,,,,,1.0,,2.0,3.0,3.0,3.0,3.0,3.0,3.0,3.0,4.0,4.0,3.0,3.0,3.0,3.0,3.0,4.0,5.0,5.0,5.0,5.0,5.0,5.0,5.0,5.0,5.0,5.0,5.0,5.0,5.0,5.0,5.0,5.0,5.0,5.0,5.0,5.0,5.0,5.0,5.0,5.0,5.0,5.0,5.0,5.0,5.0,5.0,5.0,5.0,5.0,5.0,5.0,5.0,5.0,5.0,5.0,5.0,5.0,5.0,5.0,5.0,5.0,5.0,5.0,5.0,5.0,5.0,2.0,3.0,3.0,3.0,3.0,4.0,4.0,4.0,4.0,4.0,4.0,2.0,3.0,10.0,4.0,4.0,4.0,4.0,4.0,2.0,,4.0,,,2.0,3.0,,,,,8.0,,,,3.0,3.0,3.0,3.0,3.0,3.0,4.0,4.0,4.0,4.0,4.0,4.0,4.0,4.0,3.0,3.0,3.0,3.0,1.0,1.0,1.0,1.0,1.0,1.0,1.0,1.0,4.0,4.0,4.0,4.0,3.0,2.0,2.0,2.0,2.0,4.0,3.0,4.0,4.0,4.0,4.0,4.0,1.0,1.0,1.0,,2.0,3.0,4.0,5.0,,,,,,,,1.0,4.0,,1.0,2.0,2.0,9997.0,,,2.0,2.0,1.0,3.0,1.0,4.0,7.0,1.0,2.0,4.0,,,2.0,2.5,3.0
1041.0,3.0,1.0,1.0,9.0,4.0,5.0,4.0,3.0,4.0,4.0,1.0,2.0,3.0,4.0,5.0,,,,,,,,,,,,,5.0,,1.0,1.0,2.0,3.0,4.0,2.0,,,,,,,,1.0,,3.0,4.0,4.0,4.0,4.0,3.0,4.0,4.0,4.0,3.0,3.0,3.0,4.0,4.0,4.0,5.0,4.0,4.0,4.0,4.0,4.0,4.0,4.0,4.0,4.0,4.0,4.0,4.0,4.0,4.0,3.0,3.0,3.0,4.0,4.0,4.0,3.0,4.0,4.0,4.0,4.0,4.0,3.0,4.0,4.0,3.0,4.0,4.0,4.0,4.0,4.0,3.0,4.0,4.0,4.0,4.0,4.0,3.0,4.0,4.0,4.0,3.0,2.0,4.0,5.0,3.0,2.0,4.0,3.0,4.0,4.0,4.0,5.0,5.0,4.0,3.0,4.0,2.0,11.0,11.0,3.0,2.0,2.0,2.0,2.0,2.0,,4.0,,1.0,,,,,,,,,,,4.0,4.0,4.0,4.0,4.0,2.0,2.0,2.0,3.0,2.0,2.0,3.0,3.0,3.0,4.0,4.0,4.0,4.0,1.0,1.0,1.0,1.0,1.0,2.0,1.0,1.0,4.0,4.0,4.0,4.0,3.0,3.0,3.0,2.0,2.0,2.0,3.0,3.0,4.0,3.0,3.0,4.0,1.0,1.0,1.0,1.0,2.0,3.0,4.0,5.0,,7.0,8.0,9.0,,,,1.0,4.0,,2.0,2.0,3.0,1.0,,,3.0,3.0,2.0,3.0,1.0,4.0,7.0,1.0,3.0,1.0,,,3.0,2.5,3.0
1042.0,1.0,1.0,1.0,8.0,1.0,5.0,4.0,2.0,3.0,2.0,1.0,2.0,3.0,4.0,5.0,,,,,,,,13.0,14.0,,,,5.0,,2.0,1.0,1.0,4.0,4.0,2.0,,,,,,,,2.0,,4.0,4.0,4.0,3.0,3.0,3.0,3.0,2.0,4.0,3.0,3.0,2.0,3.0,4.0,4.0,4.0,3.0,3.0,3.0,2.0,2.0,1.0,2.0,3.0,3.0,3.0,3.0,1.0,4.0,2.0,1.0,2.0,2.0,2.0,1.0,2.0,1.0,2.0,3.0,3.0,3.0,2.0,1.0,1.0,1.0,1.0,3.0,3.0,3.0,2.0,3.0,1.0,3.0,4.0,3.0,4.0,3.0,1.0,2.0,2.0,1.0,4.0,4.0,4.0,5.0,4.0,2.0,3.0,3.0,3.0,4.0,4.0,4.0,5.0,4.0,4.0,4.0,2.0,7.0,4.0,4.0,3.0,4.0,4.0,3.0,6.0,,2.0,,1.0,,,,,,,,,,,4.0,4.0,4.0,4.0,4.0,3.0,3.0,3.0,2.0,2.0,3.0,3.0,3.0,4.0,2.0,3.0,3.0,2.0,1.0,1.0,1.0,1.0,1.0,1.0,1.0,1.0,4.0,4.0,4.0,3.0,1.0,1.0,1.0,1.0,1.0,2.0,3.0,1.0,4.0,4.0,1.0,2.0,3.0,1.0,1.0,1.0,2.0,,,,6.0,,,,,,,1.0,4.0,,1.0,4.0,4.0,3.0,8.0,,,8.0,3.0,1.0,1.0,1.0,2.0,2.0,4.0,3.0,8.0,,,2.5,3.5
1043.0,1.0,1.0,1.0,8.0,1.0,4.0,4.0,3.0,4.0,4.0,1.0,2.0,3.0,,5.0,,7.0,,,,11.0,,13.0,,,,,2.0,,2.0,1.0,2.0,2.0,3.0,,,,,,,,,3.0,,2.0,3.0,3.0,3.0,2.0,2.0,2.0,1.0,4.0,2.0,2.0,2.0,2.0,3.0,3.0,4.0,4.0,4.0,4.0,3.0,3.0,3.0,1.0,3.0,3.0,3.0,3.0,3.0,4.0,3.0,2.0,2.0,2.0,3.0,2.0,2.0,2.0,1.0,2.0,2.0,2.0,2.0,2.0,4.0,2.0,2.0,3.0,3.0,4.0,3.0,3.0,3.0,1.0,3.0,3.0,3.0,3.0,3.0,4.0,3.0,2.0,4.0,3.0,3.0,4.0,3.0,2.0,3.0,3.0,3.0,4.0,3.0,3.0,4.0,4.0,4.0,4.0,2.0,9.0,5.0,4.0,4.0,4.0,4.0,4.0,2.0,,6.0,,1.0,,,,,,,,,,,4.0,4.0,5.0,4.0,3.0,3.0,2.0,2.0,4.0,3.0,3.0,4.0,3.0,4.0,3.0,3.0,2.0,2.0,1.0,1.0,1.0,1.0,1.0,2.0,1.0,1.0,4.0,4.0,4.0,4.0,4.0,4.0,4.0,3.0,3.0,2.0,3.0,2.0,4.0,2.0,1.0,3.0,3.0,3.0,1.0,,2.0,,,,,,8.0,,,,,1.0,1.0,,1.0,2.0,3.0,3.0,4.0,,,4.0,2.0,1.0,1.0,1.0,1.0,2.0,3.0,3.0,4.0,,,1.0,3.0
1044.0,1.0,1.0,1.0,8.0,1.0,5.0,4.0,4.0,4.0,4.0,1.0,2.0,3.0,4.0,,,,,,,,,,,,,,3.0,,1.0,1.0,2.0,4.0,4.0,2.0,,,,,,,,2.0,,5.0,4.0,4.0,3.0,4.0,3.0,5.0,3.0,4.0,4.0,3.0,3.0,4.0,5.0,4.0,4.0,4.0,4.0,4.0,4.0,4.0,4.0,4.0,4.0,4.0,4.0,4.0,4.0,4.0,4.0,4.0,4.0,4.0,4.0,4.0,3.0,4.0,3.0,4.0,4.0,4.0,3.0,3.0,5.0,4.0,4.0,2.0,4.0,2.0,3.0,3.0,4.0,2.0,4.0,3.0,4.0,3.0,4.0,5.0,4.0,2.0,3.0,3.0,2.0,3.0,4.0,2.0,4.0,2.0,4.0,4.0,4.0,4.0,4.0,2.0,2.0,4.0,3.0,9.0,6.0,4.0,2.0,2.0,2.0,2.0,2.0,,5.0,,,,3.0,,,,,,,,,4.0,4.0,4.0,4.0,4.0,4.0,4.0,5.0,4.0,4.0,4.0,5.0,4.0,4.0,3.0,3.0,3.0,3.0,1.0,1.0,1.0,1.0,1.0,1.0,1.0,1.0,4.0,4.0,4.0,4.0,2.0,3.0,1.0,1.0,1.0,1.0,1.0,1.0,1.0,1.0,1.0,2.0,1.0,1.0,1.0,1.0,2.0,3.0,4.0,5.0,6.0,7.0,8.0,9.0,,,,1.0,4.0,,1.0,4.0,5.0,3.0,8.0,,,8.0,3.0,1.0,1.0,1.0,2.0,2.0,5.0,3.0,8.0,,,2.5,4.0
1045.0,1.0,1.0,1.0,8.0,1.0,5.0,4.0,3.0,5.0,4.0,1.0,2.0,3.0,4.0,5.0,,,8.0,,,,,13.0,,,,,3.0,,2.0,2.0,1.0,4.0,3.0,,,,,,,,,2.0,,3.0,5.0,5.0,3.0,4.0,4.0,3.0,3.0,5.0,3.0,4.0,3.0,3.0,3.0,3.0,5.0,4.0,4.0,4.0,4.0,4.0,2.0,4.0,4.0,4.0,4.0,4.0,2.0,4.0,2.0,2.0,2.0,2.0,2.0,2.0,2.0,2.0,4.0,2.0,2.0,2.0,2.0,2.0,4.0,2.0,2.0,4.0,4.0,4.0,4.0,4.0,4.0,4.0,4.0,4.0,4.0,4.0,4.0,4.0,4.0,4.0,4.0,3.0,3.0,4.0,4.0,3.0,3.0,4.0,4.0,4.0,3.0,3.0,4.0,4.0,4.0,3.0,2.0,6.0,9.0,3.0,3.0,3.0,3.0,3.0,2.0,,4.0,,1.0,,,,,,,,,,,4.0,4.0,4.0,3.0,3.0,3.0,2.0,3.0,4.0,4.0,3.0,4.0,3.0,4.0,2.0,3.0,3.0,3.0,1.0,1.0,1.0,1.0,1.0,1.0,1.0,1.0,4.0,4.0,4.0,4.0,4.0,4.0,4.0,4.0,2.0,2.0,4.0,3.0,5.0,5.0,1.0,4.0,3.0,3.0,1.0,,2.0,,4.0,,,,,,,,,1.0,3.0,,2.0,2.0,3.0,3.0,4.0,,,4.0,2.0,1.0,1.0,1.0,1.0,2.0,3.0,3.0,4.0,,,2.0,3.0
1046.0,1.0,1.0,1.0,8.0,1.0,3.0,4.0,3.0,5.0,3.0,1.0,,3.0,,,6.0,,,,,,,,,,,,2.0,,2.0,1.0,2.0,4.0,4.0,2.0,,,,,,,,2.0,,4.0,5.0,5.0,3.0,4.0,3.0,3.0,2.0,3.0,3.0,3.0,2.0,2.0,4.0,3.0,3.0,5.0,5.0,5.0,3.0,3.0,3.0,3.0,4.0,4.0,4.0,3.0,3.0,5.0,3.0,3.0,5.0,5.0,5.0,4.0,3.0,3.0,3.0,4.0,4.0,4.0,3.0,3.0,5.0,2.0,1.0,5.0,5.0,5.0,4.0,3.0,3.0,3.0,4.0,4.0,4.0,3.0,2.0,5.0,2.0,3.0,4.0,3.0,4.0,4.0,4.0,3.0,3.0,3.0,4.0,4.0,4.0,4.0,5.0,5.0,4.0,3.0,5.0,11.0,11.0,3.0,1.0,1.0,1.0,1.0,2.0,,4.0,,1.0,,,,,,,,,,,5.0,3.0,5.0,5.0,5.0,5.0,5.0,5.0,5.0,3.0,2.0,2.0,3.0,5.0,4.0,4.0,4.0,4.0,2.0,2.0,2.0,2.0,2.0,2.0,2.0,2.0,5.0,5.0,5.0,5.0,5.0,5.0,5.0,3.0,3.0,3.0,3.0,3.0,3.0,3.0,3.0,5.0,1.0,1.0,1.0,1.0,2.0,3.0,,,,,,,,,,1.0,1.0,,1.0,4.0,5.0,3.0,5.0,,,5.0,3.0,1.0,1.0,1.0,2.0,2.0,5.0,3.0,5.0,,,1.0,5.0
1047.0,1.0,1.0,1.0,8.0,1.0,5.0,5.0,5.0,4.0,4.0,1.0,2.0,3.0,4.0,5.0,,,,,10.0,11.0,12.0,13.0,14.0,,,,5.0,,2.0,1.0,2.0,3.0,3.0,,,,,,,,,1.0,,4.0,4.0,4.0,4.0,2.0,4.0,4.0,4.0,2.0,2.0,4.0,5.0,4.0,4.0,2.0,3.0,4.0,4.0,4.0,4.0,4.0,4.0,4.0,4.0,4.0,4.0,4.0,4.0,5.0,1.0,1.0,4.0,4.0,4.0,2.0,4.0,2.0,4.0,4.0,4.0,4.0,4.0,4.0,5.0,2.0,2.0,4.0,4.0,4.0,2.0,4.0,2.0,4.0,4.0,4.0,4.0,4.0,4.0,5.0,2.0,2.0,4.0,4.0,3.0,5.0,1.0,1.0,4.0,1.0,5.0,4.0,4.0,4.0,4.0,2.0,2.0,4.0,3.0,3.0,3.0,5.0,4.0,4.0,2.0,2.0,4.0,,5.0,,1.0,2.0,3.0,,,,,,,,,4.0,4.0,3.0,4.0,4.0,3.0,2.0,3.0,5.0,3.0,4.0,4.0,4.0,4.0,4.0,4.0,4.0,4.0,1.0,1.0,1.0,1.0,1.0,1.0,1.0,1.0,4.0,4.0,4.0,4.0,4.0,1.0,1.0,1.0,1.0,4.0,4.0,4.0,4.0,4.0,1.0,4.0,3.0,3.0,3.0,1.0,2.0,3.0,4.0,5.0,6.0,7.0,8.0,9.0,,,,1.0,5.0,,1.0,2.0,2.0,2.0,4.0,,,4.0,2.0,1.0,1.0,1.0,1.0,2.0,2.0,2.0,4.0,,,3.0,3.5
1048.0,1.0,1.0,1.0,8.0,1.0,5.0,3.0,1.0,2.0,2.0,1.0,,,,,,,,,,,,13.0,,,,,3.0,,1.0,1.0,2.0,2.0,1.0,2.0,,,,,,,,2.0,,3.0,3.0,4.0,4.0,4.0,4.0,4.0,2.0,4.0,4.0,4.0,3.0,4.0,4.0,4.0,4.0,2.0,4.0,4.0,1.0,4.0,1.0,3.0,3.0,4.0,4.0,2.0,2.0,2.0,1.0,2.0,2.0,2.0,2.0,2.0,2.0,2.0,2.0,2.0,2.0,2.0,2.0,2.0,3.0,2.0,2.0,2.0,4.0,3.0,2.0,2.0,2.0,4.0,4.0,3.0,2.0,3.0,2.0,3.0,2.0,2.0,3.0,3.0,4.0,4.0,2.0,1.0,1.0,1.0,4.0,4.0,3.0,5.0,4.0,4.0,4.0,3.0,1.0,1.0,1.0,5.0,4.0,4.0,5.0,4.0,5.0,,6.0,,,,3.0,,,,,,,,,3.0,3.0,2.0,2.0,2.0,2.0,2.0,3.0,2.0,2.0,3.0,3.0,2.0,3.0,2.0,2.0,2.0,2.0,1.0,1.0,1.0,1.0,1.0,1.0,1.0,1.0,3.0,2.0,2.0,2.0,2.0,4.0,2.0,3.0,1.0,1.0,1.0,2.0,4.0,1.0,1.0,2.0,3.0,3.0,3.0,,,,,,,,,,,9997.0,모름,1.0,5.0,,1.0,3.0,4.0,9997.0,5.0,,,5.0,3.0,1.0,1.0,1.0,2.0,2.0,4.0,4.0,5.0,,,3.0,2.0
1049.0,1.0,1.0,1.0,1.0,1.0,5.0,5.0,5.0,5.0,5.0,1.0,2.0,3.0,4.0,5.0,,7.0,,,,11.0,,13.0,14.0,,,,5.0,,1.0,1.0,2.0,4.0,5.0,2.0,,,,,,,,2.0,,3.0,5.0,5.0,4.0,4.0,4.0,5.0,3.0,5.0,4.0,4.0,3.0,4.0,5.0,5.0,5.0,5.0,5.0,4.0,4.0,4.0,4.0,4.0,5.0,5.0,5.0,5.0,4.0,5.0,4.0,4.0,4.0,4.0,4.0,4.0,4.0,4.0,4.0,5.0,5.0,5.0,4.0,5.0,5.0,5.0,4.0,5.0,5.0,4.0,4.0,5.0,4.0,4.0,5.0,5.0,5.0,4.0,5.0,5.0,5.0,4.0,3.0,3.0,4.0,4.0,4.0,2.0,3.0,3.0,3.0,3.0,3.0,4.0,4.0,3.0,3.0,4.0,4.0,10.0,10.0,5.0,4.0,4.0,4.0,3.0,4.0,,6.0,,,,3.0,,,,,,,,,4.0,4.0,4.0,4.0,4.0,4.0,4.0,5.0,5.0,4.0,4.0,4.0,4.0,4.0,3.0,3.0,3.0,3.0,1.0,1.0,1.0,1.0,1.0,1.0,1.0,1.0,4.0,4.0,4.0,4.0,4.0,4.0,2.0,1.0,1.0,1.0,1.0,1.0,4.0,1.0,4.0,4.0,1.0,1.0,1.0,,2.0,,,,,,,,,,,1.0,5.0,,1.0,4.0,5.0,3.0,7.0,,,7.0,3.0,1.0,1.0,1.0,2.0,1.0,5.0,3.0,7.0,,,3.0,4.0
1050.0,1.0,1.0,1.0,8.0,1.0,4.0,3.0,3.0,2.0,2.0,,,,4.0,,,,,,,,,,,,,,3.0,,1.0,1.0,2.0,2.0,2.0,,,,,,,,,3.0,,3.0,4.0,3.0,4.0,3.0,3.0,4.0,3.0,3.0,3.0,2.0,4.0,4.0,3.0,4.0,5.0,3.0,3.0,3.0,3.0,3.0,3.0,3.0,3.0,3.0,2.0,3.0,2.0,3.0,3.0,3.0,3.0,3.0,4.0,4.0,3.0,2.0,2.0,4.0,3.0,3.0,2.0,4.0,3.0,4.0,2.0,3.0,2.0,2.0,3.0,3.0,2.0,3.0,2.0,3.0,2.0,2.0,2.0,3.0,2.0,2.0,3.0,2.0,1.0,4.0,2.0,2.0,4.0,1.0,3.0,3.0,5.0,2.0,5.0,4.0,4.0,3.0,4.0,4.0,4.0,4.0,5.0,5.0,4.0,5.0,6.0,,6.0,,,,,,5.0,,,,,,,4.0,3.0,2.0,3.0,2.0,4.0,3.0,2.0,4.0,2.0,2.0,2.0,2.0,4.0,4.0,3.0,2.0,1.0,1.0,1.0,1.0,1.0,1.0,2.0,2.0,1.0,2.0,3.0,2.0,3.0,1.0,1.0,1.0,1.0,1.0,1.0,1.0,3.0,1.0,1.0,1.0,2.0,1.0,1.0,1.0,,2.0,,4.0,,,,,,,,,1.0,3.0,,1.0,2.0,3.0,2.0,3.0,,,3.0,2.0,1.0,1.0,1.0,1.0,2.0,3.0,2.0,3.0,,,2.0,3.0
1051.0,1.0,1.0,1.0,8.0,1.0,4.0,5.0,4.0,5.0,5.0,1.0,2.0,3.0,4.0,5.0,,,,,,,,,,,,,5.0,,2.0,1.0,1.0,4.0,3.0,,,,,,,,,2.0,,3.0,4.0,3.0,2.0,3.0,3.0,3.0,2.0,4.0,4.0,4.0,3.0,4.0,4.0,4.0,4.0,3.0,3.0,3.0,3.0,3.0,3.0,3.0,3.0,3.0,3.0,3.0,3.0,3.0,3.0,1.0,2.0,2.0,2.0,2.0,2.0,2.0,2.0,2.0,2.0,2.0,2.0,2.0,2.0,2.0,2.0,4.0,4.0,4.0,4.0,4.0,4.0,4.0,4.0,4.0,4.0,4.0,2.0,4.0,4.0,1.0,4.0,4.0,4.0,4.0,4.0,3.0,3.0,3.0,3.0,4.0,3.0,3.0,4.0,3.0,3.0,3.0,2.0,10.0,2.0,2.0,4.0,5.0,5.0,5.0,6.0,,6.0,,1.0,,,,,,,,,,,3.0,4.0,4.0,1.0,1.0,4.0,2.0,3.0,4.0,4.0,3.0,4.0,3.0,4.0,3.0,2.0,3.0,3.0,1.0,1.0,1.0,1.0,1.0,1.0,1.0,1.0,4.0,4.0,4.0,4.0,4.0,4.0,1.0,4.0,1.0,1.0,3.0,3.0,4.0,4.0,1.0,4.0,3.0,3.0,1.0,,2.0,,,,,,,,,,,2.0,2.0,,2.0,4.0,5.0,1.0,5.0,,,5.0,3.0,1.0,1.0,1.0,2.0,2.0,5.0,1.0,5.0,,,2.0,2.5
1052.0,1.0,1.0,1.0,8.0,1.0,5.0,4.0,3.0,4.0,4.0,1.0,,3.0,,,,,,,,,,,,,,,5.0,,1.0,1.0,2.0,3.0,4.0,,,,,,,,,3.0,,4.0,3.0,3.0,5.0,3.0,3.0,4.0,3.0,4.0,3.0,3.0,3.0,4.0,5.0,4.0,4.0,3.0,3.0,5.0,3.0,3.0,4.0,3.0,4.0,3.0,3.0,3.0,4.0,5.0,3.0,4.0,3.0,3.0,5.0,3.0,3.0,4.0,3.0,4.0,3.0,3.0,3.0,4.0,5.0,3.0,4.0,3.0,3.0,5.0,3.0,3.0,4.0,3.0,4.0,3.0,3.0,3.0,4.0,5.0,3.0,4.0,4.0,3.0,4.0,4.0,4.0,2.0,4.0,3.0,2.0,3.0,3.0,3.0,5.0,5.0,5.0,3.0,2.0,9.0,9.0,3.0,4.0,4.0,4.0,4.0,6.0,,6.0,,1.0,,,,,,,,,,,4.0,4.0,4.0,3.0,3.0,2.0,2.0,2.0,2.0,2.0,2.0,2.0,2.0,3.0,3.0,3.0,2.0,2.0,1.0,1.0,1.0,1.0,1.0,1.0,1.0,1.0,4.0,4.0,4.0,4.0,4.0,4.0,4.0,2.0,2.0,4.0,4.0,4.0,4.0,2.0,2.0,4.0,1.0,1.0,1.0,1.0,,,,,6.0,,8.0,,,,,1.0,3.0,,1.0,3.0,4.0,3.0,4.0,,,4.0,2.0,1.0,1.0,1.0,1.0,2.0,4.0,3.0,4.0,,,2.0,2.5
1053.0,1.0,1.0,1.0,8.0,1.0,4.0,4.0,2.0,2.0,3.0,,,,,,,7.0,,,,,,,,,,,2.0,,2.0,1.0,2.0,3.0,4.0,,,,,,,,,3.0,,4.0,3.0,3.0,3.0,3.0,3.0,4.0,2.0,4.0,4.0,2.0,2.0,3.0,3.0,3.0,4.0,3.0,3.0,3.0,2.0,4.0,2.0,2.0,3.0,4.0,2.0,3.0,2.0,4.0,4.0,2.0,3.0,3.0,4.0,3.0,4.0,2.0,2.0,3.0,4.0,3.0,3.0,2.0,4.0,3.0,2.0,2.0,2.0,3.0,2.0,3.0,2.0,2.0,3.0,3.0,3.0,3.0,3.0,4.0,3.0,2.0,3.0,2.0,3.0,4.0,4.0,2.0,2.0,3.0,2.0,4.0,4.0,4.0,5.0,4.0,4.0,4.0,3.0,10.0,6.0,4.0,2.0,2.0,1.0,1.0,2.0,,6.0,,1.0,,,,,,,,,,,4.0,4.0,4.0,4.0,4.0,4.0,4.0,4.0,4.0,4.0,4.0,4.0,4.0,4.0,2.0,3.0,3.0,3.0,1.0,1.0,1.0,1.0,1.0,1.0,1.0,1.0,4.0,4.0,4.0,4.0,4.0,3.0,4.0,2.0,2.0,3.0,3.0,3.0,4.0,3.0,2.0,3.0,3.0,3.0,1.0,,,,,,6.0,,,,,,,1.0,4.0,,1.0,4.0,5.0,3.0,5.0,,,5.0,3.0,1.0,1.0,1.0,2.0,2.0,5.0,3.0,5.0,,,2.5,4.0
1054.0,1.0,1.0,1.0,8.0,1.0,5.0,4.0,3.0,4.0,4.0,1.0,2.0,3.0,4.0,5.0,6.0,7.0,,,,,,13.0,,,,,3.0,,1.0,1.0,1.0,4.0,4.0,2.0,,,,,,,,2.0,,4.0,4.0,4.0,3.0,4.0,3.0,4.0,3.0,4.0,3.0,3.0,2.0,3.0,3.0,3.0,4.0,4.0,4.0,4.0,4.0,4.0,4.0,4.0,4.0,4.0,4.0,4.0,4.0,5.0,4.0,3.0,4.0,5.0,4.0,5.0,5.0,4.0,5.0,5.0,5.0,5.0,3.0,4.0,4.0,4.0,3.0,5.0,5.0,5.0,5.0,5.0,5.0,5.0,5.0,5.0,5.0,4.0,5.0,5.0,5.0,4.0,4.0,4.0,2.0,4.0,3.0,2.0,4.0,3.0,4.0,3.0,3.0,4.0,4.0,4.0,4.0,4.0,3.0,7.0,7.0,5.0,4.0,4.0,2.0,2.0,2.0,,6.0,,1.0,,3.0,,,,,,,,,4.0,4.0,4.0,4.0,4.0,4.0,3.0,5.0,5.0,4.0,4.0,4.0,4.0,4.0,3.0,3.0,3.0,3.0,1.0,1.0,1.0,1.0,1.0,1.0,1.0,1.0,4.0,4.0,4.0,4.0,4.0,4.0,3.0,2.0,2.0,3.0,3.0,3.0,4.0,3.0,1.0,4.0,1.0,1.0,1.0,1.0,2.0,3.0,4.0,5.0,6.0,7.0,8.0,9.0,,,,1.0,4.0,,1.0,3.0,3.0,3.0,6.0,,,6.0,3.0,1.0,1.0,1.0,2.0,2.0,3.0,3.0,6.0,,,2.5,4.0
1055.0,1.0,1.0,1.0,8.0,1.0,4.0,5.0,5.0,4.0,5.0,1.0,,3.0,,,,,,,,,,,,,,,1.0,,2.0,1.0,2.0,2.0,2.0,,,,,,,,,2.0,,4.0,3.0,3.0,3.0,3.0,2.0,4.0,2.0,3.0,3.0,2.0,2.0,3.0,3.0,4.0,4.0,4.0,4.0,4.0,4.0,4.0,4.0,4.0,4.0,4.0,4.0,4.0,4.0,5.0,4.0,1.0,5.0,5.0,4.0,4.0,3.0,4.0,4.0,4.0,4.0,4.0,4.0,4.0,5.0,4.0,2.0,4.0,4.0,4.0,4.0,3.0,3.0,5.0,3.0,4.0,3.0,4.0,5.0,5.0,4.0,3.0,4.0,4.0,3.0,3.0,4.0,4.0,4.0,4.0,3.0,4.0,4.0,4.0,3.0,3.0,2.0,4.0,1.0,10.0,9.0,3.0,4.0,4.0,2.0,2.0,9997.0,개인정보 수집 공유 프로그램 부족(메일로,4.0,,1.0,,,,,,,,,,,4.0,4.0,4.0,4.0,3.0,3.0,3.0,3.0,4.0,3.0,2.0,3.0,3.0,4.0,3.0,2.0,3.0,3.0,1.0,1.0,1.0,1.0,2.0,2.0,1.0,1.0,4.0,4.0,5.0,3.0,3.0,2.0,4.0,3.0,2.0,4.0,4.0,5.0,5.0,4.0,2.0,4.0,3.0,3.0,1.0,,2.0,,4.0,,,,,,,,,1.0,3.0,,2.0,1.0,2.0,3.0,5.0,,,5.0,3.0,1.0,1.0,1.0,2.0,2.0,2.0,3.0,5.0,,,2.0,3.0
1056.0,1.0,1.0,1.0,8.0,1.0,5.0,4.0,4.0,5.0,5.0,1.0,2.0,3.0,4.0,5.0,,7.0,,,,,,,,,,,5.0,,2.0,1.0,2.0,4.0,4.0,,,,,,,,,2.0,,4.0,2.0,2.0,3.0,2.0,3.0,2.0,2.0,2.0,2.0,2.0,3.0,2.0,2.0,2.0,2.0,4.0,4.0,4.0,4.0,4.0,4.0,4.0,4.0,4.0,4.0,4.0,4.0,4.0,4.0,4.0,4.0,4.0,4.0,4.0,4.0,4.0,4.0,4.0,4.0,4.0,4.0,4.0,4.0,4.0,4.0,4.0,4.0,4.0,4.0,4.0,4.0,4.0,4.0,4.0,4.0,4.0,4.0,4.0,4.0,4.0,3.0,3.0,2.0,4.0,3.0,1.0,3.0,2.0,4.0,4.0,3.0,4.0,4.0,4.0,4.0,3.0,1.0,9.0,9.0,3.0,2.0,2.0,2.0,2.0,1.0,,3.0,,1.0,,,,,,,,,,,4.0,4.0,4.0,3.0,4.0,4.0,4.0,4.0,4.0,4.0,4.0,4.0,4.0,4.0,2.0,2.0,2.0,2.0,1.0,1.0,1.0,1.0,1.0,1.0,1.0,1.0,4.0,4.0,3.0,4.0,2.0,4.0,4.0,2.0,3.0,3.0,3.0,4.0,4.0,4.0,4.0,4.0,3.0,3.0,3.0,,2.0,,,5.0,,,,9.0,,,,1.0,3.0,,1.0,3.0,4.0,9997.0,5.0,,,5.0,3.0,1.0,1.0,1.0,2.0,2.0,4.0,4.0,5.0,,,2.0,4.0
1057.0,1.0,1.0,1.0,8.0,1.0,5.0,4.0,3.0,5.0,5.0,1.0,2.0,3.0,,5.0,6.0,,,,,,,13.0,,,,,5.0,,2.0,2.0,1.0,2.0,4.0,2.0,,,,,,,,2.0,,4.0,4.0,2.0,2.0,2.0,2.0,2.0,1.0,4.0,2.0,2.0,2.0,2.0,2.0,2.0,2.0,5.0,4.0,4.0,2.0,4.0,2.0,2.0,4.0,3.0,4.0,3.0,2.0,4.0,2.0,2.0,5.0,4.0,4.0,2.0,4.0,3.0,2.0,4.0,3.0,3.0,4.0,2.0,3.0,2.0,2.0,5.0,5.0,5.0,3.0,4.0,2.0,2.0,4.0,4.0,4.0,3.0,2.0,2.0,2.0,2.0,5.0,3.0,2.0,5.0,5.0,2.0,3.0,2.0,4.0,5.0,3.0,4.0,4.0,4.0,4.0,4.0,2.0,10.0,11.0,4.0,2.0,2.0,2.0,2.0,7.0,,6.0,,1.0,,,,,,,,,,,4.0,4.0,4.0,4.0,4.0,3.0,2.0,4.0,4.0,3.0,3.0,4.0,3.0,4.0,3.0,2.0,2.0,1.0,1.0,1.0,1.0,1.0,1.0,1.0,1.0,1.0,4.0,4.0,4.0,4.0,4.0,4.0,3.0,3.0,3.0,3.0,2.0,2.0,4.0,2.0,2.0,4.0,3.0,3.0,3.0,,,3.0,,,6.0,,,,,,,1.0,4.0,,1.0,4.0,5.0,3.0,6.0,,,6.0,3.0,1.0,1.0,1.0,2.0,2.0,5.0,3.0,6.0,,,2.5,3.5
1058.0,1.0,1.0,1.0,8.0,1.0,4.0,5.0,5.0,3.0,4.0,1.0,2.0,3.0,4.0,5.0,,,,,10.0,,12.0,13.0,14.0,,,,5.0,,1.0,1.0,1.0,2.0,3.0,,,,,,,,,2.0,,1.0,3.0,3.0,4.0,4.0,3.0,4.0,3.0,5.0,4.0,4.0,3.0,4.0,5.0,3.0,3.0,4.0,4.0,4.0,4.0,4.0,4.0,4.0,4.0,4.0,4.0,4.0,4.0,4.0,4.0,4.0,5.0,4.0,4.0,4.0,4.0,4.0,3.0,4.0,5.0,5.0,3.0,4.0,5.0,3.0,3.0,5.0,5.0,4.0,4.0,4.0,4.0,3.0,5.0,5.0,5.0,3.0,3.0,5.0,3.0,3.0,4.0,4.0,4.0,3.0,4.0,3.0,4.0,3.0,3.0,3.0,4.0,4.0,4.0,4.0,4.0,4.0,2.0,6.0,6.0,4.0,4.0,4.0,4.0,4.0,6.0,,5.0,,1.0,,,,,,,,,,,4.0,4.0,4.0,4.0,4.0,4.0,2.0,3.0,3.0,2.0,1.0,3.0,3.0,4.0,3.0,3.0,3.0,3.0,1.0,1.0,1.0,1.0,1.0,1.0,1.0,1.0,4.0,4.0,3.0,3.0,2.0,2.0,3.0,1.0,1.0,3.0,1.0,2.0,4.0,2.0,2.0,4.0,3.0,3.0,3.0,,,,,,6.0,,,,,,,1.0,3.0,,2.0,4.0,5.0,2.0,5.0,,,5.0,3.0,1.0,1.0,1.0,2.0,2.0,5.0,2.0,5.0,,,2.0,4.0
1059.0,1.0,1.0,1.0,8.0,1.0,5.0,5.0,3.0,3.0,3.0,1.0,2.0,3.0,4.0,,,,,,,,,,,,,,1.0,,2.0,1.0,2.0,3.0,3.0,2.0,,,,,,,,3.0,,5.0,2.0,2.0,2.0,2.0,2.0,2.0,2.0,2.0,2.0,2.0,2.0,2.0,2.0,2.0,2.0,2.0,2.0,2.0,2.0,3.0,2.0,2.0,2.0,2.0,2.0,2.0,2.0,2.0,2.0,2.0,3.0,3.0,3.0,4.0,3.0,2.0,2.0,3.0,3.0,3.0,3.0,3.0,3.0,3.0,3.0,4.0,3.0,4.0,3.0,3.0,4.0,3.0,4.0,3.0,4.0,3.0,4.0,3.0,4.0,3.0,4.0,4.0,4.0,5.0,4.0,2.0,4.0,3.0,4.0,4.0,2.0,4.0,4.0,4.0,4.0,4.0,1.0,10.0,10.0,3.0,3.0,4.0,3.0,4.0,6.0,,2.0,,,,3.0,,,,,,,,,3.0,4.0,3.0,4.0,4.0,3.0,4.0,4.0,4.0,3.0,3.0,3.0,3.0,4.0,3.0,2.0,2.0,2.0,1.0,1.0,1.0,1.0,1.0,1.0,1.0,1.0,3.0,4.0,3.0,4.0,3.0,4.0,3.0,4.0,3.0,4.0,3.0,4.0,3.0,4.0,3.0,3.0,1.0,1.0,1.0,,,,4.0,5.0,,,,,,,,1.0,3.0,,1.0,2.0,3.0,3.0,4.0,,,4.0,2.0,1.0,1.0,1.0,1.0,2.0,3.0,3.0,4.0,,,2.0,3.5
1060.0,1.0,1.0,1.0,8.0,1.0,5.0,1.0,1.0,4.0,4.0,1.0,2.0,3.0,,,,,,,,,,,,,,,3.0,,1.0,1.0,2.0,4.0,4.0,2.0,,,,,,,,4.0,,4.0,4.0,4.0,3.0,2.0,3.0,3.0,2.0,4.0,3.0,3.0,2.0,3.0,3.0,3.0,3.0,4.0,4.0,4.0,4.0,4.0,3.0,3.0,4.0,4.0,4.0,3.0,3.0,4.0,2.0,2.0,4.0,4.0,4.0,4.0,4.0,4.0,4.0,4.0,4.0,4.0,3.0,3.0,4.0,2.0,3.0,4.0,4.0,4.0,4.0,4.0,5.0,5.0,5.0,5.0,5.0,3.0,3.0,3.0,3.0,2.0,5.0,4.0,4.0,4.0,4.0,2.0,3.0,2.0,4.0,3.0,2.0,4.0,5.0,5.0,5.0,5.0,3.0,4.0,4.0,2.0,4.0,3.0,4.0,1.0,1.0,,5.0,,1.0,,,,,,,,,,,4.0,4.0,4.0,4.0,4.0,4.0,4.0,4.0,4.0,4.0,4.0,4.0,4.0,4.0,3.0,3.0,3.0,2.0,1.0,1.0,1.0,1.0,1.0,1.0,1.0,1.0,4.0,4.0,4.0,2.0,2.0,2.0,3.0,2.0,2.0,2.0,2.0,4.0,4.0,2.0,2.0,2.0,1.0,1.0,1.0,,,,,,6.0,,8.0,9.0,,,,1.0,3.0,,2.0,2.0,4.0,3.0,4.0,,,4.0,2.0,1.0,1.0,1.0,1.0,2.0,4.0,3.0,4.0,,,2.0,4.0
1061.0,1.0,1.0,1.0,8.0,1.0,4.0,4.0,4.0,3.0,4.0,,,,,5.0,,,,,,,,13.0,,,,,2.0,,1.0,1.0,2.0,3.0,2.0,2.0,,,,,,,,2.0,,4.0,4.0,4.0,3.0,3.0,4.0,3.0,3.0,4.0,3.0,3.0,2.0,3.0,4.0,3.0,2.0,2.0,2.0,2.0,2.0,2.0,2.0,2.0,3.0,3.0,3.0,3.0,3.0,4.0,3.0,2.0,3.0,3.0,3.0,3.0,3.0,3.0,3.0,3.0,3.0,3.0,3.0,3.0,4.0,3.0,3.0,2.0,3.0,3.0,4.0,4.0,4.0,4.0,4.0,3.0,4.0,4.0,3.0,4.0,3.0,2.0,4.0,3.0,3.0,4.0,4.0,2.0,4.0,3.0,3.0,3.0,4.0,3.0,5.0,4.0,4.0,3.0,4.0,6.0,6.0,4.0,4.0,4.0,4.0,4.0,4.0,,5.0,,,,3.0,,,,,,,,,3.0,3.0,4.0,3.0,3.0,3.0,2.0,2.0,3.0,2.0,4.0,4.0,4.0,3.0,3.0,3.0,2.0,3.0,1.0,1.0,1.0,1.0,1.0,1.0,1.0,1.0,2.0,3.0,1.0,1.0,1.0,1.0,1.0,1.0,1.0,1.0,1.0,1.0,3.0,2.0,2.0,3.0,1.0,1.0,1.0,1.0,,,,,,,,,,,,1.0,4.0,,1.0,3.0,4.0,1.0,4.0,,,4.0,2.0,1.0,1.0,1.0,1.0,2.0,4.0,1.0,4.0,,,2.5,3.0
1062.0,1.0,1.0,1.0,8.0,1.0,4.0,5.0,5.0,5.0,4.0,1.0,,3.0,,5.0,,,,,,,,,,,9997.0,시설물정보,3.0,,2.0,1.0,2.0,2.0,1.0,2.0,,,,,,,,1.0,,4.0,5.0,3.0,2.0,2.0,3.0,4.0,2.0,3.0,3.0,2.0,1.0,2.0,2.0,3.0,5.0,3.0,4.0,4.0,3.0,5.0,2.0,4.0,5.0,4.0,4.0,4.0,3.0,5.0,4.0,2.0,1.0,1.0,1.0,1.0,1.0,1.0,1.0,1.0,1.0,1.0,1.0,1.0,1.0,1.0,1.0,4.0,4.0,5.0,3.0,4.0,3.0,4.0,5.0,3.0,3.0,3.0,3.0,3.0,4.0,3.0,4.0,3.0,3.0,4.0,2.0,1.0,3.0,3.0,4.0,4.0,4.0,4.0,4.0,4.0,3.0,4.0,4.0,8.0,7.0,3.0,5.0,5.0,4.0,5.0,9997.0,개인정보의 시스템적 관리 기술 부재,6.0,,1.0,,,,,,,,,,,3.0,3.0,4.0,2.0,2.0,3.0,1.0,2.0,3.0,2.0,2.0,3.0,2.0,3.0,2.0,1.0,1.0,1.0,1.0,1.0,1.0,1.0,1.0,2.0,1.0,1.0,3.0,2.0,3.0,3.0,3.0,3.0,1.0,1.0,1.0,1.0,1.0,2.0,3.0,3.0,1.0,3.0,1.0,1.0,1.0,,,,,,,,,,,9997.0,모름,1.0,3.0,,1.0,2.0,4.0,9997.0,4.0,,,4.0,2.0,1.0,1.0,1.0,1.0,2.0,4.0,4.0,4.0,,,2.0,2.5
1063.0,1.0,1.0,1.0,8.0,1.0,4.0,4.0,4.0,4.0,4.0,1.0,,3.0,4.0,5.0,,,,,,,,13.0,14.0,,,,3.0,,1.0,1.0,1.0,3.0,4.0,2.0,,,,,,,,2.0,,4.0,3.0,3.0,4.0,2.0,4.0,4.0,2.0,3.0,3.0,3.0,3.0,3.0,4.0,3.0,4.0,5.0,5.0,5.0,4.0,5.0,3.0,5.0,5.0,5.0,5.0,4.0,3.0,2.0,1.0,1.0,4.0,4.0,4.0,2.0,3.0,2.0,3.0,3.0,3.0,2.0,2.0,2.0,2.0,2.0,2.0,4.0,5.0,4.0,2.0,5.0,2.0,5.0,3.0,4.0,5.0,2.0,2.0,4.0,3.0,1.0,4.0,2.0,2.0,4.0,3.0,3.0,3.0,3.0,4.0,4.0,3.0,4.0,5.0,3.0,4.0,3.0,4.0,9.0,10.0,3.0,4.0,3.0,2.0,2.0,4.0,,5.0,,,2.0,,,,,,,,,,4.0,3.0,4.0,4.0,3.0,5.0,4.0,4.0,5.0,3.0,3.0,4.0,3.0,3.0,3.0,3.0,3.0,3.0,1.0,1.0,1.0,1.0,1.0,1.0,1.0,1.0,3.0,2.0,4.0,4.0,3.0,2.0,2.0,2.0,2.0,4.0,3.0,2.0,5.0,3.0,1.0,3.0,1.0,1.0,1.0,,,,,,6.0,,8.0,,,,,1.0,3.0,,1.0,3.0,3.0,3.0,4.0,,,4.0,2.0,1.0,1.0,1.0,1.0,2.0,3.0,3.0,4.0,,,2.0,4.0
1064.0,1.0,1.0,1.0,8.0,1.0,3.0,3.0,3.0,4.0,4.0,1.0,2.0,3.0,4.0,5.0,,,,,,,,,,,,,5.0,,2.0,1.0,1.0,2.0,5.0,2.0,,,,,,,,3.0,,4.0,3.0,3.0,4.0,3.0,4.0,3.0,3.0,4.0,4.0,4.0,3.0,3.0,3.0,3.0,3.0,1.0,1.0,1.0,1.0,1.0,1.0,1.0,4.0,4.0,4.0,4.0,2.0,4.0,2.0,1.0,1.0,1.0,1.0,1.0,1.0,1.0,1.0,1.0,1.0,1.0,1.0,1.0,1.0,1.0,1.0,2.0,2.0,2.0,2.0,2.0,2.0,2.0,2.0,2.0,2.0,2.0,2.0,4.0,2.0,2.0,4.0,4.0,4.0,4.0,3.0,2.0,4.0,3.0,2.0,2.0,3.0,4.0,3.0,4.0,3.0,3.0,1.0,11.0,11.0,3.0,2.0,2.0,2.0,3.0,7.0,,6.0,,1.0,,,,,,,,,,,2.0,4.0,4.0,4.0,4.0,3.0,2.0,4.0,4.0,2.0,3.0,3.0,3.0,4.0,2.0,2.0,2.0,2.0,1.0,1.0,1.0,1.0,1.0,1.0,2.0,2.0,4.0,4.0,4.0,4.0,2.0,4.0,4.0,2.0,2.0,4.0,2.0,4.0,2.0,2.0,2.0,4.0,3.0,3.0,3.0,,2.0,3.0,,5.0,,,,,,,,1.0,3.0,,1.0,3.0,5.0,3.0,6.0,,,6.0,3.0,1.0,1.0,1.0,2.0,2.0,5.0,3.0,6.0,,,2.0,3.5
1065.0,2.0,1.0,1.0,8.0,3.0,5.0,5.0,5.0,5.0,5.0,1.0,2.0,3.0,4.0,5.0,,,,,,11.0,12.0,13.0,,,,,1.0,,1.0,1.0,2.0,4.0,2.0,2.0,,,,,,,,2.0,,4.0,4.0,3.0,1.0,2.0,2.0,4.0,1.0,3.0,2.0,1.0,1.0,2.0,4.0,3.0,4.0,3.0,3.0,3.0,3.0,3.0,3.0,3.0,5.0,5.0,5.0,3.0,3.0,5.0,3.0,3.0,3.0,3.0,3.0,3.0,3.0,3.0,3.0,5.0,5.0,5.0,3.0,3.0,3.0,3.0,3.0,3.0,3.0,3.0,3.0,3.0,3.0,3.0,5.0,5.0,5.0,5.0,3.0,5.0,3.0,3.0,5.0,3.0,4.0,5.0,4.0,3.0,4.0,3.0,5.0,5.0,5.0,5.0,5.0,5.0,5.0,5.0,1.0,6.0,11.0,5.0,4.0,4.0,4.0,4.0,6.0,,5.0,,,,3.0,,,,,,,,,3.0,3.0,3.0,3.0,3.0,3.0,3.0,3.0,3.0,3.0,3.0,3.0,3.0,3.0,3.0,3.0,3.0,2.0,1.0,1.0,1.0,2.0,1.0,2.0,1.0,2.0,4.0,4.0,4.0,4.0,4.0,4.0,2.0,1.0,1.0,1.0,1.0,1.0,4.0,1.0,1.0,4.0,1.0,1.0,1.0,1.0,2.0,3.0,4.0,5.0,6.0,7.0,8.0,9.0,,,,1.0,6.0,,1.0,3.0,4.0,3.0,,6.0,,6.0,3.0,2.0,1.0,3.0,6.0,2.0,4.0,3.0,,6.0,,3.5,3.0
1066.0,1.0,1.0,1.0,8.0,1.0,5.0,5.0,5.0,5.0,5.0,1.0,2.0,3.0,4.0,5.0,,7.0,8.0,,,11.0,,13.0,,,,,2.0,,2.0,1.0,2.0,3.0,2.0,2.0,,,,,,,,2.0,,4.0,4.0,4.0,1.0,3.0,4.0,4.0,1.0,2.0,3.0,2.0,1.0,2.0,2.0,2.0,4.0,4.0,5.0,4.0,5.0,5.0,1.0,4.0,4.0,4.0,4.0,4.0,4.0,4.0,4.0,2.0,5.0,5.0,4.0,4.0,4.0,4.0,4.0,5.0,5.0,5.0,3.0,2.0,5.0,2.0,2.0,5.0,5.0,5.0,5.0,5.0,5.0,5.0,5.0,5.0,5.0,5.0,5.0,5.0,5.0,5.0,2.0,4.0,4.0,5.0,2.0,1.0,5.0,1.0,5.0,5.0,3.0,3.0,5.0,4.0,2.0,3.0,1.0,11.0,11.0,4.0,2.0,1.0,1.0,1.0,2.0,,3.0,,1.0,,,,,,,,,,,4.0,4.0,5.0,3.0,5.0,5.0,5.0,5.0,5.0,5.0,3.0,5.0,5.0,3.0,4.0,4.0,2.0,2.0,1.0,1.0,1.0,1.0,1.0,1.0,1.0,1.0,5.0,5.0,5.0,5.0,5.0,5.0,5.0,4.0,2.0,5.0,4.0,5.0,5.0,3.0,1.0,5.0,1.0,1.0,1.0,,,,4.0,,,,8.0,,,,,1.0,6.0,,1.0,2.0,2.0,3.0,5.0,,,5.0,3.0,1.0,1.0,1.0,2.0,2.0,2.0,3.0,5.0,,,3.5,5.0
1067.0,2.0,1.0,1.0,8.0,3.0,5.0,5.0,4.0,5.0,4.0,1.0,2.0,3.0,4.0,5.0,,,,,,,12.0,13.0,,,,,3.0,,1.0,1.0,2.0,4.0,4.0,2.0,,,,,,,,1.0,,4.0,3.0,3.0,3.0,3.0,2.0,4.0,2.0,4.0,2.0,3.0,2.0,4.0,4.0,3.0,4.0,4.0,4.0,4.0,4.0,4.0,4.0,3.0,5.0,4.0,4.0,4.0,4.0,5.0,4.0,3.0,3.0,4.0,3.0,3.0,3.0,3.0,3.0,4.0,4.0,4.0,4.0,4.0,4.0,3.0,3.0,3.0,4.0,4.0,3.0,3.0,3.0,3.0,4.0,4.0,4.0,4.0,3.0,4.0,3.0,3.0,4.0,2.0,2.0,2.0,4.0,1.0,3.0,2.0,4.0,4.0,4.0,4.0,4.0,4.0,3.0,5.0,1.0,6.0,3.0,3.0,2.0,4.0,4.0,2.0,2.0,,4.0,,1.0,,,,,,,,,,,4.0,4.0,2.0,4.0,4.0,4.0,5.0,5.0,5.0,4.0,4.0,4.0,4.0,4.0,4.0,4.0,4.0,4.0,1.0,1.0,1.0,1.0,1.0,2.0,2.0,1.0,4.0,4.0,4.0,4.0,4.0,4.0,4.0,2.0,1.0,2.0,2.0,2.0,4.0,1.0,1.0,4.0,1.0,1.0,1.0,1.0,2.0,3.0,4.0,5.0,6.0,7.0,8.0,,,,,1.0,3.0,,2.0,4.0,5.0,2.0,,7.0,,7.0,3.0,2.0,1.0,3.0,6.0,2.0,5.0,2.0,,7.0,,2.0,4.0
1068.0,1.0,1.0,1.0,8.0,1.0,5.0,3.0,3.0,4.0,4.0,1.0,2.0,3.0,4.0,5.0,,,,,10.0,,,13.0,,,,,5.0,,2.0,2.0,2.0,4.0,3.0,2.0,,,,,,,,2.0,,4.0,3.0,3.0,2.0,3.0,3.0,4.0,2.0,4.0,3.0,2.0,2.0,3.0,3.0,3.0,4.0,4.0,4.0,4.0,4.0,4.0,4.0,4.0,4.0,4.0,4.0,4.0,4.0,4.0,4.0,4.0,4.0,4.0,4.0,4.0,4.0,4.0,4.0,4.0,4.0,4.0,4.0,4.0,4.0,4.0,4.0,5.0,5.0,5.0,5.0,5.0,5.0,5.0,5.0,5.0,5.0,5.0,5.0,5.0,5.0,5.0,4.0,3.0,3.0,4.0,2.0,2.0,4.0,2.0,3.0,4.0,3.0,3.0,4.0,4.0,4.0,4.0,2.0,8.0,3.0,3.0,4.0,2.0,2.0,2.0,6.0,,4.0,,1.0,,3.0,,,,,,,,,4.0,4.0,3.0,4.0,4.0,4.0,4.0,5.0,4.0,3.0,3.0,4.0,4.0,4.0,3.0,3.0,2.0,2.0,1.0,1.0,1.0,1.0,1.0,1.0,1.0,1.0,4.0,4.0,4.0,4.0,2.0,2.0,2.0,2.0,2.0,4.0,1.0,4.0,3.0,1.0,1.0,4.0,1.0,1.0,1.0,1.0,,,,,,,8.0,,,,,1.0,4.0,,1.0,4.0,4.0,3.0,5.0,,,5.0,3.0,1.0,1.0,1.0,2.0,2.0,4.0,3.0,5.0,,,2.5,4.0
1069.0,1.0,1.0,1.0,8.0,1.0,4.0,4.0,4.0,4.0,5.0,1.0,2.0,3.0,,5.0,,7.0,,,,11.0,,,,,,,2.0,,2.0,1.0,2.0,2.0,2.0,2.0,,,,,,,,2.0,,4.0,3.0,3.0,3.0,2.0,2.0,4.0,2.0,3.0,3.0,1.0,1.0,3.0,2.0,2.0,5.0,3.0,3.0,3.0,3.0,3.0,3.0,3.0,5.0,5.0,5.0,5.0,2.0,5.0,3.0,2.0,1.0,3.0,3.0,1.0,2.0,1.0,1.0,3.0,3.0,3.0,3.0,1.0,2.0,2.0,1.0,1.0,3.0,3.0,3.0,3.0,1.0,1.0,3.0,3.0,3.0,3.0,1.0,3.0,3.0,1.0,3.0,3.0,3.0,4.0,3.0,2.0,3.0,2.0,3.0,3.0,3.0,3.0,5.0,4.0,4.0,3.0,4.0,8.0,8.0,2.0,2.0,2.0,2.0,2.0,6.0,,5.0,,1.0,,,,,,,,,,,3.0,3.0,3.0,4.0,3.0,4.0,2.0,4.0,4.0,4.0,4.0,4.0,4.0,3.0,3.0,2.0,2.0,2.0,1.0,1.0,1.0,1.0,1.0,1.0,1.0,1.0,4.0,4.0,4.0,3.0,2.0,1.0,3.0,1.0,1.0,3.0,4.0,2.0,2.0,2.0,2.0,3.0,1.0,1.0,1.0,,,3.0,,,,,,,,,,1.0,3.0,,1.0,2.0,3.0,3.0,3.0,,,3.0,2.0,1.0,1.0,1.0,1.0,2.0,3.0,3.0,3.0,,,2.0,3.5
1070.0,1.0,1.0,1.0,8.0,1.0,5.0,4.0,5.0,4.0,4.0,1.0,2.0,3.0,4.0,5.0,,,,,,,,,,,,,1.0,,1.0,1.0,1.0,4.0,3.0,1.0,1.0,2.0,,,,,,3.0,,2.0,4.0,3.0,3.0,3.0,3.0,4.0,3.0,4.0,3.0,4.0,3.0,4.0,4.0,3.0,4.0,4.0,4.0,5.0,4.0,4.0,4.0,4.0,4.0,4.0,4.0,4.0,5.0,5.0,4.0,4.0,4.0,4.0,5.0,4.0,4.0,4.0,5.0,4.0,4.0,5.0,5.0,4.0,4.0,3.0,4.0,4.0,4.0,4.0,3.0,4.0,3.0,4.0,4.0,4.0,5.0,5.0,4.0,4.0,4.0,3.0,3.0,3.0,4.0,4.0,4.0,2.0,3.0,3.0,4.0,4.0,4.0,4.0,3.0,4.0,4.0,4.0,3.0,6.0,8.0,4.0,4.0,4.0,4.0,3.0,6.0,,6.0,,1.0,,,,,,,,,,,4.0,4.0,4.0,4.0,4.0,4.0,3.0,4.0,4.0,3.0,4.0,4.0,4.0,4.0,3.0,3.0,3.0,3.0,1.0,1.0,1.0,1.0,1.0,1.0,1.0,1.0,3.0,3.0,4.0,4.0,4.0,4.0,4.0,3.0,3.0,3.0,2.0,2.0,3.0,2.0,2.0,4.0,1.0,1.0,1.0,1.0,,3.0,4.0,5.0,,,8.0,9.0,,,,1.0,3.0,,1.0,4.0,4.0,3.0,5.0,,,5.0,3.0,1.0,1.0,1.0,2.0,2.0,4.0,3.0,5.0,,,2.0,2.75
1071.0,1.0,1.0,1.0,8.0,1.0,5.0,4.0,4.0,5.0,5.0,1.0,2.0,3.0,4.0,5.0,6.0,7.0,8.0,,,,,,,,,,2.0,,1.0,1.0,1.0,2.0,3.0,2.0,,,,,,,,2.0,,2.0,3.0,3.0,3.0,3.0,3.0,4.0,3.0,4.0,4.0,4.0,3.0,3.0,3.0,3.0,4.0,4.0,4.0,4.0,3.0,4.0,3.0,3.0,4.0,4.0,4.0,4.0,3.0,4.0,2.0,2.0,2.0,2.0,2.0,2.0,2.0,2.0,2.0,2.0,2.0,2.0,2.0,2.0,2.0,2.0,2.0,4.0,4.0,4.0,4.0,4.0,4.0,4.0,4.0,4.0,4.0,3.0,3.0,4.0,2.0,2.0,4.0,4.0,2.0,4.0,4.0,2.0,2.0,3.0,3.0,4.0,2.0,4.0,2.0,2.0,2.0,4.0,3.0,11.0,11.0,4.0,4.0,4.0,4.0,4.0,4.0,,2.0,,,2.0,3.0,,,,,,,,,3.0,3.0,4.0,3.0,3.0,3.0,2.0,3.0,4.0,2.0,3.0,4.0,3.0,4.0,3.0,3.0,3.0,3.0,1.0,1.0,1.0,1.0,1.0,2.0,1.0,1.0,4.0,4.0,4.0,2.0,2.0,4.0,4.0,2.0,2.0,2.0,4.0,2.0,4.0,2.0,2.0,4.0,3.0,3.0,3.0,1.0,2.0,,,,,,,,,,,1.0,1.0,,2.0,4.0,5.0,3.0,6.0,,,6.0,3.0,1.0,1.0,1.0,2.0,2.0,5.0,3.0,6.0,,,1.0,3.0
1072.0,1.0,1.0,1.0,8.0,1.0,5.0,4.0,5.0,5.0,5.0,1.0,2.0,3.0,4.0,5.0,6.0,7.0,8.0,,,,,,,,,,2.0,,2.0,1.0,1.0,4.0,4.0,2.0,,,,,,,,2.0,,3.0,4.0,4.0,3.0,4.0,4.0,3.0,2.0,4.0,3.0,3.0,2.0,3.0,4.0,2.0,2.0,4.0,4.0,4.0,4.0,4.0,4.0,4.0,4.0,4.0,4.0,4.0,4.0,4.0,4.0,4.0,4.0,4.0,4.0,4.0,4.0,4.0,4.0,4.0,4.0,4.0,4.0,4.0,4.0,4.0,4.0,5.0,5.0,4.0,5.0,5.0,4.0,4.0,5.0,5.0,5.0,5.0,5.0,5.0,4.0,3.0,3.0,3.0,3.0,3.0,3.0,2.0,3.0,3.0,3.0,4.0,3.0,4.0,4.0,4.0,3.0,3.0,4.0,10.0,10.0,4.0,4.0,4.0,4.0,4.0,2.0,,5.0,,1.0,,,,,,,,,,,4.0,4.0,4.0,3.0,3.0,4.0,3.0,4.0,2.0,2.0,3.0,4.0,3.0,4.0,3.0,3.0,2.0,2.0,1.0,1.0,1.0,1.0,1.0,1.0,1.0,1.0,4.0,4.0,4.0,4.0,4.0,4.0,4.0,2.0,1.0,4.0,4.0,3.0,3.0,1.0,1.0,4.0,1.0,1.0,1.0,1.0,,,,,,,,,,,,1.0,4.0,,1.0,3.0,5.0,3.0,5.0,,,5.0,3.0,1.0,1.0,1.0,2.0,2.0,5.0,3.0,5.0,,,2.5,3.5
1073.0,2.0,1.0,1.0,11.0,3.0,5.0,4.0,4.0,3.0,3.0,,2.0,,4.0,,,7.0,,,,,,,,,,,1.0,,2.0,1.0,2.0,2.0,3.0,2.0,,,,,,,,2.0,,4.0,3.0,2.0,2.0,3.0,2.0,2.0,2.0,2.0,2.0,2.0,2.0,2.0,4.0,4.0,4.0,4.0,2.0,4.0,2.0,2.0,2.0,4.0,4.0,4.0,4.0,4.0,4.0,4.0,2.0,4.0,3.0,4.0,4.0,4.0,4.0,2.0,4.0,4.0,4.0,4.0,4.0,4.0,4.0,2.0,2.0,5.0,5.0,5.0,2.0,5.0,2.0,5.0,5.0,5.0,5.0,5.0,5.0,5.0,2.0,2.0,3.0,4.0,3.0,4.0,3.0,1.0,4.0,3.0,4.0,4.0,4.0,4.0,4.0,5.0,4.0,4.0,3.0,6.0,6.0,4.0,3.0,4.0,3.0,2.0,1.0,,5.0,,1.0,,,,,,,,,,,3.0,3.0,3.0,3.0,3.0,4.0,4.0,4.0,4.0,3.0,3.0,3.0,3.0,3.0,3.0,2.0,2.0,3.0,1.0,1.0,1.0,1.0,1.0,1.0,1.0,1.0,4.0,4.0,4.0,4.0,3.0,4.0,4.0,3.0,3.0,3.0,3.0,3.0,3.0,3.0,3.0,3.0,1.0,1.0,1.0,1.0,2.0,,,,,,,,,,,1.0,5.0,,1.0,2.0,3.0,3.0,,2.0,,2.0,1.0,2.0,1.0,3.0,5.0,2.0,3.0,3.0,,2.0,,3.0,3.5
1074.0,1.0,1.0,1.0,8.0,1.0,5.0,5.0,3.0,5.0,4.0,1.0,2.0,3.0,,,,,,,,,,13.0,14.0,,,,1.0,,2.0,1.0,1.0,4.0,4.0,1.0,,2.0,,,,,,2.0,,3.0,4.0,3.0,3.0,3.0,3.0,3.0,3.0,3.0,3.0,3.0,3.0,3.0,3.0,3.0,3.0,3.0,3.0,3.0,3.0,3.0,2.0,2.0,5.0,5.0,5.0,3.0,3.0,5.0,3.0,2.0,3.0,3.0,3.0,3.0,3.0,3.0,3.0,5.0,5.0,5.0,3.0,3.0,5.0,3.0,3.0,3.0,3.0,3.0,3.0,3.0,3.0,3.0,5.0,5.0,3.0,3.0,3.0,5.0,3.0,2.0,5.0,5.0,4.0,4.0,4.0,2.0,2.0,2.0,4.0,3.0,5.0,5.0,3.0,3.0,4.0,4.0,2.0,2.0,3.0,4.0,4.0,4.0,3.0,3.0,4.0,,3.0,,,,3.0,,,,,8.0,,,,3.0,3.0,3.0,3.0,3.0,4.0,4.0,5.0,4.0,4.0,3.0,3.0,3.0,2.0,3.0,3.0,3.0,3.0,1.0,1.0,1.0,1.0,1.0,2.0,1.0,2.0,4.0,3.0,3.0,3.0,4.0,2.0,1.0,1.0,2.0,3.0,2.0,2.0,3.0,2.0,2.0,3.0,1.0,1.0,3.0,,,,,,,,8.0,,,,,1.0,1.0,,2.0,3.0,3.0,3.0,4.0,,,4.0,2.0,1.0,1.0,1.0,1.0,2.0,3.0,3.0,4.0,,,1.0,3.0
1075.0,1.0,1.0,1.0,8.0,1.0,5.0,3.0,3.0,4.0,3.0,1.0,2.0,3.0,4.0,,6.0,7.0,8.0,,10.0,,,,,,,,1.0,,2.0,1.0,2.0,2.0,2.0,,,,,,,,,2.0,,3.0,4.0,3.0,4.0,4.0,4.0,4.0,2.0,5.0,3.0,3.0,2.0,3.0,3.0,3.0,4.0,4.0,1.0,4.0,1.0,4.0,1.0,4.0,5.0,3.0,4.0,3.0,1.0,4.0,1.0,3.0,3.0,2.0,2.0,2.0,2.0,2.0,2.0,2.0,2.0,2.0,2.0,2.0,2.0,2.0,2.0,4.0,3.0,4.0,3.0,3.0,3.0,3.0,4.0,3.0,3.0,3.0,3.0,3.0,3.0,3.0,3.0,2.0,4.0,4.0,3.0,1.0,2.0,3.0,4.0,5.0,4.0,3.0,5.0,3.0,4.0,4.0,4.0,9.0,6.0,3.0,4.0,4.0,4.0,4.0,2.0,,2.0,,1.0,,,,,,,,,,,4.0,4.0,3.0,4.0,4.0,2.0,3.0,3.0,3.0,3.0,3.0,4.0,4.0,4.0,2.0,3.0,2.0,2.0,1.0,1.0,1.0,1.0,1.0,2.0,2.0,1.0,3.0,4.0,3.0,4.0,3.0,3.0,3.0,2.0,1.0,2.0,1.0,1.0,2.0,1.0,1.0,1.0,1.0,1.0,1.0,1.0,,,4.0,,6.0,,,,,,,1.0,1.0,,2.0,1.0,2.0,3.0,3.0,,,3.0,2.0,1.0,1.0,1.0,1.0,2.0,2.0,3.0,3.0,,,1.0,3.0
1076.0,1.0,1.0,1.0,8.0,1.0,5.0,4.0,4.0,4.0,3.0,1.0,2.0,3.0,,,,,,,,,,,,,,,3.0,,2.0,2.0,2.0,4.0,2.0,2.0,,,,,,,,3.0,,4.0,3.0,3.0,3.0,3.0,3.0,4.0,3.0,3.0,3.0,3.0,2.0,2.0,2.0,3.0,3.0,3.0,3.0,3.0,4.0,3.0,4.0,3.0,3.0,3.0,3.0,3.0,4.0,5.0,5.0,3.0,3.0,3.0,3.0,4.0,3.0,4.0,3.0,4.0,4.0,4.0,4.0,4.0,5.0,5.0,3.0,4.0,4.0,4.0,4.0,4.0,4.0,4.0,4.0,4.0,4.0,4.0,4.0,4.0,4.0,3.0,2.0,3.0,3.0,5.0,3.0,2.0,4.0,3.0,4.0,4.0,3.0,4.0,3.0,4.0,2.0,4.0,2.0,11.0,9.0,4.0,3.0,4.0,3.0,3.0,5.0,,5.0,,1.0,,,,,,,,,,,4.0,3.0,4.0,3.0,3.0,4.0,3.0,4.0,4.0,4.0,4.0,5.0,4.0,4.0,2.0,3.0,3.0,3.0,1.0,1.0,1.0,1.0,1.0,1.0,1.0,1.0,4.0,4.0,4.0,4.0,3.0,4.0,2.0,2.0,2.0,4.0,2.0,4.0,4.0,4.0,3.0,4.0,2.0,2.0,1.0,1.0,,3.0,,,6.0,7.0,,9.0,,,,1.0,3.0,,2.0,2.0,2.0,3.0,5.0,,,5.0,3.0,1.0,1.0,1.0,2.0,2.0,2.0,3.0,5.0,,,2.0,3.5
1077.0,1.0,1.0,1.0,8.0,1.0,5.0,4.0,3.0,5.0,4.0,1.0,2.0,3.0,,,,,,,,,,,,,,,1.0,,2.0,1.0,2.0,3.0,2.0,,,,,,,,,2.0,,2.0,3.0,3.0,4.0,3.0,3.0,4.0,2.0,4.0,3.0,3.0,3.0,3.0,3.0,3.0,4.0,4.0,4.0,4.0,4.0,4.0,4.0,4.0,4.0,4.0,4.0,4.0,4.0,4.0,4.0,4.0,2.0,2.0,2.0,2.0,2.0,2.0,2.0,2.0,2.0,2.0,3.0,4.0,4.0,4.0,3.0,4.0,4.0,4.0,4.0,4.0,4.0,4.0,4.0,4.0,4.0,3.0,3.0,5.0,4.0,3.0,4.0,3.0,3.0,4.0,4.0,2.0,3.0,4.0,3.0,4.0,3.0,4.0,3.0,4.0,3.0,4.0,2.0,9.0,3.0,4.0,4.0,4.0,4.0,4.0,7.0,,4.0,,,2.0,,,,,,,,,,3.0,3.0,4.0,3.0,3.0,4.0,3.0,3.0,4.0,2.0,3.0,3.0,3.0,2.0,2.0,3.0,2.0,3.0,1.0,1.0,1.0,1.0,1.0,1.0,1.0,1.0,3.0,4.0,4.0,4.0,2.0,2.0,2.0,2.0,2.0,3.0,2.0,3.0,3.0,3.0,2.0,3.0,1.0,1.0,1.0,1.0,,,4.0,,,,,,,,,1.0,4.0,,2.0,3.0,3.0,3.0,6.0,,,6.0,3.0,1.0,1.0,1.0,2.0,2.0,3.0,3.0,6.0,,,2.5,3.5
1078.0,1.0,1.0,1.0,8.0,1.0,5.0,4.0,3.0,4.0,5.0,1.0,2.0,3.0,4.0,5.0,,,,,,,,,,,,,3.0,,2.0,1.0,2.0,3.0,3.0,2.0,,,,,,,,2.0,,2.0,4.0,4.0,2.0,3.0,3.0,4.0,3.0,4.0,4.0,4.0,3.0,4.0,4.0,4.0,4.0,3.0,3.0,4.0,3.0,3.0,3.0,3.0,4.0,4.0,4.0,4.0,3.0,4.0,2.0,2.0,2.0,2.0,2.0,2.0,2.0,2.0,2.0,2.0,2.0,2.0,2.0,2.0,4.0,2.0,2.0,3.0,3.0,4.0,3.0,4.0,3.0,3.0,4.0,4.0,4.0,4.0,4.0,4.0,3.0,2.0,3.0,3.0,2.0,4.0,2.0,2.0,2.0,2.0,3.0,4.0,2.0,4.0,4.0,4.0,4.0,3.0,2.0,6.0,9.0,4.0,4.0,5.0,4.0,4.0,6.0,,6.0,,1.0,,3.0,,,,,8.0,,,,4.0,3.0,4.0,3.0,3.0,3.0,3.0,4.0,4.0,3.0,2.0,3.0,3.0,3.0,3.0,2.0,2.0,3.0,1.0,1.0,1.0,1.0,1.0,1.0,1.0,1.0,3.0,3.0,3.0,3.0,1.0,1.0,1.0,1.0,1.0,1.0,1.0,1.0,1.0,1.0,1.0,4.0,1.0,1.0,1.0,,,,,,,,8.0,,,,,2.0,3.0,,1.0,4.0,5.0,3.0,6.0,,,6.0,3.0,1.0,1.0,1.0,2.0,2.0,5.0,3.0,6.0,,,2.5,3.0
1079.0,1.0,1.0,1.0,8.0,1.0,4.0,4.0,3.0,4.0,4.0,,,,,,,,,,,,,13.0,,,,,2.0,,2.0,2.0,2.0,3.0,4.0,2.0,,,,,,,,1.0,,4.0,3.0,3.0,3.0,3.0,2.0,4.0,2.0,5.0,3.0,2.0,2.0,4.0,3.0,3.0,5.0,4.0,2.0,4.0,3.0,4.0,3.0,4.0,5.0,5.0,3.0,5.0,2.0,5.0,3.0,3.0,1.0,1.0,1.0,1.0,1.0,1.0,1.0,3.0,3.0,1.0,1.0,1.0,1.0,1.0,1.0,4.0,4.0,4.0,4.0,4.0,4.0,4.0,4.0,4.0,4.0,4.0,4.0,4.0,4.0,4.0,4.0,3.0,3.0,4.0,4.0,3.0,5.0,2.0,4.0,4.0,3.0,3.0,4.0,4.0,4.0,4.0,3.0,9.0,8.0,4.0,2.0,2.0,2.0,1.0,3.0,,2.0,,,2.0,3.0,,,,,,,,,4.0,4.0,4.0,4.0,4.0,4.0,4.0,4.0,4.0,3.0,3.0,3.0,4.0,5.0,2.0,3.0,2.0,2.0,1.0,1.0,1.0,1.0,1.0,1.0,1.0,1.0,4.0,5.0,5.0,5.0,3.0,5.0,2.0,2.0,2.0,3.0,4.0,4.0,5.0,4.0,2.0,4.0,1.0,1.0,1.0,,2.0,3.0,,5.0,6.0,,8.0,,,,,2.0,3.0,,1.0,3.0,1.0,3.0,4.0,,,4.0,2.0,1.0,1.0,1.0,1.0,2.0,1.0,3.0,4.0,,,2.5,4.0
1080.0,1.0,1.0,1.0,8.0,1.0,5.0,5.0,4.0,5.0,5.0,1.0,2.0,3.0,4.0,5.0,6.0,7.0,,,,,12.0,13.0,,,,,1.0,,1.0,1.0,2.0,4.0,4.0,1.0,,2.0,,,,,,2.0,,2.0,4.0,4.0,4.0,3.0,3.0,4.0,3.0,5.0,4.0,4.0,3.0,4.0,5.0,4.0,4.0,3.0,3.0,3.0,3.0,3.0,3.0,3.0,4.0,5.0,5.0,4.0,4.0,5.0,4.0,3.0,4.0,4.0,3.0,3.0,3.0,3.0,3.0,4.0,4.0,4.0,3.0,3.0,4.0,3.0,3.0,4.0,4.0,4.0,4.0,4.0,4.0,4.0,4.0,5.0,5.0,4.0,4.0,4.0,4.0,4.0,5.0,4.0,4.0,5.0,2.0,1.0,1.0,2.0,4.0,5.0,4.0,4.0,5.0,4.0,4.0,4.0,3.0,10.0,7.0,4.0,4.0,4.0,3.0,3.0,2.0,,2.0,,,2.0,,,,,,,,,,4.0,4.0,3.0,4.0,4.0,4.0,2.0,4.0,4.0,3.0,4.0,4.0,4.0,4.0,3.0,3.0,3.0,3.0,1.0,1.0,1.0,1.0,1.0,2.0,1.0,1.0,4.0,4.0,4.0,4.0,4.0,4.0,4.0,2.0,2.0,2.0,2.0,2.0,4.0,1.0,1.0,4.0,1.0,1.0,1.0,1.0,2.0,3.0,,,,,,,,,,1.0,4.0,,2.0,4.0,5.0,3.0,6.0,,,6.0,3.0,1.0,1.0,1.0,2.0,2.0,5.0,3.0,6.0,,,2.5,3.3333333333333335
1081.0,2.0,2.0,2.0,1.0,3.0,4.0,4.0,4.0,3.0,5.0,1.0,2.0,3.0,4.0,5.0,,,,,,11.0,12.0,13.0,,,,,5.0,,2.0,1.0,1.0,3.0,3.0,,,,,,,,,2.0,,4.0,3.0,3.0,2.0,3.0,3.0,4.0,2.0,4.0,3.0,3.0,2.0,2.0,3.0,3.0,5.0,4.0,4.0,4.0,3.0,3.0,2.0,2.0,4.0,3.0,3.0,2.0,4.0,5.0,2.0,2.0,3.0,3.0,3.0,3.0,3.0,3.0,3.0,3.0,3.0,3.0,2.0,2.0,5.0,3.0,2.0,2.0,3.0,3.0,3.0,3.0,3.0,4.0,4.0,4.0,4.0,4.0,3.0,3.0,3.0,2.0,4.0,4.0,4.0,5.0,3.0,1.0,4.0,2.0,4.0,3.0,2.0,4.0,3.0,3.0,2.0,3.0,2.0,5.0,9.0,3.0,2.0,2.0,2.0,2.0,2.0,,4.0,,1.0,,3.0,,,,,,,,,3.0,3.0,4.0,3.0,3.0,3.0,3.0,3.0,2.0,2.0,2.0,3.0,3.0,3.0,3.0,2.0,3.0,3.0,2.0,2.0,1.0,1.0,1.0,1.0,1.0,1.0,3.0,3.0,3.0,3.0,2.0,3.0,2.0,3.0,3.0,2.0,2.0,3.0,3.0,3.0,2.0,5.0,3.0,3.0,1.0,,,,,5.0,,7.0,8.0,,,,,2.0,4.0,,1.0,2.0,3.0,3.0,,3.0,,3.0,2.0,2.0,2.0,3.0,5.0,1.0,3.0,3.0,,3.0,,3.0,3.0
1082.0,1.0,1.0,1.0,8.0,1.0,5.0,5.0,5.0,5.0,4.0,1.0,2.0,3.0,4.0,5.0,,,,,,,,,,,,,2.0,,2.0,1.0,1.0,4.0,4.0,2.0,,,,,,,,2.0,,4.0,3.0,3.0,2.0,2.0,2.0,4.0,1.0,3.0,3.0,2.0,1.0,3.0,4.0,4.0,5.0,4.0,4.0,4.0,4.0,4.0,4.0,4.0,4.0,4.0,4.0,4.0,4.0,5.0,4.0,4.0,4.0,4.0,4.0,4.0,4.0,4.0,4.0,4.0,4.0,4.0,4.0,4.0,4.0,4.0,4.0,4.0,4.0,4.0,4.0,4.0,4.0,4.0,4.0,4.0,4.0,4.0,4.0,4.0,4.0,4.0,3.0,3.0,4.0,4.0,3.0,2.0,4.0,4.0,3.0,4.0,3.0,3.0,3.0,3.0,4.0,3.0,3.0,6.0,6.0,4.0,4.0,5.0,4.0,5.0,4.0,,2.0,,1.0,,,,,,,,,,,4.0,4.0,4.0,4.0,4.0,4.0,3.0,4.0,4.0,3.0,3.0,3.0,3.0,4.0,3.0,3.0,3.0,3.0,1.0,1.0,1.0,1.0,1.0,1.0,1.0,1.0,4.0,4.0,4.0,4.0,3.0,3.0,3.0,3.0,2.0,2.0,3.0,3.0,2.0,2.0,2.0,4.0,1.0,1.0,1.0,1.0,2.0,3.0,4.0,5.0,6.0,7.0,8.0,9.0,,,,1.0,4.0,,1.0,4.0,5.0,3.0,5.0,,,5.0,3.0,1.0,1.0,1.0,2.0,2.0,5.0,3.0,5.0,,,2.5,4.0
1083.0,1.0,1.0,1.0,8.0,1.0,4.0,5.0,4.0,5.0,5.0,1.0,2.0,3.0,4.0,5.0,,7.0,,,,,12.0,13.0,,,,,3.0,,1.0,1.0,1.0,4.0,3.0,,,,,,,,,1.0,,4.0,4.0,4.0,2.0,2.0,4.0,4.0,2.0,5.0,4.0,4.0,3.0,3.0,4.0,4.0,3.0,4.0,4.0,4.0,3.0,5.0,2.0,4.0,5.0,5.0,4.0,4.0,3.0,5.0,2.0,2.0,2.0,2.0,2.0,2.0,3.0,4.0,2.0,4.0,4.0,4.0,3.0,3.0,4.0,2.0,2.0,4.0,4.0,4.0,3.0,4.0,3.0,4.0,4.0,4.0,4.0,4.0,3.0,4.0,3.0,3.0,3.0,3.0,4.0,4.0,4.0,2.0,4.0,4.0,3.0,4.0,4.0,4.0,4.0,4.0,4.0,4.0,2.0,9.0,4.0,4.0,2.0,2.0,2.0,2.0,2.0,,4.0,,,2.0,3.0,,,,,,,,,4.0,4.0,3.0,4.0,4.0,4.0,3.0,3.0,4.0,3.0,3.0,4.0,3.0,4.0,3.0,3.0,3.0,3.0,1.0,1.0,1.0,1.0,1.0,1.0,1.0,1.0,4.0,4.0,4.0,4.0,4.0,2.0,3.0,2.0,2.0,3.0,4.0,3.0,4.0,3.0,3.0,4.0,1.0,1.0,1.0,1.0,2.0,,4.0,,6.0,,,,,,,1.0,3.0,,1.0,4.0,5.0,3.0,6.0,,,6.0,3.0,1.0,1.0,1.0,2.0,2.0,5.0,3.0,6.0,,,2.0,4.0
1084.0,3.0,1.0,1.0,1.0,4.0,5.0,5.0,5.0,4.0,4.0,1.0,2.0,3.0,4.0,5.0,6.0,,,,10.0,,,,14.0,,,,3.0,,2.0,1.0,2.0,1.0,3.0,1.0,,2.0,,,,,,2.0,,3.0,5.0,5.0,5.0,5.0,5.0,5.0,5.0,5.0,5.0,5.0,5.0,5.0,5.0,5.0,4.0,4.0,4.0,4.0,4.0,4.0,4.0,4.0,4.0,4.0,4.0,4.0,4.0,4.0,4.0,4.0,3.0,3.0,3.0,3.0,3.0,3.0,3.0,3.0,3.0,3.0,3.0,3.0,3.0,3.0,3.0,3.0,3.0,3.0,3.0,3.0,3.0,3.0,3.0,3.0,3.0,3.0,3.0,3.0,3.0,3.0,4.0,4.0,4.0,4.0,3.0,2.0,2.0,3.0,3.0,4.0,4.0,4.0,3.0,3.0,4.0,4.0,3.0,10.0,6.0,3.0,4.0,4.0,4.0,4.0,1.0,,4.0,,,,3.0,,,,,,,,,4.0,4.0,4.0,3.0,3.0,3.0,3.0,3.0,3.0,3.0,3.0,3.0,3.0,3.0,3.0,3.0,2.0,2.0,1.0,1.0,1.0,1.0,1.0,1.0,1.0,1.0,3.0,3.0,3.0,3.0,3.0,3.0,3.0,3.0,3.0,3.0,3.0,3.0,3.0,3.0,3.0,3.0,1.0,1.0,1.0,1.0,2.0,,,5.0,,,,,,,,1.0,4.0,,1.0,4.0,4.0,1.0,,,1.0,1.0,1.0,3.0,1.0,4.0,7.0,1.0,4.0,1.0,,,1.0,2.5,2.6666666666666665
1085.0,1.0,1.0,1.0,8.0,1.0,4.0,4.0,4.0,4.0,4.0,1.0,2.0,3.0,4.0,5.0,6.0,7.0,,,,,,13.0,,,,,2.0,,2.0,1.0,2.0,3.0,2.0,,,,,,,,,2.0,,4.0,2.0,2.0,1.0,2.0,2.0,3.0,2.0,3.0,2.0,2.0,1.0,3.0,4.0,4.0,4.0,3.0,2.0,2.0,4.0,4.0,3.0,4.0,4.0,3.0,3.0,3.0,2.0,4.0,4.0,2.0,2.0,3.0,2.0,3.0,4.0,2.0,2.0,4.0,4.0,4.0,3.0,3.0,4.0,4.0,2.0,4.0,4.0,4.0,4.0,4.0,3.0,4.0,4.0,3.0,4.0,3.0,3.0,4.0,4.0,2.0,4.0,4.0,5.0,4.0,4.0,4.0,4.0,4.0,4.0,5.0,5.0,5.0,5.0,4.0,3.0,4.0,2.0,7.0,7.0,4.0,4.0,5.0,4.0,4.0,6.0,,4.0,,1.0,,,,,,,,,,,4.0,3.0,4.0,3.0,3.0,4.0,3.0,3.0,4.0,2.0,3.0,4.0,3.0,2.0,3.0,2.0,3.0,3.0,1.0,1.0,1.0,1.0,1.0,1.0,2.0,1.0,3.0,4.0,2.0,4.0,2.0,3.0,3.0,2.0,2.0,2.0,2.0,4.0,5.0,2.0,2.0,4.0,1.0,1.0,1.0,1.0,,,,5.0,,,8.0,9.0,,,,1.0,4.0,,1.0,4.0,5.0,3.0,7.0,,,7.0,3.0,1.0,1.0,1.0,2.0,2.0,5.0,3.0,7.0,,,2.5,3.5
1086.0,1.0,1.0,1.0,8.0,1.0,4.0,5.0,4.0,5.0,4.0,1.0,2.0,3.0,4.0,5.0,,,,,,11.0,,13.0,14.0,,,,5.0,,1.0,1.0,1.0,4.0,4.0,2.0,,,,,,,,1.0,,3.0,4.0,4.0,2.0,2.0,2.0,2.0,2.0,4.0,3.0,3.0,3.0,3.0,3.0,3.0,3.0,4.0,4.0,4.0,4.0,4.0,3.0,4.0,5.0,5.0,4.0,4.0,4.0,4.0,4.0,2.0,4.0,4.0,4.0,3.0,4.0,2.0,3.0,4.0,4.0,4.0,4.0,3.0,4.0,2.0,2.0,4.0,4.0,4.0,4.0,4.0,3.0,3.0,4.0,4.0,4.0,4.0,4.0,4.0,4.0,2.0,2.0,4.0,4.0,4.0,4.0,1.0,4.0,2.0,4.0,4.0,4.0,5.0,4.0,4.0,4.0,4.0,1.0,11.0,11.0,3.0,4.0,4.0,2.0,2.0,9997.0,자료관리의 전산화와 체계적인 전파체계 미,4.0,,,,3.0,4.0,,,,,,,,4.0,4.0,4.0,4.0,4.0,4.0,4.0,4.0,5.0,3.0,4.0,5.0,4.0,5.0,3.0,4.0,4.0,4.0,2.0,1.0,2.0,1.0,1.0,1.0,1.0,1.0,5.0,5.0,5.0,5.0,4.0,4.0,4.0,4.0,2.0,4.0,4.0,4.0,5.0,5.0,2.0,4.0,1.0,2.0,1.0,1.0,,,4.0,,,,8.0,,,,,1.0,3.0,,1.0,4.0,4.0,1.0,5.0,,,5.0,3.0,1.0,1.0,1.0,2.0,2.0,4.0,1.0,5.0,,,2.0,4.0
1087.0,1.0,1.0,1.0,8.0,1.0,5.0,3.0,4.0,4.0,4.0,1.0,2.0,,4.0,,6.0,7.0,,,,,,,,,,,5.0,,2.0,1.0,1.0,4.0,4.0,,,,,,,,,4.0,,2.0,5.0,4.0,5.0,4.0,4.0,2.0,2.0,5.0,5.0,5.0,4.0,5.0,5.0,4.0,4.0,5.0,4.0,5.0,4.0,4.0,2.0,4.0,5.0,5.0,5.0,4.0,2.0,5.0,1.0,1.0,5.0,5.0,5.0,5.0,5.0,4.0,5.0,5.0,5.0,5.0,5.0,1.0,5.0,1.0,2.0,5.0,5.0,5.0,5.0,5.0,2.0,5.0,5.0,5.0,5.0,5.0,2.0,5.0,1.0,2.0,4.0,4.0,4.0,5.0,4.0,2.0,4.0,4.0,4.0,4.0,4.0,5.0,5.0,5.0,4.0,4.0,3.0,8.0,8.0,5.0,5.0,5.0,5.0,5.0,6.0,,3.0,,1.0,,3.0,,,,,,,,,5.0,5.0,3.0,2.0,2.0,2.0,3.0,3.0,3.0,3.0,2.0,2.0,3.0,3.0,3.0,3.0,3.0,2.0,1.0,1.0,1.0,1.0,1.0,1.0,1.0,1.0,2.0,5.0,3.0,4.0,2.0,3.0,4.0,1.0,1.0,1.0,1.0,2.0,2.0,2.0,3.0,2.0,3.0,3.0,1.0,1.0,,3.0,,,,7.0,,,,,,2.0,1.0,,2.0,2.0,3.0,3.0,4.0,,,4.0,2.0,1.0,1.0,1.0,1.0,2.0,3.0,3.0,4.0,,,1.5,2.0
1088.0,1.0,1.0,1.0,8.0,1.0,4.0,4.0,4.0,5.0,5.0,1.0,2.0,3.0,4.0,5.0,,,,,,,,13.0,,,,,5.0,,2.0,1.0,2.0,3.0,4.0,,,,,,,,,2.0,,2.0,4.0,4.0,4.0,3.0,4.0,3.0,3.0,4.0,4.0,4.0,3.0,4.0,4.0,4.0,4.0,4.0,4.0,4.0,3.0,4.0,3.0,4.0,4.0,4.0,4.0,4.0,4.0,4.0,3.0,2.0,4.0,4.0,4.0,3.0,4.0,2.0,3.0,4.0,4.0,4.0,3.0,3.0,4.0,3.0,2.0,4.0,4.0,4.0,3.0,4.0,3.0,3.0,4.0,4.0,4.0,3.0,3.0,4.0,3.0,2.0,4.0,4.0,4.0,4.0,3.0,2.0,3.0,2.0,4.0,4.0,3.0,4.0,4.0,4.0,3.0,4.0,1.0,11.0,11.0,4.0,3.0,3.0,2.0,2.0,2.0,,2.0,,,,3.0,,,,,,,,,3.0,3.0,4.0,3.0,3.0,2.0,2.0,2.0,4.0,2.0,2.0,4.0,2.0,3.0,3.0,2.0,2.0,3.0,1.0,1.0,1.0,1.0,1.0,1.0,1.0,1.0,4.0,4.0,3.0,4.0,3.0,3.0,2.0,2.0,2.0,4.0,3.0,2.0,4.0,4.0,2.0,4.0,3.0,3.0,3.0,,,,4.0,,,,8.0,,,,,1.0,3.0,,1.0,3.0,4.0,1.0,6.0,,,6.0,3.0,1.0,1.0,1.0,2.0,2.0,4.0,1.0,6.0,,,2.0,2.5
1089.0,1.0,1.0,1.0,8.0,1.0,4.0,5.0,5.0,5.0,5.0,,,,,,,,,,,,,,,,9997.0,현 부서에서 수집중인 업무가 없음,2.0,,2.0,1.0,2.0,2.0,3.0,2.0,,,,,,,,4.0,,4.0,2.0,2.0,2.0,2.0,2.0,4.0,2.0,3.0,2.0,2.0,2.0,4.0,3.0,3.0,4.0,4.0,4.0,4.0,3.0,5.0,3.0,5.0,5.0,5.0,5.0,5.0,4.0,5.0,4.0,3.0,4.0,4.0,5.0,3.0,5.0,3.0,5.0,5.0,5.0,5.0,5.0,4.0,4.0,4.0,3.0,5.0,5.0,5.0,4.0,5.0,3.0,5.0,5.0,5.0,5.0,5.0,5.0,5.0,5.0,3.0,4.0,2.0,2.0,4.0,2.0,2.0,4.0,2.0,3.0,4.0,4.0,4.0,4.0,5.0,5.0,5.0,5.0,11.0,11.0,4.0,2.0,2.0,2.0,2.0,7.0,,3.0,,1.0,2.0,,,,,,,,,,4.0,4.0,5.0,4.0,4.0,4.0,3.0,3.0,5.0,4.0,3.0,4.0,3.0,4.0,4.0,4.0,3.0,2.0,1.0,1.0,1.0,1.0,1.0,1.0,1.0,1.0,5.0,5.0,5.0,5.0,5.0,5.0,5.0,5.0,2.0,5.0,5.0,5.0,5.0,4.0,3.0,5.0,3.0,1.0,3.0,,2.0,,,5.0,,,,,,9997.0,개인정보 접근시 접근 사유를 기록하고 점,1.0,3.0,,1.0,3.0,2.0,3.0,4.0,,,4.0,2.0,1.0,1.0,1.0,1.0,2.0,2.0,3.0,4.0,,,2.0,4.0
1090.0,1.0,1.0,1.0,8.0,1.0,4.0,3.0,3.0,4.0,3.0,1.0,2.0,3.0,4.0,5.0,6.0,,,,,,,,,,,,5.0,,1.0,1.0,2.0,3.0,3.0,,,,,,,,,2.0,,3.0,3.0,3.0,2.0,3.0,3.0,4.0,2.0,4.0,3.0,3.0,3.0,3.0,3.0,3.0,4.0,3.0,3.0,3.0,3.0,3.0,2.0,3.0,4.0,4.0,3.0,3.0,2.0,4.0,2.0,2.0,3.0,3.0,3.0,3.0,3.0,2.0,2.0,3.0,3.0,3.0,3.0,2.0,4.0,3.0,2.0,3.0,3.0,3.0,3.0,3.0,2.0,2.0,3.0,3.0,3.0,3.0,2.0,4.0,3.0,2.0,4.0,3.0,3.0,4.0,4.0,2.0,4.0,2.0,4.0,4.0,4.0,4.0,4.0,4.0,4.0,4.0,3.0,9.0,6.0,3.0,3.0,4.0,3.0,4.0,2.0,,2.0,,,,3.0,,,,,,,,,3.0,4.0,4.0,3.0,3.0,3.0,3.0,3.0,4.0,3.0,2.0,3.0,3.0,3.0,3.0,2.0,2.0,2.0,1.0,1.0,1.0,1.0,1.0,2.0,2.0,1.0,3.0,4.0,3.0,4.0,2.0,4.0,3.0,2.0,2.0,3.0,3.0,3.0,3.0,2.0,2.0,2.0,3.0,3.0,1.0,,,,,,,7.0,8.0,,,,,1.0,4.0,,1.0,2.0,3.0,3.0,5.0,,,5.0,3.0,1.0,1.0,1.0,2.0,2.0,3.0,3.0,5.0,,,2.5,3.0
1091.0,1.0,1.0,1.0,8.0,1.0,4.0,4.0,4.0,5.0,5.0,1.0,2.0,3.0,4.0,,,,,,,,,13.0,,,,,1.0,,2.0,1.0,2.0,2.0,4.0,,,,,,,,,2.0,,4.0,3.0,3.0,3.0,3.0,3.0,3.0,3.0,3.0,3.0,3.0,3.0,3.0,4.0,3.0,4.0,3.0,3.0,3.0,3.0,3.0,3.0,3.0,3.0,3.0,3.0,3.0,3.0,4.0,3.0,3.0,3.0,3.0,3.0,3.0,3.0,3.0,3.0,3.0,3.0,3.0,3.0,3.0,3.0,3.0,3.0,4.0,4.0,4.0,4.0,4.0,4.0,4.0,4.0,4.0,4.0,4.0,4.0,4.0,4.0,3.0,4.0,3.0,3.0,5.0,4.0,3.0,4.0,3.0,4.0,4.0,3.0,4.0,3.0,4.0,4.0,4.0,4.0,9.0,9.0,3.0,2.0,2.0,2.0,2.0,7.0,,5.0,,,,3.0,,,,,,,,,4.0,3.0,4.0,4.0,4.0,3.0,3.0,3.0,3.0,3.0,3.0,3.0,3.0,4.0,2.0,2.0,2.0,2.0,1.0,1.0,1.0,2.0,1.0,1.0,1.0,1.0,4.0,4.0,4.0,4.0,3.0,3.0,3.0,3.0,2.0,4.0,3.0,3.0,4.0,4.0,2.0,4.0,3.0,3.0,1.0,1.0,,,,,,,,,,,,1.0,4.0,,1.0,2.0,3.0,3.0,5.0,,,5.0,3.0,1.0,1.0,1.0,2.0,2.0,3.0,3.0,5.0,,,2.5,3.5
1092.0,2.0,2.0,2.0,2.0,3.0,5.0,3.0,2.0,4.0,4.0,1.0,2.0,3.0,4.0,5.0,,,,,,,12.0,,,,9997.0,과거병력,5.0,,1.0,1.0,1.0,4.0,2.0,1.0,,2.0,,,,,,2.0,,4.0,3.0,3.0,3.0,3.0,2.0,4.0,2.0,4.0,3.0,3.0,2.0,3.0,3.0,3.0,4.0,4.0,4.0,5.0,4.0,5.0,4.0,4.0,4.0,5.0,4.0,4.0,4.0,4.0,4.0,2.0,1.0,3.0,3.0,1.0,3.0,1.0,3.0,3.0,3.0,3.0,3.0,3.0,1.0,1.0,1.0,3.0,3.0,3.0,1.0,3.0,1.0,3.0,3.0,3.0,3.0,3.0,3.0,1.0,1.0,1.0,4.0,2.0,4.0,5.0,3.0,1.0,3.0,1.0,3.0,4.0,2.0,4.0,4.0,5.0,3.0,3.0,2.0,9.0,6.0,4.0,4.0,3.0,2.0,2.0,4.0,,3.0,,,2.0,3.0,4.0,,,,8.0,9.0,,,4.0,3.0,3.0,4.0,3.0,4.0,3.0,3.0,4.0,4.0,3.0,4.0,3.0,3.0,4.0,3.0,2.0,3.0,1.0,1.0,1.0,2.0,1.0,2.0,1.0,1.0,5.0,5.0,5.0,5.0,5.0,3.0,3.0,1.0,1.0,1.0,5.0,5.0,3.0,1.0,1.0,4.0,3.0,1.0,1.0,1.0,2.0,3.0,4.0,5.0,6.0,7.0,8.0,9.0,,,,1.0,3.0,,1.0,3.0,4.0,1.0,,3.0,,3.0,2.0,2.0,2.0,3.0,5.0,4.0,4.0,1.0,,3.0,,2.0,3.0
1093.0,1.0,1.0,1.0,8.0,1.0,5.0,5.0,5.0,5.0,5.0,1.0,2.0,3.0,4.0,5.0,,,8.0,,,11.0,,,,,,,2.0,,1.0,1.0,1.0,4.0,4.0,,,,,,,,,2.0,,4.0,5.0,5.0,5.0,4.0,5.0,4.0,4.0,5.0,5.0,3.0,3.0,3.0,4.0,3.0,3.0,5.0,5.0,5.0,5.0,5.0,4.0,4.0,5.0,5.0,4.0,4.0,3.0,5.0,4.0,3.0,5.0,5.0,5.0,4.0,5.0,4.0,4.0,5.0,5.0,4.0,3.0,4.0,5.0,4.0,4.0,5.0,5.0,5.0,4.0,5.0,4.0,4.0,5.0,5.0,4.0,4.0,3.0,4.0,4.0,4.0,4.0,3.0,4.0,5.0,2.0,1.0,2.0,1.0,4.0,4.0,3.0,4.0,4.0,3.0,4.0,4.0,4.0,6.0,7.0,4.0,2.0,2.0,2.0,2.0,6.0,,5.0,,,2.0,,,,,,,,,,5.0,4.0,5.0,4.0,4.0,4.0,2.0,3.0,4.0,4.0,4.0,3.0,3.0,5.0,3.0,3.0,3.0,2.0,1.0,1.0,1.0,1.0,1.0,1.0,1.0,1.0,4.0,4.0,4.0,4.0,4.0,3.0,4.0,3.0,1.0,3.0,3.0,2.0,3.0,1.0,1.0,4.0,3.0,3.0,1.0,1.0,2.0,3.0,,,,,8.0,,,,,1.0,3.0,,1.0,4.0,5.0,3.0,6.0,,,6.0,3.0,1.0,1.0,1.0,2.0,2.0,5.0,3.0,6.0,,,2.0,4.0
1094.0,1.0,1.0,1.0,8.0,1.0,5.0,5.0,5.0,4.0,4.0,,2.0,3.0,,5.0,,,,,,,,13.0,,,,,2.0,,1.0,1.0,1.0,4.0,4.0,2.0,,,,,,,,1.0,,4.0,2.0,2.0,2.0,2.0,2.0,4.0,2.0,3.0,2.0,2.0,2.0,2.0,2.0,2.0,4.0,4.0,3.0,3.0,3.0,2.0,2.0,2.0,3.0,3.0,3.0,2.0,2.0,4.0,2.0,2.0,2.0,2.0,2.0,2.0,2.0,2.0,2.0,2.0,2.0,2.0,2.0,2.0,2.0,2.0,2.0,4.0,4.0,4.0,4.0,4.0,4.0,4.0,4.0,4.0,4.0,4.0,4.0,4.0,3.0,2.0,4.0,2.0,3.0,5.0,4.0,2.0,4.0,2.0,4.0,4.0,2.0,4.0,5.0,4.0,5.0,5.0,2.0,9.0,9.0,3.0,2.0,2.0,2.0,2.0,2.0,,4.0,,1.0,,,,,,,,,,,4.0,4.0,4.0,4.0,4.0,4.0,3.0,3.0,4.0,2.0,3.0,3.0,3.0,4.0,4.0,3.0,4.0,4.0,1.0,1.0,1.0,1.0,1.0,2.0,1.0,1.0,2.0,4.0,4.0,2.0,4.0,4.0,2.0,1.0,1.0,1.0,1.0,1.0,4.0,1.0,1.0,4.0,1.0,1.0,1.0,1.0,2.0,,,5.0,,,8.0,9.0,,,,1.0,4.0,,1.0,4.0,5.0,3.0,8.0,,,8.0,3.0,1.0,1.0,1.0,2.0,2.0,5.0,3.0,8.0,,,2.5,4.0
1095.0,1.0,1.0,1.0,8.0,1.0,5.0,3.0,2.0,2.0,2.0,1.0,,3.0,,,6.0,7.0,,,,,,,,,,,3.0,,2.0,1.0,2.0,2.0,2.0,2.0,,,,,,,,2.0,,4.0,4.0,4.0,3.0,2.0,2.0,4.0,2.0,4.0,2.0,2.0,1.0,4.0,2.0,2.0,4.0,1.0,1.0,1.0,1.0,1.0,1.0,1.0,2.0,1.0,1.0,1.0,1.0,3.0,1.0,1.0,1.0,2.0,1.0,1.0,1.0,1.0,1.0,3.0,1.0,2.0,1.0,1.0,3.0,1.0,1.0,1.0,2.0,1.0,2.0,2.0,2.0,2.0,3.0,1.0,2.0,1.0,1.0,3.0,1.0,1.0,3.0,3.0,4.0,4.0,3.0,2.0,2.0,3.0,4.0,5.0,3.0,3.0,5.0,4.0,3.0,2.0,2.0,2.0,4.0,5.0,4.0,4.0,4.0,3.0,6.0,,3.0,,1.0,,,,,,,,,,,2.0,3.0,4.0,2.0,2.0,4.0,1.0,2.0,4.0,2.0,1.0,4.0,2.0,2.0,3.0,2.0,3.0,3.0,1.0,1.0,1.0,1.0,2.0,2.0,2.0,1.0,2.0,2.0,3.0,1.0,1.0,1.0,1.0,1.0,1.0,1.0,1.0,1.0,3.0,3.0,1.0,2.0,3.0,3.0,3.0,,,,,,,,8.0,,,,,2.0,5.0,,1.0,4.0,2.0,3.0,5.0,,,5.0,3.0,1.0,1.0,1.0,2.0,2.0,2.0,3.0,5.0,,,3.5,3.0
1096.0,1.0,1.0,1.0,8.0,1.0,5.0,4.0,4.0,4.0,4.0,,,,,,,,,,,,,,,,9997.0,모름,1.0,,2.0,1.0,2.0,1.0,4.0,,,,,,,,,2.0,,4.0,3.0,3.0,2.0,3.0,3.0,3.0,1.0,3.0,3.0,3.0,1.0,3.0,4.0,4.0,4.0,3.0,3.0,3.0,3.0,4.0,1.0,3.0,2.0,3.0,3.0,2.0,3.0,5.0,3.0,1.0,2.0,2.0,2.0,3.0,3.0,3.0,2.0,2.0,2.0,2.0,2.0,2.0,5.0,4.0,1.0,2.0,3.0,2.0,3.0,3.0,3.0,2.0,2.0,2.0,2.0,2.0,2.0,5.0,4.0,2.0,4.0,3.0,4.0,4.0,3.0,1.0,3.0,2.0,4.0,5.0,4.0,5.0,5.0,4.0,3.0,4.0,3.0,6.0,6.0,5.0,3.0,5.0,3.0,2.0,6.0,,2.0,,,2.0,,,,,,,,,,4.0,3.0,3.0,4.0,4.0,3.0,3.0,3.0,4.0,4.0,3.0,4.0,3.0,4.0,2.0,2.0,3.0,2.0,1.0,1.0,1.0,1.0,1.0,1.0,1.0,1.0,3.0,3.0,3.0,2.0,2.0,3.0,2.0,1.0,1.0,2.0,2.0,3.0,4.0,3.0,1.0,3.0,3.0,3.0,3.0,1.0,2.0,,4.0,5.0,6.0,7.0,8.0,,,,,1.0,5.0,,2.0,3.0,4.0,3.0,5.0,,,5.0,3.0,1.0,1.0,1.0,2.0,2.0,4.0,3.0,5.0,,,3.0,3.5
1097.0,1.0,1.0,1.0,8.0,1.0,5.0,4.0,3.0,4.0,4.0,1.0,2.0,3.0,4.0,5.0,6.0,,,,,,,,,,,,3.0,,1.0,2.0,1.0,4.0,4.0,,,,,,,,,1.0,,4.0,3.0,3.0,1.0,2.0,3.0,3.0,2.0,3.0,2.0,3.0,3.0,4.0,4.0,3.0,3.0,4.0,4.0,5.0,4.0,5.0,3.0,5.0,5.0,5.0,5.0,5.0,3.0,5.0,3.0,2.0,4.0,4.0,5.0,2.0,4.0,2.0,5.0,5.0,4.0,5.0,4.0,3.0,5.0,2.0,2.0,4.0,4.0,5.0,2.0,4.0,2.0,5.0,5.0,5.0,5.0,4.0,3.0,5.0,2.0,2.0,4.0,3.0,4.0,4.0,3.0,2.0,3.0,2.0,4.0,4.0,4.0,4.0,4.0,4.0,2.0,3.0,3.0,11.0,9.0,2.0,2.0,3.0,3.0,2.0,6.0,,6.0,,1.0,,,,,,,,,,,4.0,4.0,4.0,4.0,4.0,4.0,3.0,3.0,4.0,4.0,3.0,3.0,3.0,4.0,4.0,2.0,2.0,2.0,1.0,1.0,1.0,1.0,1.0,1.0,1.0,1.0,4.0,4.0,4.0,4.0,2.0,4.0,3.0,4.0,2.0,2.0,4.0,4.0,4.0,4.0,1.0,4.0,2.0,2.0,2.0,,2.0,,4.0,5.0,,,,,,,,1.0,3.0,,1.0,3.0,4.0,3.0,5.0,,,5.0,3.0,1.0,1.0,1.0,2.0,2.0,4.0,3.0,5.0,,,2.0,4.0
1098.0,1.0,1.0,1.0,8.0,1.0,4.0,3.0,2.0,3.0,4.0,1.0,2.0,3.0,4.0,,,,,,,,,,,,,,5.0,,1.0,1.0,1.0,3.0,2.0,2.0,,,,,,,,1.0,,3.0,2.0,3.0,3.0,3.0,3.0,4.0,3.0,4.0,3.0,3.0,3.0,4.0,3.0,3.0,4.0,4.0,3.0,4.0,4.0,4.0,4.0,4.0,4.0,4.0,4.0,4.0,4.0,4.0,2.0,2.0,4.0,4.0,4.0,4.0,4.0,4.0,4.0,4.0,3.0,4.0,4.0,4.0,4.0,2.0,4.0,4.0,4.0,4.0,3.0,4.0,4.0,4.0,4.0,3.0,4.0,3.0,3.0,4.0,2.0,2.0,3.0,2.0,1.0,5.0,4.0,2.0,4.0,4.0,2.0,3.0,4.0,4.0,3.0,5.0,5.0,4.0,3.0,10.0,10.0,4.0,4.0,4.0,2.0,3.0,4.0,,4.0,,1.0,,,,,,,,,,,4.0,4.0,4.0,3.0,3.0,3.0,3.0,3.0,3.0,4.0,3.0,3.0,3.0,4.0,3.0,2.0,2.0,2.0,1.0,1.0,1.0,1.0,1.0,1.0,1.0,1.0,4.0,4.0,4.0,3.0,2.0,4.0,2.0,2.0,2.0,2.0,1.0,1.0,1.0,1.0,1.0,2.0,3.0,3.0,1.0,,,,4.0,,,,8.0,,,,,1.0,4.0,,2.0,3.0,5.0,3.0,6.0,,,6.0,3.0,1.0,1.0,1.0,2.0,2.0,5.0,3.0,6.0,,,2.5,3.0
1099.0,2.0,2.0,2.0,9.0,3.0,5.0,5.0,4.0,5.0,4.0,,2.0,3.0,4.0,5.0,,,,,,,,,,,,,3.0,,1.0,1.0,2.0,4.0,4.0,2.0,,,,,,,,2.0,,4.0,4.0,4.0,3.0,4.0,4.0,4.0,2.0,3.0,3.0,3.0,2.0,4.0,4.0,4.0,5.0,3.0,3.0,3.0,3.0,3.0,3.0,3.0,3.0,3.0,3.0,3.0,4.0,4.0,2.0,3.0,3.0,3.0,3.0,3.0,3.0,3.0,3.0,3.0,3.0,3.0,3.0,4.0,3.0,3.0,3.0,3.0,3.0,3.0,3.0,3.0,3.0,3.0,3.0,3.0,3.0,3.0,4.0,3.0,3.0,3.0,4.0,3.0,2.0,4.0,4.0,2.0,4.0,2.0,4.0,5.0,4.0,4.0,5.0,5.0,4.0,4.0,2.0,11.0,10.0,4.0,2.0,2.0,2.0,4.0,6.0,,2.0,,,,3.0,,,,,,,,,5.0,5.0,5.0,5.0,5.0,4.0,4.0,4.0,5.0,3.0,3.0,4.0,4.0,4.0,3.0,3.0,3.0,3.0,1.0,1.0,1.0,1.0,1.0,2.0,1.0,1.0,1.0,4.0,2.0,3.0,2.0,1.0,3.0,1.0,1.0,1.0,1.0,1.0,2.0,1.0,1.0,4.0,1.0,1.0,1.0,1.0,2.0,3.0,,5.0,6.0,7.0,8.0,,,,,1.0,4.0,,1.0,4.0,4.0,1.0,,6.0,,6.0,3.0,2.0,2.0,3.0,6.0,1.0,4.0,1.0,,6.0,,2.5,4.5
1100.0,1.0,1.0,1.0,8.0,1.0,5.0,4.0,4.0,4.0,4.0,,2.0,,,,,,,,,,,13.0,,,,,5.0,,1.0,2.0,2.0,3.0,2.0,2.0,,,,,,,,2.0,,3.0,5.0,5.0,5.0,5.0,5.0,5.0,5.0,4.0,5.0,5.0,5.0,5.0,5.0,3.0,4.0,4.0,4.0,4.0,4.0,4.0,4.0,4.0,4.0,4.0,4.0,4.0,4.0,4.0,4.0,4.0,4.0,4.0,4.0,4.0,4.0,4.0,4.0,4.0,4.0,4.0,4.0,4.0,4.0,4.0,4.0,4.0,4.0,4.0,4.0,4.0,4.0,4.0,4.0,4.0,4.0,4.0,4.0,4.0,3.0,4.0,3.0,3.0,3.0,3.0,3.0,3.0,3.0,3.0,3.0,3.0,3.0,3.0,3.0,3.0,3.0,3.0,1.0,8.0,4.0,4.0,4.0,4.0,4.0,4.0,2.0,,4.0,,,2.0,,,,,,,,,,3.0,3.0,3.0,3.0,3.0,3.0,3.0,3.0,4.0,4.0,3.0,3.0,3.0,3.0,3.0,3.0,3.0,3.0,1.0,1.0,1.0,1.0,1.0,1.0,1.0,1.0,3.0,3.0,3.0,3.0,3.0,3.0,2.0,2.0,2.0,2.0,2.0,2.0,2.0,2.0,2.0,3.0,3.0,3.0,3.0,,2.0,,,,,,,,,,,1.0,4.0,,1.0,4.0,4.0,2.0,6.0,,,6.0,3.0,1.0,1.0,1.0,2.0,2.0,4.0,2.0,6.0,,,2.5,3.0
1101.0,1.0,1.0,1.0,8.0,1.0,5.0,5.0,5.0,4.0,4.0,,,,,,,,,,,,,,,,9997.0,모름,2.0,,2.0,1.0,2.0,2.0,3.0,,,,,,,,,4.0,,4.0,4.0,3.0,1.0,1.0,2.0,2.0,1.0,4.0,4.0,3.0,1.0,3.0,2.0,2.0,4.0,4.0,4.0,1.0,3.0,1.0,1.0,1.0,4.0,4.0,4.0,4.0,4.0,5.0,5.0,4.0,4.0,4.0,4.0,4.0,4.0,4.0,4.0,3.0,3.0,3.0,1.0,3.0,4.0,4.0,1.0,5.0,5.0,5.0,5.0,5.0,5.0,5.0,5.0,5.0,5.0,5.0,5.0,5.0,5.0,5.0,4.0,2.0,3.0,4.0,4.0,2.0,4.0,2.0,4.0,4.0,3.0,4.0,5.0,5.0,5.0,4.0,2.0,3.0,3.0,4.0,4.0,2.0,2.0,2.0,6.0,,2.0,,1.0,,,,,,,,,,,4.0,4.0,3.0,4.0,4.0,4.0,3.0,3.0,4.0,3.0,2.0,4.0,3.0,4.0,3.0,2.0,2.0,2.0,1.0,1.0,1.0,1.0,1.0,1.0,1.0,1.0,4.0,4.0,4.0,4.0,1.0,1.0,1.0,1.0,1.0,1.0,4.0,4.0,4.0,4.0,1.0,4.0,3.0,3.0,3.0,,,,4.0,,6.0,,,,,,,2.0,3.0,,1.0,2.0,3.0,3.0,6.0,,,6.0,3.0,1.0,1.0,1.0,2.0,2.0,3.0,3.0,6.0,,,2.5,4.0
1102.0,1.0,1.0,1.0,8.0,1.0,4.0,4.0,3.0,4.0,5.0,1.0,2.0,3.0,4.0,5.0,,,,,,,,13.0,,,,,3.0,,1.0,1.0,2.0,2.0,4.0,2.0,,,,,,,,2.0,,4.0,3.0,3.0,2.0,3.0,3.0,3.0,3.0,3.0,3.0,2.0,2.0,2.0,2.0,2.0,3.0,4.0,4.0,4.0,4.0,3.0,2.0,4.0,4.0,4.0,4.0,3.0,2.0,4.0,2.0,2.0,4.0,4.0,4.0,4.0,4.0,2.0,4.0,4.0,4.0,4.0,2.0,2.0,4.0,2.0,2.0,4.0,4.0,4.0,4.0,4.0,2.0,4.0,4.0,4.0,4.0,2.0,2.0,4.0,2.0,4.0,4.0,4.0,3.0,4.0,3.0,2.0,4.0,3.0,2.0,3.0,4.0,4.0,4.0,3.0,3.0,2.0,1.0,9.0,10.0,4.0,2.0,2.0,4.0,2.0,1.0,,5.0,,1.0,,,,,,,,,,,4.0,4.0,4.0,4.0,4.0,4.0,4.0,5.0,2.0,2.0,1.0,3.0,2.0,4.0,3.0,3.0,3.0,3.0,1.0,1.0,1.0,1.0,1.0,1.0,1.0,1.0,4.0,4.0,4.0,4.0,3.0,1.0,1.0,1.0,1.0,3.0,3.0,2.0,4.0,2.0,1.0,4.0,3.0,3.0,3.0,1.0,,,4.0,,6.0,,,,,,,1.0,4.0,,1.0,3.0,3.0,3.0,5.0,,,5.0,3.0,1.0,1.0,1.0,2.0,2.0,3.0,3.0,5.0,,,2.5,4.0
1103.0,1.0,1.0,1.0,8.0,1.0,5.0,4.0,4.0,5.0,5.0,1.0,,3.0,,,,,,,,,,13.0,,,,,2.0,,1.0,1.0,1.0,3.0,5.0,2.0,,,,,,,,1.0,,4.0,3.0,4.0,3.0,3.0,3.0,3.0,3.0,4.0,4.0,3.0,3.0,3.0,4.0,4.0,4.0,3.0,4.0,4.0,4.0,4.0,4.0,4.0,4.0,4.0,4.0,3.0,3.0,4.0,3.0,3.0,2.0,2.0,2.0,2.0,2.0,2.0,2.0,2.0,2.0,2.0,2.0,2.0,4.0,2.0,2.0,4.0,5.0,5.0,5.0,5.0,4.0,4.0,5.0,5.0,5.0,5.0,2.0,5.0,4.0,2.0,4.0,4.0,3.0,4.0,3.0,1.0,4.0,2.0,4.0,4.0,2.0,4.0,5.0,5.0,4.0,3.0,2.0,10.0,2.0,4.0,2.0,4.0,4.0,4.0,2.0,,5.0,,,,3.0,,,,,,,,,4.0,4.0,4.0,4.0,4.0,3.0,3.0,3.0,5.0,3.0,3.0,3.0,3.0,5.0,4.0,4.0,4.0,4.0,1.0,1.0,1.0,1.0,1.0,1.0,1.0,1.0,4.0,4.0,4.0,2.0,2.0,1.0,1.0,1.0,1.0,3.0,1.0,1.0,3.0,1.0,1.0,1.0,3.0,3.0,2.0,1.0,2.0,3.0,4.0,5.0,6.0,7.0,8.0,9.0,,,,1.0,5.0,,1.0,4.0,5.0,9997.0,6.0,,,6.0,3.0,1.0,1.0,1.0,2.0,2.0,5.0,4.0,6.0,,,3.0,3.5
1104.0,1.0,1.0,1.0,8.0,1.0,5.0,4.0,3.0,4.0,4.0,1.0,,3.0,,5.0,6.0,7.0,8.0,9.0,10.0,11.0,12.0,13.0,,,,,2.0,,2.0,1.0,2.0,2.0,3.0,,,,,,,,,1.0,,2.0,4.0,4.0,4.0,4.0,4.0,4.0,4.0,4.0,4.0,4.0,4.0,5.0,4.0,3.0,5.0,2.0,3.0,3.0,3.0,3.0,3.0,3.0,3.0,3.0,3.0,3.0,4.0,5.0,5.0,3.0,3.0,3.0,3.0,3.0,3.0,3.0,3.0,3.0,3.0,3.0,2.0,4.0,5.0,5.0,3.0,3.0,3.0,3.0,3.0,3.0,3.0,3.0,3.0,3.0,3.0,2.0,4.0,5.0,5.0,3.0,4.0,4.0,4.0,4.0,4.0,4.0,4.0,4.0,4.0,4.0,2.0,3.0,2.0,2.0,3.0,3.0,4.0,7.0,8.0,3.0,4.0,4.0,4.0,4.0,1.0,,1.0,,,,3.0,,,,,,,,,3.0,3.0,3.0,3.0,3.0,3.0,1.0,3.0,3.0,3.0,3.0,3.0,3.0,3.0,2.0,2.0,2.0,3.0,1.0,1.0,1.0,1.0,1.0,1.0,1.0,1.0,4.0,2.0,4.0,4.0,3.0,3.0,4.0,2.0,3.0,4.0,3.0,3.0,4.0,4.0,2.0,4.0,1.0,1.0,1.0,1.0,2.0,,,,,,,,,,,1.0,3.0,,1.0,1.0,1.0,3.0,3.0,,,3.0,2.0,1.0,1.0,1.0,1.0,2.0,1.0,3.0,3.0,,,2.0,3.0
1105.0,1.0,1.0,1.0,8.0,1.0,5.0,5.0,4.0,4.0,4.0,1.0,2.0,3.0,4.0,5.0,6.0,7.0,,,,,,,,,,,1.0,,2.0,1.0,1.0,3.0,4.0,,,,,,,,,2.0,,3.0,4.0,4.0,4.0,3.0,3.0,4.0,3.0,4.0,4.0,3.0,3.0,4.0,4.0,3.0,4.0,4.0,4.0,4.0,4.0,4.0,4.0,4.0,4.0,4.0,4.0,4.0,4.0,4.0,4.0,4.0,4.0,4.0,4.0,4.0,4.0,4.0,4.0,4.0,4.0,4.0,4.0,4.0,4.0,4.0,4.0,4.0,4.0,4.0,4.0,4.0,4.0,4.0,4.0,4.0,4.0,4.0,4.0,4.0,4.0,4.0,4.0,3.0,2.0,4.0,3.0,3.0,3.0,3.0,4.0,4.0,4.0,4.0,4.0,4.0,3.0,4.0,3.0,8.0,6.0,4.0,3.0,3.0,3.0,3.0,4.0,,2.0,,1.0,,,,,,,,,,,3.0,3.0,3.0,3.0,3.0,4.0,4.0,4.0,4.0,4.0,4.0,4.0,4.0,4.0,3.0,3.0,3.0,2.0,1.0,1.0,1.0,1.0,1.0,1.0,1.0,1.0,4.0,4.0,4.0,4.0,3.0,3.0,4.0,3.0,3.0,3.0,3.0,3.0,3.0,3.0,2.0,4.0,1.0,1.0,1.0,1.0,,,,,,,,,,,,1.0,3.0,,1.0,4.0,5.0,9997.0,7.0,,,7.0,3.0,1.0,1.0,1.0,2.0,2.0,5.0,4.0,7.0,,,2.0,3.5
1106.0,1.0,1.0,1.0,8.0,1.0,5.0,5.0,5.0,5.0,4.0,,,,,,,,,,,,,13.0,,,,,2.0,,1.0,1.0,2.0,4.0,4.0,2.0,,,,,,,,2.0,,3.0,4.0,4.0,4.0,3.0,3.0,5.0,2.0,5.0,4.0,4.0,3.0,4.0,4.0,4.0,5.0,4.0,4.0,4.0,4.0,3.0,3.0,3.0,3.0,3.0,3.0,3.0,4.0,5.0,5.0,2.0,4.0,4.0,4.0,4.0,3.0,4.0,2.0,4.0,3.0,3.0,3.0,4.0,4.0,5.0,4.0,4.0,4.0,3.0,3.0,3.0,3.0,3.0,4.0,4.0,4.0,3.0,4.0,5.0,5.0,4.0,4.0,2.0,4.0,4.0,5.0,4.0,4.0,4.0,4.0,4.0,4.0,4.0,4.0,4.0,3.0,3.0,4.0,8.0,9.0,4.0,4.0,4.0,4.0,4.0,6.0,,4.0,,,,3.0,,,,,,,,,4.0,4.0,5.0,4.0,4.0,3.0,3.0,3.0,4.0,3.0,3.0,4.0,3.0,4.0,3.0,4.0,4.0,2.0,1.0,1.0,1.0,1.0,1.0,1.0,1.0,1.0,4.0,2.0,4.0,2.0,2.0,3.0,2.0,2.0,2.0,2.0,2.0,4.0,4.0,4.0,2.0,3.0,1.0,1.0,3.0,,2.0,3.0,4.0,,,,8.0,,,,,1.0,3.0,,2.0,3.0,5.0,3.0,7.0,,,7.0,3.0,1.0,1.0,1.0,2.0,2.0,5.0,3.0,7.0,,,2.0,3.5
1107.0,1.0,1.0,1.0,8.0,1.0,5.0,4.0,4.0,5.0,4.0,1.0,2.0,3.0,,,6.0,7.0,,,,,,,,,,,3.0,,2.0,1.0,1.0,3.0,3.0,2.0,,,,,,,,2.0,,4.0,4.0,4.0,3.0,4.0,3.0,3.0,3.0,4.0,4.0,3.0,3.0,3.0,4.0,3.0,4.0,4.0,4.0,4.0,4.0,4.0,3.0,4.0,5.0,4.0,4.0,4.0,4.0,4.0,4.0,3.0,3.0,3.0,3.0,3.0,3.0,2.0,3.0,4.0,4.0,4.0,4.0,3.0,5.0,3.0,2.0,4.0,4.0,4.0,3.0,3.0,2.0,3.0,4.0,4.0,4.0,3.0,3.0,4.0,3.0,2.0,4.0,4.0,4.0,4.0,3.0,2.0,3.0,3.0,3.0,3.0,4.0,4.0,4.0,4.0,4.0,4.0,3.0,9.0,4.0,3.0,4.0,4.0,4.0,3.0,4.0,,5.0,,,2.0,3.0,,,,,,,,,3.0,3.0,4.0,3.0,3.0,3.0,3.0,3.0,4.0,4.0,3.0,4.0,3.0,3.0,3.0,3.0,3.0,2.0,1.0,1.0,1.0,1.0,1.0,2.0,1.0,1.0,4.0,4.0,4.0,3.0,3.0,3.0,4.0,2.0,2.0,3.0,2.0,2.0,2.0,2.0,2.0,4.0,1.0,1.0,2.0,,2.0,3.0,,,,,,,,,,2.0,5.0,,1.0,4.0,4.0,3.0,1.0,,,1.0,1.0,1.0,1.0,1.0,1.0,2.0,4.0,3.0,1.0,,,3.5,3.0
1108.0,1.0,1.0,1.0,1.0,1.0,5.0,5.0,5.0,5.0,5.0,1.0,2.0,3.0,4.0,5.0,,,,,,,,13.0,,,,,2.0,,1.0,1.0,2.0,4.0,4.0,2.0,,,,,,,,2.0,,4.0,3.0,4.0,2.0,2.0,2.0,4.0,2.0,3.0,2.0,2.0,2.0,4.0,4.0,4.0,4.0,3.0,3.0,3.0,2.0,2.0,2.0,3.0,4.0,3.0,4.0,4.0,2.0,4.0,1.0,1.0,3.0,3.0,4.0,3.0,3.0,3.0,3.0,4.0,3.0,3.0,4.0,3.0,3.0,1.0,1.0,4.0,4.0,4.0,4.0,4.0,4.0,4.0,4.0,4.0,4.0,4.0,4.0,4.0,3.0,3.0,3.0,2.0,3.0,5.0,5.0,1.0,2.0,2.0,5.0,5.0,4.0,4.0,5.0,5.0,3.0,4.0,3.0,4.0,2.0,5.0,5.0,5.0,5.0,4.0,2.0,,6.0,,1.0,,,,,,,,,,,4.0,4.0,2.0,4.0,4.0,4.0,3.0,4.0,5.0,4.0,3.0,5.0,3.0,4.0,4.0,4.0,4.0,3.0,1.0,1.0,1.0,1.0,1.0,1.0,1.0,1.0,4.0,4.0,3.0,4.0,1.0,1.0,1.0,1.0,1.0,1.0,1.0,1.0,1.0,1.0,1.0,4.0,1.0,1.0,1.0,,,3.0,,,,,8.0,,,,,1.0,3.0,,1.0,4.0,5.0,3.0,6.0,,,6.0,3.0,1.0,1.0,1.0,2.0,1.0,5.0,3.0,6.0,,,2.0,4.0
1109.0,1.0,1.0,1.0,8.0,1.0,5.0,4.0,4.0,4.0,3.0,1.0,,3.0,4.0,,,,,,,,,13.0,14.0,,,,3.0,,2.0,2.0,2.0,3.0,3.0,2.0,,,,,,,,2.0,,3.0,4.0,4.0,4.0,4.0,4.0,4.0,3.0,4.0,4.0,3.0,4.0,4.0,4.0,4.0,4.0,3.0,3.0,2.0,2.0,2.0,2.0,2.0,3.0,3.0,3.0,3.0,3.0,4.0,2.0,2.0,2.0,2.0,2.0,2.0,2.0,2.0,2.0,2.0,2.0,2.0,2.0,2.0,3.0,2.0,2.0,2.0,2.0,2.0,2.0,2.0,2.0,2.0,2.0,2.0,2.0,2.0,2.0,3.0,2.0,2.0,3.0,4.0,2.0,3.0,3.0,3.0,3.0,3.0,3.0,3.0,3.0,3.0,3.0,4.0,4.0,4.0,3.0,6.0,6.0,3.0,4.0,4.0,3.0,3.0,5.0,,2.0,,,2.0,3.0,,,,,,,,,3.0,3.0,3.0,3.0,3.0,3.0,3.0,3.0,3.0,3.0,3.0,3.0,3.0,3.0,2.0,2.0,3.0,2.0,1.0,1.0,1.0,1.0,1.0,1.0,1.0,1.0,3.0,3.0,3.0,3.0,3.0,3.0,3.0,2.0,2.0,3.0,2.0,2.0,3.0,3.0,2.0,3.0,3.0,3.0,3.0,,,,,5.0,6.0,,,,,,,1.0,3.0,,1.0,5.0,5.0,3.0,6.0,,,6.0,3.0,1.0,1.0,1.0,2.0,2.0,5.0,3.0,6.0,,,2.0,3.0
1110.0,1.0,1.0,1.0,8.0,1.0,3.0,4.0,4.0,3.0,3.0,,,3.0,,,,,,,,,,,,,,,1.0,,1.0,1.0,2.0,3.0,3.0,2.0,,,,,,,,1.0,,4.0,4.0,2.0,2.0,3.0,3.0,4.0,2.0,5.0,5.0,3.0,2.0,4.0,4.0,2.0,4.0,2.0,2.0,2.0,2.0,2.0,2.0,2.0,2.0,2.0,2.0,2.0,2.0,2.0,2.0,2.0,2.0,2.0,2.0,2.0,2.0,2.0,2.0,2.0,2.0,2.0,2.0,2.0,2.0,2.0,2.0,3.0,4.0,3.0,4.0,3.0,4.0,3.0,4.0,3.0,4.0,3.0,3.0,4.0,3.0,4.0,5.0,5.0,5.0,5.0,5.0,1.0,1.0,1.0,5.0,5.0,3.0,3.0,5.0,1.0,5.0,4.0,3.0,6.0,6.0,4.0,4.0,3.0,3.0,3.0,2.0,,4.0,,,,,,,,,,,,11.0,4.0,4.0,4.0,4.0,4.0,4.0,4.0,4.0,4.0,4.0,2.0,4.0,4.0,4.0,4.0,4.0,4.0,4.0,1.0,1.0,1.0,1.0,1.0,2.0,1.0,1.0,4.0,4.0,2.0,3.0,2.0,3.0,2.0,1.0,1.0,1.0,1.0,3.0,1.0,1.0,1.0,3.0,1.0,1.0,1.0,1.0,,,,5.0,6.0,,8.0,,,,,1.0,4.0,,1.0,3.0,4.0,1.0,4.0,,,4.0,2.0,1.0,1.0,1.0,1.0,2.0,4.0,1.0,4.0,,,2.5,4.0
1111.0,1.0,1.0,1.0,8.0,1.0,5.0,4.0,3.0,4.0,4.0,1.0,,3.0,,,,,,,,,,,,,,,1.0,,2.0,1.0,2.0,2.0,4.0,2.0,,,,,,,,1.0,,3.0,3.0,3.0,2.0,4.0,3.0,4.0,2.0,4.0,3.0,2.0,2.0,4.0,2.0,2.0,5.0,2.0,2.0,2.0,2.0,2.0,2.0,2.0,3.0,4.0,2.0,2.0,2.0,4.0,4.0,3.0,2.0,2.0,2.0,2.0,2.0,2.0,2.0,2.0,2.0,2.0,2.0,2.0,2.0,2.0,2.0,2.0,1.0,1.0,1.0,1.0,2.0,2.0,2.0,2.0,2.0,2.0,1.0,4.0,5.0,2.0,4.0,4.0,4.0,5.0,5.0,2.0,2.0,4.0,3.0,4.0,2.0,3.0,5.0,4.0,3.0,5.0,4.0,6.0,8.0,4.0,3.0,4.0,4.0,3.0,4.0,,6.0,,1.0,,,,,,,,,,,4.0,4.0,5.0,5.0,4.0,3.0,5.0,5.0,5.0,4.0,3.0,5.0,5.0,4.0,2.0,2.0,3.0,2.0,1.0,1.0,2.0,2.0,1.0,2.0,2.0,1.0,3.0,3.0,2.0,2.0,1.0,3.0,1.0,1.0,2.0,1.0,1.0,3.0,3.0,2.0,1.0,3.0,3.0,3.0,3.0,,,,4.0,,,,,,,,,1.0,6.0,,2.0,2.0,1.0,3.0,3.0,,,3.0,2.0,1.0,1.0,1.0,1.0,2.0,1.0,3.0,3.0,,,3.5,3.5
1112.0,1.0,1.0,1.0,8.0,1.0,5.0,4.0,2.0,5.0,4.0,1.0,2.0,3.0,,5.0,6.0,7.0,,,,,,13.0,14.0,,,,5.0,,2.0,1.0,1.0,4.0,5.0,2.0,,,,,,,,1.0,,4.0,3.0,3.0,4.0,3.0,3.0,4.0,3.0,3.0,3.0,3.0,2.0,4.0,3.0,3.0,5.0,3.0,3.0,3.0,3.0,3.0,3.0,3.0,3.0,3.0,3.0,3.0,3.0,4.0,3.0,3.0,3.0,3.0,3.0,3.0,3.0,3.0,3.0,3.0,3.0,3.0,3.0,3.0,4.0,2.0,3.0,3.0,3.0,3.0,3.0,3.0,3.0,3.0,3.0,3.0,3.0,3.0,3.0,4.0,3.0,3.0,3.0,3.0,4.0,4.0,4.0,1.0,1.0,1.0,4.0,4.0,2.0,4.0,4.0,5.0,5.0,4.0,3.0,9.0,8.0,3.0,2.0,4.0,4.0,4.0,6.0,,4.0,,1.0,,,,,,,,,,,3.0,4.0,4.0,4.0,4.0,2.0,1.0,2.0,4.0,3.0,4.0,5.0,4.0,3.0,3.0,2.0,3.0,3.0,1.0,1.0,1.0,1.0,1.0,1.0,1.0,1.0,4.0,4.0,4.0,3.0,3.0,4.0,4.0,1.0,1.0,3.0,2.0,1.0,4.0,4.0,3.0,4.0,1.0,1.0,1.0,1.0,2.0,3.0,4.0,5.0,6.0,7.0,8.0,9.0,,,,1.0,4.0,,1.0,4.0,2.0,3.0,6.0,,,6.0,3.0,1.0,1.0,1.0,2.0,2.0,2.0,3.0,6.0,,,2.5,3.0
1113.0,1.0,1.0,1.0,3.0,1.0,5.0,4.0,4.0,5.0,4.0,,,,,,,,,,,,,,,,9997.0,없음,9997.0,개인정보 취급 안함,2.0,2.0,2.0,2.0,4.0,2.0,,,,,,,,3.0,,4.0,4.0,4.0,4.0,3.0,4.0,4.0,3.0,5.0,4.0,3.0,3.0,4.0,4.0,4.0,4.0,5.0,5.0,5.0,4.0,4.0,4.0,4.0,5.0,4.0,5.0,4.0,4.0,4.0,3.0,3.0,5.0,5.0,4.0,4.0,5.0,3.0,4.0,5.0,5.0,5.0,5.0,4.0,5.0,3.0,4.0,5.0,5.0,5.0,3.0,4.0,3.0,4.0,5.0,5.0,5.0,5.0,4.0,5.0,3.0,3.0,4.0,2.0,2.0,5.0,4.0,1.0,1.0,1.0,5.0,5.0,2.0,3.0,4.0,3.0,2.0,4.0,3.0,8.0,7.0,3.0,5.0,5.0,4.0,4.0,9997.0,개인정보 취급 안 함,3.0,,1.0,,,,,,,,,,,4.0,4.0,4.0,4.0,4.0,3.0,3.0,3.0,4.0,4.0,3.0,4.0,3.0,4.0,2.0,2.0,3.0,2.0,1.0,1.0,1.0,2.0,1.0,2.0,1.0,1.0,5.0,5.0,4.0,4.0,4.0,4.0,2.0,3.0,1.0,3.0,4.0,3.0,2.0,1.0,1.0,4.0,3.0,3.0,1.0,,,,,,,,,,,9997.0,개인정보 취급 안 함,1.0,3.0,,1.0,3.0,2.0,9997.0,2.0,,,2.0,1.0,1.0,1.0,1.0,1.0,4.0,2.0,4.0,2.0,,,2.0,3.5
1114.0,1.0,1.0,1.0,8.0,1.0,4.0,5.0,4.0,4.0,4.0,1.0,2.0,3.0,4.0,5.0,6.0,,,,,,,,,,,,3.0,,2.0,1.0,1.0,3.0,4.0,2.0,,,,,,,,2.0,,4.0,3.0,3.0,2.0,3.0,2.0,3.0,2.0,4.0,3.0,3.0,2.0,3.0,3.0,3.0,4.0,4.0,4.0,4.0,4.0,4.0,4.0,4.0,4.0,4.0,4.0,4.0,4.0,5.0,3.0,3.0,4.0,4.0,4.0,3.0,4.0,2.0,4.0,4.0,4.0,4.0,3.0,4.0,2.0,2.0,2.0,4.0,4.0,5.0,4.0,5.0,4.0,5.0,5.0,4.0,5.0,4.0,4.0,5.0,4.0,2.0,4.0,4.0,4.0,4.0,4.0,2.0,3.0,2.0,4.0,2.0,3.0,4.0,5.0,5.0,5.0,4.0,4.0,8.0,7.0,4.0,3.0,3.0,2.0,2.0,2.0,,5.0,,1.0,,,,,,,,,,,4.0,4.0,4.0,4.0,4.0,3.0,4.0,4.0,4.0,2.0,2.0,3.0,2.0,3.0,3.0,3.0,3.0,3.0,1.0,1.0,1.0,1.0,1.0,2.0,1.0,1.0,4.0,4.0,2.0,4.0,2.0,2.0,3.0,2.0,2.0,2.0,2.0,1.0,3.0,2.0,2.0,4.0,3.0,3.0,3.0,1.0,2.0,,,,,,,,,,,1.0,5.0,,1.0,3.0,2.0,3.0,5.0,,,5.0,3.0,1.0,1.0,1.0,2.0,2.0,2.0,3.0,5.0,,,3.0,3.5
1115.0,1.0,1.0,1.0,1.0,1.0,4.0,4.0,4.0,3.0,3.0,1.0,2.0,3.0,,,,,,,,,,,,,,,4.0,,1.0,1.0,2.0,3.0,3.0,2.0,,,,,,,,2.0,,3.0,3.0,3.0,2.0,3.0,2.0,3.0,3.0,4.0,3.0,3.0,2.0,3.0,3.0,3.0,4.0,4.0,3.0,3.0,3.0,2.0,3.0,2.0,4.0,3.0,3.0,2.0,3.0,3.0,3.0,4.0,4.0,3.0,3.0,3.0,2.0,3.0,2.0,4.0,4.0,3.0,3.0,3.0,3.0,3.0,4.0,3.0,3.0,2.0,3.0,2.0,3.0,2.0,4.0,3.0,3.0,2.0,3.0,3.0,3.0,4.0,4.0,4.0,3.0,4.0,3.0,2.0,3.0,3.0,4.0,4.0,4.0,4.0,4.0,4.0,4.0,4.0,3.0,6.0,6.0,4.0,3.0,3.0,3.0,3.0,5.0,,2.0,,,2.0,,,,,,,,,,3.0,3.0,3.0,3.0,3.0,3.0,3.0,4.0,3.0,3.0,3.0,3.0,3.0,3.0,3.0,3.0,3.0,3.0,1.0,1.0,2.0,1.0,1.0,2.0,1.0,1.0,3.0,4.0,4.0,3.0,3.0,4.0,4.0,2.0,2.0,3.0,3.0,2.0,3.0,3.0,3.0,3.0,1.0,1.0,1.0,1.0,,,,,,,8.0,9.0,,,,1.0,3.0,,1.0,4.0,5.0,1.0,4.0,,,4.0,2.0,1.0,1.0,1.0,1.0,1.0,5.0,1.0,4.0,,,2.0,3.0
1116.0,1.0,1.0,1.0,8.0,1.0,5.0,4.0,4.0,4.0,5.0,1.0,2.0,3.0,,5.0,6.0,7.0,,,,,,,,,,,2.0,,1.0,1.0,2.0,3.0,4.0,2.0,,,,,,,,1.0,,4.0,4.0,4.0,4.0,4.0,4.0,4.0,4.0,5.0,4.0,4.0,3.0,4.0,5.0,4.0,5.0,4.0,4.0,4.0,4.0,4.0,4.0,4.0,5.0,4.0,4.0,3.0,4.0,5.0,4.0,3.0,3.0,3.0,3.0,3.0,3.0,3.0,3.0,3.0,3.0,3.0,3.0,3.0,3.0,3.0,3.0,4.0,4.0,4.0,4.0,4.0,4.0,4.0,4.0,4.0,4.0,4.0,4.0,4.0,4.0,4.0,4.0,3.0,4.0,4.0,4.0,2.0,3.0,2.0,4.0,4.0,4.0,4.0,3.0,3.0,3.0,4.0,3.0,6.0,6.0,3.0,3.0,3.0,2.0,2.0,4.0,,4.0,,1.0,,,,,,,,,,,4.0,4.0,4.0,4.0,4.0,4.0,4.0,4.0,4.0,4.0,4.0,4.0,4.0,4.0,3.0,3.0,3.0,3.0,1.0,1.0,1.0,1.0,1.0,1.0,1.0,1.0,4.0,4.0,4.0,4.0,4.0,4.0,4.0,4.0,2.0,4.0,2.0,2.0,2.0,2.0,2.0,4.0,1.0,1.0,1.0,1.0,2.0,3.0,,,,,,,,,,1.0,4.0,,1.0,4.0,4.0,3.0,6.0,,,6.0,3.0,1.0,1.0,1.0,2.0,2.0,4.0,3.0,6.0,,,2.5,4.0
1117.0,3.0,3.0,2.0,1.0,4.0,5.0,5.0,4.0,5.0,5.0,1.0,2.0,3.0,4.0,5.0,6.0,7.0,,9.0,10.0,11.0,12.0,13.0,14.0,,,,5.0,,1.0,1.0,2.0,4.0,4.0,2.0,,,,,,,,2.0,,4.0,4.0,4.0,3.0,3.0,4.0,4.0,2.0,4.0,4.0,3.0,2.0,4.0,4.0,3.0,4.0,4.0,4.0,4.0,4.0,4.0,4.0,3.0,3.0,4.0,3.0,3.0,4.0,4.0,4.0,4.0,5.0,5.0,5.0,5.0,4.0,5.0,4.0,4.0,4.0,3.0,3.0,5.0,5.0,5.0,5.0,4.0,4.0,3.0,4.0,4.0,4.0,3.0,3.0,3.0,3.0,3.0,4.0,4.0,4.0,4.0,5.0,2.0,3.0,4.0,4.0,3.0,4.0,4.0,4.0,5.0,3.0,3.0,3.0,4.0,3.0,4.0,4.0,9.0,11.0,4.0,4.0,4.0,4.0,3.0,5.0,,6.0,,,2.0,3.0,,,6.0,,,,,,4.0,4.0,3.0,4.0,4.0,4.0,4.0,3.0,4.0,5.0,3.0,4.0,4.0,4.0,4.0,3.0,3.0,3.0,1.0,1.0,1.0,1.0,1.0,1.0,1.0,1.0,5.0,5.0,5.0,5.0,5.0,5.0,5.0,5.0,5.0,5.0,5.0,5.0,5.0,5.0,5.0,4.0,1.0,1.0,2.0,1.0,,3.0,4.0,5.0,,7.0,8.0,9.0,,,,2.0,4.0,,1.0,4.0,4.0,1.0,,,3.0,3.0,2.0,3.0,3.0,4.0,7.0,1.0,4.0,1.0,,,3.0,3.0,4.0
1118.0,1.0,1.0,1.0,1.0,1.0,4.0,4.0,2.0,5.0,4.0,1.0,,3.0,,,,,,,,,,,,,,,3.0,,2.0,1.0,2.0,2.0,4.0,,,,,,,,,1.0,,4.0,3.0,3.0,2.0,2.0,2.0,2.0,2.0,4.0,3.0,3.0,3.0,3.0,3.0,3.0,3.0,4.0,4.0,4.0,4.0,4.0,4.0,4.0,4.0,4.0,4.0,4.0,4.0,4.0,4.0,2.0,1.0,1.0,1.0,1.0,2.0,2.0,2.0,2.0,2.0,2.0,2.0,2.0,4.0,1.0,1.0,4.0,4.0,4.0,4.0,4.0,4.0,4.0,4.0,4.0,4.0,4.0,4.0,5.0,4.0,4.0,4.0,3.0,4.0,5.0,4.0,2.0,4.0,3.0,3.0,4.0,3.0,4.0,5.0,4.0,4.0,4.0,2.0,10.0,10.0,4.0,3.0,3.0,2.0,2.0,2.0,,4.0,,1.0,,,,,,,,,,,4.0,4.0,4.0,4.0,4.0,3.0,2.0,3.0,4.0,2.0,3.0,3.0,3.0,4.0,2.0,2.0,3.0,2.0,1.0,1.0,1.0,1.0,1.0,1.0,1.0,1.0,4.0,4.0,4.0,4.0,2.0,4.0,2.0,2.0,2.0,2.0,2.0,2.0,2.0,2.0,2.0,3.0,3.0,3.0,3.0,,2.0,,,5.0,,,,,,,,2.0,3.0,,2.0,4.0,4.0,9997.0,4.0,,,4.0,2.0,1.0,1.0,1.0,1.0,1.0,4.0,4.0,4.0,,,2.5,3.5
1119.0,1.0,1.0,1.0,8.0,1.0,5.0,5.0,5.0,4.0,4.0,1.0,2.0,,4.0,5.0,,,,,,,,,,,,,2.0,,2.0,1.0,2.0,4.0,4.0,2.0,,,,,,,,1.0,,4.0,4.0,4.0,3.0,4.0,3.0,3.0,3.0,3.0,3.0,3.0,3.0,3.0,4.0,3.0,4.0,4.0,4.0,3.0,3.0,3.0,3.0,3.0,4.0,3.0,3.0,3.0,3.0,4.0,4.0,3.0,3.0,4.0,3.0,4.0,3.0,3.0,3.0,4.0,3.0,3.0,3.0,4.0,4.0,3.0,3.0,4.0,4.0,3.0,4.0,3.0,3.0,3.0,3.0,3.0,3.0,3.0,3.0,4.0,4.0,3.0,4.0,3.0,4.0,4.0,3.0,3.0,3.0,3.0,3.0,3.0,3.0,4.0,4.0,4.0,4.0,4.0,3.0,6.0,6.0,3.0,4.0,4.0,4.0,4.0,6.0,,5.0,,1.0,,,,,,,,,,,4.0,4.0,4.0,4.0,4.0,4.0,3.0,3.0,3.0,3.0,3.0,4.0,3.0,4.0,3.0,3.0,3.0,3.0,1.0,1.0,1.0,1.0,1.0,1.0,1.0,1.0,4.0,4.0,4.0,4.0,4.0,4.0,3.0,3.0,3.0,3.0,2.0,2.0,3.0,3.0,2.0,4.0,1.0,1.0,1.0,1.0,2.0,3.0,4.0,5.0,6.0,7.0,8.0,9.0,,,,1.0,3.0,,1.0,4.0,1.0,2.0,6.0,,,6.0,3.0,1.0,1.0,1.0,2.0,2.0,1.0,2.0,6.0,,,2.0,4.0
1120.0,3.0,1.0,1.0,1.0,4.0,4.0,4.0,2.0,4.0,2.0,1.0,2.0,,4.0,5.0,,,,,,,,,,,,,1.0,,2.0,1.0,2.0,3.0,3.0,2.0,,,,,,,,2.0,,3.0,4.0,4.0,3.0,3.0,3.0,4.0,3.0,4.0,3.0,3.0,3.0,4.0,4.0,4.0,4.0,3.0,4.0,3.0,4.0,3.0,4.0,3.0,3.0,4.0,3.0,3.0,4.0,4.0,4.0,4.0,3.0,4.0,3.0,3.0,3.0,4.0,3.0,3.0,3.0,3.0,3.0,4.0,4.0,4.0,4.0,3.0,4.0,3.0,3.0,3.0,4.0,3.0,3.0,3.0,3.0,3.0,4.0,4.0,4.0,4.0,4.0,2.0,4.0,4.0,4.0,2.0,4.0,3.0,4.0,3.0,4.0,4.0,4.0,4.0,4.0,4.0,2.0,6.0,6.0,4.0,3.0,4.0,3.0,3.0,4.0,,2.0,,,,3.0,,,,,,,,,3.0,3.0,3.0,3.0,3.0,4.0,4.0,3.0,3.0,4.0,3.0,3.0,3.0,3.0,3.0,3.0,3.0,2.0,1.0,1.0,1.0,1.0,1.0,1.0,1.0,1.0,4.0,3.0,3.0,3.0,3.0,3.0,3.0,3.0,3.0,3.0,3.0,3.0,3.0,3.0,3.0,4.0,1.0,1.0,1.0,,2.0,,,5.0,,,,,,,,1.0,3.0,,1.0,3.0,4.0,9997.0,,,4.0,4.0,2.0,3.0,1.0,4.0,7.0,1.0,4.0,4.0,,,4.0,2.0,3.5
1121.0,3.0,1.0,1.0,1.0,4.0,4.0,4.0,4.0,4.0,4.0,1.0,2.0,3.0,4.0,,,,,,,,,,,,,,3.0,,2.0,1.0,2.0,2.0,3.0,2.0,,,,,,,,3.0,,3.0,3.0,3.0,3.0,3.0,3.0,3.0,3.0,3.0,3.0,3.0,3.0,3.0,3.0,3.0,3.0,3.0,3.0,3.0,3.0,3.0,3.0,3.0,3.0,3.0,3.0,3.0,3.0,3.0,3.0,3.0,2.0,2.0,2.0,2.0,2.0,2.0,2.0,2.0,2.0,2.0,2.0,3.0,4.0,4.0,2.0,2.0,2.0,2.0,2.0,2.0,2.0,2.0,2.0,2.0,2.0,2.0,2.0,4.0,4.0,2.0,4.0,4.0,3.0,4.0,4.0,3.0,4.0,2.0,3.0,4.0,3.0,4.0,4.0,4.0,4.0,4.0,4.0,6.0,6.0,3.0,3.0,3.0,3.0,3.0,3.0,,1.0,,,2.0,3.0,,5.0,,,,,,,3.0,3.0,3.0,3.0,3.0,3.0,3.0,3.0,3.0,3.0,3.0,3.0,3.0,3.0,2.0,2.0,3.0,2.0,1.0,1.0,1.0,1.0,1.0,1.0,1.0,1.0,4.0,4.0,4.0,4.0,1.0,3.0,1.0,1.0,1.0,3.0,1.0,3.0,3.0,1.0,1.0,3.0,1.0,1.0,1.0,1.0,2.0,,,,,7.0,8.0,,,,,1.0,1.0,,1.0,4.0,5.0,1.0,,,4.0,4.0,2.0,3.0,1.0,4.0,7.0,1.0,5.0,1.0,,,4.0,1.0,3.0
1122.0,3.0,1.0,1.0,1.0,4.0,4.0,4.0,4.0,4.0,4.0,1.0,,3.0,4.0,,,,,,,,,,,,,,3.0,,2.0,1.0,2.0,2.0,2.0,2.0,,,,,,,,1.0,,4.0,4.0,4.0,2.0,3.0,2.0,3.0,2.0,4.0,4.0,2.0,2.0,4.0,3.0,3.0,5.0,4.0,4.0,4.0,3.0,3.0,3.0,3.0,4.0,4.0,4.0,4.0,4.0,4.0,4.0,4.0,3.0,3.0,3.0,2.0,2.0,2.0,2.0,4.0,4.0,4.0,2.0,3.0,4.0,4.0,2.0,2.0,2.0,2.0,2.0,2.0,2.0,2.0,4.0,4.0,4.0,2.0,2.0,4.0,3.0,2.0,4.0,2.0,2.0,4.0,3.0,2.0,3.0,2.0,3.0,2.0,3.0,4.0,4.0,4.0,3.0,2.0,4.0,10.0,10.0,4.0,2.0,2.0,2.0,2.0,1.0,,2.0,,1.0,2.0,3.0,,,,,,,,,4.0,3.0,4.0,2.0,2.0,2.0,2.0,2.0,3.0,2.0,2.0,2.0,2.0,3.0,3.0,3.0,3.0,3.0,1.0,1.0,1.0,1.0,1.0,1.0,1.0,1.0,4.0,4.0,4.0,4.0,4.0,4.0,4.0,1.0,1.0,4.0,3.0,3.0,4.0,4.0,2.0,4.0,1.0,1.0,1.0,1.0,2.0,,,,6.0,,,,,,,1.0,3.0,,1.0,3.0,5.0,9997.0,,,4.0,4.0,2.0,3.0,1.0,4.0,7.0,1.0,5.0,4.0,,,4.0,2.0,2.0
1123.0,2.0,2.0,2.0,9.0,3.0,5.0,4.0,4.0,5.0,2.0,1.0,2.0,3.0,4.0,5.0,,7.0,,,,,12.0,,,,,,2.0,,2.0,1.0,2.0,4.0,2.0,2.0,,,,,,,,1.0,,4.0,5.0,3.0,3.0,4.0,4.0,4.0,3.0,4.0,4.0,3.0,2.0,4.0,5.0,4.0,5.0,4.0,4.0,4.0,3.0,4.0,3.0,3.0,5.0,5.0,4.0,4.0,3.0,5.0,4.0,2.0,2.0,2.0,2.0,2.0,3.0,3.0,3.0,2.0,3.0,2.0,3.0,2.0,5.0,5.0,2.0,4.0,4.0,4.0,4.0,4.0,3.0,3.0,4.0,4.0,4.0,4.0,3.0,4.0,3.0,2.0,5.0,3.0,4.0,5.0,4.0,1.0,2.0,2.0,4.0,4.0,4.0,4.0,5.0,4.0,2.0,4.0,1.0,9.0,6.0,3.0,3.0,4.0,2.0,4.0,2.0,,4.0,,1.0,,,,,,,,,,,4.0,4.0,2.0,4.0,3.0,4.0,3.0,3.0,4.0,4.0,4.0,4.0,3.0,4.0,3.0,2.0,3.0,3.0,1.0,1.0,1.0,1.0,1.0,2.0,1.0,1.0,5.0,5.0,5.0,5.0,5.0,5.0,5.0,2.0,2.0,4.0,4.0,2.0,3.0,2.0,1.0,4.0,3.0,1.0,1.0,,,,,5.0,,,8.0,,,,,2.0,4.0,,1.0,3.0,4.0,3.0,,4.0,,4.0,2.0,2.0,2.0,3.0,5.0,1.0,4.0,3.0,,4.0,,3.0,3.5
1124.0,2.0,3.0,2.0,12.0,3.0,5.0,3.0,3.0,3.0,3.0,1.0,2.0,3.0,4.0,5.0,,,,,,,,13.0,,,,,3.0,,2.0,2.0,1.0,3.0,3.0,2.0,,,,,,,,2.0,,4.0,3.0,3.0,2.0,3.0,3.0,3.0,2.0,3.0,3.0,3.0,2.0,3.0,3.0,3.0,5.0,4.0,4.0,4.0,4.0,4.0,4.0,4.0,4.0,4.0,4.0,4.0,4.0,4.0,4.0,3.0,3.0,3.0,3.0,3.0,3.0,3.0,3.0,3.0,3.0,3.0,3.0,3.0,3.0,3.0,3.0,4.0,4.0,4.0,4.0,4.0,4.0,4.0,4.0,4.0,4.0,4.0,4.0,4.0,3.0,4.0,4.0,4.0,4.0,4.0,2.0,1.0,4.0,2.0,4.0,4.0,2.0,3.0,5.0,3.0,3.0,4.0,3.0,6.0,6.0,4.0,3.0,3.0,3.0,3.0,7.0,,4.0,,1.0,,,,,,,,,,,3.0,3.0,3.0,3.0,3.0,3.0,3.0,3.0,4.0,3.0,3.0,3.0,3.0,3.0,2.0,2.0,2.0,2.0,1.0,1.0,1.0,2.0,2.0,2.0,2.0,1.0,4.0,4.0,4.0,4.0,2.0,1.0,1.0,1.0,1.0,1.0,1.0,1.0,4.0,1.0,1.0,4.0,3.0,3.0,3.0,,,,,,,,8.0,,,,,1.0,5.0,,2.0,2.0,3.0,1.0,,2.0,,2.0,1.0,2.0,3.0,3.0,5.0,2.0,3.0,1.0,,2.0,,3.0,3.0
1125.0,2.0,3.0,2.0,13.0,3.0,5.0,5.0,3.0,3.0,4.0,1.0,2.0,3.0,4.0,,,,,,,,,,,,,,5.0,,2.0,2.0,2.0,1.0,3.0,2.0,,,,,,,,2.0,,3.0,5.0,3.0,4.0,4.0,4.0,5.0,3.0,4.0,2.0,2.0,2.0,4.0,4.0,4.0,5.0,4.0,4.0,4.0,4.0,4.0,4.0,3.0,3.0,3.0,4.0,4.0,4.0,3.0,3.0,3.0,1.0,1.0,1.0,1.0,1.0,1.0,1.0,1.0,1.0,1.0,1.0,1.0,1.0,1.0,1.0,4.0,4.0,4.0,4.0,4.0,4.0,3.0,3.0,4.0,4.0,3.0,2.0,4.0,2.0,3.0,4.0,4.0,4.0,5.0,2.0,1.0,2.0,1.0,4.0,5.0,3.0,4.0,5.0,4.0,3.0,3.0,4.0,1.0,6.0,4.0,4.0,2.0,3.0,2.0,2.0,,5.0,,,2.0,3.0,,,,,8.0,9.0,,,4.0,4.0,3.0,3.0,3.0,4.0,3.0,3.0,4.0,3.0,3.0,4.0,4.0,3.0,2.0,3.0,2.0,2.0,1.0,1.0,1.0,1.0,2.0,2.0,2.0,2.0,4.0,4.0,4.0,4.0,4.0,4.0,3.0,1.0,1.0,1.0,1.0,1.0,1.0,1.0,1.0,3.0,3.0,3.0,3.0,,2.0,,,5.0,,,,,,,,1.0,6.0,,2.0,2.0,2.0,3.0,,2.0,,2.0,1.0,2.0,3.0,3.0,5.0,3.0,2.0,3.0,,2.0,,3.5,3.5
1126.0,2.0,2.0,2.0,12.0,3.0,5.0,5.0,5.0,5.0,2.0,1.0,2.0,3.0,4.0,5.0,,,,,,11.0,12.0,13.0,14.0,,,,5.0,,1.0,1.0,1.0,2.0,2.0,2.0,,,,,,,,2.0,,2.0,4.0,3.0,3.0,4.0,5.0,4.0,3.0,5.0,5.0,5.0,3.0,5.0,5.0,2.0,5.0,4.0,4.0,3.0,3.0,3.0,3.0,3.0,4.0,5.0,3.0,3.0,2.0,3.0,1.0,1.0,3.0,3.0,3.0,3.0,3.0,3.0,3.0,3.0,3.0,3.0,3.0,3.0,3.0,2.0,3.0,4.0,4.0,4.0,4.0,4.0,4.0,4.0,4.0,4.0,4.0,4.0,4.0,4.0,4.0,4.0,4.0,5.0,5.0,5.0,3.0,1.0,2.0,3.0,4.0,4.0,1.0,5.0,5.0,3.0,4.0,2.0,1.0,11.0,11.0,5.0,5.0,1.0,1.0,1.0,2.0,,4.0,,1.0,,,,,,,,,,,5.0,5.0,5.0,5.0,5.0,5.0,1.0,4.0,5.0,3.0,4.0,4.0,3.0,5.0,2.0,3.0,2.0,2.0,1.0,1.0,1.0,1.0,1.0,2.0,1.0,1.0,5.0,5.0,5.0,5.0,5.0,1.0,3.0,2.0,1.0,4.0,4.0,2.0,3.0,2.0,1.0,5.0,1.0,1.0,1.0,1.0,2.0,3.0,,,,,8.0,9.0,,,,2.0,5.0,,2.0,2.0,2.0,1.0,,2.0,,2.0,1.0,2.0,2.0,3.0,5.0,2.0,2.0,1.0,,2.0,,3.5,5.0
1127.0,2.0,2.0,2.0,9.0,3.0,5.0,4.0,5.0,3.0,4.0,1.0,2.0,3.0,4.0,5.0,,,,,,,,13.0,,,,,3.0,,2.0,2.0,2.0,3.0,4.0,2.0,,,,,,,,2.0,,4.0,4.0,3.0,2.0,3.0,2.0,4.0,2.0,4.0,3.0,2.0,2.0,4.0,4.0,3.0,5.0,4.0,4.0,4.0,4.0,4.0,4.0,4.0,4.0,4.0,4.0,4.0,4.0,4.0,4.0,4.0,3.0,3.0,3.0,3.0,3.0,3.0,3.0,3.0,3.0,3.0,3.0,3.0,3.0,3.0,3.0,4.0,4.0,4.0,4.0,4.0,4.0,4.0,4.0,4.0,4.0,4.0,4.0,4.0,4.0,4.0,4.0,3.0,2.0,4.0,3.0,2.0,3.0,2.0,3.0,4.0,4.0,4.0,4.0,3.0,3.0,4.0,2.0,4.0,4.0,3.0,3.0,3.0,2.0,3.0,6.0,,2.0,,,,3.0,,,,,,,,,3.0,3.0,3.0,3.0,3.0,3.0,3.0,3.0,4.0,3.0,4.0,4.0,3.0,3.0,3.0,3.0,3.0,3.0,1.0,2.0,2.0,1.0,2.0,1.0,2.0,1.0,3.0,2.0,2.0,2.0,2.0,2.0,2.0,2.0,2.0,2.0,2.0,2.0,2.0,2.0,2.0,3.0,1.0,1.0,1.0,,,,4.0,,,,,,,,,1.0,6.0,,1.0,3.0,4.0,1.0,,5.0,,5.0,3.0,2.0,2.0,3.0,6.0,1.0,4.0,1.0,,5.0,,3.5,3.0
1128.0,2.0,3.0,2.0,12.0,3.0,5.0,3.0,3.0,3.0,3.0,1.0,2.0,3.0,4.0,5.0,,,,,,11.0,12.0,,,,,,5.0,,1.0,1.0,2.0,2.0,3.0,,,,,,,,,2.0,,3.0,4.0,4.0,3.0,3.0,3.0,3.0,2.0,3.0,3.0,3.0,3.0,3.0,4.0,3.0,4.0,3.0,3.0,3.0,3.0,3.0,3.0,3.0,3.0,3.0,3.0,3.0,3.0,3.0,3.0,3.0,2.0,2.0,2.0,2.0,2.0,2.0,2.0,2.0,2.0,2.0,2.0,2.0,2.0,2.0,2.0,4.0,4.0,4.0,4.0,4.0,2.0,4.0,4.0,4.0,4.0,4.0,2.0,4.0,2.0,4.0,2.0,4.0,4.0,4.0,3.0,2.0,3.0,3.0,4.0,4.0,4.0,4.0,3.0,4.0,4.0,4.0,3.0,6.0,6.0,4.0,4.0,4.0,4.0,4.0,6.0,,3.0,,,,,4.0,,,,,,,,3.0,3.0,3.0,3.0,3.0,3.0,3.0,3.0,3.0,4.0,3.0,3.0,3.0,3.0,3.0,3.0,3.0,3.0,1.0,1.0,1.0,1.0,1.0,1.0,1.0,1.0,3.0,3.0,3.0,3.0,3.0,3.0,4.0,4.0,4.0,3.0,3.0,3.0,3.0,3.0,3.0,3.0,1.0,1.0,1.0,,,,4.0,,,,,,,,,1.0,1.0,,2.0,2.0,3.0,1.0,,2.0,,2.0,1.0,2.0,3.0,3.0,5.0,2.0,3.0,1.0,,2.0,,1.0,3.0
1129.0,2.0,2.0,2.0,12.0,3.0,5.0,3.0,4.0,4.0,4.0,1.0,2.0,3.0,4.0,5.0,,,,,,,,,,,,,1.0,,1.0,1.0,1.0,4.0,3.0,2.0,,,,,,,,2.0,,3.0,2.0,2.0,2.0,2.0,3.0,2.0,2.0,3.0,3.0,3.0,2.0,2.0,3.0,3.0,3.0,3.0,4.0,3.0,4.0,3.0,4.0,4.0,4.0,3.0,3.0,3.0,3.0,4.0,3.0,4.0,3.0,3.0,4.0,3.0,4.0,4.0,4.0,4.0,3.0,4.0,4.0,3.0,3.0,4.0,4.0,4.0,4.0,4.0,4.0,3.0,4.0,3.0,4.0,4.0,4.0,4.0,4.0,4.0,4.0,4.0,4.0,4.0,4.0,4.0,3.0,2.0,1.0,3.0,3.0,3.0,3.0,4.0,4.0,3.0,2.0,3.0,4.0,5.0,6.0,4.0,4.0,3.0,4.0,4.0,6.0,,3.0,,1.0,,,,,,,,,,,3.0,3.0,4.0,3.0,3.0,4.0,2.0,2.0,5.0,3.0,3.0,4.0,3.0,3.0,3.0,3.0,3.0,2.0,1.0,1.0,1.0,1.0,1.0,1.0,1.0,1.0,4.0,4.0,3.0,2.0,1.0,1.0,2.0,1.0,1.0,2.0,1.0,2.0,1.0,1.0,1.0,3.0,1.0,1.0,1.0,1.0,2.0,,,,,,,,,,,1.0,2.0,,2.0,3.0,4.0,1.0,,4.0,,4.0,2.0,2.0,2.0,3.0,5.0,2.0,4.0,1.0,,4.0,,1.5,3.5
1130.0,2.0,2.0,2.0,6.0,3.0,5.0,5.0,3.0,5.0,5.0,1.0,2.0,3.0,4.0,5.0,,,,,,,,,,,,,2.0,,1.0,2.0,1.0,5.0,4.0,2.0,,,,,,,,2.0,,4.0,3.0,3.0,3.0,3.0,3.0,3.0,3.0,3.0,2.0,2.0,2.0,2.0,3.0,3.0,4.0,5.0,5.0,5.0,5.0,5.0,5.0,5.0,4.0,5.0,5.0,5.0,5.0,5.0,5.0,5.0,5.0,5.0,5.0,5.0,5.0,5.0,5.0,4.0,5.0,5.0,5.0,5.0,4.0,5.0,5.0,3.0,5.0,5.0,5.0,5.0,5.0,5.0,3.0,5.0,5.0,5.0,5.0,3.0,3.0,3.0,5.0,5.0,5.0,5.0,5.0,1.0,4.0,2.0,5.0,5.0,5.0,5.0,5.0,5.0,5.0,3.0,1.0,6.0,6.0,3.0,2.0,2.0,2.0,2.0,4.0,,2.0,,,2.0,3.0,,,,,,,,,3.0,3.0,3.0,4.0,3.0,4.0,2.0,2.0,2.0,1.0,1.0,2.0,1.0,4.0,4.0,4.0,4.0,4.0,1.0,1.0,1.0,1.0,1.0,1.0,1.0,1.0,5.0,5.0,5.0,5.0,5.0,1.0,1.0,1.0,1.0,1.0,3.0,1.0,4.0,1.0,1.0,3.0,1.0,1.0,2.0,1.0,2.0,,4.0,5.0,,,,,,,,2.0,1.0,,1.0,3.0,4.0,1.0,,4.0,,4.0,2.0,2.0,2.0,3.0,5.0,2.0,4.0,1.0,,4.0,,1.5,3.5
1131.0,2.0,3.0,2.0,12.0,3.0,4.0,4.0,3.0,4.0,5.0,1.0,2.0,3.0,4.0,5.0,,,,,,11.0,,,,,,,5.0,,2.0,2.0,2.0,3.0,3.0,2.0,,,,,,,,2.0,,3.0,3.0,3.0,2.0,3.0,2.0,4.0,2.0,4.0,3.0,3.0,2.0,3.0,2.0,3.0,4.0,3.0,4.0,3.0,3.0,4.0,3.0,3.0,4.0,4.0,4.0,4.0,3.0,3.0,4.0,2.0,3.0,3.0,3.0,3.0,3.0,3.0,3.0,3.0,3.0,3.0,3.0,3.0,3.0,2.0,2.0,3.0,3.0,3.0,3.0,3.0,3.0,3.0,4.0,3.0,3.0,3.0,3.0,5.0,4.0,3.0,4.0,2.0,3.0,4.0,4.0,2.0,2.0,3.0,3.0,4.0,2.0,3.0,4.0,3.0,2.0,4.0,2.0,8.0,9.0,3.0,2.0,2.0,2.0,1.0,7.0,,3.0,,,,,,,,,,9.0,10.0,,4.0,4.0,4.0,5.0,5.0,4.0,4.0,4.0,5.0,5.0,4.0,5.0,5.0,2.0,3.0,3.0,3.0,3.0,1.0,1.0,1.0,1.0,1.0,1.0,1.0,1.0,4.0,4.0,3.0,4.0,2.0,4.0,1.0,1.0,1.0,3.0,4.0,3.0,4.0,1.0,1.0,3.0,1.0,1.0,1.0,1.0,2.0,,,,,,8.0,,,,,1.0,4.0,,2.0,3.0,5.0,1.0,,3.0,,3.0,2.0,2.0,3.0,3.0,5.0,2.0,5.0,1.0,,3.0,,2.5,4.5
1132.0,2.0,3.0,2.0,12.0,3.0,4.0,4.0,5.0,4.0,5.0,1.0,2.0,3.0,4.0,5.0,,7.0,,,,,12.0,,,,,,1.0,,2.0,1.0,2.0,2.0,4.0,2.0,,,,,,,,1.0,,2.0,4.0,2.0,2.0,5.0,1.0,2.0,1.0,5.0,2.0,2.0,2.0,4.0,4.0,4.0,5.0,2.0,4.0,2.0,2.0,2.0,2.0,4.0,4.0,4.0,4.0,4.0,4.0,4.0,4.0,2.0,2.0,2.0,2.0,2.0,2.0,2.0,2.0,2.0,2.0,2.0,2.0,2.0,2.0,2.0,2.0,5.0,4.0,4.0,5.0,5.0,5.0,4.0,4.0,4.0,4.0,4.0,5.0,5.0,4.0,5.0,2.0,2.0,3.0,4.0,4.0,2.0,4.0,3.0,4.0,5.0,2.0,4.0,2.0,4.0,2.0,4.0,3.0,6.0,6.0,5.0,2.0,4.0,2.0,2.0,5.0,,5.0,,1.0,,,,,,,,,,,4.0,4.0,3.0,4.0,4.0,4.0,2.0,3.0,3.0,2.0,3.0,4.0,4.0,4.0,3.0,3.0,3.0,3.0,1.0,1.0,1.0,1.0,1.0,1.0,1.0,2.0,4.0,4.0,5.0,4.0,3.0,4.0,5.0,2.0,2.0,2.0,2.0,5.0,5.0,5.0,2.0,4.0,1.0,1.0,1.0,1.0,,,,,,,,,,,,1.0,1.0,,2.0,2.0,1.0,2.0,,3.0,,3.0,2.0,2.0,3.0,3.0,5.0,2.0,1.0,2.0,,3.0,,1.0,4.0
1133.0,2.0,2.0,2.0,12.0,3.0,5.0,4.0,5.0,4.0,4.0,1.0,2.0,3.0,4.0,,,,,,,11.0,12.0,,,,,,3.0,,1.0,1.0,2.0,3.0,3.0,2.0,,,,,,,,2.0,,4.0,4.0,4.0,3.0,3.0,3.0,5.0,1.0,4.0,4.0,3.0,3.0,5.0,4.0,3.0,5.0,3.0,3.0,3.0,3.0,3.0,3.0,3.0,3.0,3.0,3.0,3.0,3.0,4.0,3.0,2.0,4.0,4.0,4.0,4.0,4.0,2.0,4.0,4.0,4.0,4.0,3.0,2.0,5.0,2.0,1.0,4.0,4.0,4.0,4.0,4.0,3.0,4.0,4.0,4.0,4.0,4.0,2.0,5.0,3.0,2.0,4.0,4.0,4.0,4.0,4.0,2.0,4.0,2.0,4.0,4.0,4.0,4.0,4.0,4.0,4.0,3.0,2.0,6.0,6.0,4.0,4.0,4.0,4.0,4.0,2.0,,4.0,,1.0,,,,,,,,,,,3.0,3.0,3.0,3.0,3.0,3.0,3.0,3.0,3.0,3.0,3.0,3.0,3.0,4.0,3.0,3.0,3.0,3.0,1.0,1.0,1.0,1.0,1.0,1.0,1.0,1.0,4.0,4.0,4.0,4.0,2.0,2.0,2.0,1.0,1.0,4.0,4.0,4.0,3.0,3.0,1.0,3.0,1.0,1.0,1.0,1.0,2.0,,,,,,,,,,,1.0,3.0,,1.0,2.0,3.0,1.0,,2.0,,2.0,1.0,2.0,2.0,3.0,5.0,2.0,3.0,1.0,,2.0,,2.0,3.0
1134.0,2.0,3.0,2.0,12.0,3.0,5.0,4.0,4.0,4.0,4.0,1.0,2.0,3.0,4.0,5.0,,,,,,11.0,12.0,13.0,,,,,3.0,,2.0,2.0,2.0,3.0,3.0,1.0,1.0,,,,,,,2.0,,4.0,4.0,4.0,3.0,4.0,3.0,4.0,3.0,4.0,4.0,4.0,3.0,4.0,4.0,4.0,4.0,4.0,4.0,4.0,4.0,4.0,4.0,4.0,4.0,4.0,4.0,4.0,4.0,4.0,4.0,4.0,4.0,4.0,4.0,4.0,4.0,4.0,4.0,4.0,4.0,4.0,4.0,4.0,4.0,4.0,4.0,5.0,5.0,5.0,5.0,5.0,5.0,5.0,5.0,5.0,5.0,5.0,5.0,5.0,5.0,5.0,3.0,3.0,3.0,4.0,4.0,2.0,3.0,2.0,3.0,4.0,3.0,4.0,4.0,4.0,3.0,4.0,1.0,10.0,8.0,4.0,4.0,4.0,3.0,3.0,4.0,,2.0,,,2.0,,4.0,,,,,,,,3.0,4.0,4.0,3.0,4.0,3.0,3.0,3.0,3.0,3.0,3.0,3.0,3.0,2.0,2.0,2.0,2.0,1.0,1.0,1.0,1.0,1.0,1.0,1.0,1.0,1.0,4.0,4.0,4.0,4.0,4.0,3.0,3.0,2.0,2.0,4.0,4.0,4.0,4.0,4.0,2.0,4.0,2.0,2.0,1.0,1.0,,,,,,7.0,,,,,,2.0,1.0,,1.0,3.0,5.0,1.0,,4.0,,4.0,2.0,2.0,3.0,3.0,5.0,2.0,5.0,1.0,,4.0,,1.5,2.6666666666666665
1135.0,2.0,2.0,2.0,12.0,3.0,5.0,3.0,2.0,4.0,5.0,1.0,2.0,3.0,4.0,5.0,,,,,,,12.0,,,,,,3.0,,2.0,1.0,1.0,4.0,4.0,2.0,,,,,,,,2.0,,4.0,4.0,3.0,2.0,3.0,3.0,4.0,3.0,2.0,3.0,2.0,2.0,4.0,4.0,3.0,4.0,3.0,3.0,3.0,4.0,3.0,2.0,4.0,4.0,4.0,4.0,4.0,3.0,4.0,3.0,2.0,3.0,3.0,2.0,3.0,2.0,2.0,2.0,3.0,3.0,3.0,4.0,2.0,4.0,2.0,2.0,4.0,4.0,3.0,3.0,4.0,4.0,4.0,4.0,4.0,4.0,4.0,4.0,4.0,3.0,2.0,4.0,4.0,3.0,4.0,4.0,2.0,4.0,3.0,4.0,3.0,3.0,4.0,3.0,4.0,3.0,4.0,1.0,8.0,6.0,4.0,3.0,4.0,5.0,4.0,2.0,,2.0,,,2.0,,,,,,8.0,9.0,,,4.0,4.0,3.0,2.0,2.0,4.0,2.0,2.0,4.0,3.0,2.0,4.0,2.0,3.0,3.0,3.0,2.0,3.0,1.0,1.0,1.0,1.0,1.0,1.0,1.0,1.0,4.0,4.0,3.0,4.0,2.0,2.0,2.0,1.0,1.0,2.0,1.0,3.0,4.0,1.0,1.0,3.0,1.0,1.0,1.0,1.0,,,,5.0,,,8.0,9.0,,,,1.0,2.0,,2.0,3.0,4.0,1.0,,4.0,,4.0,2.0,2.0,2.0,3.0,5.0,2.0,4.0,1.0,,4.0,,1.5,3.0
1136.0,2.0,3.0,2.0,12.0,3.0,5.0,3.0,3.0,3.0,3.0,1.0,2.0,3.0,4.0,5.0,,,,,,11.0,12.0,13.0,,,,,1.0,,1.0,1.0,2.0,3.0,4.0,2.0,,,,,,,,2.0,,4.0,3.0,3.0,3.0,3.0,3.0,3.0,2.0,4.0,3.0,3.0,2.0,4.0,4.0,4.0,5.0,2.0,2.0,2.0,2.0,3.0,3.0,3.0,4.0,3.0,3.0,3.0,2.0,3.0,3.0,2.0,3.0,3.0,3.0,3.0,3.0,3.0,3.0,3.0,3.0,3.0,3.0,3.0,4.0,3.0,3.0,3.0,3.0,3.0,3.0,3.0,3.0,3.0,3.0,3.0,3.0,3.0,2.0,4.0,4.0,3.0,3.0,2.0,3.0,4.0,3.0,2.0,3.0,2.0,4.0,5.0,4.0,5.0,5.0,5.0,4.0,4.0,3.0,9.0,7.0,3.0,2.0,2.0,2.0,2.0,4.0,,3.0,,1.0,,,,,,,,,,,4.0,4.0,3.0,3.0,3.0,3.0,3.0,3.0,3.0,3.0,3.0,3.0,3.0,3.0,2.0,2.0,2.0,2.0,1.0,1.0,1.0,1.0,1.0,1.0,1.0,1.0,2.0,4.0,1.0,3.0,1.0,1.0,2.0,1.0,1.0,1.0,2.0,3.0,1.0,1.0,1.0,2.0,2.0,2.0,1.0,,2.0,3.0,,,,,8.0,9.0,,,,1.0,5.0,,2.0,2.0,3.0,1.0,,2.0,,2.0,1.0,2.0,3.0,3.0,5.0,2.0,3.0,1.0,,2.0,,3.0,3.0
1137.0,2.0,2.0,2.0,12.0,3.0,5.0,5.0,4.0,4.0,4.0,1.0,2.0,3.0,4.0,5.0,,,,,,,12.0,13.0,,,,,5.0,,2.0,2.0,1.0,2.0,3.0,,,,,,,,,2.0,,2.0,5.0,5.0,5.0,5.0,5.0,5.0,4.0,5.0,5.0,5.0,5.0,5.0,5.0,5.0,5.0,5.0,5.0,5.0,5.0,5.0,5.0,4.0,5.0,5.0,5.0,5.0,4.0,5.0,4.0,4.0,2.0,2.0,2.0,2.0,2.0,2.0,1.0,2.0,2.0,2.0,2.0,2.0,2.0,2.0,2.0,5.0,5.0,5.0,5.0,5.0,5.0,5.0,5.0,5.0,5.0,4.0,5.0,5.0,4.0,5.0,2.0,2.0,4.0,5.0,2.0,1.0,2.0,1.0,4.0,5.0,5.0,5.0,5.0,4.0,4.0,4.0,2.0,7.0,4.0,4.0,5.0,4.0,4.0,4.0,2.0,,2.0,,1.0,,,,,,,,,,,4.0,4.0,4.0,3.0,3.0,2.0,4.0,4.0,5.0,5.0,4.0,5.0,4.0,3.0,2.0,2.0,2.0,2.0,1.0,1.0,1.0,1.0,1.0,1.0,1.0,1.0,4.0,4.0,2.0,2.0,2.0,2.0,2.0,1.0,1.0,2.0,2.0,4.0,2.0,1.0,1.0,4.0,3.0,3.0,1.0,,2.0,,,,,,8.0,,,,,1.0,3.0,,2.0,2.0,2.0,1.0,,2.0,,2.0,1.0,2.0,2.0,3.0,5.0,2.0,2.0,1.0,,2.0,,2.0,2.5
1138.0,2.0,2.0,2.0,12.0,3.0,5.0,5.0,5.0,4.0,5.0,1.0,2.0,3.0,4.0,5.0,,,,,,,12.0,13.0,,,,,5.0,,2.0,2.0,1.0,2.0,4.0,,,,,,,,,1.0,,4.0,5.0,5.0,5.0,5.0,5.0,5.0,5.0,5.0,5.0,5.0,5.0,5.0,5.0,5.0,5.0,4.0,4.0,5.0,3.0,5.0,3.0,5.0,5.0,5.0,5.0,4.0,3.0,5.0,4.0,4.0,1.0,1.0,2.0,1.0,1.0,2.0,1.0,2.0,2.0,1.0,1.0,2.0,3.0,3.0,1.0,5.0,3.0,5.0,3.0,5.0,3.0,5.0,5.0,5.0,5.0,4.0,3.0,5.0,4.0,3.0,4.0,4.0,2.0,4.0,2.0,2.0,4.0,2.0,5.0,5.0,3.0,4.0,3.0,4.0,3.0,4.0,2.0,6.0,6.0,3.0,2.0,2.0,2.0,1.0,2.0,,4.0,,1.0,,,,,,,,,,,4.0,4.0,3.0,5.0,5.0,4.0,3.0,3.0,4.0,4.0,4.0,3.0,3.0,4.0,3.0,2.0,2.0,2.0,1.0,1.0,1.0,1.0,1.0,1.0,1.0,1.0,4.0,4.0,4.0,4.0,4.0,3.0,3.0,2.0,2.0,2.0,2.0,4.0,4.0,2.0,1.0,3.0,1.0,1.0,1.0,1.0,2.0,,,,,,8.0,,,,,1.0,1.0,,1.0,2.0,3.0,1.0,,3.0,,3.0,2.0,2.0,2.0,3.0,5.0,2.0,3.0,1.0,,3.0,,1.0,4.5
1139.0,2.0,1.0,1.0,8.0,3.0,5.0,4.0,3.0,4.0,4.0,1.0,2.0,3.0,4.0,5.0,,,,,,,12.0,,,,,,2.0,,1.0,1.0,1.0,3.0,4.0,2.0,,,,,,,,2.0,,4.0,4.0,4.0,4.0,3.0,3.0,3.0,3.0,4.0,4.0,3.0,3.0,4.0,3.0,3.0,4.0,4.0,4.0,5.0,4.0,4.0,4.0,4.0,4.0,5.0,4.0,4.0,3.0,5.0,4.0,2.0,4.0,4.0,4.0,4.0,4.0,3.0,4.0,4.0,4.0,3.0,3.0,3.0,3.0,3.0,3.0,4.0,4.0,4.0,4.0,4.0,4.0,4.0,4.0,5.0,4.0,4.0,4.0,4.0,2.0,2.0,5.0,3.0,4.0,4.0,4.0,2.0,4.0,3.0,4.0,4.0,3.0,4.0,4.0,4.0,3.0,4.0,2.0,9.0,8.0,4.0,4.0,4.0,3.0,2.0,4.0,,5.0,,,,3.0,,5.0,,,,,,,3.0,3.0,3.0,4.0,4.0,4.0,3.0,2.0,4.0,2.0,2.0,3.0,3.0,4.0,4.0,3.0,3.0,3.0,1.0,2.0,1.0,1.0,1.0,2.0,1.0,1.0,4.0,4.0,4.0,4.0,4.0,4.0,4.0,1.0,1.0,1.0,1.0,1.0,1.0,1.0,4.0,4.0,1.0,1.0,1.0,1.0,2.0,3.0,4.0,5.0,,,8.0,9.0,,,,1.0,3.0,,2.0,3.0,5.0,3.0,,4.0,,4.0,2.0,2.0,1.0,3.0,5.0,2.0,5.0,3.0,,4.0,,2.0,4.0
1140.0,2.0,2.0,2.0,16.0,3.0,5.0,5.0,5.0,5.0,5.0,1.0,2.0,,4.0,,,,,,,,12.0,13.0,,,,,3.0,,2.0,1.0,2.0,3.0,4.0,2.0,,,,,,,,2.0,,4.0,5.0,5.0,5.0,5.0,5.0,3.0,5.0,5.0,5.0,5.0,4.0,3.0,5.0,3.0,4.0,5.0,5.0,5.0,5.0,5.0,5.0,5.0,5.0,5.0,5.0,5.0,3.0,5.0,3.0,4.0,5.0,5.0,5.0,5.0,5.0,5.0,5.0,5.0,5.0,5.0,5.0,3.0,5.0,3.0,4.0,5.0,5.0,5.0,5.0,5.0,3.0,5.0,5.0,5.0,5.0,5.0,3.0,5.0,3.0,4.0,4.0,4.0,2.0,4.0,3.0,2.0,4.0,2.0,5.0,5.0,3.0,4.0,4.0,4.0,4.0,4.0,2.0,10.0,2.0,3.0,2.0,2.0,2.0,2.0,6.0,,4.0,,,,3.0,,,,,,,,,3.0,3.0,4.0,4.0,4.0,4.0,2.0,2.0,4.0,3.0,4.0,4.0,3.0,4.0,3.0,3.0,3.0,3.0,1.0,1.0,1.0,1.0,1.0,1.0,1.0,1.0,4.0,4.0,4.0,4.0,2.0,2.0,2.0,1.0,1.0,1.0,1.0,3.0,4.0,1.0,1.0,4.0,1.0,1.0,1.0,1.0,,,,,,,,,,,,1.0,2.0,,1.0,2.0,3.0,3.0,,3.0,,3.0,2.0,2.0,2.0,3.0,5.0,4.0,3.0,3.0,,3.0,,1.5,4.0
1141.0,2.0,3.0,2.0,12.0,3.0,5.0,5.0,3.0,4.0,4.0,1.0,2.0,3.0,4.0,5.0,,,,,,,,,,,,,1.0,,2.0,1.0,1.0,4.0,4.0,2.0,,,,,,,,4.0,,3.0,3.0,3.0,2.0,3.0,3.0,5.0,3.0,3.0,3.0,3.0,3.0,4.0,4.0,4.0,5.0,3.0,3.0,3.0,3.0,3.0,3.0,3.0,5.0,5.0,5.0,5.0,3.0,3.0,3.0,3.0,3.0,3.0,3.0,3.0,3.0,3.0,3.0,5.0,5.0,5.0,5.0,3.0,3.0,3.0,3.0,3.0,3.0,3.0,3.0,3.0,3.0,3.0,3.0,3.0,3.0,3.0,3.0,3.0,3.0,3.0,5.0,3.0,4.0,5.0,4.0,3.0,4.0,3.0,4.0,4.0,3.0,3.0,5.0,5.0,5.0,5.0,3.0,6.0,6.0,4.0,4.0,3.0,3.0,3.0,3.0,,4.0,,1.0,,,,,,,,,,,3.0,3.0,3.0,3.0,3.0,3.0,3.0,3.0,3.0,3.0,3.0,3.0,3.0,3.0,3.0,3.0,3.0,3.0,1.0,1.0,1.0,1.0,1.0,1.0,1.0,1.0,3.0,3.0,3.0,3.0,3.0,3.0,3.0,3.0,3.0,3.0,3.0,3.0,3.0,3.0,3.0,3.0,3.0,3.0,3.0,,,,,5.0,,,,,,,,1.0,4.0,,1.0,4.0,2.0,1.0,,1.0,,1.0,1.0,2.0,3.0,3.0,5.0,2.0,2.0,1.0,,1.0,,2.5,3.0
1142.0,3.0,2.0,2.0,1.0,4.0,5.0,4.0,3.0,4.0,4.0,1.0,2.0,3.0,4.0,5.0,,,,,,,,13.0,,,,,5.0,,1.0,1.0,2.0,3.0,3.0,,,,,,,,,3.0,,5.0,4.0,4.0,4.0,4.0,4.0,4.0,4.0,4.0,4.0,4.0,4.0,4.0,4.0,4.0,4.0,4.0,4.0,4.0,3.0,4.0,2.0,4.0,4.0,5.0,5.0,3.0,3.0,3.0,3.0,3.0,4.0,4.0,4.0,3.0,4.0,3.0,4.0,5.0,5.0,5.0,4.0,3.0,3.0,3.0,3.0,4.0,4.0,5.0,3.0,4.0,3.0,5.0,5.0,5.0,5.0,4.0,3.0,4.0,3.0,3.0,5.0,5.0,5.0,5.0,4.0,2.0,3.0,1.0,5.0,5.0,5.0,5.0,5.0,3.0,1.0,3.0,1.0,9.0,11.0,5.0,4.0,3.0,2.0,2.0,2.0,,2.0,,1.0,,,,,,,,,,,4.0,4.0,5.0,3.0,3.0,3.0,3.0,3.0,3.0,3.0,3.0,3.0,3.0,4.0,3.0,2.0,3.0,3.0,1.0,1.0,1.0,1.0,1.0,2.0,1.0,1.0,4.0,4.0,4.0,4.0,2.0,4.0,2.0,1.0,1.0,1.0,1.0,1.0,4.0,1.0,1.0,4.0,3.0,3.0,1.0,1.0,,,,5.0,6.0,7.0,8.0,,,,,1.0,5.0,,2.0,2.0,3.0,9997.0,,,3.0,3.0,2.0,3.0,2.0,4.0,7.0,1.0,3.0,4.0,,,3.0,3.0,3.0
1143.0,2.0,3.0,2.0,12.0,3.0,5.0,4.0,3.0,4.0,4.0,1.0,2.0,3.0,4.0,5.0,6.0,,,,10.0,,,13.0,,,,,4.0,,1.0,1.0,1.0,1.0,3.0,2.0,,,,,,,,3.0,,4.0,4.0,4.0,2.0,3.0,3.0,3.0,2.0,4.0,4.0,4.0,3.0,4.0,3.0,3.0,5.0,5.0,5.0,5.0,5.0,5.0,5.0,5.0,5.0,5.0,5.0,5.0,5.0,5.0,5.0,5.0,3.0,3.0,3.0,3.0,3.0,3.0,3.0,3.0,3.0,3.0,3.0,3.0,3.0,3.0,3.0,5.0,5.0,5.0,5.0,5.0,5.0,5.0,5.0,5.0,5.0,5.0,5.0,5.0,5.0,5.0,4.0,4.0,2.0,5.0,2.0,1.0,3.0,1.0,5.0,5.0,5.0,5.0,3.0,5.0,2.0,3.0,5.0,11.0,11.0,4.0,2.0,2.0,2.0,2.0,6.0,,3.0,,1.0,,,,,,,,,,,4.0,4.0,4.0,4.0,4.0,3.0,3.0,3.0,5.0,2.0,2.0,4.0,3.0,3.0,2.0,2.0,2.0,2.0,1.0,1.0,1.0,1.0,1.0,1.0,1.0,1.0,4.0,4.0,4.0,4.0,4.0,4.0,4.0,2.0,4.0,4.0,2.0,4.0,4.0,4.0,4.0,3.0,2.0,2.0,2.0,1.0,,,,,,,,,,,,1.0,1.0,,1.0,1.0,3.0,1.0,,2.0,,2.0,1.0,2.0,3.0,3.0,5.0,2.0,3.0,1.0,,2.0,,1.0,3.5
1144.0,2.0,1.0,1.0,12.0,3.0,5.0,3.0,3.0,2.0,4.0,1.0,2.0,,,,,,,,,,,,,,,,1.0,,2.0,2.0,2.0,3.0,3.0,2.0,,,,,,,,3.0,,2.0,4.0,4.0,4.0,4.0,4.0,5.0,5.0,5.0,5.0,5.0,5.0,5.0,5.0,5.0,5.0,3.0,3.0,3.0,3.0,3.0,3.0,3.0,3.0,3.0,3.0,3.0,3.0,3.0,3.0,3.0,3.0,2.0,4.0,3.0,2.0,3.0,1.0,4.0,4.0,3.0,3.0,4.0,2.0,4.0,3.0,3.0,3.0,3.0,2.0,3.0,4.0,4.0,3.0,3.0,2.0,3.0,3.0,4.0,3.0,3.0,3.0,3.0,3.0,3.0,3.0,3.0,3.0,3.0,2.0,4.0,3.0,3.0,5.0,5.0,5.0,3.0,3.0,1.0,1.0,4.0,4.0,4.0,4.0,3.0,1.0,,2.0,,1.0,,,,,,,,,,,3.0,3.0,3.0,3.0,3.0,3.0,3.0,3.0,3.0,3.0,3.0,3.0,3.0,3.0,2.0,3.0,3.0,2.0,1.0,1.0,1.0,1.0,1.0,1.0,1.0,1.0,4.0,4.0,2.0,4.0,1.0,2.0,2.0,1.0,1.0,2.0,1.0,3.0,3.0,1.0,3.0,3.0,2.0,2.0,3.0,1.0,,,,,,,,,,,,1.0,1.0,,2.0,2.0,2.0,1.0,,1.0,,1.0,1.0,2.0,1.0,3.0,5.0,2.0,2.0,1.0,,1.0,,1.0,3.0
1145.0,3.0,1.0,1.0,1.0,4.0,4.0,4.0,4.0,3.0,3.0,1.0,,3.0,,,,,,,,,,,,,,,1.0,,2.0,1.0,2.0,3.0,4.0,,,,,,,,,4.0,,3.0,3.0,2.0,2.0,3.0,2.0,3.0,2.0,3.0,3.0,2.0,3.0,3.0,3.0,3.0,4.0,4.0,4.0,4.0,4.0,4.0,4.0,4.0,4.0,4.0,4.0,5.0,4.0,5.0,4.0,4.0,4.0,4.0,3.0,3.0,2.0,3.0,3.0,5.0,5.0,3.0,3.0,3.0,5.0,3.0,3.0,4.0,3.0,3.0,3.0,3.0,4.0,4.0,4.0,4.0,4.0,4.0,4.0,4.0,4.0,4.0,3.0,3.0,2.0,3.0,4.0,2.0,3.0,2.0,4.0,4.0,2.0,3.0,4.0,4.0,3.0,3.0,4.0,6.0,6.0,3.0,3.0,3.0,3.0,3.0,6.0,,2.0,,,,,,,6.0,,,,,,3.0,3.0,3.0,3.0,3.0,3.0,3.0,3.0,3.0,5.0,3.0,3.0,3.0,3.0,2.0,2.0,2.0,2.0,1.0,1.0,1.0,1.0,1.0,1.0,1.0,1.0,3.0,3.0,3.0,2.0,2.0,3.0,3.0,2.0,2.0,2.0,2.0,3.0,2.0,2.0,2.0,3.0,3.0,3.0,3.0,,2.0,,,,,7.0,,,,,,1.0,6.0,,1.0,3.0,4.0,9997.0,,,4.0,4.0,2.0,3.0,1.0,4.0,7.0,1.0,4.0,4.0,,,4.0,3.5,3.0
1146.0,2.0,3.0,2.0,12.0,3.0,5.0,3.0,3.0,2.0,4.0,,2.0,3.0,4.0,5.0,,,,,,,,,,,,,1.0,,2.0,2.0,2.0,1.0,1.0,,,,,,,,,4.0,,1.0,5.0,5.0,5.0,5.0,5.0,5.0,5.0,5.0,5.0,5.0,5.0,5.0,5.0,5.0,5.0,4.0,4.0,4.0,4.0,4.0,4.0,4.0,4.0,4.0,4.0,4.0,4.0,4.0,4.0,4.0,1.0,1.0,1.0,1.0,1.0,1.0,1.0,1.0,1.0,1.0,1.0,1.0,1.0,1.0,1.0,5.0,5.0,5.0,5.0,5.0,5.0,5.0,5.0,5.0,5.0,5.0,5.0,5.0,5.0,5.0,1.0,2.0,3.0,4.0,5.0,1.0,2.0,4.0,3.0,4.0,3.0,3.0,3.0,4.0,2.0,2.0,3.0,11.0,10.0,5.0,5.0,5.0,5.0,5.0,5.0,,4.0,,,,,4.0,,,,,,,,5.0,3.0,2.0,5.0,4.0,5.0,4.0,3.0,1.0,5.0,2.0,3.0,4.0,5.0,1.0,1.0,2.0,3.0,1.0,2.0,1.0,2.0,1.0,2.0,1.0,2.0,1.0,2.0,3.0,1.0,2.0,3.0,1.0,2.0,3.0,1.0,2.0,3.0,1.0,3.0,4.0,4.0,2.0,1.0,3.0,,2.0,,,,,,,,,,,2.0,5.0,,1.0,2.0,3.0,1.0,,2.0,,2.0,1.0,2.0,3.0,3.0,5.0,2.0,3.0,1.0,,2.0,,3.5,4.5
1147.0,3.0,1.0,1.0,1.0,4.0,4.0,4.0,3.0,3.0,4.0,1.0,2.0,3.0,4.0,,,,,,,,,13.0,,,,,1.0,,2.0,1.0,2.0,3.0,3.0,,,,,,,,,2.0,,3.0,4.0,5.0,4.0,4.0,4.0,4.0,4.0,4.0,4.0,4.0,4.0,4.0,4.0,4.0,4.0,5.0,5.0,4.0,3.0,4.0,3.0,4.0,5.0,4.0,4.0,4.0,4.0,4.0,3.0,4.0,2.0,1.0,1.0,1.0,1.0,1.0,1.0,1.0,1.0,2.0,1.0,1.0,2.0,1.0,2.0,5.0,5.0,5.0,4.0,4.0,4.0,4.0,5.0,5.0,5.0,5.0,4.0,4.0,4.0,3.0,4.0,3.0,3.0,5.0,2.0,2.0,3.0,2.0,4.0,5.0,3.0,3.0,5.0,4.0,4.0,4.0,1.0,6.0,1.0,2.0,5.0,5.0,3.0,3.0,1.0,,2.0,,1.0,,,,,,,,,,,3.0,4.0,4.0,4.0,4.0,4.0,4.0,4.0,4.0,4.0,3.0,3.0,3.0,4.0,3.0,2.0,2.0,2.0,1.0,1.0,1.0,1.0,2.0,2.0,1.0,1.0,4.0,4.0,2.0,4.0,3.0,4.0,2.0,2.0,1.0,2.0,2.0,1.0,3.0,3.0,3.0,4.0,1.0,1.0,1.0,,2.0,3.0,,,,,,,,,,1.0,4.0,,2.0,4.0,5.0,9997.0,,,4.0,4.0,2.0,3.0,1.0,4.0,7.0,1.0,5.0,4.0,,,4.0,2.5,4.0
1148.0,3.0,2.0,2.0,1.0,4.0,5.0,5.0,5.0,5.0,5.0,1.0,2.0,3.0,4.0,5.0,,,,,,,,,,,,,2.0,,1.0,1.0,2.0,1.0,2.0,,,,,,,,,2.0,,3.0,2.0,2.0,2.0,2.0,2.0,1.0,1.0,2.0,3.0,3.0,2.0,5.0,2.0,3.0,5.0,3.0,3.0,3.0,3.0,3.0,2.0,2.0,2.0,2.0,4.0,3.0,3.0,3.0,3.0,3.0,3.0,3.0,3.0,3.0,3.0,3.0,3.0,3.0,3.0,3.0,3.0,3.0,3.0,3.0,3.0,5.0,5.0,5.0,5.0,5.0,5.0,5.0,5.0,5.0,5.0,5.0,5.0,5.0,5.0,5.0,5.0,3.0,3.0,3.0,3.0,3.0,5.0,1.0,3.0,5.0,5.0,2.0,5.0,3.0,5.0,2.0,4.0,6.0,6.0,3.0,3.0,3.0,5.0,4.0,5.0,,4.0,,,,,4.0,,,,,,,,4.0,3.0,3.0,4.0,4.0,4.0,4.0,4.0,1.0,5.0,4.0,3.0,5.0,3.0,2.0,2.0,3.0,3.0,1.0,1.0,1.0,2.0,1.0,1.0,2.0,2.0,4.0,3.0,5.0,5.0,2.0,5.0,2.0,4.0,4.0,2.0,5.0,5.0,5.0,5.0,1.0,5.0,2.0,2.0,3.0,1.0,,,,,6.0,,,,,,,1.0,4.0,,1.0,2.0,3.0,1.0,,,2.0,2.0,1.0,3.0,2.0,4.0,7.0,1.0,3.0,1.0,,,2.0,2.5,4.0
1149.0,3.0,2.0,2.0,1.0,4.0,5.0,3.0,3.0,4.0,4.0,1.0,2.0,3.0,4.0,5.0,,,,,10.0,11.0,12.0,13.0,,,,,5.0,,2.0,1.0,2.0,3.0,3.0,2.0,,,,,,,,3.0,,3.0,4.0,4.0,4.0,4.0,3.0,4.0,3.0,4.0,4.0,5.0,4.0,4.0,5.0,3.0,4.0,4.0,4.0,4.0,4.0,4.0,4.0,4.0,4.0,4.0,4.0,4.0,4.0,4.0,4.0,4.0,4.0,4.0,4.0,4.0,4.0,4.0,4.0,4.0,4.0,4.0,4.0,4.0,4.0,4.0,4.0,4.0,4.0,4.0,4.0,4.0,4.0,4.0,4.0,4.0,4.0,4.0,4.0,4.0,4.0,4.0,3.0,3.0,3.0,3.0,3.0,3.0,3.0,3.0,3.0,3.0,3.0,3.0,3.0,3.0,3.0,3.0,2.0,6.0,6.0,3.0,3.0,3.0,3.0,3.0,2.0,,1.0,,1.0,,,,,,,,,,,3.0,3.0,3.0,3.0,3.0,3.0,3.0,3.0,3.0,3.0,3.0,3.0,3.0,3.0,3.0,3.0,3.0,3.0,1.0,1.0,1.0,1.0,1.0,1.0,1.0,1.0,4.0,4.0,4.0,4.0,4.0,3.0,3.0,2.0,2.0,4.0,4.0,4.0,4.0,4.0,2.0,4.0,1.0,1.0,1.0,1.0,2.0,3.0,4.0,5.0,6.0,7.0,,9.0,,,,1.0,2.0,,2.0,2.0,2.0,9997.0,,,2.0,2.0,1.0,3.0,2.0,4.0,7.0,1.0,2.0,4.0,,,2.0,1.5,3.0
1150.0,2.0,3.0,2.0,16.0,3.0,5.0,5.0,2.0,4.0,4.0,1.0,2.0,3.0,4.0,5.0,,,,,,,12.0,13.0,,,,,5.0,,1.0,2.0,2.0,3.0,3.0,2.0,,,,,,,,1.0,,2.0,4.0,5.0,5.0,4.0,5.0,4.0,4.0,5.0,5.0,5.0,5.0,4.0,5.0,5.0,4.0,4.0,4.0,5.0,4.0,5.0,3.0,5.0,5.0,5.0,5.0,4.0,3.0,5.0,3.0,2.0,4.0,4.0,5.0,4.0,4.0,4.0,5.0,5.0,5.0,5.0,5.0,3.0,5.0,2.0,2.0,4.0,4.0,4.0,4.0,4.0,2.0,4.0,5.0,4.0,4.0,3.0,3.0,5.0,2.0,2.0,4.0,3.0,3.0,4.0,4.0,2.0,3.0,2.0,3.0,4.0,4.0,4.0,5.0,3.0,5.0,3.0,4.0,9.0,7.0,4.0,4.0,5.0,5.0,5.0,9997.0,개인정보처리 절차 등의 복잡성과 개인정보,3.0,,,,3.0,,,,,,,,,4.0,3.0,4.0,4.0,4.0,4.0,3.0,3.0,4.0,3.0,4.0,4.0,3.0,4.0,4.0,4.0,2.0,2.0,1.0,1.0,1.0,1.0,1.0,1.0,1.0,1.0,5.0,5.0,3.0,4.0,3.0,3.0,2.0,1.0,1.0,2.0,1.0,2.0,5.0,1.0,1.0,4.0,3.0,3.0,1.0,,2.0,,,5.0,6.0,,8.0,,,,,1.0,5.0,,1.0,2.0,2.0,1.0,,2.0,,2.0,1.0,2.0,3.0,3.0,5.0,4.0,2.0,1.0,,2.0,,3.0,4.0
1151.0,3.0,2.0,2.0,1.0,4.0,4.0,4.0,5.0,4.0,4.0,1.0,2.0,3.0,4.0,5.0,,7.0,,,,,12.0,,,,,,3.0,,1.0,2.0,2.0,4.0,5.0,2.0,,,,,,,,1.0,,5.0,4.0,2.0,2.0,2.0,5.0,2.0,2.0,2.0,2.0,2.0,1.0,2.0,3.0,3.0,5.0,4.0,4.0,1.0,1.0,2.0,2.0,2.0,2.0,2.0,5.0,3.0,3.0,3.0,3.0,3.0,4.0,4.0,4.0,4.0,4.0,3.0,4.0,4.0,4.0,4.0,4.0,4.0,4.0,4.0,4.0,4.0,4.0,4.0,4.0,4.0,4.0,4.0,4.0,4.0,4.0,4.0,4.0,4.0,4.0,4.0,4.0,4.0,4.0,4.0,4.0,4.0,5.0,3.0,4.0,4.0,3.0,3.0,5.0,5.0,5.0,4.0,3.0,11.0,9.0,3.0,1.0,3.0,3.0,3.0,4.0,,5.0,,,2.0,3.0,,,,,,,,,4.0,4.0,4.0,5.0,5.0,5.0,2.0,2.0,2.0,4.0,3.0,3.0,3.0,4.0,3.0,2.0,3.0,3.0,1.0,1.0,1.0,1.0,1.0,1.0,1.0,1.0,4.0,4.0,4.0,4.0,3.0,3.0,3.0,1.0,1.0,3.0,1.0,1.0,5.0,4.0,1.0,4.0,1.0,1.0,1.0,1.0,,,,5.0,,,,9.0,,,,1.0,4.0,,1.0,4.0,5.0,3.0,,,4.0,4.0,2.0,3.0,2.0,4.0,7.0,1.0,5.0,3.0,,,4.0,2.5,5.0
1152.0,2.0,2.0,2.0,12.0,3.0,5.0,4.0,2.0,3.0,3.0,1.0,,3.0,4.0,,,,,,,,,,,,,,1.0,,1.0,1.0,1.0,4.0,3.0,2.0,,,,,,,,1.0,,1.0,4.0,4.0,3.0,4.0,3.0,5.0,3.0,5.0,4.0,4.0,2.0,4.0,4.0,4.0,5.0,4.0,4.0,4.0,4.0,4.0,4.0,4.0,4.0,4.0,4.0,3.0,4.0,4.0,4.0,4.0,4.0,4.0,4.0,4.0,4.0,4.0,4.0,4.0,4.0,4.0,4.0,4.0,4.0,4.0,4.0,3.0,3.0,3.0,3.0,3.0,3.0,3.0,3.0,3.0,4.0,2.0,3.0,3.0,3.0,3.0,4.0,2.0,4.0,4.0,4.0,2.0,4.0,2.0,4.0,4.0,4.0,4.0,5.0,4.0,4.0,4.0,4.0,6.0,2.0,5.0,5.0,5.0,4.0,4.0,6.0,,4.0,,,,,,,,,,,,11.0,4.0,4.0,3.0,3.0,4.0,3.0,3.0,3.0,3.0,1.0,3.0,3.0,4.0,4.0,3.0,3.0,3.0,4.0,1.0,1.0,1.0,1.0,1.0,1.0,1.0,1.0,4.0,4.0,4.0,4.0,2.0,1.0,1.0,1.0,1.0,1.0,1.0,1.0,1.0,1.0,1.0,4.0,1.0,1.0,1.0,,,,,,,,,,10.0,,,1.0,6.0,,2.0,2.0,3.0,1.0,,2.0,,2.0,1.0,2.0,2.0,3.0,5.0,2.0,3.0,1.0,,2.0,,3.5,3.5
1153.0,2.0,3.0,2.0,12.0,3.0,5.0,5.0,3.0,4.0,5.0,1.0,2.0,3.0,4.0,5.0,,7.0,,,10.0,,12.0,13.0,14.0,,,,3.0,,1.0,1.0,1.0,3.0,4.0,2.0,,,,,,,,3.0,,5.0,4.0,4.0,3.0,4.0,4.0,4.0,3.0,5.0,4.0,4.0,3.0,4.0,3.0,3.0,4.0,3.0,3.0,3.0,3.0,3.0,3.0,3.0,4.0,4.0,3.0,3.0,4.0,5.0,4.0,3.0,3.0,3.0,3.0,3.0,3.0,3.0,3.0,4.0,3.0,3.0,3.0,4.0,4.0,3.0,3.0,3.0,3.0,3.0,3.0,3.0,3.0,3.0,4.0,3.0,3.0,3.0,4.0,3.0,3.0,3.0,3.0,3.0,3.0,4.0,3.0,3.0,4.0,3.0,3.0,4.0,3.0,4.0,4.0,4.0,4.0,4.0,1.0,10.0,10.0,3.0,3.0,3.0,3.0,3.0,2.0,,2.0,,,,3.0,,,,,,,,,5.0,5.0,5.0,5.0,5.0,5.0,4.0,3.0,5.0,3.0,3.0,4.0,3.0,5.0,3.0,3.0,3.0,3.0,1.0,1.0,1.0,1.0,1.0,1.0,1.0,1.0,4.0,4.0,3.0,3.0,2.0,3.0,3.0,1.0,1.0,2.0,2.0,4.0,4.0,4.0,3.0,4.0,1.0,1.0,1.0,1.0,,,,,,,,,,,,1.0,4.0,,1.0,2.0,3.0,1.0,,3.0,,3.0,2.0,2.0,3.0,3.0,5.0,2.0,3.0,1.0,,3.0,,2.5,5.0
1154.0,2.0,3.0,2.0,12.0,3.0,4.0,4.0,3.0,3.0,3.0,,,3.0,,5.0,,,8.0,9.0,10.0,,,,,,,,3.0,,1.0,1.0,2.0,3.0,3.0,1.0,,,3.0,4.0,,,,2.0,,2.0,5.0,5.0,5.0,5.0,5.0,5.0,5.0,5.0,5.0,5.0,5.0,5.0,4.0,4.0,5.0,4.0,4.0,4.0,3.0,4.0,4.0,3.0,5.0,5.0,5.0,5.0,5.0,5.0,2.0,2.0,5.0,5.0,5.0,5.0,5.0,5.0,5.0,5.0,5.0,5.0,5.0,5.0,4.0,3.0,5.0,5.0,5.0,5.0,5.0,5.0,5.0,4.0,5.0,5.0,5.0,5.0,5.0,4.0,5.0,5.0,4.0,3.0,3.0,3.0,3.0,3.0,3.0,3.0,3.0,3.0,3.0,3.0,3.0,3.0,3.0,3.0,5.0,11.0,1.0,5.0,5.0,5.0,5.0,5.0,5.0,,4.0,,,,,,5.0,,,,,,,3.0,3.0,3.0,3.0,3.0,3.0,4.0,3.0,5.0,1.0,1.0,1.0,1.0,3.0,3.0,3.0,3.0,3.0,1.0,1.0,1.0,1.0,1.0,1.0,1.0,1.0,3.0,3.0,3.0,3.0,1.0,3.0,1.0,1.0,1.0,1.0,1.0,1.0,1.0,1.0,1.0,3.0,1.0,1.0,1.0,,,,4.0,,6.0,7.0,8.0,,,,,1.0,5.0,,1.0,2.0,3.0,1.0,,3.0,,3.0,2.0,2.0,3.0,3.0,5.0,2.0,3.0,1.0,,3.0,,3.0,3.25
1155.0,2.0,2.0,2.0,12.0,3.0,4.0,4.0,4.0,4.0,4.0,1.0,2.0,3.0,4.0,,,,,,,,,,,,,,1.0,,2.0,1.0,2.0,4.0,4.0,1.0,1.0,2.0,,,,,,2.0,,4.0,4.0,2.0,3.0,4.0,2.0,4.0,4.0,2.0,2.0,2.0,1.0,5.0,5.0,4.0,4.0,4.0,4.0,4.0,4.0,4.0,4.0,4.0,4.0,4.0,4.0,4.0,4.0,4.0,3.0,4.0,2.0,2.0,3.0,4.0,4.0,3.0,4.0,3.0,4.0,3.0,4.0,3.0,4.0,3.0,4.0,3.0,2.0,3.0,3.0,4.0,4.0,4.0,4.0,3.0,4.0,4.0,3.0,4.0,4.0,4.0,5.0,4.0,3.0,5.0,3.0,1.0,5.0,2.0,4.0,4.0,5.0,5.0,5.0,5.0,5.0,5.0,3.0,9.0,9.0,2.0,4.0,3.0,4.0,3.0,6.0,,2.0,,,,,,5.0,,7.0,8.0,,,,3.0,3.0,4.0,4.0,3.0,4.0,4.0,3.0,5.0,2.0,3.0,2.0,3.0,3.0,3.0,3.0,4.0,2.0,1.0,1.0,1.0,1.0,1.0,1.0,1.0,1.0,5.0,4.0,4.0,3.0,2.0,2.0,4.0,1.0,1.0,1.0,1.0,1.0,1.0,1.0,1.0,3.0,1.0,1.0,1.0,,,3.0,4.0,5.0,,,,,,,,1.0,3.0,,1.0,1.0,2.0,1.0,,1.0,,1.0,1.0,2.0,2.0,3.0,5.0,2.0,2.0,1.0,,1.0,,2.0,2.5
1156.0,2.0,2.0,2.0,6.0,3.0,4.0,4.0,4.0,4.0,4.0,1.0,2.0,3.0,4.0,5.0,,,,,,,,,,,,,3.0,,1.0,1.0,1.0,4.0,4.0,2.0,,,,,,,,2.0,,4.0,3.0,3.0,3.0,3.0,3.0,3.0,2.0,3.0,3.0,3.0,3.0,2.0,4.0,4.0,4.0,3.0,3.0,3.0,3.0,3.0,3.0,3.0,3.0,3.0,3.0,3.0,3.0,4.0,4.0,4.0,3.0,3.0,3.0,3.0,2.0,2.0,3.0,3.0,3.0,3.0,3.0,3.0,4.0,4.0,4.0,3.0,3.0,4.0,4.0,4.0,4.0,4.0,4.0,4.0,4.0,4.0,4.0,5.0,5.0,4.0,4.0,5.0,4.0,4.0,4.0,1.0,4.0,2.0,3.0,3.0,4.0,3.0,4.0,4.0,4.0,4.0,3.0,8.0,9.0,4.0,4.0,4.0,3.0,3.0,2.0,,4.0,,,2.0,3.0,,,,,,,,,4.0,4.0,4.0,4.0,4.0,4.0,3.0,4.0,4.0,3.0,3.0,3.0,3.0,4.0,3.0,3.0,3.0,3.0,1.0,1.0,1.0,1.0,1.0,1.0,1.0,1.0,4.0,4.0,4.0,4.0,3.0,3.0,3.0,2.0,2.0,2.0,2.0,3.0,3.0,3.0,2.0,4.0,1.0,1.0,1.0,,,,4.0,5.0,,,,,,,,1.0,4.0,,1.0,3.0,4.0,1.0,,5.0,,5.0,3.0,2.0,2.0,3.0,6.0,2.0,4.0,1.0,,5.0,,2.5,4.0
1157.0,3.0,1.0,1.0,1.0,4.0,5.0,4.0,3.0,4.0,4.0,1.0,2.0,3.0,4.0,5.0,,,,,,11.0,,,,,,,5.0,,2.0,1.0,2.0,3.0,3.0,2.0,,,,,,,,1.0,,4.0,4.0,4.0,3.0,4.0,4.0,4.0,3.0,4.0,3.0,3.0,3.0,3.0,3.0,3.0,4.0,4.0,4.0,4.0,4.0,4.0,4.0,4.0,4.0,4.0,4.0,4.0,4.0,4.0,4.0,4.0,4.0,4.0,4.0,4.0,4.0,4.0,4.0,4.0,4.0,4.0,3.0,4.0,4.0,3.0,4.0,4.0,4.0,4.0,4.0,4.0,4.0,4.0,4.0,4.0,4.0,4.0,4.0,4.0,4.0,4.0,4.0,4.0,4.0,4.0,3.0,3.0,4.0,3.0,4.0,4.0,4.0,4.0,4.0,4.0,4.0,4.0,4.0,10.0,10.0,3.0,4.0,4.0,4.0,4.0,7.0,,3.0,,1.0,,,,,,,,,,,3.0,4.0,4.0,4.0,4.0,4.0,4.0,4.0,4.0,4.0,3.0,3.0,3.0,3.0,3.0,3.0,2.0,3.0,1.0,1.0,1.0,1.0,1.0,2.0,2.0,1.0,4.0,4.0,4.0,4.0,4.0,4.0,4.0,2.0,2.0,3.0,4.0,2.0,4.0,2.0,2.0,4.0,1.0,1.0,1.0,1.0,2.0,3.0,,,,,8.0,,,,,1.0,3.0,,1.0,3.0,4.0,1.0,,,4.0,4.0,2.0,3.0,1.0,4.0,7.0,1.0,4.0,1.0,,,4.0,2.0,4.0
1158.0,2.0,3.0,2.0,12.0,3.0,5.0,5.0,5.0,5.0,5.0,1.0,2.0,3.0,4.0,5.0,,,,,10.0,11.0,12.0,,,,,,1.0,,2.0,1.0,1.0,4.0,4.0,2.0,,,,,,,,1.0,,5.0,4.0,4.0,3.0,2.0,2.0,3.0,3.0,4.0,3.0,3.0,3.0,5.0,3.0,3.0,5.0,5.0,5.0,5.0,5.0,5.0,5.0,5.0,5.0,5.0,5.0,5.0,5.0,5.0,5.0,5.0,5.0,5.0,5.0,5.0,5.0,5.0,5.0,5.0,5.0,5.0,5.0,5.0,5.0,5.0,5.0,5.0,5.0,5.0,5.0,5.0,5.0,5.0,5.0,5.0,5.0,5.0,5.0,5.0,5.0,5.0,4.0,3.0,3.0,5.0,3.0,3.0,3.0,2.0,3.0,4.0,4.0,4.0,5.0,5.0,5.0,4.0,3.0,11.0,11.0,3.0,2.0,2.0,2.0,2.0,9997.0,해킹 및 유출,4.0,,,2.0,3.0,,,,,,,,,4.0,4.0,4.0,4.0,4.0,4.0,4.0,4.0,5.0,4.0,4.0,4.0,4.0,4.0,3.0,3.0,3.0,3.0,1.0,1.0,1.0,1.0,1.0,1.0,1.0,1.0,5.0,5.0,5.0,5.0,5.0,5.0,5.0,3.0,3.0,5.0,3.0,5.0,5.0,3.0,3.0,5.0,1.0,1.0,1.0,1.0,2.0,3.0,4.0,,6.0,7.0,8.0,9.0,,,,1.0,3.0,,1.0,2.0,2.0,1.0,,1.0,,1.0,1.0,2.0,3.0,3.0,5.0,2.0,2.0,1.0,,1.0,,2.0,4.0
1159.0,2.0,1.0,1.0,12.0,3.0,5.0,4.0,3.0,4.0,4.0,1.0,2.0,3.0,,,,,,,,11.0,,,,,,,3.0,,2.0,1.0,2.0,3.0,3.0,,,,,,,,,1.0,,3.0,4.0,4.0,4.0,4.0,3.0,4.0,2.0,4.0,4.0,4.0,4.0,4.0,4.0,4.0,4.0,4.0,4.0,4.0,4.0,4.0,4.0,4.0,4.0,4.0,4.0,4.0,4.0,4.0,4.0,4.0,3.0,4.0,4.0,4.0,4.0,3.0,3.0,4.0,4.0,4.0,3.0,4.0,4.0,3.0,4.0,4.0,4.0,4.0,4.0,4.0,3.0,4.0,3.0,4.0,4.0,4.0,3.0,4.0,3.0,3.0,4.0,4.0,3.0,4.0,2.0,2.0,2.0,1.0,5.0,5.0,4.0,4.0,4.0,4.0,4.0,4.0,3.0,6.0,6.0,4.0,3.0,3.0,3.0,4.0,4.0,,4.0,,,,,,,,,,,,11.0,4.0,4.0,4.0,4.0,4.0,4.0,4.0,4.0,4.0,4.0,4.0,4.0,4.0,4.0,3.0,2.0,2.0,2.0,1.0,1.0,1.0,2.0,1.0,1.0,2.0,1.0,3.0,4.0,4.0,4.0,2.0,2.0,2.0,2.0,2.0,2.0,3.0,4.0,3.0,3.0,2.0,4.0,3.0,3.0,1.0,1.0,,,,,,,,,,,,1.0,4.0,,1.0,1.0,2.0,9997.0,,2.0,,2.0,1.0,2.0,1.0,3.0,5.0,2.0,2.0,4.0,,2.0,,2.5,4.0
1160.0,2.0,3.0,2.0,12.0,3.0,5.0,5.0,5.0,5.0,5.0,1.0,2.0,,,,,,,,,,,,,15.0,,,1.0,,2.0,1.0,1.0,4.0,2.0,2.0,,,,,,,,2.0,,4.0,4.0,3.0,3.0,2.0,2.0,4.0,3.0,5.0,3.0,3.0,2.0,5.0,5.0,4.0,5.0,4.0,5.0,4.0,2.0,4.0,4.0,2.0,4.0,4.0,4.0,4.0,2.0,5.0,3.0,2.0,4.0,4.0,2.0,2.0,4.0,4.0,4.0,4.0,4.0,4.0,3.0,2.0,5.0,2.0,2.0,5.0,5.0,5.0,5.0,5.0,4.0,5.0,5.0,5.0,5.0,5.0,5.0,5.0,5.0,5.0,5.0,5.0,5.0,5.0,4.0,1.0,4.0,2.0,4.0,5.0,3.0,4.0,4.0,4.0,4.0,4.0,4.0,11.0,9.0,4.0,4.0,3.0,2.0,2.0,1.0,,1.0,,,2.0,3.0,,,,,,,,,3.0,3.0,2.0,4.0,3.0,4.0,2.0,2.0,4.0,2.0,2.0,3.0,3.0,4.0,3.0,3.0,2.0,3.0,1.0,1.0,1.0,1.0,1.0,1.0,1.0,1.0,5.0,5.0,5.0,5.0,3.0,3.0,2.0,1.0,1.0,2.0,1.0,2.0,5.0,3.0,1.0,5.0,1.0,1.0,1.0,1.0,2.0,,,,6.0,,8.0,,,,,1.0,5.0,,1.0,2.0,2.0,1.0,,1.0,,1.0,1.0,2.0,3.0,3.0,5.0,2.0,2.0,1.0,,1.0,,3.0,3.5
1161.0,2.0,2.0,2.0,12.0,3.0,5.0,5.0,5.0,5.0,5.0,1.0,2.0,3.0,4.0,5.0,6.0,7.0,,,,,,,,,,,1.0,,2.0,2.0,2.0,2.0,4.0,2.0,,,,,,,,1.0,,4.0,5.0,5.0,5.0,5.0,5.0,5.0,5.0,5.0,5.0,5.0,5.0,5.0,5.0,5.0,5.0,5.0,5.0,5.0,5.0,5.0,5.0,5.0,5.0,5.0,5.0,5.0,5.0,5.0,5.0,5.0,5.0,5.0,5.0,5.0,5.0,5.0,5.0,5.0,5.0,5.0,5.0,5.0,5.0,5.0,5.0,5.0,5.0,5.0,5.0,5.0,5.0,5.0,5.0,5.0,5.0,5.0,4.0,5.0,4.0,4.0,4.0,4.0,3.0,4.0,2.0,1.0,3.0,1.0,5.0,3.0,3.0,3.0,3.0,3.0,4.0,3.0,3.0,6.0,6.0,4.0,4.0,4.0,4.0,4.0,2.0,,2.0,,,,,,,,,,,,11.0,4.0,4.0,4.0,4.0,4.0,4.0,4.0,4.0,5.0,4.0,4.0,4.0,4.0,4.0,2.0,2.0,2.0,2.0,1.0,1.0,1.0,1.0,1.0,1.0,1.0,1.0,4.0,4.0,4.0,4.0,4.0,3.0,4.0,2.0,2.0,4.0,3.0,4.0,4.0,4.0,4.0,4.0,1.0,1.0,1.0,1.0,,,,,,,,,,,,1.0,1.0,,1.0,2.0,2.0,1.0,,1.0,,1.0,1.0,2.0,2.0,3.0,5.0,2.0,2.0,1.0,,1.0,,1.0,4.0
1162.0,2.0,2.0,2.0,12.0,3.0,4.0,4.0,4.0,4.0,4.0,1.0,2.0,3.0,4.0,5.0,,,,,,,,13.0,,,,,5.0,,1.0,1.0,1.0,4.0,4.0,2.0,,,,,,,,1.0,,4.0,4.0,4.0,4.0,4.0,4.0,4.0,4.0,4.0,4.0,4.0,4.0,4.0,4.0,4.0,4.0,4.0,4.0,4.0,4.0,4.0,4.0,4.0,4.0,4.0,4.0,4.0,4.0,4.0,4.0,4.0,4.0,4.0,4.0,4.0,4.0,4.0,4.0,4.0,4.0,4.0,4.0,4.0,4.0,4.0,4.0,4.0,4.0,4.0,4.0,4.0,4.0,4.0,4.0,4.0,4.0,4.0,4.0,4.0,4.0,4.0,4.0,3.0,4.0,4.0,3.0,2.0,2.0,2.0,4.0,4.0,4.0,4.0,4.0,4.0,2.0,4.0,3.0,6.0,6.0,3.0,3.0,3.0,3.0,3.0,3.0,,4.0,,,,3.0,,,,,,,,,4.0,4.0,4.0,4.0,4.0,4.0,4.0,4.0,4.0,4.0,4.0,4.0,4.0,4.0,3.0,3.0,3.0,3.0,1.0,1.0,1.0,1.0,1.0,1.0,1.0,1.0,4.0,4.0,4.0,4.0,4.0,2.0,2.0,2.0,2.0,2.0,2.0,4.0,4.0,2.0,2.0,4.0,1.0,1.0,1.0,1.0,,,4.0,,,,,,,,,1.0,5.0,,1.0,2.0,2.0,1.0,,1.0,,1.0,1.0,2.0,2.0,3.0,5.0,2.0,2.0,1.0,,1.0,,3.0,4.0
1163.0,2.0,1.0,1.0,12.0,3.0,4.0,4.0,4.0,4.0,5.0,1.0,2.0,3.0,4.0,5.0,,,,,,,12.0,,,,,,3.0,,2.0,1.0,2.0,3.0,3.0,,,,,,,,,2.0,,3.0,4.0,4.0,4.0,4.0,4.0,4.0,4.0,4.0,4.0,4.0,4.0,4.0,4.0,4.0,4.0,4.0,4.0,4.0,4.0,4.0,4.0,4.0,4.0,4.0,4.0,4.0,4.0,4.0,3.0,2.0,3.0,3.0,3.0,3.0,3.0,2.0,3.0,3.0,3.0,3.0,2.0,2.0,2.0,2.0,2.0,4.0,4.0,4.0,4.0,4.0,4.0,4.0,4.0,4.0,4.0,4.0,4.0,4.0,3.0,2.0,4.0,4.0,4.0,4.0,3.0,2.0,3.0,1.0,4.0,3.0,3.0,4.0,4.0,4.0,2.0,3.0,3.0,7.0,5.0,4.0,4.0,4.0,4.0,4.0,6.0,,4.0,,1.0,,,,,,,,,,,3.0,3.0,4.0,3.0,3.0,3.0,3.0,3.0,4.0,3.0,3.0,4.0,3.0,3.0,3.0,3.0,2.0,2.0,1.0,1.0,1.0,1.0,1.0,1.0,1.0,1.0,5.0,5.0,5.0,5.0,5.0,4.0,4.0,2.0,2.0,2.0,3.0,4.0,4.0,3.0,1.0,3.0,3.0,3.0,1.0,,,,,,,,,,,9997.0,모름,1.0,3.0,,2.0,1.0,3.0,1.0,,2.0,,2.0,1.0,2.0,1.0,3.0,5.0,2.0,3.0,1.0,,2.0,,2.0,3.0
1164.0,2.0,3.0,2.0,12.0,3.0,4.0,4.0,4.0,4.0,4.0,1.0,2.0,3.0,4.0,5.0,,,,,,11.0,12.0,13.0,,,,,1.0,,1.0,1.0,1.0,3.0,3.0,2.0,,,,,,,,2.0,,3.0,4.0,4.0,3.0,4.0,3.0,4.0,3.0,4.0,3.0,3.0,3.0,3.0,4.0,4.0,4.0,4.0,4.0,4.0,4.0,4.0,4.0,4.0,4.0,4.0,4.0,3.0,4.0,4.0,4.0,4.0,4.0,4.0,4.0,4.0,4.0,4.0,4.0,4.0,4.0,4.0,4.0,4.0,4.0,4.0,4.0,4.0,4.0,4.0,4.0,4.0,4.0,4.0,4.0,4.0,4.0,4.0,4.0,4.0,4.0,4.0,4.0,2.0,3.0,4.0,3.0,2.0,3.0,3.0,3.0,4.0,4.0,4.0,5.0,4.0,3.0,3.0,3.0,6.0,6.0,4.0,4.0,4.0,4.0,4.0,4.0,,4.0,,,,,,5.0,,,,,,,3.0,3.0,3.0,3.0,3.0,3.0,3.0,3.0,3.0,2.0,3.0,3.0,3.0,3.0,3.0,3.0,3.0,2.0,1.0,1.0,1.0,1.0,1.0,1.0,1.0,1.0,3.0,3.0,3.0,3.0,3.0,3.0,3.0,3.0,3.0,3.0,3.0,3.0,3.0,3.0,3.0,3.0,2.0,1.0,1.0,,,,4.0,5.0,,,,,,,,1.0,4.0,,1.0,2.0,3.0,1.0,,2.0,,2.0,1.0,2.0,3.0,3.0,5.0,2.0,3.0,1.0,,2.0,,2.5,3.0
1165.0,2.0,1.0,1.0,12.0,3.0,5.0,3.0,3.0,4.0,4.0,1.0,2.0,3.0,4.0,5.0,,,,,,11.0,12.0,13.0,,,,,5.0,,2.0,2.0,1.0,2.0,3.0,,,,,,,,,2.0,,3.0,4.0,4.0,4.0,4.0,3.0,4.0,3.0,4.0,3.0,3.0,3.0,3.0,4.0,4.0,4.0,4.0,4.0,4.0,4.0,4.0,4.0,4.0,4.0,4.0,4.0,4.0,4.0,4.0,4.0,4.0,3.0,3.0,3.0,3.0,3.0,3.0,3.0,3.0,3.0,3.0,3.0,3.0,3.0,3.0,3.0,4.0,4.0,4.0,4.0,4.0,4.0,4.0,4.0,4.0,4.0,4.0,4.0,4.0,3.0,4.0,4.0,4.0,4.0,5.0,3.0,2.0,4.0,4.0,4.0,4.0,4.0,4.0,4.0,4.0,4.0,3.0,3.0,11.0,6.0,4.0,4.0,4.0,4.0,4.0,7.0,,5.0,,1.0,,,,,,,,,,,3.0,3.0,3.0,3.0,3.0,3.0,4.0,4.0,3.0,3.0,3.0,4.0,3.0,4.0,3.0,3.0,2.0,3.0,1.0,1.0,1.0,1.0,2.0,1.0,2.0,2.0,4.0,4.0,4.0,4.0,3.0,3.0,3.0,3.0,3.0,2.0,2.0,4.0,2.0,2.0,2.0,4.0,3.0,3.0,3.0,1.0,,,,,,,,,,,,1.0,1.0,,2.0,2.0,3.0,1.0,,2.0,,2.0,1.0,2.0,1.0,3.0,5.0,2.0,3.0,1.0,,2.0,,1.0,3.0
1166.0,2.0,3.0,2.0,12.0,3.0,5.0,4.0,3.0,4.0,4.0,1.0,2.0,3.0,4.0,5.0,,,,,,,,,,,,,3.0,,2.0,1.0,1.0,3.0,4.0,2.0,,,,,,,,2.0,,4.0,4.0,4.0,3.0,4.0,3.0,4.0,3.0,4.0,3.0,3.0,3.0,4.0,4.0,4.0,5.0,5.0,4.0,3.0,4.0,4.0,4.0,4.0,4.0,4.0,4.0,4.0,3.0,5.0,5.0,3.0,3.0,4.0,4.0,4.0,3.0,3.0,4.0,4.0,4.0,3.0,4.0,4.0,4.0,4.0,4.0,4.0,4.0,4.0,4.0,4.0,4.0,4.0,4.0,4.0,4.0,4.0,4.0,4.0,4.0,3.0,4.0,3.0,4.0,4.0,2.0,1.0,2.0,2.0,4.0,4.0,4.0,4.0,5.0,5.0,4.0,4.0,4.0,6.0,4.0,4.0,4.0,4.0,4.0,3.0,6.0,,4.0,,1.0,,,,,,,,,,,4.0,3.0,4.0,3.0,3.0,3.0,3.0,3.0,4.0,3.0,4.0,4.0,3.0,3.0,2.0,3.0,2.0,3.0,1.0,1.0,1.0,1.0,1.0,1.0,1.0,1.0,5.0,5.0,5.0,5.0,5.0,3.0,3.0,2.0,1.0,3.0,3.0,4.0,3.0,1.0,1.0,4.0,1.0,1.0,1.0,,,,,,,,8.0,,,,,1.0,4.0,,1.0,2.0,2.0,1.0,,1.0,,1.0,1.0,2.0,3.0,3.0,5.0,2.0,2.0,1.0,,1.0,,2.5,3.0
1167.0,2.0,3.0,2.0,12.0,3.0,5.0,3.0,2.0,4.0,5.0,1.0,2.0,3.0,4.0,5.0,,,,,,,12.0,,,,,,5.0,,2.0,1.0,1.0,2.0,2.0,,,,,,,,,1.0,,4.0,4.0,3.0,2.0,2.0,1.0,4.0,4.0,4.0,3.0,3.0,2.0,5.0,5.0,5.0,5.0,3.0,3.0,3.0,3.0,1.0,2.0,2.0,4.0,4.0,4.0,4.0,3.0,5.0,4.0,2.0,4.0,4.0,4.0,4.0,1.0,2.0,4.0,4.0,4.0,4.0,4.0,4.0,4.0,4.0,4.0,5.0,5.0,5.0,2.0,3.0,3.0,1.0,5.0,5.0,5.0,5.0,5.0,5.0,3.0,3.0,4.0,3.0,4.0,5.0,2.0,2.0,3.0,2.0,5.0,5.0,2.0,3.0,4.0,5.0,4.0,4.0,5.0,9.0,6.0,4.0,4.0,4.0,5.0,4.0,2.0,,1.0,,,,,,,,,8.0,,,,4.0,4.0,4.0,4.0,4.0,3.0,3.0,4.0,4.0,2.0,4.0,4.0,4.0,4.0,3.0,3.0,2.0,3.0,1.0,1.0,1.0,1.0,2.0,1.0,1.0,1.0,4.0,4.0,4.0,4.0,4.0,4.0,4.0,1.0,1.0,3.0,2.0,1.0,1.0,1.0,1.0,3.0,1.0,1.0,1.0,,2.0,3.0,,,,,,,,,,1.0,1.0,,1.0,2.0,4.0,1.0,,3.0,,3.0,2.0,2.0,3.0,3.0,5.0,2.0,4.0,1.0,,3.0,,1.0,3.5
1168.0,3.0,2.0,2.0,1.0,4.0,5.0,5.0,5.0,4.0,4.0,1.0,2.0,3.0,4.0,,,,,,,11.0,12.0,,,,,,2.0,고의적인 유출,1.0,1.0,2.0,1.0,3.0,2.0,,,,,,,,9997.0,고의적인 유출,4.0,3.0,4.0,3.0,4.0,3.0,3.0,3.0,3.0,3.0,2.0,2.0,4.0,4.0,3.0,5.0,4.0,4.0,4.0,4.0,4.0,4.0,4.0,4.0,4.0,4.0,4.0,5.0,5.0,4.0,4.0,3.0,3.0,3.0,3.0,3.0,3.0,3.0,2.0,2.0,2.0,2.0,2.0,5.0,2.0,2.0,5.0,5.0,5.0,5.0,5.0,5.0,5.0,5.0,5.0,5.0,5.0,5.0,5.0,5.0,5.0,2.0,3.0,3.0,5.0,3.0,1.0,4.0,4.0,3.0,5.0,5.0,5.0,5.0,5.0,5.0,4.0,3.0,11.0,6.0,3.0,3.0,2.0,1.0,2.0,2.0,,4.0,,1.0,,,,,,,,,,,3.0,4.0,4.0,4.0,4.0,4.0,4.0,4.0,4.0,5.0,4.0,4.0,4.0,4.0,4.0,3.0,4.0,4.0,1.0,1.0,1.0,1.0,1.0,1.0,1.0,1.0,5.0,5.0,5.0,5.0,5.0,4.0,1.0,1.0,1.0,3.0,1.0,1.0,1.0,1.0,1.0,4.0,1.0,1.0,1.0,1.0,,,,,,,8.0,,,,,1.0,3.0,,1.0,3.0,3.0,9997.0,,,3.0,3.0,2.0,3.0,2.0,4.0,7.0,1.0,3.0,4.0,,,3.0,2.0,4.0
1169.0,2.0,3.0,2.0,12.0,3.0,5.0,5.0,5.0,5.0,5.0,1.0,2.0,3.0,4.0,5.0,,,,,,11.0,12.0,,,,,,5.0,,2.0,1.0,1.0,1.0,3.0,2.0,,,,,,,,2.0,,5.0,1.0,1.0,1.0,1.0,1.0,1.0,1.0,1.0,1.0,1.0,1.0,1.0,1.0,1.0,1.0,5.0,5.0,5.0,5.0,5.0,5.0,5.0,5.0,5.0,5.0,5.0,5.0,5.0,5.0,5.0,4.0,4.0,4.0,4.0,4.0,4.0,4.0,4.0,4.0,4.0,4.0,4.0,4.0,4.0,4.0,5.0,5.0,5.0,5.0,5.0,5.0,5.0,5.0,5.0,5.0,5.0,5.0,5.0,5.0,5.0,4.0,4.0,5.0,4.0,3.0,3.0,4.0,3.0,4.0,5.0,4.0,4.0,4.0,5.0,4.0,4.0,5.0,11.0,11.0,3.0,3.0,3.0,3.0,3.0,2.0,,4.0,,1.0,,,,,,,,,,,5.0,5.0,5.0,5.0,5.0,5.0,5.0,5.0,5.0,5.0,5.0,5.0,5.0,5.0,4.0,4.0,4.0,4.0,1.0,1.0,1.0,1.0,1.0,1.0,1.0,1.0,5.0,5.0,5.0,5.0,5.0,5.0,5.0,5.0,5.0,5.0,5.0,5.0,5.0,5.0,5.0,5.0,1.0,1.0,1.0,1.0,,,,,,,,,,,,1.0,1.0,,1.0,2.0,3.0,1.0,,3.0,,3.0,2.0,2.0,3.0,3.0,5.0,2.0,3.0,1.0,,3.0,,1.0,5.0
1170.0,3.0,1.0,1.0,1.0,4.0,5.0,5.0,4.0,4.0,4.0,1.0,2.0,3.0,4.0,,,,,,,,,,,,,,5.0,,1.0,1.0,1.0,4.0,4.0,,,,,,,,,1.0,,3.0,4.0,4.0,3.0,3.0,4.0,4.0,3.0,4.0,4.0,5.0,4.0,4.0,4.0,3.0,4.0,4.0,4.0,4.0,4.0,3.0,4.0,3.0,4.0,4.0,4.0,4.0,4.0,3.0,3.0,4.0,3.0,4.0,3.0,3.0,3.0,3.0,3.0,4.0,4.0,4.0,4.0,4.0,4.0,3.0,3.0,3.0,3.0,3.0,3.0,3.0,5.0,3.0,3.0,4.0,4.0,4.0,4.0,3.0,3.0,3.0,4.0,4.0,3.0,4.0,3.0,1.0,2.0,1.0,4.0,5.0,4.0,4.0,5.0,4.0,4.0,4.0,1.0,11.0,6.0,2.0,2.0,2.0,2.0,2.0,4.0,,2.0,,,,3.0,,,,,,,,,5.0,5.0,4.0,4.0,5.0,5.0,3.0,3.0,3.0,3.0,4.0,4.0,4.0,4.0,3.0,3.0,3.0,3.0,1.0,1.0,1.0,1.0,1.0,1.0,1.0,1.0,4.0,4.0,4.0,4.0,3.0,4.0,3.0,2.0,3.0,4.0,4.0,3.0,4.0,4.0,3.0,4.0,1.0,1.0,1.0,1.0,,3.0,4.0,,6.0,,,,,,,1.0,4.0,,1.0,4.0,5.0,1.0,,,4.0,4.0,2.0,3.0,1.0,4.0,7.0,1.0,5.0,1.0,,,4.0,2.5,5.0
1171.0,2.0,1.0,1.0,12.0,3.0,5.0,3.0,3.0,4.0,4.0,1.0,2.0,3.0,4.0,,,,,,,,,,,,,,5.0,,2.0,1.0,2.0,2.0,3.0,2.0,,,,,,,,2.0,,2.0,3.0,3.0,3.0,3.0,2.0,4.0,2.0,4.0,3.0,2.0,2.0,4.0,3.0,3.0,4.0,4.0,4.0,4.0,4.0,4.0,4.0,4.0,4.0,4.0,4.0,4.0,3.0,4.0,4.0,4.0,2.0,2.0,2.0,3.0,3.0,3.0,3.0,3.0,3.0,3.0,3.0,3.0,2.0,2.0,2.0,3.0,3.0,3.0,3.0,3.0,3.0,3.0,3.0,3.0,3.0,3.0,3.0,3.0,3.0,3.0,4.0,4.0,4.0,4.0,2.0,1.0,4.0,2.0,3.0,3.0,4.0,4.0,5.0,3.0,5.0,4.0,4.0,6.0,6.0,5.0,3.0,3.0,2.0,2.0,6.0,,2.0,,1.0,,,,,,,,,,,4.0,4.0,4.0,3.0,3.0,3.0,3.0,3.0,4.0,4.0,3.0,3.0,3.0,4.0,2.0,2.0,2.0,2.0,1.0,1.0,1.0,1.0,1.0,1.0,1.0,1.0,4.0,4.0,1.0,4.0,1.0,1.0,1.0,1.0,1.0,1.0,1.0,1.0,1.0,1.0,3.0,3.0,2.0,2.0,1.0,1.0,,,,,,,,,,,,1.0,1.0,,2.0,2.0,3.0,1.0,,3.0,,3.0,2.0,2.0,1.0,3.0,5.0,2.0,3.0,1.0,,3.0,,1.0,3.0
1172.0,2.0,1.0,1.0,8.0,3.0,5.0,5.0,5.0,4.0,4.0,1.0,2.0,3.0,4.0,,,,,,,,,13.0,,,,,3.0,,1.0,1.0,1.0,4.0,3.0,1.0,,2.0,,,,,,2.0,,4.0,4.0,4.0,2.0,2.0,2.0,3.0,2.0,3.0,3.0,4.0,3.0,4.0,5.0,4.0,4.0,4.0,4.0,4.0,4.0,3.0,3.0,4.0,4.0,3.0,4.0,4.0,4.0,5.0,3.0,4.0,3.0,3.0,3.0,3.0,3.0,3.0,3.0,4.0,3.0,3.0,3.0,3.0,4.0,4.0,3.0,4.0,4.0,4.0,4.0,3.0,3.0,3.0,4.0,3.0,4.0,4.0,4.0,4.0,3.0,2.0,3.0,2.0,2.0,3.0,4.0,2.0,3.0,2.0,3.0,4.0,3.0,3.0,4.0,4.0,4.0,4.0,2.0,7.0,7.0,4.0,4.0,4.0,3.0,4.0,7.0,,4.0,,,,3.0,,,,,,,,,3.0,3.0,4.0,3.0,4.0,3.0,3.0,3.0,4.0,3.0,3.0,4.0,3.0,3.0,3.0,3.0,3.0,3.0,1.0,1.0,1.0,1.0,1.0,1.0,1.0,1.0,4.0,4.0,4.0,4.0,4.0,4.0,4.0,4.0,3.0,4.0,3.0,4.0,4.0,4.0,4.0,4.0,1.0,1.0,1.0,1.0,,,,,,,,,,,,1.0,5.0,,1.0,4.0,5.0,2.0,,6.0,,6.0,3.0,2.0,1.0,3.0,6.0,2.0,5.0,2.0,,6.0,,3.0,3.0
1173.0,3.0,3.0,2.0,2.0,4.0,4.0,4.0,3.0,4.0,4.0,1.0,2.0,,,,,7.0,,,10.0,11.0,12.0,,,,,,5.0,,2.0,1.0,2.0,3.0,4.0,,,,,,,,,1.0,,2.0,3.0,3.0,3.0,3.0,2.0,4.0,3.0,4.0,2.0,1.0,1.0,4.0,3.0,3.0,4.0,4.0,4.0,4.0,4.0,3.0,3.0,3.0,4.0,3.0,4.0,3.0,3.0,4.0,3.0,4.0,2.0,2.0,2.0,2.0,2.0,2.0,2.0,2.0,2.0,2.0,2.0,2.0,2.0,2.0,3.0,5.0,4.0,4.0,3.0,3.0,3.0,3.0,5.0,5.0,5.0,3.0,4.0,3.0,3.0,5.0,4.0,2.0,2.0,5.0,3.0,1.0,2.0,1.0,5.0,4.0,3.0,4.0,5.0,4.0,5.0,4.0,1.0,11.0,11.0,4.0,2.0,2.0,2.0,2.0,4.0,,4.0,,,,,4.0,,,,,,,,3.0,2.0,5.0,4.0,4.0,2.0,2.0,2.0,4.0,3.0,3.0,3.0,3.0,4.0,3.0,3.0,2.0,2.0,1.0,1.0,1.0,1.0,1.0,1.0,1.0,1.0,4.0,5.0,5.0,5.0,4.0,5.0,4.0,4.0,4.0,5.0,4.0,5.0,5.0,5.0,5.0,4.0,3.0,3.0,3.0,,,,,,,,,,10.0,,,2.0,5.0,,1.0,3.0,3.0,9997.0,,,4.0,4.0,2.0,3.0,3.0,4.0,7.0,4.0,3.0,4.0,,,4.0,3.5,3.0
1174.0,2.0,2.0,2.0,8.0,3.0,5.0,5.0,5.0,4.0,4.0,1.0,2.0,3.0,4.0,5.0,,,,,,,12.0,13.0,,,,,3.0,,1.0,1.0,1.0,4.0,4.0,2.0,,,,,,,,1.0,,3.0,4.0,3.0,3.0,3.0,3.0,4.0,3.0,4.0,3.0,3.0,2.0,4.0,4.0,4.0,5.0,4.0,4.0,4.0,4.0,4.0,4.0,4.0,5.0,4.0,4.0,4.0,5.0,5.0,5.0,5.0,4.0,4.0,4.0,4.0,4.0,4.0,4.0,5.0,4.0,4.0,4.0,5.0,5.0,5.0,5.0,5.0,5.0,5.0,5.0,5.0,5.0,5.0,5.0,5.0,5.0,5.0,5.0,5.0,5.0,5.0,3.0,3.0,3.0,3.0,3.0,2.0,3.0,2.0,4.0,5.0,3.0,5.0,5.0,4.0,4.0,4.0,4.0,6.0,6.0,3.0,2.0,2.0,2.0,2.0,4.0,,2.0,,,,3.0,,,,,,,,,3.0,3.0,3.0,4.0,4.0,3.0,3.0,3.0,3.0,3.0,3.0,3.0,3.0,4.0,3.0,3.0,3.0,3.0,1.0,1.0,1.0,1.0,1.0,1.0,1.0,1.0,3.0,3.0,4.0,3.0,3.0,3.0,3.0,3.0,3.0,3.0,3.0,3.0,3.0,3.0,3.0,3.0,1.0,1.0,1.0,1.0,2.0,,,5.0,,,8.0,,,,,1.0,5.0,,2.0,3.0,4.0,1.0,,5.0,,5.0,3.0,2.0,2.0,3.0,6.0,2.0,4.0,1.0,,5.0,,3.0,3.5
1175.0,2.0,1.0,1.0,8.0,3.0,5.0,4.0,4.0,4.0,4.0,1.0,2.0,3.0,4.0,5.0,,7.0,,,10.0,,12.0,,,,,,5.0,,1.0,1.0,1.0,4.0,4.0,2.0,,,,,,,,2.0,,4.0,4.0,3.0,4.0,2.0,2.0,4.0,2.0,3.0,3.0,3.0,3.0,4.0,3.0,3.0,5.0,2.0,3.0,2.0,3.0,3.0,2.0,3.0,3.0,2.0,2.0,3.0,2.0,4.0,2.0,2.0,3.0,2.0,2.0,2.0,2.0,2.0,3.0,3.0,3.0,3.0,3.0,2.0,4.0,2.0,2.0,3.0,4.0,3.0,2.0,4.0,2.0,3.0,4.0,3.0,3.0,4.0,2.0,4.0,2.0,2.0,4.0,4.0,4.0,4.0,3.0,2.0,4.0,2.0,3.0,4.0,4.0,4.0,4.0,4.0,4.0,4.0,2.0,9.0,3.0,5.0,4.0,4.0,3.0,2.0,4.0,,4.0,,,2.0,3.0,,,6.0,,,,,,4.0,4.0,4.0,4.0,4.0,4.0,3.0,3.0,5.0,3.0,3.0,3.0,3.0,4.0,3.0,3.0,3.0,3.0,1.0,1.0,1.0,1.0,1.0,1.0,1.0,1.0,4.0,4.0,4.0,4.0,3.0,3.0,4.0,1.0,1.0,3.0,2.0,2.0,3.0,2.0,2.0,4.0,1.0,1.0,1.0,1.0,2.0,3.0,,5.0,6.0,7.0,8.0,9.0,,,,1.0,3.0,,1.0,4.0,5.0,2.0,,6.0,,6.0,3.0,2.0,1.0,3.0,6.0,2.0,5.0,2.0,,6.0,,2.0,4.0
1176.0,2.0,3.0,2.0,9.0,3.0,3.0,4.0,4.0,5.0,5.0,1.0,2.0,3.0,4.0,5.0,,,,,10.0,,,,,,,,5.0,,1.0,1.0,2.0,3.0,4.0,2.0,,,,,,,,3.0,,3.0,4.0,4.0,5.0,3.0,3.0,4.0,3.0,4.0,5.0,5.0,5.0,4.0,5.0,4.0,5.0,4.0,4.0,5.0,3.0,3.0,3.0,4.0,5.0,5.0,5.0,5.0,3.0,4.0,3.0,2.0,5.0,5.0,5.0,3.0,5.0,3.0,5.0,5.0,5.0,5.0,5.0,3.0,5.0,3.0,2.0,5.0,5.0,5.0,3.0,5.0,3.0,5.0,5.0,5.0,5.0,5.0,3.0,5.0,3.0,2.0,4.0,3.0,4.0,5.0,3.0,2.0,3.0,2.0,2.0,2.0,3.0,3.0,5.0,5.0,5.0,3.0,3.0,11.0,11.0,4.0,2.0,2.0,3.0,2.0,4.0,,4.0,,,,3.0,,,,,,,,,4.0,4.0,5.0,3.0,4.0,4.0,1.0,2.0,3.0,3.0,3.0,3.0,3.0,3.0,3.0,3.0,3.0,3.0,1.0,1.0,1.0,1.0,1.0,1.0,1.0,1.0,5.0,5.0,5.0,5.0,3.0,1.0,2.0,1.0,1.0,5.0,4.0,3.0,1.0,1.0,1.0,5.0,1.0,1.0,1.0,1.0,,,4.0,,,,,,,,,1.0,3.0,,1.0,3.0,4.0,1.0,,3.0,,3.0,2.0,2.0,3.0,3.0,5.0,1.0,4.0,1.0,,3.0,,2.0,4.0
1177.0,2.0,1.0,1.0,12.0,3.0,4.0,4.0,3.0,4.0,4.0,1.0,,3.0,4.0,,,,,,,,,,,,,,3.0,,2.0,1.0,2.0,3.0,4.0,,,,,,,,,2.0,,4.0,4.0,4.0,4.0,4.0,3.0,5.0,3.0,3.0,4.0,3.0,3.0,3.0,4.0,3.0,5.0,4.0,4.0,4.0,3.0,4.0,3.0,4.0,3.0,4.0,4.0,4.0,3.0,5.0,3.0,3.0,3.0,3.0,4.0,3.0,4.0,3.0,4.0,4.0,4.0,3.0,3.0,3.0,4.0,3.0,4.0,3.0,3.0,4.0,3.0,3.0,3.0,4.0,4.0,4.0,3.0,3.0,3.0,5.0,3.0,4.0,4.0,2.0,4.0,4.0,4.0,2.0,4.0,3.0,4.0,5.0,4.0,4.0,5.0,4.0,4.0,4.0,2.0,9.0,9.0,4.0,3.0,3.0,3.0,2.0,2.0,,3.0,,1.0,,,,,,,,,,,4.0,4.0,3.0,3.0,3.0,4.0,3.0,3.0,4.0,3.0,4.0,2.0,3.0,4.0,2.0,2.0,2.0,2.0,1.0,1.0,1.0,1.0,1.0,1.0,1.0,2.0,4.0,4.0,4.0,4.0,4.0,2.0,2.0,2.0,2.0,2.0,2.0,3.0,2.0,2.0,2.0,4.0,1.0,1.0,1.0,,2.0,3.0,,,,,8.0,9.0,,,,1.0,6.0,,1.0,2.0,3.0,1.0,,2.0,,2.0,1.0,2.0,1.0,3.0,5.0,2.0,3.0,1.0,,2.0,,3.5,3.5
1178.0,2.0,1.0,1.0,8.0,3.0,5.0,5.0,5.0,4.0,4.0,1.0,2.0,3.0,4.0,5.0,,,,,,11.0,,,,,,,2.0,,1.0,1.0,1.0,4.0,4.0,,,,,,,,,2.0,,4.0,4.0,4.0,4.0,4.0,3.0,4.0,3.0,4.0,4.0,4.0,4.0,5.0,4.0,4.0,5.0,4.0,4.0,4.0,4.0,4.0,4.0,4.0,5.0,5.0,5.0,5.0,4.0,5.0,4.0,4.0,3.0,3.0,4.0,3.0,3.0,3.0,3.0,4.0,4.0,4.0,4.0,4.0,4.0,3.0,3.0,3.0,3.0,3.0,3.0,3.0,3.0,3.0,5.0,5.0,5.0,5.0,4.0,3.0,3.0,3.0,4.0,4.0,4.0,5.0,4.0,2.0,4.0,2.0,5.0,4.0,4.0,5.0,4.0,4.0,4.0,4.0,1.0,6.0,7.0,3.0,3.0,2.0,2.0,1.0,7.0,,2.0,,1.0,,,,,,,,,,,4.0,4.0,2.0,3.0,3.0,5.0,4.0,4.0,5.0,4.0,4.0,4.0,3.0,4.0,4.0,3.0,3.0,3.0,1.0,1.0,1.0,1.0,1.0,1.0,1.0,1.0,4.0,4.0,4.0,4.0,4.0,4.0,4.0,3.0,3.0,3.0,4.0,3.0,3.0,4.0,2.0,4.0,1.0,1.0,1.0,1.0,2.0,3.0,,,,,8.0,,,,,1.0,4.0,,1.0,4.0,5.0,3.0,,6.0,,6.0,3.0,2.0,1.0,3.0,6.0,2.0,5.0,3.0,,6.0,,2.5,4.0
1179.0,1.0,3.0,2.0,15.0,2.0,4.0,5.0,3.0,5.0,4.0,1.0,2.0,3.0,4.0,5.0,6.0,7.0,,,,,,,,,,,1.0,,1.0,1.0,1.0,4.0,4.0,2.0,,,,,,,,2.0,,4.0,3.0,3.0,3.0,3.0,3.0,2.0,3.0,3.0,3.0,3.0,2.0,3.0,4.0,2.0,4.0,5.0,5.0,5.0,5.0,5.0,3.0,5.0,5.0,4.0,5.0,5.0,5.0,5.0,4.0,2.0,5.0,5.0,5.0,5.0,5.0,3.0,5.0,5.0,3.0,3.0,3.0,2.0,5.0,4.0,2.0,5.0,5.0,5.0,5.0,5.0,5.0,5.0,5.0,4.0,5.0,4.0,5.0,5.0,3.0,2.0,3.0,4.0,4.0,5.0,4.0,4.0,4.0,4.0,4.0,4.0,3.0,4.0,3.0,3.0,4.0,4.0,2.0,9.0,8.0,4.0,4.0,4.0,4.0,4.0,6.0,,5.0,,1.0,2.0,3.0,,,,,,,,,4.0,4.0,4.0,4.0,4.0,4.0,4.0,4.0,4.0,4.0,3.0,4.0,4.0,4.0,3.0,3.0,3.0,3.0,1.0,1.0,1.0,1.0,1.0,2.0,1.0,1.0,4.0,4.0,5.0,4.0,4.0,4.0,3.0,2.0,2.0,2.0,2.0,4.0,4.0,4.0,2.0,5.0,1.0,1.0,1.0,1.0,2.0,3.0,4.0,5.0,6.0,7.0,8.0,9.0,,,,1.0,6.0,,1.0,2.0,2.0,3.0,2.0,,,2.0,1.0,1.0,3.0,2.0,3.0,4.0,2.0,3.0,2.0,,,3.5,4.0
1180.0,1.0,3.0,2.0,15.0,2.0,4.0,4.0,2.0,4.0,4.0,1.0,2.0,3.0,4.0,5.0,,,,,,,,,,,,,5.0,,2.0,1.0,2.0,3.0,3.0,2.0,,,,,,,,2.0,,3.0,4.0,4.0,4.0,4.0,4.0,4.0,4.0,4.0,4.0,4.0,4.0,4.0,4.0,4.0,4.0,4.0,4.0,4.0,4.0,4.0,4.0,4.0,4.0,4.0,4.0,4.0,4.0,4.0,4.0,4.0,4.0,4.0,4.0,4.0,4.0,4.0,4.0,4.0,4.0,4.0,4.0,4.0,4.0,4.0,4.0,4.0,4.0,4.0,4.0,4.0,4.0,4.0,4.0,4.0,4.0,4.0,4.0,4.0,4.0,4.0,4.0,4.0,4.0,4.0,4.0,4.0,4.0,4.0,4.0,4.0,4.0,4.0,4.0,4.0,4.0,4.0,3.0,6.0,6.0,4.0,4.0,4.0,4.0,4.0,5.0,,4.0,,1.0,2.0,3.0,,,,,,,,,4.0,4.0,4.0,4.0,4.0,4.0,4.0,4.0,4.0,4.0,4.0,4.0,4.0,4.0,3.0,3.0,3.0,3.0,1.0,1.0,1.0,1.0,1.0,1.0,1.0,1.0,3.0,4.0,4.0,4.0,4.0,4.0,3.0,3.0,3.0,3.0,3.0,3.0,3.0,3.0,3.0,3.0,3.0,3.0,1.0,1.0,2.0,,,,,,,,,,,1.0,5.0,,1.0,1.0,2.0,1.0,1.0,,,1.0,1.0,1.0,3.0,2.0,3.0,4.0,2.0,1.0,1.0,,,3.0,4.0
1181.0,1.0,3.0,2.0,15.0,2.0,4.0,4.0,4.0,4.0,2.0,1.0,2.0,3.0,4.0,5.0,,,,,10.0,,,,,,,,4.0,,1.0,1.0,2.0,1.0,3.0,,,,,,,,,2.0,,3.0,5.0,5.0,2.0,2.0,3.0,3.0,1.0,3.0,3.0,3.0,1.0,2.0,4.0,4.0,5.0,3.0,3.0,3.0,3.0,3.0,3.0,3.0,3.0,3.0,3.0,3.0,3.0,3.0,3.0,3.0,5.0,5.0,1.0,3.0,1.0,3.0,1.0,4.0,3.0,3.0,1.0,1.0,3.0,1.0,1.0,5.0,5.0,1.0,5.0,5.0,4.0,1.0,5.0,3.0,5.0,5.0,4.0,4.0,1.0,1.0,5.0,4.0,5.0,2.0,5.0,1.0,3.0,3.0,4.0,4.0,3.0,4.0,3.0,5.0,3.0,5.0,4.0,6.0,6.0,4.0,3.0,3.0,3.0,4.0,6.0,,2.0,,,,,,,,,,9.0,,,3.0,3.0,2.0,4.0,5.0,3.0,4.0,4.0,3.0,1.0,2.0,4.0,3.0,3.0,2.0,2.0,3.0,1.0,1.0,1.0,1.0,1.0,1.0,1.0,1.0,1.0,4.0,4.0,3.0,4.0,3.0,1.0,1.0,1.0,1.0,1.0,1.0,1.0,3.0,1.0,1.0,4.0,3.0,3.0,3.0,,,,,5.0,,,8.0,,,,,1.0,4.0,,1.0,3.0,3.0,1.0,3.0,,,3.0,2.0,1.0,3.0,2.0,3.0,4.0,3.0,1.0,3.0,,,2.5,4.0
1182.0,1.0,3.0,2.0,3.0,2.0,4.0,4.0,5.0,4.0,4.0,1.0,2.0,3.0,4.0,,,,,,,,,,,,,,2.0,,2.0,1.0,1.0,4.0,4.0,2.0,,,,,,,,2.0,,4.0,5.0,5.0,2.0,4.0,4.0,3.0,2.0,4.0,3.0,3.0,2.0,2.0,4.0,3.0,2.0,5.0,5.0,3.0,4.0,4.0,3.0,4.0,5.0,4.0,3.0,3.0,3.0,4.0,4.0,3.0,5.0,5.0,3.0,2.0,4.0,3.0,4.0,5.0,4.0,4.0,3.0,3.0,4.0,3.0,2.0,5.0,5.0,3.0,4.0,5.0,3.0,3.0,5.0,5.0,5.0,3.0,3.0,4.0,4.0,3.0,5.0,3.0,3.0,5.0,2.0,1.0,3.0,3.0,3.0,4.0,4.0,4.0,3.0,5.0,4.0,3.0,1.0,11.0,11.0,5.0,4.0,4.0,3.0,3.0,6.0,,5.0,,1.0,,,,,,,,,,,4.0,4.0,4.0,5.0,4.0,3.0,2.0,4.0,2.0,2.0,4.0,4.0,4.0,4.0,3.0,3.0,2.0,2.0,1.0,1.0,1.0,1.0,1.0,1.0,1.0,1.0,4.0,4.0,4.0,4.0,3.0,3.0,2.0,2.0,2.0,2.0,3.0,2.0,2.0,1.0,1.0,5.0,1.0,1.0,1.0,,2.0,,,,,,,,,,,1.0,3.0,,1.0,4.0,5.0,2.0,5.0,,,5.0,3.0,1.0,3.0,2.0,4.0,4.0,5.0,2.0,5.0,,,2.0,3.5
1183.0,1.0,3.0,2.0,15.0,2.0,5.0,4.0,3.0,4.0,4.0,1.0,2.0,3.0,4.0,5.0,,,,,,,,,,,,,5.0,,2.0,1.0,2.0,3.0,3.0,2.0,,,,,,,,2.0,,3.0,3.0,3.0,3.0,3.0,3.0,3.0,2.0,3.0,3.0,3.0,2.0,3.0,3.0,3.0,4.0,4.0,4.0,4.0,4.0,4.0,4.0,4.0,4.0,4.0,4.0,4.0,4.0,4.0,4.0,4.0,4.0,4.0,4.0,4.0,4.0,4.0,4.0,4.0,4.0,4.0,4.0,4.0,4.0,3.0,3.0,4.0,4.0,4.0,4.0,4.0,4.0,4.0,4.0,4.0,4.0,4.0,4.0,4.0,4.0,4.0,3.0,3.0,4.0,3.0,3.0,2.0,3.0,2.0,3.0,4.0,3.0,3.0,3.0,3.0,3.0,4.0,2.0,6.0,4.0,3.0,4.0,3.0,3.0,3.0,4.0,,3.0,,,,3.0,,,,,,,,,4.0,4.0,4.0,3.0,3.0,3.0,3.0,4.0,4.0,3.0,3.0,3.0,3.0,4.0,3.0,3.0,3.0,2.0,1.0,1.0,1.0,1.0,1.0,1.0,1.0,1.0,4.0,4.0,4.0,4.0,4.0,3.0,3.0,2.0,2.0,3.0,3.0,3.0,4.0,4.0,2.0,3.0,1.0,1.0,1.0,,,,,,,,8.0,,,,,1.0,1.0,,2.0,2.0,1.0,9997.0,2.0,,,2.0,1.0,1.0,3.0,2.0,3.0,4.0,1.0,4.0,2.0,,,1.0,3.0
1184.0,1.0,3.0,2.0,15.0,2.0,5.0,5.0,4.0,4.0,4.0,1.0,2.0,3.0,4.0,,,,,,,,,13.0,,,,,3.0,,1.0,1.0,2.0,4.0,3.0,,,,,,,,,2.0,,3.0,3.0,4.0,3.0,3.0,4.0,4.0,3.0,4.0,4.0,4.0,3.0,4.0,4.0,4.0,4.0,4.0,4.0,4.0,3.0,4.0,3.0,3.0,4.0,3.0,4.0,4.0,3.0,4.0,3.0,3.0,2.0,2.0,2.0,2.0,2.0,2.0,2.0,2.0,2.0,2.0,2.0,2.0,4.0,4.0,2.0,4.0,4.0,4.0,4.0,4.0,4.0,4.0,4.0,4.0,4.0,4.0,4.0,4.0,4.0,4.0,4.0,4.0,3.0,4.0,5.0,2.0,3.0,3.0,4.0,4.0,4.0,4.0,4.0,5.0,4.0,3.0,2.0,8.0,6.0,3.0,2.0,2.0,2.0,2.0,6.0,,6.0,,1.0,,,,,,,,,,,4.0,4.0,3.0,4.0,4.0,4.0,4.0,4.0,4.0,4.0,4.0,4.0,4.0,4.0,3.0,3.0,3.0,3.0,1.0,1.0,1.0,1.0,1.0,1.0,1.0,1.0,4.0,4.0,4.0,4.0,2.0,2.0,2.0,2.0,2.0,2.0,4.0,2.0,4.0,2.0,2.0,4.0,3.0,3.0,1.0,,,,,5.0,,,,,,,,1.0,5.0,,1.0,2.0,3.0,1.0,3.0,,,3.0,2.0,1.0,3.0,2.0,3.0,4.0,3.0,1.0,3.0,,,3.0,4.0
1185.0,1.0,3.0,2.0,15.0,2.0,5.0,5.0,1.0,4.0,4.0,1.0,2.0,3.0,4.0,5.0,6.0,7.0,,,10.0,11.0,,,,,,,1.0,,2.0,1.0,2.0,1.0,4.0,2.0,,,,,,,,3.0,,2.0,5.0,4.0,3.0,4.0,3.0,4.0,3.0,5.0,4.0,3.0,2.0,5.0,5.0,5.0,5.0,3.0,5.0,5.0,2.0,4.0,2.0,5.0,5.0,5.0,5.0,5.0,5.0,5.0,2.0,3.0,3.0,5.0,5.0,3.0,3.0,2.0,5.0,5.0,5.0,5.0,5.0,2.0,5.0,2.0,2.0,5.0,5.0,5.0,3.0,3.0,2.0,5.0,5.0,5.0,5.0,5.0,5.0,5.0,2.0,2.0,5.0,5.0,5.0,5.0,3.0,2.0,4.0,3.0,3.0,4.0,2.0,4.0,5.0,5.0,4.0,4.0,2.0,11.0,11.0,2.0,5.0,5.0,5.0,5.0,2.0,,5.0,,,2.0,,,,,,,,,,4.0,4.0,4.0,4.0,4.0,4.0,4.0,4.0,4.0,4.0,4.0,4.0,4.0,4.0,2.0,2.0,2.0,2.0,1.0,1.0,1.0,1.0,1.0,1.0,1.0,1.0,4.0,4.0,4.0,4.0,4.0,4.0,4.0,1.0,1.0,4.0,4.0,4.0,4.0,1.0,1.0,4.0,1.0,1.0,1.0,1.0,2.0,3.0,,5.0,6.0,7.0,8.0,,,,,1.0,5.0,,1.0,2.0,3.0,1.0,3.0,,,3.0,2.0,1.0,3.0,2.0,3.0,4.0,3.0,1.0,3.0,,,3.0,4.0
1186.0,1.0,3.0,2.0,15.0,2.0,5.0,4.0,2.0,4.0,4.0,,,3.0,,,,,,,,,,,,,,,5.0,,2.0,2.0,2.0,2.0,4.0,2.0,,,,,,,,3.0,,4.0,4.0,4.0,3.0,3.0,2.0,4.0,2.0,3.0,3.0,3.0,3.0,3.0,4.0,4.0,4.0,4.0,4.0,4.0,4.0,3.0,4.0,4.0,4.0,4.0,4.0,4.0,4.0,4.0,4.0,4.0,4.0,4.0,4.0,4.0,4.0,4.0,3.0,4.0,4.0,4.0,3.0,3.0,4.0,3.0,4.0,4.0,4.0,4.0,4.0,4.0,3.0,3.0,3.0,2.0,4.0,4.0,4.0,4.0,4.0,4.0,3.0,2.0,3.0,3.0,3.0,2.0,3.0,3.0,3.0,4.0,3.0,4.0,4.0,4.0,4.0,4.0,2.0,10.0,10.0,3.0,3.0,3.0,3.0,3.0,4.0,,6.0,,,,3.0,,,,,,,,,4.0,3.0,4.0,4.0,4.0,3.0,4.0,3.0,3.0,3.0,3.0,3.0,3.0,3.0,2.0,2.0,2.0,2.0,1.0,1.0,1.0,1.0,1.0,1.0,1.0,1.0,3.0,4.0,4.0,3.0,3.0,3.0,4.0,2.0,2.0,2.0,2.0,3.0,3.0,3.0,2.0,3.0,3.0,3.0,3.0,,,3.0,,5.0,,,8.0,,,,,1.0,4.0,,1.0,4.0,2.0,1.0,4.0,,,4.0,2.0,1.0,3.0,2.0,3.0,4.0,2.0,1.0,4.0,,,2.5,3.5
1187.0,1.0,3.0,2.0,15.0,2.0,4.0,3.0,4.0,3.0,3.0,,,3.0,,,,,,,,,,,,,,,3.0,,2.0,2.0,2.0,2.0,4.0,2.0,,,,,,,,1.0,,3.0,3.0,3.0,2.0,3.0,3.0,3.0,3.0,3.0,3.0,3.0,3.0,3.0,3.0,3.0,4.0,4.0,4.0,4.0,4.0,4.0,4.0,4.0,4.0,4.0,4.0,4.0,4.0,5.0,4.0,5.0,4.0,4.0,5.0,4.0,5.0,4.0,4.0,3.0,4.0,4.0,4.0,4.0,5.0,4.0,3.0,4.0,4.0,4.0,4.0,4.0,4.0,3.0,5.0,5.0,4.0,4.0,4.0,5.0,3.0,3.0,2.0,2.0,3.0,4.0,3.0,2.0,3.0,4.0,5.0,4.0,4.0,5.0,4.0,5.0,5.0,5.0,3.0,6.0,10.0,3.0,4.0,3.0,3.0,2.0,2.0,,2.0,,1.0,,,,,,,,,,,4.0,4.0,4.0,5.0,5.0,5.0,4.0,4.0,5.0,4.0,5.0,4.0,4.0,4.0,2.0,2.0,2.0,2.0,1.0,1.0,1.0,1.0,2.0,1.0,1.0,1.0,3.0,4.0,4.0,4.0,3.0,3.0,4.0,2.0,2.0,2.0,2.0,4.0,5.0,2.0,2.0,5.0,3.0,1.0,1.0,,2.0,,,,,,,9.0,,,,1.0,4.0,,1.0,1.0,2.0,3.0,1.0,,,1.0,1.0,1.0,3.0,2.0,3.0,4.0,2.0,3.0,1.0,,,2.5,5.0
1188.0,1.0,3.0,2.0,16.0,2.0,5.0,4.0,4.0,4.0,4.0,1.0,,3.0,,5.0,6.0,,,,,,,,,,,,1.0,,2.0,2.0,1.0,4.0,4.0,2.0,,,,,,,,2.0,,4.0,4.0,4.0,5.0,3.0,4.0,4.0,3.0,5.0,5.0,5.0,3.0,5.0,5.0,5.0,5.0,5.0,5.0,5.0,4.0,5.0,4.0,5.0,5.0,4.0,5.0,5.0,5.0,5.0,5.0,5.0,5.0,5.0,5.0,4.0,5.0,4.0,5.0,5.0,5.0,5.0,3.0,5.0,5.0,4.0,5.0,5.0,5.0,5.0,5.0,5.0,4.0,5.0,5.0,5.0,5.0,3.0,5.0,5.0,4.0,4.0,5.0,3.0,4.0,4.0,5.0,1.0,4.0,4.0,5.0,4.0,5.0,5.0,5.0,5.0,5.0,5.0,3.0,9.0,3.0,4.0,5.0,4.0,4.0,2.0,2.0,,3.0,,,,3.0,,,,,,,,,4.0,4.0,5.0,5.0,5.0,5.0,2.0,4.0,5.0,3.0,5.0,5.0,5.0,4.0,3.0,3.0,3.0,3.0,1.0,1.0,1.0,1.0,1.0,1.0,1.0,1.0,4.0,4.0,4.0,4.0,3.0,3.0,1.0,1.0,1.0,1.0,1.0,1.0,1.0,1.0,1.0,4.0,1.0,1.0,1.0,1.0,,,4.0,,6.0,,8.0,9.0,,,,1.0,5.0,,1.0,3.0,4.0,1.0,4.0,,,4.0,2.0,1.0,3.0,2.0,3.0,4.0,4.0,1.0,4.0,,,3.0,5.0
1189.0,1.0,3.0,2.0,15.0,2.0,5.0,4.0,2.0,2.0,3.0,,,3.0,,5.0,,,,,,,,,,,,,1.0,,2.0,2.0,1.0,3.0,3.0,2.0,,,,,,,,2.0,,3.0,4.0,4.0,3.0,3.0,3.0,4.0,1.0,3.0,3.0,2.0,2.0,3.0,2.0,3.0,3.0,4.0,4.0,4.0,4.0,4.0,4.0,1.0,4.0,4.0,2.0,2.0,2.0,4.0,4.0,4.0,2.0,2.0,2.0,2.0,2.0,2.0,2.0,2.0,2.0,2.0,2.0,2.0,2.0,2.0,2.0,1.0,2.0,2.0,2.0,2.0,2.0,2.0,2.0,2.0,2.0,2.0,2.0,2.0,2.0,2.0,4.0,3.0,2.0,4.0,3.0,3.0,3.0,3.0,3.0,3.0,3.0,4.0,5.0,5.0,5.0,4.0,4.0,6.0,6.0,4.0,4.0,4.0,4.0,4.0,1.0,,5.0,,,,,,,,,,,,11.0,3.0,3.0,3.0,3.0,3.0,3.0,3.0,3.0,3.0,3.0,3.0,3.0,3.0,3.0,2.0,2.0,2.0,2.0,1.0,1.0,1.0,1.0,1.0,1.0,1.0,1.0,3.0,3.0,4.0,3.0,3.0,3.0,3.0,3.0,3.0,3.0,3.0,3.0,3.0,3.0,3.0,3.0,1.0,1.0,1.0,,,,,5.0,6.0,,,,,,,1.0,3.0,,1.0,3.0,4.0,3.0,3.0,,,3.0,2.0,1.0,3.0,2.0,3.0,4.0,4.0,3.0,3.0,,,2.0,3.0
1190.0,1.0,3.0,2.0,13.0,2.0,5.0,5.0,3.0,5.0,5.0,1.0,,3.0,4.0,5.0,,,,,,,,,,,,,2.0,,1.0,1.0,2.0,5.0,5.0,2.0,,,,,,,,2.0,,4.0,4.0,4.0,3.0,4.0,4.0,4.0,3.0,4.0,4.0,3.0,3.0,4.0,3.0,3.0,4.0,5.0,5.0,5.0,5.0,5.0,5.0,5.0,5.0,5.0,5.0,5.0,5.0,5.0,5.0,5.0,5.0,5.0,5.0,5.0,5.0,5.0,5.0,5.0,5.0,5.0,5.0,5.0,5.0,5.0,5.0,5.0,5.0,5.0,5.0,5.0,5.0,5.0,5.0,5.0,5.0,5.0,5.0,5.0,5.0,5.0,3.0,5.0,5.0,5.0,4.0,4.0,4.0,4.0,4.0,4.0,4.0,4.0,5.0,5.0,5.0,5.0,3.0,11.0,11.0,3.0,3.0,3.0,2.0,2.0,4.0,,5.0,,1.0,,,,,,,,,,,4.0,4.0,5.0,4.0,4.0,5.0,5.0,5.0,5.0,5.0,5.0,5.0,5.0,4.0,3.0,2.0,2.0,2.0,1.0,1.0,1.0,1.0,1.0,1.0,1.0,1.0,5.0,5.0,5.0,5.0,5.0,5.0,5.0,1.0,1.0,1.0,1.0,1.0,5.0,1.0,1.0,5.0,1.0,1.0,1.0,,2.0,,,,,,,,,,,1.0,5.0,,1.0,3.0,4.0,9997.0,4.0,,,4.0,2.0,1.0,3.0,2.0,3.0,3.0,4.0,4.0,4.0,,,3.0,4.5
1191.0,1.0,3.0,2.0,14.0,2.0,5.0,4.0,4.0,5.0,5.0,1.0,2.0,3.0,4.0,5.0,,7.0,,,,11.0,,,,,,,3.0,,2.0,2.0,1.0,4.0,4.0,2.0,,,,,,,,4.0,,4.0,5.0,4.0,3.0,4.0,4.0,4.0,3.0,3.0,3.0,3.0,3.0,4.0,4.0,4.0,4.0,5.0,5.0,5.0,5.0,5.0,5.0,5.0,5.0,5.0,5.0,5.0,4.0,5.0,5.0,5.0,4.0,4.0,3.0,4.0,3.0,3.0,3.0,3.0,3.0,3.0,3.0,4.0,3.0,3.0,3.0,5.0,5.0,5.0,5.0,5.0,5.0,4.0,5.0,5.0,5.0,5.0,5.0,5.0,4.0,5.0,4.0,3.0,3.0,4.0,4.0,3.0,4.0,3.0,4.0,4.0,4.0,4.0,5.0,5.0,5.0,4.0,2.0,9.0,9.0,4.0,3.0,3.0,3.0,3.0,4.0,,2.0,,,,3.0,,,,,,,,,3.0,3.0,3.0,3.0,3.0,3.0,4.0,4.0,4.0,4.0,4.0,4.0,4.0,4.0,3.0,3.0,3.0,3.0,1.0,1.0,1.0,1.0,1.0,1.0,1.0,1.0,4.0,4.0,4.0,4.0,4.0,4.0,4.0,4.0,4.0,4.0,4.0,4.0,4.0,4.0,4.0,4.0,1.0,1.0,1.0,,,3.0,,,6.0,,,,,,,1.0,5.0,,1.0,2.0,4.0,3.0,3.0,,,3.0,2.0,1.0,3.0,2.0,3.0,3.0,4.0,3.0,3.0,,,3.0,3.0
1192.0,1.0,3.0,2.0,2.0,2.0,5.0,5.0,5.0,4.0,4.0,1.0,,3.0,,5.0,,,,,,,,,,,,,2.0,,2.0,2.0,2.0,2.0,3.0,2.0,,,,,,,,1.0,,3.0,3.0,2.0,2.0,2.0,3.0,3.0,2.0,3.0,3.0,2.0,2.0,3.0,3.0,3.0,4.0,4.0,4.0,4.0,4.0,4.0,4.0,4.0,4.0,4.0,4.0,4.0,4.0,4.0,4.0,4.0,4.0,4.0,3.0,3.0,3.0,4.0,3.0,4.0,3.0,3.0,3.0,4.0,5.0,4.0,4.0,4.0,3.0,4.0,4.0,3.0,3.0,4.0,5.0,3.0,3.0,4.0,5.0,5.0,4.0,3.0,4.0,4.0,4.0,4.0,3.0,2.0,3.0,2.0,3.0,4.0,3.0,3.0,4.0,3.0,3.0,4.0,3.0,10.0,3.0,2.0,3.0,3.0,3.0,2.0,2.0,,4.0,,,,,,,,,8.0,,,,4.0,3.0,4.0,4.0,4.0,4.0,4.0,4.0,4.0,4.0,4.0,3.0,4.0,4.0,3.0,3.0,2.0,2.0,1.0,1.0,1.0,1.0,1.0,1.0,1.0,1.0,4.0,4.0,4.0,4.0,4.0,4.0,3.0,3.0,3.0,4.0,4.0,3.0,3.0,3.0,3.0,3.0,1.0,1.0,1.0,1.0,,,,,,,8.0,,,,,1.0,5.0,,1.0,3.0,5.0,9997.0,4.0,,,4.0,2.0,1.0,3.0,2.0,3.0,4.0,5.0,4.0,4.0,,,3.0,4.0
1193.0,1.0,3.0,2.0,15.0,2.0,4.0,4.0,4.0,4.0,3.0,1.0,,3.0,,,,,,,,,,,,,,,1.0,,2.0,1.0,2.0,2.0,3.0,,,,,,,,,2.0,,3.0,4.0,4.0,4.0,4.0,3.0,4.0,3.0,4.0,3.0,3.0,3.0,3.0,3.0,3.0,3.0,3.0,3.0,3.0,3.0,3.0,2.0,3.0,3.0,3.0,3.0,3.0,3.0,3.0,3.0,3.0,2.0,2.0,2.0,2.0,2.0,2.0,2.0,2.0,2.0,2.0,2.0,2.0,2.0,2.0,1.0,3.0,3.0,3.0,3.0,3.0,3.0,3.0,3.0,3.0,3.0,3.0,3.0,3.0,3.0,1.0,4.0,3.0,2.0,3.0,2.0,2.0,4.0,2.0,3.0,4.0,4.0,4.0,4.0,5.0,4.0,4.0,2.0,7.0,7.0,4.0,3.0,4.0,3.0,2.0,2.0,,6.0,,1.0,,,,,,,,,,,3.0,3.0,3.0,3.0,3.0,2.0,3.0,2.0,3.0,2.0,2.0,4.0,2.0,4.0,3.0,3.0,2.0,3.0,1.0,1.0,1.0,1.0,1.0,1.0,1.0,1.0,4.0,4.0,2.0,3.0,1.0,2.0,2.0,1.0,1.0,1.0,2.0,1.0,3.0,3.0,1.0,3.0,3.0,1.0,1.0,1.0,,,4.0,,,,8.0,,,,,2.0,5.0,,1.0,3.0,4.0,3.0,3.0,,,3.0,2.0,1.0,3.0,2.0,3.0,4.0,4.0,3.0,3.0,,,3.5,2.5
1194.0,1.0,3.0,2.0,13.0,2.0,4.0,5.0,3.0,5.0,5.0,1.0,2.0,3.0,4.0,5.0,,,,,10.0,,,13.0,,,,,3.0,,2.0,2.0,1.0,4.0,4.0,2.0,,,,,,,,4.0,,4.0,3.0,3.0,2.0,3.0,3.0,4.0,2.0,3.0,2.0,2.0,2.0,2.0,3.0,3.0,4.0,3.0,5.0,3.0,4.0,3.0,3.0,3.0,4.0,3.0,3.0,3.0,3.0,3.0,4.0,2.0,3.0,4.0,2.0,4.0,3.0,2.0,2.0,3.0,3.0,3.0,2.0,2.0,4.0,3.0,2.0,4.0,5.0,3.0,3.0,3.0,3.0,3.0,3.0,3.0,3.0,3.0,3.0,4.0,3.0,2.0,5.0,3.0,3.0,5.0,3.0,1.0,2.0,1.0,5.0,5.0,4.0,4.0,4.0,4.0,3.0,4.0,2.0,11.0,9.0,4.0,2.0,4.0,2.0,3.0,2.0,,5.0,,,,3.0,,,,,,,,,4.0,4.0,5.0,4.0,4.0,5.0,4.0,4.0,5.0,4.0,4.0,3.0,4.0,4.0,2.0,2.0,3.0,3.0,1.0,1.0,1.0,1.0,1.0,1.0,1.0,2.0,5.0,5.0,5.0,5.0,2.0,2.0,4.0,1.0,1.0,3.0,3.0,1.0,2.0,2.0,1.0,5.0,3.0,1.0,1.0,1.0,,,,5.0,,,8.0,,,,,2.0,3.0,,1.0,3.0,4.0,1.0,4.0,,,4.0,2.0,1.0,3.0,2.0,3.0,3.0,4.0,1.0,4.0,,,2.5,4.5
1195.0,1.0,3.0,2.0,15.0,2.0,5.0,5.0,5.0,2.0,3.0,1.0,,3.0,4.0,,,,,,,,,,,,,,2.0,,2.0,1.0,1.0,4.0,4.0,2.0,,,,,,,,1.0,,4.0,4.0,4.0,3.0,3.0,4.0,3.0,3.0,5.0,4.0,3.0,4.0,3.0,3.0,3.0,3.0,4.0,4.0,4.0,4.0,4.0,4.0,4.0,4.0,4.0,4.0,4.0,4.0,4.0,4.0,4.0,4.0,4.0,4.0,4.0,4.0,4.0,4.0,4.0,4.0,4.0,4.0,4.0,4.0,4.0,4.0,3.0,3.0,4.0,4.0,3.0,1.0,4.0,3.0,5.0,1.0,3.0,3.0,3.0,3.0,3.0,3.0,4.0,4.0,3.0,3.0,2.0,4.0,2.0,3.0,5.0,3.0,3.0,4.0,4.0,2.0,3.0,3.0,11.0,7.0,1.0,4.0,4.0,3.0,3.0,4.0,,5.0,,,,,4.0,,,,,,,,3.0,3.0,5.0,3.0,3.0,2.0,2.0,2.0,1.0,1.0,4.0,2.0,3.0,3.0,2.0,3.0,3.0,3.0,1.0,1.0,1.0,1.0,1.0,1.0,1.0,1.0,4.0,5.0,4.0,2.0,1.0,4.0,4.0,1.0,1.0,1.0,1.0,1.0,3.0,3.0,1.0,3.0,1.0,3.0,1.0,,,3.0,,5.0,,,,,,,,1.0,5.0,,2.0,1.0,1.0,3.0,3.0,,,3.0,2.0,1.0,3.0,2.0,3.0,4.0,1.0,3.0,3.0,,,3.0,2.5
1196.0,1.0,3.0,2.0,12.0,2.0,5.0,5.0,5.0,5.0,5.0,1.0,2.0,3.0,4.0,5.0,,,,,10.0,11.0,,13.0,,,,,5.0,,2.0,1.0,2.0,4.0,4.0,,,,,,,,,2.0,,4.0,3.0,4.0,5.0,3.0,4.0,4.0,4.0,4.0,4.0,4.0,3.0,3.0,5.0,4.0,5.0,4.0,5.0,5.0,4.0,5.0,5.0,5.0,5.0,5.0,5.0,5.0,5.0,5.0,5.0,5.0,5.0,5.0,5.0,3.0,5.0,4.0,4.0,5.0,4.0,4.0,3.0,3.0,5.0,3.0,5.0,5.0,5.0,5.0,3.0,5.0,4.0,3.0,5.0,4.0,5.0,3.0,3.0,5.0,5.0,5.0,5.0,5.0,5.0,5.0,5.0,2.0,5.0,2.0,5.0,5.0,5.0,5.0,5.0,5.0,5.0,4.0,3.0,11.0,11.0,5.0,5.0,5.0,5.0,5.0,6.0,,3.0,,,,,,,,,8.0,,,11.0,5.0,5.0,5.0,5.0,5.0,5.0,5.0,5.0,3.0,5.0,5.0,5.0,4.0,4.0,4.0,3.0,4.0,3.0,1.0,1.0,1.0,1.0,1.0,1.0,1.0,1.0,5.0,5.0,5.0,5.0,5.0,3.0,3.0,3.0,3.0,5.0,5.0,3.0,5.0,5.0,3.0,5.0,1.0,1.0,1.0,1.0,,3.0,,5.0,,7.0,8.0,,,,,1.0,5.0,,1.0,3.0,4.0,3.0,4.0,,,4.0,2.0,1.0,3.0,2.0,3.0,2.0,4.0,3.0,4.0,,,3.0,5.0
1197.0,1.0,2.0,2.0,8.0,2.0,1.0,5.0,3.0,5.0,5.0,1.0,2.0,,4.0,5.0,,,,,,11.0,,,,,,,2.0,,1.0,1.0,2.0,4.0,4.0,1.0,1.0,,,,5.0,,,2.0,,2.0,3.0,4.0,3.0,3.0,3.0,4.0,3.0,4.0,3.0,3.0,2.0,5.0,5.0,4.0,4.0,4.0,4.0,4.0,4.0,4.0,4.0,4.0,4.0,4.0,4.0,4.0,4.0,4.0,4.0,4.0,4.0,4.0,3.0,4.0,4.0,4.0,4.0,4.0,4.0,4.0,3.0,4.0,4.0,3.0,4.0,5.0,5.0,4.0,5.0,4.0,4.0,4.0,5.0,5.0,5.0,4.0,5.0,5.0,4.0,4.0,4.0,4.0,4.0,4.0,4.0,2.0,4.0,2.0,3.0,3.0,3.0,4.0,4.0,4.0,3.0,4.0,4.0,10.0,10.0,3.0,4.0,3.0,2.0,2.0,6.0,,5.0,,1.0,,,,,,,,,,,4.0,3.0,4.0,4.0,4.0,4.0,2.0,4.0,4.0,4.0,4.0,4.0,4.0,4.0,4.0,3.0,3.0,3.0,1.0,1.0,1.0,1.0,1.0,1.0,1.0,1.0,4.0,4.0,4.0,4.0,3.0,3.0,4.0,3.0,3.0,3.0,4.0,4.0,4.0,3.0,2.0,4.0,1.0,1.0,1.0,1.0,,,,,,7.0,,,,,,1.0,4.0,,1.0,3.0,4.0,1.0,4.0,,,4.0,2.0,1.0,2.0,2.0,3.0,2.0,4.0,1.0,4.0,,,2.5,3.5
1198.0,1.0,3.0,2.0,12.0,2.0,5.0,5.0,4.0,4.0,4.0,1.0,,3.0,4.0,5.0,,,8.0,,,,,,14.0,,,,2.0,,2.0,1.0,1.0,4.0,4.0,2.0,,,,,,,,2.0,,4.0,5.0,4.0,2.0,3.0,3.0,3.0,3.0,4.0,3.0,3.0,3.0,3.0,5.0,3.0,5.0,4.0,4.0,3.0,3.0,3.0,3.0,3.0,4.0,3.0,3.0,3.0,3.0,4.0,4.0,3.0,4.0,4.0,3.0,3.0,3.0,3.0,3.0,4.0,3.0,3.0,3.0,3.0,5.0,4.0,3.0,4.0,4.0,3.0,3.0,3.0,3.0,3.0,4.0,3.0,3.0,3.0,3.0,5.0,4.0,3.0,4.0,3.0,4.0,4.0,4.0,3.0,4.0,4.0,3.0,5.0,4.0,4.0,5.0,5.0,5.0,4.0,3.0,9.0,6.0,3.0,2.0,2.0,2.0,2.0,5.0,,3.0,,,,3.0,,,,,,,,,4.0,4.0,4.0,4.0,4.0,4.0,2.0,3.0,4.0,3.0,4.0,4.0,4.0,4.0,2.0,2.0,2.0,2.0,1.0,1.0,1.0,1.0,1.0,1.0,1.0,1.0,5.0,3.0,5.0,5.0,3.0,3.0,3.0,4.0,3.0,3.0,3.0,3.0,3.0,5.0,3.0,4.0,1.0,1.0,1.0,1.0,2.0,,4.0,5.0,,,8.0,9.0,,,,1.0,4.0,,1.0,3.0,4.0,1.0,4.0,,,4.0,2.0,1.0,3.0,2.0,3.0,2.0,4.0,1.0,4.0,,,2.5,4.0
1199.0,1.0,2.0,2.0,11.0,2.0,3.0,3.0,3.0,5.0,5.0,1.0,2.0,,,,,,,,,,,,,,,,5.0,,2.0,2.0,2.0,1.0,3.0,,,,,,,,,1.0,,4.0,3.0,3.0,2.0,2.0,3.0,1.0,1.0,5.0,3.0,3.0,3.0,5.0,3.0,3.0,4.0,5.0,5.0,5.0,3.0,5.0,1.0,1.0,5.0,5.0,5.0,3.0,3.0,3.0,1.0,5.0,1.0,1.0,1.0,1.0,1.0,1.0,1.0,1.0,1.0,1.0,1.0,3.0,3.0,1.0,1.0,5.0,5.0,5.0,3.0,5.0,3.0,3.0,5.0,5.0,5.0,5.0,3.0,3.0,5.0,5.0,3.0,3.0,3.0,3.0,3.0,2.0,4.0,3.0,3.0,3.0,3.0,4.0,5.0,5.0,5.0,4.0,5.0,11.0,10.0,3.0,3.0,3.0,3.0,3.0,3.0,,2.0,,1.0,,3.0,,,,,,,,,3.0,3.0,2.0,3.0,3.0,3.0,3.0,2.0,5.0,3.0,3.0,3.0,3.0,3.0,1.0,1.0,2.0,2.0,1.0,1.0,1.0,1.0,1.0,1.0,1.0,1.0,3.0,3.0,3.0,3.0,3.0,3.0,4.0,3.0,2.0,2.0,3.0,3.0,2.0,3.0,3.0,4.0,3.0,3.0,3.0,,2.0,,,,,,,9.0,,,,1.0,1.0,,1.0,3.0,4.0,9997.0,4.0,,,4.0,2.0,1.0,2.0,2.0,3.0,2.0,4.0,4.0,4.0,,,1.0,3.0
1200.0,1.0,3.0,2.0,15.0,2.0,4.0,5.0,4.0,5.0,5.0,1.0,2.0,3.0,4.0,5.0,6.0,7.0,8.0,9.0,10.0,11.0,12.0,13.0,14.0,15.0,,,3.0,,2.0,2.0,1.0,4.0,5.0,2.0,,,,,,,,1.0,,2.0,5.0,5.0,5.0,3.0,4.0,4.0,3.0,5.0,3.0,3.0,3.0,4.0,4.0,4.0,5.0,5.0,5.0,5.0,5.0,5.0,5.0,5.0,5.0,5.0,5.0,5.0,5.0,5.0,5.0,5.0,4.0,2.0,3.0,3.0,2.0,4.0,5.0,5.0,4.0,3.0,3.0,4.0,4.0,3.0,3.0,5.0,5.0,5.0,5.0,5.0,5.0,5.0,5.0,5.0,5.0,5.0,4.0,4.0,4.0,5.0,5.0,4.0,4.0,4.0,4.0,4.0,4.0,4.0,4.0,4.0,4.0,4.0,4.0,5.0,5.0,4.0,3.0,1.0,11.0,3.0,3.0,2.0,2.0,1.0,2.0,,1.0,,,,,,,,,,,,11.0,5.0,5.0,4.0,4.0,5.0,5.0,5.0,5.0,5.0,5.0,4.0,4.0,4.0,4.0,3.0,2.0,2.0,3.0,1.0,1.0,1.0,1.0,1.0,2.0,2.0,2.0,3.0,3.0,5.0,4.0,4.0,5.0,5.0,4.0,5.0,4.0,4.0,5.0,4.0,4.0,5.0,5.0,1.0,1.0,1.0,,,,,5.0,6.0,7.0,,9.0,,,,1.0,6.0,,1.0,2.0,4.0,1.0,3.0,,,3.0,2.0,1.0,3.0,2.0,3.0,4.0,4.0,1.0,3.0,,,3.5,5.0
1201.0,1.0,3.0,2.0,12.0,2.0,5.0,4.0,3.0,3.0,4.0,1.0,2.0,3.0,4.0,5.0,,,,,,,,,,,,,5.0,,2.0,2.0,2.0,2.0,3.0,2.0,,,,,,,,2.0,,4.0,4.0,5.0,3.0,3.0,4.0,5.0,2.0,4.0,4.0,3.0,2.0,3.0,3.0,3.0,5.0,5.0,5.0,5.0,3.0,5.0,3.0,5.0,5.0,4.0,4.0,3.0,3.0,4.0,4.0,4.0,5.0,5.0,5.0,3.0,5.0,3.0,5.0,5.0,5.0,4.0,3.0,3.0,4.0,3.0,3.0,4.0,4.0,4.0,3.0,4.0,3.0,4.0,4.0,4.0,3.0,3.0,3.0,3.0,3.0,3.0,4.0,4.0,3.0,4.0,4.0,2.0,4.0,3.0,4.0,4.0,2.0,3.0,4.0,4.0,4.0,4.0,3.0,9.0,9.0,3.0,2.0,3.0,2.0,2.0,2.0,,2.0,,1.0,,,,,,,,,,,4.0,4.0,4.0,4.0,4.0,4.0,3.0,3.0,4.0,2.0,3.0,4.0,3.0,4.0,3.0,3.0,2.0,2.0,2.0,1.0,1.0,1.0,1.0,1.0,1.0,1.0,4.0,4.0,4.0,3.0,3.0,2.0,2.0,2.0,2.0,3.0,2.0,3.0,3.0,2.0,2.0,4.0,1.0,3.0,1.0,,2.0,3.0,,,,7.0,8.0,,,,,1.0,3.0,,1.0,3.0,5.0,9997.0,4.0,,,4.0,2.0,1.0,3.0,2.0,3.0,2.0,5.0,4.0,4.0,,,2.0,4.0
1202.0,1.0,2.0,2.0,1.0,2.0,4.0,4.0,4.0,4.0,4.0,1.0,2.0,3.0,4.0,,,,,,10.0,,,,,,,,3.0,,2.0,2.0,1.0,4.0,3.0,1.0,,2.0,,,,,,2.0,,3.0,3.0,3.0,3.0,3.0,3.0,3.0,3.0,4.0,3.0,3.0,3.0,3.0,3.0,3.0,3.0,4.0,4.0,4.0,3.0,4.0,3.0,3.0,4.0,4.0,4.0,4.0,4.0,4.0,3.0,3.0,4.0,4.0,4.0,3.0,4.0,3.0,3.0,4.0,4.0,4.0,4.0,3.0,3.0,3.0,3.0,4.0,4.0,4.0,3.0,4.0,3.0,3.0,4.0,4.0,4.0,4.0,4.0,4.0,3.0,3.0,3.0,3.0,3.0,3.0,3.0,3.0,3.0,4.0,3.0,3.0,3.0,3.0,3.0,3.0,3.0,4.0,2.0,9.0,9.0,5.0,4.0,3.0,3.0,3.0,2.0,,5.0,,1.0,,,,,,,,,,,3.0,3.0,4.0,3.0,3.0,3.0,3.0,3.0,3.0,3.0,3.0,3.0,4.0,3.0,2.0,2.0,2.0,2.0,1.0,1.0,1.0,1.0,1.0,1.0,1.0,1.0,4.0,4.0,4.0,4.0,3.0,3.0,3.0,3.0,3.0,3.0,3.0,3.0,4.0,3.0,3.0,3.0,3.0,3.0,3.0,,,,,5.0,,,8.0,,,,,2.0,4.0,,1.0,2.0,3.0,3.0,3.0,,,3.0,2.0,1.0,2.0,2.0,3.0,1.0,3.0,3.0,3.0,,,3.0,2.6666666666666665
1203.0,1.0,2.0,2.0,12.0,2.0,5.0,4.0,4.0,4.0,3.0,1.0,,,,5.0,,,,,,,,,,,,,1.0,,1.0,1.0,1.0,3.0,3.0,,,,,,,,,4.0,,4.0,4.0,4.0,4.0,4.0,4.0,4.0,4.0,4.0,4.0,4.0,4.0,4.0,4.0,4.0,4.0,4.0,4.0,4.0,4.0,4.0,4.0,4.0,4.0,4.0,4.0,4.0,4.0,4.0,4.0,4.0,5.0,5.0,5.0,4.0,4.0,3.0,4.0,4.0,4.0,4.0,4.0,4.0,4.0,4.0,4.0,5.0,5.0,5.0,5.0,5.0,5.0,5.0,5.0,5.0,5.0,5.0,5.0,5.0,5.0,5.0,3.0,3.0,3.0,3.0,4.0,4.0,4.0,4.0,4.0,4.0,4.0,4.0,4.0,4.0,4.0,4.0,3.0,6.0,6.0,3.0,3.0,3.0,3.0,3.0,4.0,,2.0,,,,3.0,,,,7.0,,,,,3.0,3.0,3.0,3.0,4.0,4.0,3.0,3.0,3.0,3.0,4.0,3.0,2.0,2.0,2.0,2.0,2.0,2.0,1.0,1.0,1.0,2.0,1.0,1.0,1.0,1.0,3.0,2.0,2.0,2.0,2.0,2.0,2.0,2.0,2.0,2.0,1.0,2.0,3.0,3.0,3.0,3.0,2.0,1.0,1.0,,,,,5.0,,,,,,,,2.0,5.0,,1.0,3.0,4.0,3.0,4.0,,,4.0,2.0,1.0,2.0,2.0,3.0,2.0,4.0,3.0,4.0,,,3.5,4.0
1204.0,1.0,3.0,2.0,9.0,2.0,5.0,4.0,2.0,4.0,3.0,1.0,2.0,3.0,4.0,5.0,,7.0,,,,11.0,,13.0,14.0,,,,5.0,,2.0,2.0,1.0,4.0,3.0,2.0,,,,,,,,2.0,,3.0,4.0,4.0,4.0,4.0,4.0,4.0,4.0,4.0,4.0,4.0,4.0,4.0,4.0,4.0,4.0,4.0,4.0,4.0,4.0,4.0,4.0,4.0,4.0,4.0,4.0,4.0,2.0,4.0,3.0,2.0,1.0,1.0,1.0,1.0,1.0,1.0,1.0,1.0,1.0,1.0,1.0,1.0,4.0,4.0,1.0,4.0,4.0,4.0,4.0,4.0,4.0,4.0,4.0,4.0,4.0,4.0,2.0,4.0,3.0,2.0,2.0,2.0,2.0,4.0,3.0,2.0,4.0,2.0,3.0,3.0,4.0,4.0,4.0,4.0,4.0,3.0,3.0,8.0,9.0,4.0,5.0,5.0,4.0,4.0,2.0,,3.0,,,,,4.0,,,,,,,,3.0,3.0,4.0,2.0,2.0,2.0,2.0,2.0,4.0,3.0,2.0,4.0,2.0,3.0,3.0,2.0,2.0,3.0,1.0,1.0,1.0,1.0,1.0,2.0,1.0,1.0,3.0,3.0,4.0,3.0,3.0,1.0,3.0,1.0,1.0,1.0,3.0,2.0,3.0,3.0,1.0,3.0,3.0,1.0,1.0,,,,,5.0,,,,,,,,2.0,5.0,,2.0,2.0,2.0,1.0,3.0,,,3.0,2.0,1.0,3.0,2.0,3.0,1.0,2.0,1.0,3.0,,,3.5,2.0
1205.0,1.0,3.0,2.0,15.0,2.0,5.0,4.0,4.0,4.0,4.0,1.0,2.0,3.0,4.0,5.0,,,,,,,,,,,,,3.0,,2.0,1.0,2.0,4.0,4.0,2.0,,,,,,,,1.0,,4.0,5.0,4.0,3.0,3.0,3.0,4.0,2.0,3.0,4.0,3.0,2.0,4.0,4.0,4.0,5.0,5.0,5.0,5.0,3.0,3.0,4.0,3.0,5.0,4.0,4.0,4.0,4.0,5.0,4.0,3.0,5.0,5.0,5.0,3.0,3.0,4.0,3.0,5.0,4.0,4.0,3.0,3.0,5.0,3.0,3.0,5.0,5.0,5.0,4.0,4.0,5.0,5.0,5.0,5.0,4.0,4.0,4.0,5.0,4.0,3.0,4.0,4.0,4.0,3.0,2.0,1.0,4.0,3.0,4.0,4.0,4.0,5.0,5.0,4.0,4.0,4.0,3.0,6.0,6.0,4.0,4.0,4.0,2.0,1.0,6.0,,4.0,,,2.0,3.0,,,,,,,,,4.0,4.0,4.0,4.0,4.0,4.0,4.0,5.0,4.0,4.0,4.0,5.0,4.0,4.0,3.0,3.0,3.0,2.0,1.0,1.0,1.0,1.0,1.0,1.0,1.0,1.0,5.0,4.0,4.0,3.0,3.0,3.0,3.0,1.0,1.0,1.0,1.0,1.0,4.0,1.0,1.0,4.0,1.0,1.0,1.0,1.0,,,,,,,,,,,,1.0,4.0,,1.0,4.0,5.0,1.0,5.0,,,5.0,3.0,1.0,3.0,2.0,4.0,4.0,5.0,1.0,5.0,,,2.5,4.0
1206.0,1.0,3.0,2.0,4.0,2.0,5.0,5.0,1.0,5.0,5.0,1.0,2.0,3.0,4.0,5.0,6.0,,,,10.0,,12.0,,,,,,3.0,,1.0,1.0,2.0,4.0,4.0,2.0,,,,,,,,2.0,,3.0,4.0,4.0,3.0,3.0,4.0,4.0,2.0,3.0,4.0,3.0,3.0,4.0,3.0,3.0,5.0,3.0,3.0,3.0,3.0,3.0,3.0,3.0,3.0,3.0,3.0,3.0,3.0,5.0,2.0,2.0,3.0,3.0,3.0,3.0,3.0,3.0,3.0,3.0,3.0,3.0,3.0,3.0,5.0,3.0,3.0,3.0,3.0,3.0,3.0,3.0,3.0,3.0,3.0,3.0,3.0,3.0,5.0,5.0,3.0,3.0,4.0,3.0,3.0,4.0,4.0,2.0,4.0,3.0,3.0,4.0,3.0,4.0,4.0,4.0,4.0,4.0,1.0,11.0,11.0,3.0,4.0,4.0,4.0,2.0,1.0,,5.0,,1.0,,,,,,,,,,,4.0,4.0,4.0,4.0,4.0,4.0,4.0,4.0,4.0,3.0,4.0,3.0,4.0,4.0,3.0,3.0,3.0,3.0,1.0,1.0,1.0,1.0,1.0,1.0,1.0,1.0,5.0,5.0,5.0,5.0,5.0,5.0,5.0,1.0,1.0,5.0,5.0,4.0,1.0,4.0,1.0,5.0,3.0,3.0,1.0,,2.0,,,,6.0,,8.0,,,,,1.0,3.0,,1.0,4.0,5.0,3.0,5.0,,,5.0,3.0,1.0,3.0,2.0,4.0,1.0,5.0,3.0,5.0,,,2.0,4.0
1207.0,1.0,3.0,2.0,13.0,2.0,5.0,5.0,5.0,4.0,3.0,1.0,2.0,3.0,,5.0,,,,,,,,13.0,,,,,3.0,,2.0,2.0,1.0,2.0,2.0,,,,,,,,,3.0,,4.0,3.0,3.0,3.0,3.0,3.0,3.0,2.0,5.0,3.0,3.0,3.0,3.0,3.0,4.0,5.0,2.0,2.0,2.0,2.0,4.0,2.0,2.0,4.0,4.0,4.0,4.0,4.0,4.0,4.0,2.0,2.0,2.0,2.0,2.0,2.0,2.0,2.0,2.0,2.0,2.0,3.0,3.0,3.0,2.0,2.0,4.0,4.0,4.0,4.0,4.0,4.0,4.0,4.0,3.0,3.0,3.0,3.0,4.0,4.0,4.0,2.0,2.0,2.0,4.0,4.0,2.0,4.0,4.0,3.0,3.0,3.0,5.0,5.0,5.0,5.0,5.0,2.0,10.0,9.0,2.0,5.0,5.0,5.0,5.0,1.0,,5.0,,,,,4.0,,,,,,,,3.0,3.0,2.0,2.0,2.0,4.0,2.0,2.0,4.0,4.0,2.0,1.0,2.0,2.0,2.0,2.0,2.0,2.0,1.0,1.0,1.0,1.0,1.0,1.0,1.0,1.0,4.0,4.0,4.0,2.0,4.0,2.0,2.0,1.0,1.0,1.0,1.0,1.0,4.0,4.0,1.0,4.0,3.0,3.0,3.0,,,,,5.0,,,,,,,,1.0,2.0,,2.0,4.0,1.0,3.0,5.0,,,5.0,3.0,1.0,3.0,2.0,4.0,3.0,1.0,3.0,5.0,,,1.5,3.0
1208.0,3.0,3.0,2.0,2.0,4.0,4.0,5.0,4.0,5.0,5.0,1.0,2.0,,4.0,5.0,,,,,,11.0,,13.0,14.0,,,,2.0,,1.0,1.0,1.0,4.0,4.0,2.0,,,,,,,,1.0,,2.0,4.0,4.0,3.0,3.0,3.0,4.0,2.0,4.0,3.0,3.0,2.0,3.0,4.0,3.0,4.0,4.0,4.0,4.0,4.0,4.0,4.0,4.0,4.0,4.0,3.0,4.0,4.0,5.0,4.0,4.0,4.0,4.0,4.0,4.0,3.0,4.0,3.0,4.0,4.0,4.0,3.0,4.0,5.0,4.0,4.0,5.0,4.0,5.0,3.0,4.0,3.0,5.0,5.0,5.0,5.0,4.0,4.0,4.0,4.0,5.0,2.0,3.0,4.0,4.0,2.0,2.0,3.0,2.0,4.0,4.0,4.0,4.0,4.0,4.0,4.0,3.0,4.0,10.0,10.0,4.0,4.0,3.0,3.0,3.0,2.0,,4.0,,,,,,,,,8.0,,,,4.0,4.0,4.0,4.0,4.0,3.0,3.0,4.0,4.0,5.0,4.0,3.0,3.0,4.0,3.0,3.0,3.0,3.0,1.0,1.0,1.0,1.0,1.0,1.0,1.0,1.0,4.0,4.0,4.0,4.0,4.0,3.0,2.0,2.0,2.0,3.0,2.0,2.0,4.0,4.0,2.0,4.0,1.0,1.0,1.0,,,3.0,,,,,8.0,,,,,1.0,3.0,,1.0,4.0,5.0,1.0,,,4.0,4.0,2.0,3.0,3.0,4.0,7.0,4.0,5.0,1.0,,,4.0,2.0,3.5
1209.0,3.0,1.0,1.0,3.0,4.0,4.0,4.0,4.0,4.0,4.0,,,3.0,,,,,,,,,,,,,,,1.0,,1.0,1.0,2.0,4.0,4.0,2.0,,,,,,,,1.0,,5.0,3.0,3.0,2.0,2.0,2.0,3.0,2.0,2.0,2.0,2.0,2.0,2.0,2.0,2.0,2.0,2.0,2.0,2.0,2.0,2.0,2.0,2.0,2.0,2.0,2.0,2.0,2.0,2.0,2.0,2.0,2.0,2.0,2.0,2.0,2.0,2.0,2.0,2.0,2.0,2.0,2.0,2.0,2.0,4.0,3.0,4.0,3.0,2.0,2.0,3.0,4.0,1.0,3.0,3.0,4.0,2.0,2.0,4.0,4.0,4.0,4.0,4.0,5.0,5.0,4.0,4.0,4.0,2.0,4.0,5.0,5.0,5.0,4.0,5.0,5.0,4.0,2.0,7.0,8.0,5.0,5.0,4.0,3.0,4.0,2.0,,1.0,,,2.0,,,,,,8.0,,,,4.0,4.0,4.0,5.0,5.0,4.0,5.0,5.0,5.0,5.0,4.0,4.0,4.0,4.0,3.0,3.0,3.0,3.0,1.0,1.0,1.0,1.0,1.0,1.0,1.0,1.0,4.0,4.0,3.0,3.0,2.0,2.0,3.0,3.0,2.0,2.0,2.0,2.0,2.0,1.0,1.0,4.0,1.0,1.0,1.0,1.0,,,,,,,,9.0,,,,1.0,2.0,,2.0,5.0,5.0,1.0,,,4.0,4.0,2.0,3.0,1.0,4.0,7.0,4.0,5.0,1.0,,,4.0,1.5,4.5
1210.0,3.0,1.0,1.0,1.0,4.0,3.0,3.0,2.0,3.0,3.0,,,3.0,,,6.0,,,,,,,,,,,,3.0,,2.0,1.0,2.0,2.0,2.0,,,,,,,,,1.0,,4.0,3.0,3.0,1.0,3.0,1.0,2.0,1.0,2.0,3.0,1.0,1.0,4.0,2.0,2.0,4.0,3.0,3.0,1.0,3.0,1.0,1.0,1.0,3.0,3.0,3.0,1.0,5.0,3.0,3.0,5.0,3.0,3.0,3.0,3.0,1.0,3.0,1.0,3.0,2.0,2.0,1.0,5.0,3.0,2.0,5.0,3.0,2.0,2.0,3.0,2.0,2.0,2.0,4.0,2.0,3.0,1.0,5.0,3.0,3.0,5.0,4.0,3.0,4.0,5.0,3.0,1.0,2.0,4.0,2.0,3.0,3.0,4.0,4.0,4.0,4.0,3.0,2.0,1.0,1.0,4.0,3.0,4.0,5.0,4.0,3.0,,3.0,,,2.0,3.0,,,,,,,,,3.0,3.0,2.0,3.0,2.0,3.0,1.0,1.0,4.0,1.0,2.0,3.0,3.0,2.0,2.0,2.0,2.0,2.0,1.0,1.0,1.0,1.0,1.0,1.0,2.0,1.0,3.0,4.0,3.0,3.0,3.0,4.0,3.0,2.0,2.0,2.0,2.0,2.0,2.0,2.0,3.0,3.0,3.0,3.0,3.0,,,,4.0,,,,,,10.0,,,2.0,5.0,,1.0,3.0,4.0,1.0,,,4.0,4.0,2.0,3.0,1.0,4.0,7.0,1.0,4.0,1.0,,,4.0,3.5,2.5
1211.0,1.0,3.0,2.0,15.0,2.0,4.0,4.0,3.0,3.0,3.0,,,3.0,,,,,,,,,,13.0,,,,,5.0,,2.0,1.0,1.0,2.0,5.0,,,,,,,,,2.0,,3.0,5.0,5.0,2.0,2.0,3.0,2.0,2.0,4.0,3.0,3.0,3.0,4.0,4.0,4.0,5.0,5.0,5.0,3.0,4.0,4.0,2.0,4.0,5.0,5.0,2.0,3.0,3.0,5.0,5.0,1.0,5.0,5.0,5.0,2.0,3.0,3.0,3.0,3.0,5.0,3.0,3.0,3.0,3.0,5.0,3.0,5.0,5.0,5.0,4.0,4.0,4.0,4.0,4.0,4.0,2.0,3.0,2.0,5.0,5.0,2.0,3.0,3.0,2.0,3.0,4.0,2.0,3.0,4.0,3.0,3.0,2.0,3.0,5.0,5.0,5.0,4.0,5.0,9.0,9.0,4.0,3.0,1.0,2.0,2.0,6.0,,6.0,,1.0,,,,,,,,,,,3.0,4.0,4.0,4.0,4.0,3.0,2.0,3.0,4.0,2.0,3.0,4.0,3.0,5.0,3.0,3.0,2.0,2.0,1.0,1.0,1.0,1.0,1.0,1.0,1.0,1.0,5.0,5.0,5.0,5.0,3.0,4.0,2.0,1.0,1.0,1.0,3.0,1.0,5.0,1.0,1.0,5.0,1.0,1.0,1.0,1.0,,,,,,,8.0,,,,,1.0,5.0,,1.0,2.0,4.0,1.0,3.0,,,3.0,2.0,1.0,3.0,2.0,3.0,4.0,4.0,1.0,3.0,,,3.0,3.5
1212.0,1.0,3.0,2.0,15.0,2.0,5.0,4.0,5.0,4.0,4.0,1.0,2.0,3.0,4.0,5.0,,,,,,,12.0,,,,,,2.0,,2.0,2.0,2.0,2.0,4.0,,,,,,,,,2.0,,4.0,4.0,3.0,3.0,3.0,2.0,3.0,2.0,4.0,3.0,4.0,2.0,4.0,3.0,3.0,5.0,3.0,3.0,3.0,3.0,2.0,3.0,2.0,4.0,4.0,3.0,2.0,4.0,4.0,4.0,3.0,4.0,4.0,3.0,4.0,4.0,4.0,4.0,4.0,4.0,4.0,4.0,4.0,4.0,4.0,4.0,3.0,4.0,3.0,4.0,3.0,3.0,3.0,4.0,4.0,4.0,3.0,4.0,4.0,4.0,4.0,4.0,3.0,4.0,4.0,3.0,2.0,4.0,2.0,4.0,4.0,3.0,5.0,5.0,5.0,5.0,4.0,2.0,10.0,9.0,4.0,4.0,4.0,3.0,3.0,2.0,,5.0,,1.0,,,,,,,,,,,4.0,4.0,5.0,4.0,3.0,3.0,2.0,3.0,3.0,2.0,2.0,3.0,3.0,4.0,3.0,3.0,2.0,2.0,1.0,1.0,1.0,1.0,1.0,1.0,1.0,1.0,4.0,4.0,4.0,4.0,3.0,3.0,3.0,1.0,1.0,2.0,2.0,3.0,3.0,2.0,2.0,4.0,3.0,3.0,3.0,,,,,5.0,,,8.0,9.0,,,,1.0,3.0,,1.0,2.0,2.0,2.0,2.0,,,2.0,1.0,1.0,3.0,2.0,3.0,4.0,2.0,2.0,2.0,,,2.0,3.0
1213.0,1.0,3.0,2.0,15.0,2.0,5.0,4.0,3.0,4.0,4.0,1.0,2.0,3.0,4.0,5.0,,,,,,,,,,,,,1.0,,2.0,1.0,1.0,3.0,4.0,,,,,,,,,2.0,,4.0,4.0,3.0,3.0,4.0,3.0,4.0,2.0,5.0,3.0,3.0,2.0,5.0,3.0,3.0,5.0,4.0,4.0,4.0,4.0,3.0,4.0,4.0,4.0,4.0,4.0,4.0,4.0,4.0,4.0,2.0,3.0,3.0,3.0,3.0,3.0,3.0,3.0,3.0,3.0,3.0,3.0,3.0,3.0,2.0,3.0,5.0,5.0,5.0,5.0,5.0,5.0,5.0,5.0,5.0,5.0,5.0,5.0,5.0,5.0,5.0,4.0,3.0,4.0,4.0,4.0,3.0,4.0,3.0,3.0,4.0,4.0,4.0,5.0,4.0,4.0,4.0,4.0,8.0,8.0,3.0,4.0,4.0,2.0,2.0,6.0,,5.0,,1.0,,,,,,,,,,,3.0,3.0,3.0,4.0,4.0,4.0,3.0,3.0,4.0,4.0,4.0,4.0,4.0,4.0,3.0,3.0,3.0,3.0,1.0,1.0,1.0,1.0,1.0,2.0,1.0,1.0,4.0,4.0,3.0,3.0,2.0,2.0,3.0,2.0,2.0,2.0,3.0,3.0,2.0,2.0,2.0,3.0,3.0,1.0,1.0,,2.0,,,,,,,,,,,2.0,3.0,,1.0,2.0,2.0,9997.0,1.0,,,1.0,1.0,1.0,3.0,2.0,3.0,4.0,2.0,4.0,1.0,,,2.5,4.0
1214.0,1.0,3.0,2.0,15.0,2.0,4.0,3.0,3.0,4.0,3.0,,,3.0,,,,7.0,,,,,12.0,,,,,,3.0,,2.0,2.0,2.0,3.0,3.0,2.0,,,,,,,,1.0,,3.0,3.0,3.0,3.0,3.0,2.0,3.0,3.0,3.0,3.0,3.0,2.0,3.0,3.0,3.0,3.0,4.0,4.0,3.0,3.0,4.0,3.0,3.0,4.0,4.0,3.0,2.0,3.0,4.0,3.0,3.0,3.0,3.0,3.0,2.0,4.0,3.0,3.0,4.0,3.0,3.0,2.0,2.0,4.0,3.0,2.0,2.0,3.0,3.0,2.0,3.0,3.0,3.0,4.0,3.0,4.0,2.0,2.0,4.0,2.0,3.0,3.0,2.0,3.0,4.0,2.0,2.0,3.0,2.0,4.0,4.0,3.0,4.0,4.0,4.0,4.0,3.0,1.0,6.0,7.0,4.0,3.0,3.0,3.0,3.0,4.0,,4.0,,,,3.0,,,6.0,7.0,,,,,3.0,3.0,3.0,4.0,4.0,3.0,3.0,4.0,3.0,3.0,3.0,2.0,4.0,3.0,3.0,3.0,3.0,3.0,1.0,1.0,1.0,1.0,1.0,1.0,1.0,1.0,2.0,4.0,3.0,4.0,2.0,3.0,4.0,3.0,2.0,2.0,3.0,4.0,3.0,2.0,3.0,3.0,1.0,1.0,1.0,,2.0,,,,,7.0,,,,,,1.0,2.0,,1.0,3.0,4.0,3.0,4.0,,,4.0,2.0,1.0,3.0,2.0,3.0,4.0,4.0,3.0,4.0,,,1.5,3.5
1215.0,1.0,3.0,2.0,15.0,2.0,4.0,4.0,3.0,4.0,4.0,1.0,,3.0,4.0,,,,,,,,,,,,,,1.0,,2.0,1.0,1.0,4.0,4.0,2.0,,,,,,,,3.0,,5.0,2.0,2.0,2.0,1.0,2.0,2.0,2.0,3.0,3.0,3.0,2.0,3.0,3.0,3.0,2.0,3.0,3.0,3.0,3.0,3.0,3.0,3.0,3.0,3.0,3.0,3.0,3.0,3.0,3.0,3.0,3.0,3.0,3.0,3.0,3.0,3.0,3.0,3.0,3.0,3.0,3.0,3.0,3.0,3.0,3.0,3.0,3.0,3.0,3.0,3.0,3.0,3.0,3.0,3.0,3.0,3.0,3.0,3.0,3.0,3.0,4.0,3.0,4.0,4.0,3.0,2.0,4.0,2.0,3.0,3.0,2.0,2.0,4.0,3.0,2.0,2.0,2.0,8.0,4.0,4.0,4.0,4.0,4.0,4.0,2.0,,6.0,,,,3.0,,,,,,,,,3.0,3.0,3.0,3.0,4.0,3.0,2.0,2.0,4.0,3.0,3.0,4.0,2.0,3.0,3.0,2.0,3.0,3.0,1.0,1.0,1.0,1.0,1.0,1.0,1.0,1.0,4.0,4.0,3.0,3.0,2.0,3.0,2.0,1.0,1.0,2.0,1.0,1.0,1.0,1.0,3.0,2.0,1.0,1.0,1.0,,2.0,,,,,,,,,,,1.0,1.0,,1.0,3.0,4.0,3.0,4.0,,,4.0,2.0,1.0,3.0,2.0,3.0,4.0,4.0,3.0,4.0,,,1.0,3.5
1216.0,1.0,3.0,2.0,15.0,2.0,4.0,4.0,3.0,4.0,4.0,1.0,2.0,3.0,4.0,5.0,,,,,,,,,,,,,2.0,,2.0,1.0,2.0,3.0,4.0,2.0,,,,,,,,1.0,,4.0,3.0,3.0,2.0,3.0,2.0,4.0,1.0,3.0,3.0,3.0,3.0,3.0,3.0,3.0,3.0,5.0,5.0,5.0,4.0,5.0,3.0,5.0,5.0,5.0,4.0,4.0,3.0,5.0,4.0,3.0,5.0,5.0,5.0,4.0,5.0,3.0,5.0,5.0,5.0,5.0,5.0,4.0,4.0,3.0,3.0,5.0,5.0,5.0,5.0,5.0,3.0,5.0,5.0,5.0,5.0,5.0,4.0,4.0,3.0,3.0,4.0,3.0,3.0,3.0,3.0,2.0,3.0,3.0,4.0,4.0,3.0,4.0,4.0,4.0,4.0,4.0,2.0,10.0,8.0,5.0,4.0,4.0,4.0,4.0,1.0,,4.0,,1.0,,,,,,,,,,,3.0,4.0,4.0,4.0,4.0,4.0,3.0,3.0,4.0,3.0,4.0,4.0,3.0,4.0,3.0,3.0,3.0,4.0,1.0,1.0,1.0,1.0,1.0,1.0,1.0,1.0,4.0,4.0,4.0,4.0,4.0,3.0,4.0,1.0,1.0,3.0,4.0,4.0,4.0,2.0,1.0,4.0,1.0,1.0,1.0,1.0,2.0,,4.0,5.0,,,8.0,,,,,1.0,3.0,,1.0,4.0,5.0,1.0,3.0,,,3.0,2.0,1.0,3.0,2.0,3.0,4.0,5.0,1.0,3.0,,,2.0,4.0
1217.0,3.0,1.0,1.0,1.0,4.0,4.0,4.0,5.0,4.0,4.0,,,3.0,4.0,,,,,,,,,,,,,,2.0,,1.0,1.0,2.0,1.0,2.0,2.0,,,,,,,,1.0,,4.0,4.0,4.0,4.0,4.0,4.0,4.0,4.0,4.0,4.0,4.0,4.0,4.0,4.0,4.0,4.0,5.0,5.0,5.0,5.0,5.0,4.0,5.0,5.0,4.0,5.0,4.0,4.0,4.0,4.0,5.0,5.0,5.0,5.0,5.0,5.0,4.0,5.0,4.0,5.0,5.0,5.0,5.0,5.0,5.0,4.0,5.0,5.0,5.0,5.0,5.0,5.0,5.0,5.0,5.0,5.0,4.0,4.0,5.0,5.0,3.0,4.0,4.0,4.0,4.0,4.0,1.0,4.0,4.0,4.0,5.0,2.0,4.0,5.0,5.0,5.0,4.0,1.0,8.0,10.0,2.0,5.0,5.0,5.0,5.0,1.0,,1.0,,,2.0,3.0,4.0,,,,,,,,4.0,4.0,5.0,4.0,4.0,4.0,4.0,4.0,4.0,4.0,2.0,3.0,4.0,4.0,3.0,3.0,3.0,2.0,1.0,1.0,1.0,1.0,1.0,1.0,1.0,1.0,3.0,2.0,4.0,4.0,2.0,4.0,4.0,4.0,3.0,4.0,4.0,2.0,2.0,4.0,2.0,4.0,1.0,1.0,1.0,1.0,2.0,,,,,,,,,,,1.0,2.0,,1.0,4.0,5.0,9997.0,,,4.0,4.0,2.0,3.0,1.0,4.0,7.0,1.0,5.0,4.0,,,4.0,1.5,4.0
1218.0,1.0,3.0,2.0,15.0,2.0,5.0,4.0,4.0,4.0,4.0,1.0,2.0,3.0,4.0,5.0,,,,,,,,,,,,,3.0,,1.0,1.0,1.0,3.0,4.0,2.0,,,,,,,,1.0,,4.0,4.0,4.0,4.0,4.0,4.0,4.0,2.0,5.0,3.0,4.0,4.0,4.0,4.0,4.0,5.0,5.0,5.0,5.0,2.0,5.0,4.0,5.0,5.0,5.0,5.0,5.0,4.0,5.0,4.0,2.0,5.0,5.0,5.0,5.0,5.0,5.0,5.0,5.0,5.0,5.0,5.0,5.0,5.0,5.0,5.0,5.0,5.0,5.0,5.0,5.0,5.0,5.0,5.0,5.0,5.0,5.0,5.0,5.0,5.0,5.0,4.0,2.0,4.0,4.0,2.0,2.0,4.0,2.0,5.0,5.0,4.0,5.0,5.0,5.0,4.0,4.0,2.0,9.0,8.0,4.0,4.0,4.0,4.0,4.0,4.0,,4.0,,,2.0,3.0,,,,,,,,,4.0,4.0,4.0,4.0,4.0,4.0,2.0,4.0,4.0,4.0,4.0,4.0,4.0,4.0,3.0,3.0,3.0,3.0,1.0,1.0,1.0,1.0,1.0,1.0,1.0,1.0,4.0,4.0,4.0,4.0,4.0,4.0,4.0,2.0,2.0,4.0,4.0,4.0,4.0,4.0,1.0,4.0,1.0,1.0,1.0,1.0,2.0,3.0,4.0,5.0,6.0,7.0,8.0,9.0,,,,1.0,3.0,,2.0,2.0,2.0,9997.0,1.0,,,1.0,1.0,1.0,3.0,2.0,3.0,4.0,2.0,4.0,1.0,,,2.0,4.0
1219.0,1.0,3.0,2.0,15.0,2.0,4.0,5.0,3.0,4.0,4.0,1.0,2.0,3.0,4.0,,6.0,,,,,,,,,,,,4.0,,1.0,2.0,2.0,3.0,4.0,2.0,,,,,,,,1.0,,3.0,4.0,4.0,3.0,3.0,4.0,4.0,3.0,4.0,3.0,3.0,3.0,4.0,4.0,3.0,4.0,4.0,4.0,3.0,3.0,4.0,4.0,3.0,4.0,3.0,3.0,4.0,4.0,4.0,4.0,4.0,4.0,4.0,3.0,3.0,4.0,4.0,3.0,4.0,3.0,3.0,3.0,4.0,4.0,3.0,4.0,4.0,4.0,3.0,3.0,4.0,4.0,3.0,4.0,3.0,3.0,4.0,4.0,4.0,4.0,4.0,4.0,2.0,4.0,4.0,2.0,2.0,4.0,2.0,3.0,4.0,4.0,4.0,4.0,4.0,4.0,4.0,1.0,11.0,3.0,3.0,4.0,3.0,2.0,2.0,6.0,,2.0,,,2.0,3.0,,,,,,,,,4.0,3.0,4.0,4.0,4.0,4.0,2.0,3.0,4.0,2.0,3.0,3.0,4.0,3.0,3.0,3.0,2.0,3.0,1.0,1.0,1.0,1.0,1.0,1.0,1.0,1.0,3.0,3.0,4.0,2.0,2.0,3.0,2.0,2.0,2.0,2.0,2.0,2.0,2.0,3.0,3.0,4.0,2.0,1.0,1.0,,2.0,,,,,,,,,,,1.0,4.0,,1.0,4.0,5.0,9997.0,4.0,,,4.0,2.0,1.0,3.0,2.0,3.0,4.0,5.0,4.0,4.0,,,2.5,4.0
1220.0,1.0,3.0,2.0,9.0,2.0,5.0,4.0,4.0,4.0,5.0,1.0,2.0,3.0,4.0,5.0,,,8.0,,,11.0,,,,,,,1.0,,2.0,2.0,1.0,4.0,3.0,,,,,,,,,2.0,,2.0,2.0,3.0,3.0,3.0,3.0,4.0,2.0,3.0,3.0,3.0,2.0,4.0,3.0,3.0,4.0,3.0,4.0,4.0,2.0,4.0,3.0,2.0,4.0,4.0,4.0,3.0,3.0,5.0,3.0,2.0,3.0,5.0,4.0,4.0,4.0,2.0,4.0,5.0,4.0,4.0,3.0,3.0,4.0,3.0,2.0,4.0,5.0,4.0,3.0,4.0,2.0,4.0,4.0,4.0,4.0,3.0,3.0,4.0,3.0,3.0,4.0,4.0,4.0,5.0,4.0,2.0,4.0,4.0,2.0,3.0,3.0,4.0,2.0,3.0,4.0,3.0,3.0,11.0,11.0,3.0,4.0,4.0,2.0,3.0,4.0,,1.0,,1.0,2.0,3.0,,,,,,,,,4.0,3.0,4.0,3.0,3.0,3.0,2.0,3.0,4.0,3.0,3.0,4.0,3.0,4.0,3.0,2.0,3.0,3.0,1.0,1.0,1.0,1.0,1.0,1.0,1.0,1.0,3.0,3.0,3.0,3.0,3.0,3.0,2.0,3.0,3.0,2.0,3.0,3.0,2.0,2.0,1.0,4.0,1.0,1.0,1.0,1.0,2.0,3.0,4.0,5.0,6.0,7.0,8.0,9.0,,,,1.0,4.0,,2.0,1.0,2.0,1.0,1.0,,,1.0,1.0,1.0,3.0,2.0,3.0,1.0,2.0,1.0,1.0,,,2.5,3.0
1221.0,1.0,3.0,2.0,4.0,2.0,4.0,4.0,4.0,4.0,4.0,1.0,,3.0,4.0,5.0,6.0,,,,,,,,,,,,3.0,,2.0,1.0,2.0,2.0,3.0,,,,,,,,,2.0,,3.0,3.0,3.0,3.0,3.0,3.0,5.0,3.0,5.0,3.0,3.0,3.0,4.0,3.0,3.0,4.0,4.0,4.0,3.0,4.0,4.0,4.0,4.0,4.0,4.0,4.0,4.0,4.0,5.0,4.0,3.0,4.0,4.0,3.0,4.0,4.0,4.0,3.0,4.0,4.0,4.0,4.0,4.0,5.0,4.0,3.0,4.0,4.0,3.0,4.0,4.0,4.0,3.0,4.0,4.0,3.0,3.0,4.0,5.0,4.0,3.0,4.0,4.0,4.0,4.0,4.0,2.0,3.0,3.0,4.0,4.0,3.0,4.0,3.0,4.0,3.0,3.0,3.0,10.0,10.0,4.0,4.0,4.0,3.0,3.0,4.0,,5.0,,,,3.0,,,,,,,,,3.0,3.0,4.0,3.0,3.0,3.0,2.0,3.0,4.0,4.0,4.0,4.0,3.0,3.0,2.0,2.0,2.0,3.0,1.0,1.0,1.0,1.0,1.0,1.0,1.0,1.0,4.0,4.0,4.0,4.0,4.0,4.0,3.0,3.0,3.0,3.0,3.0,4.0,4.0,4.0,3.0,4.0,1.0,3.0,3.0,1.0,2.0,3.0,4.0,,6.0,,8.0,,,,,1.0,5.0,,1.0,3.0,3.0,2.0,3.0,,,3.0,2.0,1.0,3.0,2.0,3.0,1.0,3.0,2.0,3.0,,,3.0,3.0
1222.0,1.0,3.0,2.0,10.0,2.0,5.0,5.0,3.0,5.0,5.0,1.0,2.0,3.0,4.0,5.0,,,,,,,,,,,,,1.0,,2.0,1.0,1.0,4.0,5.0,2.0,,,,,,,,2.0,,5.0,4.0,4.0,2.0,4.0,2.0,4.0,1.0,3.0,3.0,1.0,1.0,3.0,3.0,4.0,3.0,4.0,4.0,4.0,5.0,4.0,4.0,4.0,4.0,4.0,4.0,4.0,4.0,4.0,4.0,4.0,2.0,2.0,2.0,2.0,2.0,2.0,1.0,2.0,2.0,2.0,1.0,2.0,4.0,4.0,1.0,5.0,5.0,5.0,4.0,4.0,4.0,4.0,5.0,5.0,4.0,5.0,4.0,4.0,5.0,5.0,2.0,2.0,4.0,4.0,5.0,1.0,3.0,5.0,3.0,4.0,1.0,2.0,5.0,5.0,4.0,4.0,4.0,11.0,10.0,4.0,4.0,4.0,4.0,4.0,9997.0,정보주체의 동의를 받는 것,6.0,,,,,,,,,,,,11.0,4.0,4.0,5.0,4.0,4.0,2.0,3.0,3.0,4.0,2.0,3.0,3.0,3.0,4.0,3.0,3.0,3.0,3.0,1.0,1.0,1.0,1.0,1.0,1.0,1.0,1.0,5.0,5.0,5.0,5.0,5.0,2.0,5.0,1.0,1.0,1.0,1.0,1.0,4.0,1.0,1.0,5.0,1.0,1.0,1.0,1.0,2.0,3.0,4.0,5.0,6.0,7.0,8.0,9.0,,,,1.0,4.0,,1.0,2.0,1.0,3.0,3.0,,,3.0,2.0,1.0,3.0,2.0,3.0,2.0,1.0,3.0,3.0,,,2.5,3.0
1223.0,1.0,3.0,2.0,1.0,2.0,5.0,4.0,3.0,3.0,3.0,1.0,2.0,3.0,4.0,5.0,6.0,,,,,,,,,,,,1.0,,2.0,1.0,1.0,4.0,3.0,2.0,,,,,,,,3.0,,4.0,3.0,3.0,3.0,3.0,3.0,3.0,1.0,3.0,3.0,3.0,2.0,3.0,3.0,3.0,5.0,2.0,4.0,4.0,3.0,4.0,5.0,4.0,3.0,4.0,3.0,2.0,2.0,2.0,2.0,2.0,3.0,3.0,3.0,3.0,3.0,2.0,2.0,3.0,3.0,3.0,3.0,3.0,3.0,3.0,3.0,4.0,4.0,4.0,4.0,4.0,4.0,4.0,4.0,4.0,4.0,4.0,4.0,4.0,4.0,2.0,4.0,4.0,3.0,5.0,2.0,2.0,4.0,2.0,4.0,4.0,3.0,2.0,5.0,4.0,3.0,3.0,4.0,9.0,9.0,4.0,4.0,4.0,2.0,2.0,4.0,,6.0,,,2.0,,,,,,,,,,3.0,3.0,4.0,2.0,2.0,2.0,2.0,3.0,4.0,3.0,1.0,3.0,2.0,3.0,3.0,2.0,2.0,3.0,1.0,1.0,1.0,1.0,1.0,1.0,1.0,1.0,3.0,4.0,3.0,3.0,2.0,4.0,3.0,1.0,1.0,2.0,3.0,3.0,2.0,1.0,1.0,3.0,1.0,1.0,1.0,1.0,2.0,3.0,4.0,5.0,,,,,,,,1.0,5.0,,2.0,2.0,2.0,2.0,2.0,,,2.0,1.0,1.0,3.0,2.0,3.0,1.0,2.0,2.0,2.0,,,3.0,2.0
1224.0,1.0,2.0,2.0,9.0,2.0,4.0,5.0,5.0,4.0,3.0,1.0,2.0,3.0,4.0,,,,,9.0,,,12.0,13.0,,,,,1.0,,2.0,1.0,2.0,4.0,4.0,,,,,,,,,2.0,,4.0,5.0,5.0,5.0,5.0,5.0,5.0,5.0,5.0,5.0,5.0,3.0,5.0,5.0,5.0,5.0,5.0,5.0,5.0,5.0,5.0,4.0,4.0,5.0,5.0,5.0,3.0,3.0,5.0,5.0,5.0,5.0,5.0,5.0,4.0,4.0,4.0,4.0,4.0,4.0,4.0,2.0,5.0,5.0,5.0,5.0,5.0,4.0,5.0,5.0,5.0,4.0,4.0,4.0,5.0,4.0,4.0,5.0,4.0,5.0,4.0,5.0,5.0,5.0,5.0,5.0,3.0,3.0,4.0,4.0,5.0,2.0,4.0,4.0,4.0,3.0,4.0,3.0,9.0,9.0,5.0,5.0,5.0,5.0,5.0,2.0,,5.0,,,2.0,,,,,,,,,,4.0,4.0,4.0,4.0,4.0,2.0,1.0,1.0,3.0,2.0,2.0,3.0,2.0,4.0,4.0,4.0,4.0,4.0,1.0,1.0,1.0,1.0,1.0,1.0,1.0,1.0,4.0,4.0,4.0,4.0,4.0,4.0,4.0,2.0,2.0,2.0,2.0,4.0,4.0,2.0,1.0,4.0,1.0,1.0,1.0,,,,,,,7.0,8.0,9.0,,,,1.0,1.0,,2.0,2.0,3.0,3.0,3.0,,,3.0,2.0,1.0,2.0,2.0,3.0,1.0,3.0,3.0,3.0,,,1.0,3.0
1225.0,1.0,3.0,2.0,9.0,2.0,4.0,4.0,4.0,4.0,4.0,1.0,,3.0,,5.0,,,,,,,,,,,,,1.0,,2.0,1.0,1.0,3.0,3.0,,,,,,,,,4.0,,4.0,4.0,5.0,4.0,4.0,4.0,4.0,3.0,4.0,4.0,2.0,1.0,5.0,4.0,4.0,5.0,1.0,4.0,4.0,1.0,1.0,1.0,1.0,4.0,4.0,3.0,2.0,1.0,4.0,4.0,1.0,1.0,1.0,1.0,1.0,1.0,1.0,1.0,4.0,4.0,1.0,1.0,1.0,3.0,4.0,1.0,4.0,4.0,4.0,4.0,4.0,4.0,4.0,5.0,5.0,3.0,4.0,1.0,5.0,5.0,1.0,4.0,4.0,3.0,4.0,4.0,2.0,2.0,3.0,5.0,5.0,5.0,5.0,5.0,5.0,5.0,4.0,4.0,8.0,6.0,2.0,2.0,2.0,2.0,2.0,4.0,,2.0,,1.0,,,,,,,,,,,4.0,4.0,4.0,5.0,5.0,4.0,3.0,4.0,4.0,4.0,5.0,4.0,4.0,4.0,4.0,3.0,3.0,3.0,1.0,1.0,1.0,1.0,1.0,1.0,1.0,1.0,5.0,5.0,5.0,5.0,3.0,1.0,1.0,1.0,1.0,1.0,4.0,4.0,4.0,1.0,1.0,4.0,1.0,1.0,1.0,1.0,,,,,,7.0,8.0,,,,,1.0,4.0,,2.0,2.0,3.0,3.0,2.0,,,2.0,1.0,1.0,3.0,2.0,3.0,1.0,3.0,3.0,2.0,,,2.5,4.5
1226.0,1.0,3.0,2.0,6.0,2.0,4.0,3.0,3.0,2.0,2.0,1.0,2.0,,,,,,,,,,,,,,,,3.0,,2.0,1.0,2.0,2.0,2.0,2.0,,,,,,,,1.0,,2.0,4.0,4.0,3.0,3.0,3.0,4.0,3.0,4.0,3.0,3.0,4.0,4.0,4.0,3.0,4.0,3.0,3.0,3.0,3.0,3.0,3.0,3.0,4.0,3.0,3.0,3.0,3.0,3.0,3.0,4.0,3.0,3.0,3.0,3.0,3.0,3.0,3.0,4.0,3.0,3.0,3.0,3.0,3.0,3.0,3.0,2.0,2.0,2.0,2.0,2.0,2.0,2.0,3.0,3.0,2.0,3.0,2.0,3.0,2.0,2.0,3.0,2.0,2.0,4.0,4.0,2.0,3.0,3.0,3.0,3.0,3.0,4.0,4.0,3.0,4.0,4.0,3.0,6.0,6.0,4.0,5.0,5.0,5.0,5.0,4.0,,4.0,,1.0,,,,,,,,,,,3.0,3.0,4.0,3.0,3.0,3.0,3.0,3.0,3.0,3.0,3.0,3.0,2.0,4.0,2.0,2.0,2.0,1.0,1.0,1.0,1.0,1.0,1.0,1.0,2.0,1.0,2.0,4.0,2.0,2.0,1.0,1.0,1.0,1.0,1.0,1.0,1.0,1.0,3.0,1.0,1.0,3.0,3.0,2.0,2.0,,,,,,,,8.0,,,,,2.0,3.0,,2.0,3.0,4.0,3.0,4.0,,,4.0,2.0,1.0,3.0,2.0,3.0,2.0,4.0,3.0,4.0,,,2.5,3.0
1227.0,1.0,3.0,2.0,1.0,2.0,5.0,4.0,4.0,4.0,4.0,1.0,2.0,3.0,4.0,,,,,,,,,,,,,,5.0,,2.0,1.0,1.0,4.0,4.0,2.0,,,,,,,,3.0,,4.0,3.0,3.0,3.0,3.0,3.0,3.0,3.0,3.0,3.0,3.0,3.0,3.0,3.0,3.0,3.0,2.0,4.0,3.0,2.0,3.0,2.0,2.0,2.0,3.0,3.0,2.0,2.0,2.0,2.0,2.0,2.0,2.0,2.0,2.0,2.0,2.0,2.0,2.0,2.0,2.0,2.0,2.0,2.0,2.0,2.0,4.0,4.0,4.0,4.0,4.0,4.0,4.0,4.0,4.0,4.0,4.0,4.0,4.0,4.0,4.0,4.0,4.0,4.0,4.0,2.0,1.0,2.0,1.0,4.0,4.0,4.0,4.0,4.0,3.0,3.0,4.0,2.0,9.0,8.0,2.0,4.0,4.0,4.0,4.0,6.0,,2.0,,1.0,,,,,,,,,,,4.0,4.0,4.0,4.0,4.0,3.0,3.0,3.0,3.0,3.0,3.0,3.0,3.0,4.0,3.0,3.0,2.0,3.0,1.0,1.0,1.0,1.0,1.0,1.0,1.0,1.0,4.0,4.0,4.0,4.0,3.0,3.0,2.0,2.0,1.0,2.0,3.0,3.0,3.0,1.0,1.0,4.0,1.0,1.0,1.0,1.0,2.0,,,,,,8.0,,,,,1.0,4.0,,2.0,2.0,3.0,1.0,2.0,,,2.0,1.0,1.0,3.0,2.0,3.0,1.0,3.0,1.0,2.0,,,2.5,3.5
1228.0,1.0,3.0,2.0,1.0,2.0,5.0,4.0,3.0,4.0,3.0,1.0,,3.0,,5.0,6.0,,,,,,,,,,,,1.0,,2.0,1.0,2.0,2.0,2.0,,,,,,,,,2.0,,2.0,4.0,3.0,3.0,3.0,3.0,3.0,3.0,3.0,3.0,3.0,3.0,4.0,4.0,4.0,4.0,3.0,3.0,3.0,3.0,4.0,2.0,3.0,3.0,3.0,3.0,3.0,4.0,4.0,3.0,2.0,3.0,3.0,3.0,3.0,3.0,3.0,3.0,3.0,3.0,3.0,3.0,3.0,3.0,3.0,3.0,2.0,4.0,3.0,2.0,4.0,2.0,4.0,4.0,4.0,4.0,4.0,3.0,4.0,3.0,2.0,3.0,3.0,4.0,5.0,4.0,2.0,4.0,4.0,3.0,4.0,3.0,3.0,3.0,2.0,2.0,4.0,4.0,7.0,7.0,4.0,4.0,4.0,4.0,4.0,2.0,,2.0,,,2.0,,,,,,,,,,4.0,4.0,4.0,3.0,3.0,3.0,1.0,3.0,4.0,2.0,3.0,4.0,3.0,3.0,2.0,2.0,3.0,2.0,1.0,1.0,1.0,1.0,1.0,1.0,1.0,1.0,4.0,4.0,4.0,4.0,4.0,4.0,2.0,2.0,2.0,3.0,3.0,2.0,3.0,1.0,1.0,4.0,1.0,1.0,1.0,1.0,2.0,,4.0,5.0,6.0,7.0,8.0,9.0,,,,1.0,3.0,,2.0,3.0,1.0,3.0,3.0,,,3.0,2.0,1.0,3.0,2.0,3.0,1.0,1.0,3.0,3.0,,,2.0,3.0
1229.0,1.0,3.0,2.0,1.0,2.0,4.0,4.0,3.0,4.0,4.0,1.0,2.0,3.0,4.0,5.0,6.0,7.0,,,10.0,,,,,,,,4.0,,2.0,2.0,1.0,2.0,3.0,2.0,,,,,,,,3.0,,3.0,3.0,3.0,2.0,3.0,2.0,2.0,2.0,4.0,3.0,3.0,1.0,3.0,3.0,2.0,3.0,3.0,3.0,3.0,3.0,3.0,3.0,3.0,3.0,3.0,3.0,3.0,3.0,5.0,3.0,3.0,4.0,3.0,4.0,3.0,4.0,3.0,4.0,4.0,3.0,4.0,3.0,2.0,4.0,4.0,3.0,4.0,5.0,4.0,3.0,4.0,3.0,5.0,4.0,3.0,3.0,4.0,4.0,4.0,4.0,3.0,4.0,4.0,4.0,4.0,3.0,2.0,3.0,3.0,3.0,2.0,3.0,3.0,4.0,3.0,4.0,3.0,2.0,7.0,10.0,3.0,4.0,4.0,4.0,4.0,6.0,,4.0,,,,,,,,,,9.0,,,3.0,4.0,4.0,4.0,4.0,3.0,4.0,4.0,4.0,4.0,4.0,4.0,3.0,4.0,3.0,3.0,3.0,3.0,1.0,1.0,1.0,1.0,1.0,1.0,1.0,1.0,3.0,4.0,4.0,4.0,4.0,4.0,4.0,4.0,4.0,4.0,3.0,4.0,3.0,4.0,3.0,3.0,1.0,1.0,1.0,,2.0,3.0,,,,,,,,,,1.0,5.0,,1.0,2.0,3.0,3.0,3.0,,,3.0,2.0,1.0,3.0,2.0,3.0,1.0,3.0,3.0,3.0,,,3.0,3.5
1230.0,1.0,3.0,2.0,1.0,2.0,4.0,5.0,4.0,5.0,5.0,1.0,2.0,3.0,4.0,5.0,,,,,,11.0,,,,,,,2.0,,2.0,2.0,2.0,3.0,3.0,,,,,,,,,1.0,,4.0,4.0,4.0,4.0,4.0,4.0,4.0,4.0,4.0,4.0,4.0,4.0,4.0,4.0,4.0,4.0,4.0,4.0,4.0,4.0,4.0,4.0,4.0,4.0,4.0,4.0,4.0,3.0,4.0,4.0,3.0,4.0,4.0,4.0,4.0,4.0,4.0,4.0,4.0,4.0,4.0,4.0,4.0,4.0,4.0,4.0,4.0,5.0,5.0,4.0,3.0,3.0,4.0,5.0,5.0,4.0,3.0,5.0,5.0,4.0,3.0,4.0,3.0,4.0,4.0,3.0,4.0,3.0,4.0,4.0,4.0,4.0,4.0,2.0,3.0,4.0,3.0,3.0,9.0,9.0,4.0,3.0,3.0,4.0,3.0,4.0,,5.0,,,,,4.0,,,,,,,,4.0,3.0,4.0,4.0,3.0,4.0,4.0,4.0,5.0,4.0,4.0,4.0,3.0,4.0,2.0,2.0,2.0,2.0,1.0,1.0,1.0,1.0,1.0,1.0,1.0,1.0,4.0,4.0,4.0,4.0,4.0,3.0,3.0,3.0,3.0,4.0,4.0,4.0,4.0,4.0,2.0,4.0,3.0,3.0,3.0,,,,,5.0,,7.0,,,,,,2.0,5.0,,2.0,2.0,1.0,3.0,2.0,,,2.0,1.0,1.0,3.0,2.0,3.0,1.0,1.0,3.0,2.0,,,3.5,3.5
1231.0,1.0,3.0,2.0,1.0,2.0,5.0,5.0,3.0,5.0,5.0,1.0,2.0,3.0,,,6.0,7.0,,,,,,,,,,,2.0,,1.0,1.0,2.0,3.0,3.0,2.0,,,,,,,,2.0,,4.0,3.0,4.0,2.0,3.0,2.0,3.0,2.0,3.0,2.0,1.0,1.0,3.0,3.0,3.0,5.0,5.0,5.0,5.0,5.0,5.0,5.0,5.0,5.0,5.0,5.0,5.0,5.0,5.0,4.0,5.0,4.0,3.0,3.0,3.0,4.0,3.0,3.0,3.0,4.0,4.0,4.0,4.0,4.0,4.0,4.0,5.0,5.0,5.0,4.0,4.0,3.0,2.0,5.0,5.0,4.0,3.0,2.0,5.0,3.0,5.0,2.0,2.0,3.0,5.0,4.0,1.0,3.0,1.0,5.0,5.0,5.0,5.0,5.0,5.0,5.0,4.0,5.0,6.0,6.0,5.0,3.0,3.0,3.0,3.0,4.0,,1.0,,,2.0,3.0,,,,,,,,,5.0,5.0,5.0,5.0,5.0,5.0,5.0,5.0,5.0,5.0,5.0,5.0,4.0,5.0,4.0,4.0,4.0,4.0,1.0,1.0,1.0,1.0,1.0,1.0,1.0,1.0,5.0,5.0,5.0,2.0,2.0,5.0,4.0,1.0,1.0,3.0,4.0,4.0,2.0,1.0,3.0,5.0,2.0,1.0,1.0,1.0,,,,,,,,,,,,1.0,1.0,,1.0,2.0,2.0,1.0,2.0,,,2.0,1.0,1.0,3.0,2.0,3.0,1.0,2.0,1.0,2.0,,,1.0,5.0
1232.0,1.0,3.0,2.0,1.0,2.0,5.0,4.0,4.0,4.0,4.0,1.0,,,4.0,,,7.0,,,10.0,,12.0,13.0,14.0,,,,3.0,,2.0,1.0,2.0,2.0,3.0,2.0,,,,,,,,3.0,,3.0,4.0,4.0,3.0,3.0,3.0,4.0,2.0,3.0,4.0,2.0,2.0,2.0,2.0,4.0,5.0,3.0,3.0,4.0,3.0,4.0,2.0,3.0,4.0,4.0,3.0,3.0,1.0,2.0,1.0,1.0,2.0,1.0,1.0,1.0,1.0,1.0,1.0,1.0,1.0,1.0,1.0,1.0,1.0,1.0,2.0,4.0,3.0,4.0,4.0,4.0,4.0,4.0,3.0,4.0,4.0,3.0,2.0,2.0,2.0,2.0,4.0,4.0,4.0,4.0,3.0,2.0,4.0,3.0,3.0,3.0,3.0,3.0,3.0,4.0,2.0,3.0,4.0,8.0,7.0,3.0,2.0,2.0,2.0,2.0,1.0,,4.0,,,2.0,,,,,,,,,,4.0,5.0,4.0,5.0,4.0,2.0,2.0,2.0,4.0,3.0,2.0,4.0,2.0,4.0,2.0,2.0,2.0,3.0,1.0,1.0,1.0,1.0,1.0,1.0,1.0,1.0,4.0,4.0,2.0,2.0,1.0,1.0,1.0,1.0,1.0,4.0,4.0,4.0,4.0,4.0,1.0,4.0,1.0,1.0,1.0,1.0,,,,,,,,,,,,1.0,1.0,,2.0,1.0,1.0,3.0,2.0,,,2.0,1.0,1.0,3.0,2.0,3.0,1.0,1.0,3.0,2.0,,,1.0,3.0
1233.0,1.0,3.0,2.0,9.0,2.0,4.0,4.0,3.0,4.0,4.0,1.0,2.0,3.0,4.0,5.0,,,,,,,,,,,,,2.0,,1.0,1.0,1.0,4.0,4.0,2.0,,,,,,,,2.0,,4.0,4.0,5.0,3.0,3.0,2.0,3.0,2.0,4.0,4.0,3.0,2.0,3.0,3.0,3.0,3.0,5.0,5.0,3.0,5.0,3.0,4.0,2.0,4.0,3.0,3.0,2.0,4.0,4.0,3.0,3.0,2.0,2.0,2.0,2.0,2.0,2.0,2.0,2.0,2.0,2.0,2.0,2.0,2.0,2.0,2.0,4.0,4.0,3.0,4.0,4.0,4.0,4.0,4.0,3.0,3.0,4.0,2.0,2.0,3.0,2.0,2.0,2.0,3.0,4.0,3.0,1.0,2.0,1.0,4.0,4.0,4.0,4.0,4.0,4.0,4.0,4.0,4.0,7.0,5.0,4.0,3.0,3.0,4.0,4.0,7.0,,2.0,,1.0,,,,,,,,,,,4.0,4.0,4.0,3.0,4.0,4.0,4.0,4.0,4.0,3.0,4.0,4.0,4.0,4.0,4.0,4.0,4.0,4.0,1.0,1.0,1.0,1.0,1.0,1.0,1.0,1.0,3.0,3.0,3.0,4.0,3.0,3.0,2.0,2.0,2.0,1.0,1.0,1.0,3.0,4.0,1.0,4.0,1.0,1.0,1.0,1.0,2.0,3.0,4.0,5.0,6.0,7.0,8.0,9.0,,,,1.0,3.0,,1.0,2.0,3.0,3.0,2.0,,,2.0,1.0,1.0,3.0,2.0,3.0,1.0,3.0,3.0,2.0,,,2.0,4.0
1234.0,1.0,3.0,2.0,2.0,2.0,4.0,4.0,5.0,4.0,4.0,1.0,2.0,,4.0,,,,,,,,,,,,,,1.0,,1.0,1.0,1.0,4.0,4.0,2.0,,,,,,,,4.0,,3.0,4.0,4.0,4.0,4.0,4.0,4.0,4.0,4.0,4.0,4.0,4.0,4.0,4.0,4.0,4.0,4.0,4.0,5.0,4.0,4.0,4.0,4.0,4.0,4.0,4.0,4.0,4.0,4.0,4.0,4.0,3.0,3.0,4.0,4.0,4.0,4.0,4.0,4.0,4.0,4.0,4.0,4.0,3.0,3.0,4.0,4.0,4.0,3.0,4.0,4.0,4.0,4.0,3.0,3.0,3.0,5.0,5.0,4.0,3.0,4.0,3.0,3.0,3.0,4.0,4.0,4.0,4.0,4.0,4.0,4.0,4.0,4.0,4.0,4.0,4.0,3.0,3.0,5.0,4.0,3.0,3.0,3.0,3.0,3.0,4.0,,3.0,,,,3.0,,,,,,,,,2.0,3.0,2.0,3.0,3.0,4.0,4.0,4.0,4.0,3.0,3.0,3.0,3.0,3.0,3.0,2.0,3.0,2.0,1.0,2.0,2.0,2.0,2.0,2.0,2.0,2.0,3.0,3.0,3.0,3.0,3.0,4.0,5.0,4.0,4.0,4.0,4.0,4.0,5.0,4.0,4.0,4.0,2.0,2.0,3.0,,,3.0,,,,,,,,,,2.0,4.0,,2.0,2.0,2.0,2.0,2.0,,,2.0,1.0,1.0,3.0,2.0,3.0,4.0,2.0,2.0,2.0,,,3.0,3.5
1235.0,1.0,3.0,2.0,7.0,2.0,5.0,5.0,5.0,5.0,5.0,1.0,2.0,,,,,,,,,,,,,,,,2.0,,1.0,2.0,2.0,4.0,3.0,2.0,,,,,,,,1.0,,4.0,5.0,5.0,5.0,5.0,4.0,4.0,3.0,5.0,5.0,5.0,5.0,5.0,5.0,5.0,5.0,4.0,5.0,5.0,5.0,5.0,5.0,5.0,5.0,5.0,5.0,5.0,5.0,5.0,5.0,5.0,5.0,5.0,5.0,5.0,5.0,5.0,5.0,5.0,5.0,5.0,5.0,5.0,5.0,5.0,5.0,5.0,5.0,5.0,5.0,5.0,5.0,5.0,5.0,5.0,5.0,5.0,5.0,5.0,5.0,5.0,4.0,4.0,4.0,4.0,4.0,4.0,4.0,4.0,4.0,4.0,4.0,4.0,4.0,4.0,4.0,4.0,3.0,6.0,6.0,3.0,3.0,3.0,3.0,3.0,4.0,,4.0,,,,3.0,,,,,,,,,3.0,3.0,3.0,3.0,3.0,3.0,3.0,3.0,4.0,3.0,3.0,4.0,4.0,4.0,3.0,3.0,3.0,3.0,1.0,1.0,1.0,1.0,1.0,1.0,1.0,1.0,4.0,4.0,4.0,4.0,4.0,4.0,2.0,2.0,2.0,2.0,2.0,2.0,3.0,2.0,3.0,4.0,1.0,1.0,1.0,,,,,5.0,,,,,,,,1.0,4.0,,1.0,2.0,2.0,2.0,2.0,,,2.0,1.0,1.0,3.0,2.0,3.0,4.0,2.0,2.0,2.0,,,2.5,3.0
1236.0,1.0,3.0,2.0,12.0,2.0,4.0,5.0,3.0,5.0,4.0,1.0,2.0,3.0,4.0,5.0,,,,,,,,,,,,,5.0,,2.0,1.0,1.0,4.0,4.0,2.0,,,,,,,,2.0,,4.0,4.0,4.0,3.0,4.0,4.0,4.0,3.0,4.0,3.0,3.0,3.0,4.0,4.0,5.0,5.0,4.0,3.0,3.0,4.0,4.0,4.0,4.0,4.0,4.0,4.0,4.0,4.0,4.0,4.0,4.0,4.0,4.0,4.0,5.0,4.0,4.0,5.0,4.0,5.0,4.0,4.0,5.0,4.0,5.0,5.0,5.0,4.0,5.0,5.0,4.0,5.0,4.0,4.0,5.0,4.0,5.0,5.0,4.0,5.0,4.0,3.0,2.0,4.0,4.0,3.0,2.0,3.0,2.0,4.0,4.0,3.0,3.0,3.0,3.0,2.0,4.0,3.0,6.0,8.0,3.0,2.0,2.0,2.0,2.0,2.0,,5.0,,,2.0,3.0,,,,,,,,,4.0,4.0,4.0,4.0,4.0,4.0,4.0,4.0,4.0,2.0,4.0,4.0,3.0,4.0,3.0,3.0,3.0,3.0,1.0,1.0,1.0,1.0,1.0,1.0,1.0,1.0,4.0,4.0,4.0,5.0,5.0,4.0,3.0,2.0,2.0,2.0,2.0,2.0,2.0,2.0,3.0,4.0,3.0,3.0,3.0,1.0,2.0,,,,,,8.0,,,,,1.0,3.0,,2.0,2.0,1.0,1.0,1.0,,,1.0,1.0,1.0,3.0,2.0,3.0,2.0,1.0,1.0,1.0,,,2.0,4.0
1237.0,1.0,3.0,2.0,12.0,2.0,4.0,5.0,3.0,4.0,4.0,,2.0,3.0,,5.0,6.0,,,,10.0,,,,,,,,1.0,,2.0,1.0,2.0,4.0,4.0,2.0,,,,,,,,2.0,,4.0,4.0,4.0,3.0,4.0,3.0,5.0,3.0,5.0,3.0,3.0,3.0,4.0,4.0,3.0,5.0,4.0,4.0,4.0,4.0,3.0,5.0,4.0,5.0,4.0,4.0,4.0,4.0,4.0,4.0,4.0,5.0,5.0,3.0,5.0,4.0,4.0,4.0,4.0,5.0,4.0,3.0,4.0,5.0,3.0,4.0,5.0,4.0,3.0,4.0,3.0,5.0,4.0,5.0,4.0,5.0,3.0,5.0,4.0,5.0,4.0,4.0,3.0,2.0,4.0,3.0,2.0,4.0,1.0,5.0,5.0,4.0,4.0,4.0,4.0,5.0,4.0,5.0,9.0,11.0,4.0,2.0,3.0,2.0,3.0,1.0,,3.0,,,,3.0,,5.0,,,,,,,4.0,3.0,4.0,3.0,4.0,4.0,1.0,2.0,3.0,3.0,3.0,2.0,3.0,4.0,3.0,2.0,3.0,3.0,1.0,1.0,1.0,2.0,1.0,1.0,1.0,2.0,4.0,4.0,4.0,3.0,3.0,5.0,4.0,3.0,4.0,5.0,3.0,4.0,4.0,4.0,3.0,3.0,1.0,1.0,1.0,1.0,,,,5.0,,,8.0,,,,,1.0,4.0,,1.0,2.0,3.0,3.0,3.0,,,3.0,2.0,1.0,3.0,2.0,3.0,2.0,3.0,3.0,3.0,,,2.5,4.0
1238.0,1.0,3.0,2.0,12.0,2.0,3.0,4.0,4.0,3.0,3.0,1.0,2.0,3.0,,5.0,,7.0,,,,,,,,,,,2.0,,1.0,1.0,1.0,3.0,4.0,2.0,,,,,,,,1.0,,2.0,4.0,4.0,4.0,3.0,4.0,4.0,4.0,4.0,2.0,3.0,4.0,4.0,3.0,4.0,4.0,4.0,4.0,4.0,4.0,4.0,4.0,4.0,4.0,2.0,3.0,3.0,4.0,4.0,4.0,4.0,5.0,4.0,3.0,4.0,5.0,5.0,4.0,5.0,4.0,5.0,5.0,4.0,3.0,4.0,4.0,4.0,4.0,4.0,4.0,4.0,5.0,5.0,3.0,4.0,4.0,4.0,3.0,5.0,3.0,4.0,4.0,4.0,4.0,4.0,4.0,3.0,4.0,4.0,3.0,4.0,3.0,4.0,3.0,4.0,4.0,4.0,3.0,1.0,1.0,2.0,3.0,3.0,4.0,4.0,4.0,,2.0,,,,3.0,,,,,8.0,9.0,,,2.0,3.0,4.0,4.0,4.0,4.0,4.0,4.0,4.0,4.0,5.0,4.0,4.0,3.0,3.0,3.0,2.0,3.0,1.0,1.0,1.0,1.0,1.0,1.0,1.0,1.0,4.0,4.0,3.0,4.0,3.0,4.0,4.0,1.0,1.0,2.0,1.0,3.0,3.0,2.0,1.0,3.0,1.0,1.0,1.0,1.0,,,,,,,8.0,,,,,1.0,3.0,,1.0,2.0,3.0,3.0,3.0,,,3.0,2.0,1.0,3.0,2.0,3.0,2.0,3.0,3.0,3.0,,,2.0,4.0
1239.0,1.0,3.0,2.0,12.0,2.0,5.0,4.0,5.0,4.0,4.0,1.0,2.0,,,5.0,,7.0,,,,,,,,,,,1.0,,2.0,1.0,2.0,3.0,3.0,2.0,,,,,,,,1.0,,4.0,3.0,4.0,3.0,3.0,3.0,4.0,3.0,4.0,3.0,3.0,3.0,4.0,3.0,4.0,4.0,4.0,4.0,4.0,4.0,4.0,4.0,4.0,3.0,5.0,4.0,4.0,4.0,4.0,4.0,4.0,4.0,4.0,5.0,3.0,5.0,3.0,3.0,3.0,4.0,5.0,5.0,5.0,3.0,2.0,3.0,4.0,4.0,3.0,4.0,4.0,2.0,4.0,4.0,4.0,5.0,3.0,4.0,3.0,2.0,3.0,3.0,3.0,4.0,3.0,2.0,1.0,1.0,1.0,1.0,3.0,3.0,3.0,4.0,3.0,3.0,3.0,4.0,10.0,9.0,3.0,4.0,4.0,2.0,2.0,6.0,,5.0,,1.0,,,,,,,,,,,4.0,3.0,5.0,3.0,3.0,4.0,4.0,2.0,4.0,3.0,3.0,4.0,3.0,3.0,3.0,2.0,3.0,3.0,1.0,1.0,1.0,1.0,1.0,1.0,1.0,1.0,3.0,3.0,4.0,3.0,2.0,2.0,3.0,1.0,2.0,3.0,2.0,2.0,3.0,4.0,3.0,4.0,1.0,1.0,1.0,1.0,2.0,,,,,,,,,,,1.0,1.0,,1.0,2.0,2.0,3.0,2.0,,,2.0,1.0,1.0,3.0,2.0,3.0,2.0,2.0,3.0,2.0,,,1.0,3.5
1240.0,1.0,3.0,2.0,6.0,2.0,4.0,4.0,2.0,5.0,5.0,1.0,2.0,3.0,4.0,5.0,,,8.0,,,,,,,,,,3.0,,2.0,2.0,2.0,2.0,4.0,2.0,,,,,,,,2.0,,5.0,3.0,3.0,2.0,3.0,3.0,3.0,2.0,3.0,3.0,2.0,1.0,3.0,3.0,3.0,5.0,4.0,4.0,4.0,4.0,3.0,2.0,3.0,5.0,5.0,5.0,5.0,3.0,5.0,2.0,3.0,2.0,2.0,2.0,2.0,2.0,2.0,2.0,3.0,3.0,2.0,2.0,2.0,4.0,2.0,2.0,5.0,5.0,5.0,5.0,5.0,5.0,4.0,5.0,5.0,5.0,5.0,3.0,5.0,3.0,3.0,2.0,4.0,4.0,3.0,1.0,1.0,1.0,1.0,5.0,5.0,3.0,3.0,5.0,5.0,5.0,2.0,2.0,11.0,1.0,3.0,2.0,3.0,2.0,2.0,2.0,,4.0,,1.0,,,,,,,,,,,4.0,4.0,4.0,4.0,4.0,4.0,2.0,4.0,5.0,3.0,4.0,4.0,4.0,4.0,3.0,2.0,2.0,2.0,1.0,1.0,1.0,1.0,1.0,1.0,1.0,1.0,4.0,4.0,4.0,4.0,4.0,3.0,1.0,4.0,1.0,1.0,1.0,2.0,4.0,2.0,1.0,4.0,1.0,1.0,1.0,,,,,5.0,,,,,,,,1.0,4.0,,1.0,2.0,2.0,1.0,2.0,,,2.0,1.0,1.0,3.0,2.0,3.0,2.0,2.0,1.0,2.0,,,2.5,4.0
1241.0,1.0,2.0,2.0,12.0,2.0,5.0,4.0,3.0,5.0,5.0,1.0,2.0,3.0,4.0,5.0,6.0,,,,,11.0,,,,,,,3.0,,2.0,1.0,1.0,3.0,4.0,2.0,,,,,,,,1.0,,3.0,3.0,3.0,3.0,3.0,3.0,3.0,3.0,3.0,3.0,3.0,3.0,3.0,3.0,3.0,4.0,4.0,4.0,3.0,4.0,3.0,3.0,3.0,4.0,4.0,4.0,4.0,3.0,5.0,3.0,3.0,4.0,4.0,3.0,4.0,3.0,3.0,3.0,4.0,4.0,4.0,4.0,3.0,4.0,4.0,3.0,5.0,5.0,5.0,5.0,5.0,5.0,5.0,5.0,5.0,5.0,5.0,5.0,5.0,5.0,5.0,3.0,3.0,4.0,4.0,4.0,2.0,4.0,3.0,3.0,4.0,4.0,4.0,5.0,4.0,4.0,4.0,2.0,9.0,9.0,3.0,3.0,3.0,3.0,2.0,2.0,,4.0,,,,3.0,,,,,,,,,4.0,4.0,4.0,4.0,4.0,2.0,3.0,3.0,3.0,2.0,3.0,3.0,3.0,3.0,3.0,2.0,2.0,2.0,1.0,1.0,1.0,1.0,1.0,1.0,1.0,1.0,4.0,4.0,4.0,4.0,3.0,4.0,1.0,1.0,1.0,2.0,1.0,1.0,1.0,1.0,1.0,3.0,1.0,1.0,1.0,,,,,,6.0,,8.0,,,,,1.0,3.0,,1.0,4.0,2.0,3.0,5.0,,,5.0,3.0,1.0,2.0,2.0,4.0,2.0,2.0,3.0,5.0,,,2.0,3.0
1242.0,1.0,3.0,2.0,14.0,2.0,5.0,5.0,4.0,5.0,5.0,1.0,,3.0,4.0,5.0,,7.0,,,10.0,,12.0,13.0,,,,,4.0,,1.0,1.0,2.0,4.0,5.0,2.0,,,,,,,,2.0,,5.0,3.0,3.0,1.0,5.0,5.0,5.0,1.0,5.0,3.0,3.0,1.0,3.0,1.0,3.0,5.0,5.0,5.0,5.0,5.0,5.0,5.0,5.0,5.0,5.0,5.0,5.0,5.0,5.0,5.0,5.0,1.0,4.0,4.0,4.0,4.0,2.0,4.0,4.0,4.0,4.0,1.0,1.0,4.0,4.0,1.0,5.0,5.0,5.0,5.0,5.0,5.0,5.0,5.0,5.0,5.0,5.0,5.0,5.0,5.0,5.0,5.0,3.0,5.0,5.0,5.0,2.0,3.0,2.0,3.0,5.0,3.0,3.0,4.0,4.0,3.0,3.0,1.0,8.0,10.0,3.0,1.0,1.0,1.0,1.0,2.0,,6.0,,1.0,,3.0,,,,,,,,,5.0,4.0,4.0,5.0,5.0,5.0,3.0,2.0,3.0,3.0,5.0,4.0,4.0,5.0,4.0,3.0,4.0,4.0,1.0,2.0,1.0,1.0,1.0,2.0,2.0,2.0,5.0,5.0,5.0,5.0,5.0,5.0,5.0,5.0,5.0,5.0,5.0,5.0,5.0,5.0,1.0,5.0,1.0,1.0,1.0,1.0,2.0,3.0,4.0,5.0,6.0,7.0,8.0,9.0,,,,1.0,6.0,,1.0,2.0,2.0,3.0,2.0,,,2.0,1.0,1.0,3.0,2.0,3.0,3.0,2.0,3.0,2.0,,,3.5,5.0
1243.0,1.0,3.0,2.0,14.0,2.0,5.0,4.0,4.0,4.0,4.0,1.0,2.0,3.0,4.0,,,,,,,,,,,,,,2.0,,2.0,2.0,2.0,2.0,4.0,2.0,,,,,,,,3.0,,2.0,5.0,5.0,5.0,4.0,4.0,4.0,3.0,3.0,5.0,3.0,3.0,4.0,3.0,3.0,5.0,4.0,4.0,4.0,4.0,4.0,4.0,4.0,4.0,4.0,4.0,4.0,4.0,4.0,4.0,4.0,4.0,4.0,4.0,4.0,4.0,4.0,4.0,4.0,4.0,4.0,4.0,4.0,4.0,4.0,4.0,5.0,5.0,5.0,5.0,5.0,5.0,5.0,5.0,5.0,5.0,5.0,5.0,5.0,5.0,5.0,5.0,5.0,5.0,5.0,4.0,1.0,2.0,1.0,4.0,5.0,4.0,5.0,3.0,4.0,3.0,4.0,4.0,10.0,9.0,3.0,4.0,4.0,4.0,4.0,7.0,,5.0,,1.0,,,,,,,,,,,4.0,4.0,4.0,3.0,3.0,3.0,2.0,2.0,4.0,3.0,3.0,4.0,4.0,4.0,2.0,2.0,3.0,3.0,1.0,1.0,1.0,1.0,1.0,1.0,1.0,1.0,4.0,4.0,4.0,4.0,2.0,5.0,5.0,1.0,1.0,3.0,5.0,4.0,3.0,2.0,5.0,4.0,1.0,1.0,1.0,,,,,,,,8.0,,,,,2.0,2.0,,2.0,1.0,1.0,1.0,1.0,,,1.0,1.0,1.0,3.0,2.0,3.0,3.0,1.0,1.0,1.0,,,2.0,3.0
1244.0,1.0,3.0,2.0,5.0,2.0,5.0,4.0,3.0,5.0,4.0,1.0,,3.0,4.0,5.0,,,,,,,,13.0,,,,,3.0,,2.0,1.0,1.0,3.0,3.0,2.0,,,,,,,,2.0,,3.0,2.0,4.0,1.0,2.0,2.0,4.0,2.0,4.0,4.0,2.0,1.0,4.0,3.0,2.0,4.0,3.0,4.0,4.0,4.0,4.0,3.0,3.0,4.0,5.0,3.0,3.0,3.0,3.0,3.0,3.0,3.0,4.0,4.0,4.0,4.0,3.0,3.0,4.0,5.0,4.0,3.0,3.0,4.0,3.0,3.0,4.0,4.0,4.0,4.0,4.0,3.0,4.0,5.0,5.0,4.0,3.0,3.0,3.0,3.0,3.0,3.0,4.0,4.0,4.0,4.0,2.0,2.0,3.0,4.0,3.0,4.0,4.0,4.0,4.0,1.0,4.0,2.0,7.0,5.0,3.0,4.0,4.0,4.0,2.0,4.0,,2.0,,1.0,,,,,,,,,,,3.0,4.0,4.0,4.0,3.0,4.0,2.0,2.0,4.0,3.0,4.0,4.0,4.0,3.0,3.0,3.0,3.0,3.0,1.0,1.0,1.0,1.0,1.0,2.0,2.0,1.0,4.0,4.0,3.0,4.0,3.0,4.0,3.0,2.0,2.0,3.0,3.0,3.0,3.0,3.0,1.0,4.0,1.0,1.0,1.0,1.0,2.0,,,,,7.0,8.0,,,,,1.0,5.0,,2.0,1.0,2.0,1.0,1.0,,,1.0,1.0,1.0,3.0,2.0,3.0,3.0,2.0,1.0,1.0,,,3.0,3.5
1245.0,1.0,3.0,2.0,13.0,2.0,4.0,4.0,4.0,3.0,3.0,1.0,2.0,3.0,,,6.0,7.0,,,,,,,,,,,5.0,,2.0,1.0,2.0,3.0,2.0,2.0,,,,,,,,2.0,,3.0,3.0,3.0,1.0,3.0,3.0,4.0,2.0,4.0,3.0,3.0,3.0,5.0,3.0,4.0,4.0,4.0,4.0,2.0,4.0,4.0,4.0,2.0,4.0,3.0,3.0,2.0,4.0,4.0,4.0,3.0,4.0,4.0,2.0,3.0,3.0,3.0,2.0,4.0,4.0,4.0,4.0,4.0,4.0,4.0,4.0,3.0,3.0,2.0,3.0,2.0,2.0,2.0,4.0,3.0,3.0,3.0,3.0,3.0,3.0,3.0,3.0,3.0,4.0,4.0,3.0,2.0,3.0,3.0,3.0,4.0,4.0,4.0,3.0,3.0,3.0,3.0,3.0,7.0,8.0,4.0,4.0,3.0,3.0,4.0,6.0,,5.0,,,,,,,,,8.0,,,,3.0,3.0,3.0,4.0,3.0,3.0,3.0,2.0,3.0,3.0,2.0,4.0,2.0,3.0,3.0,3.0,3.0,3.0,1.0,1.0,1.0,1.0,1.0,1.0,1.0,1.0,3.0,4.0,3.0,2.0,2.0,4.0,4.0,2.0,2.0,3.0,1.0,1.0,2.0,2.0,1.0,3.0,1.0,1.0,3.0,,2.0,,,,6.0,,8.0,,,,,1.0,3.0,,1.0,3.0,2.0,3.0,2.0,,,2.0,1.0,1.0,3.0,2.0,3.0,3.0,2.0,3.0,2.0,,,2.0,3.0
1246.0,1.0,3.0,2.0,14.0,2.0,4.0,4.0,4.0,4.0,4.0,1.0,2.0,3.0,4.0,5.0,,,,,,,,,,,,,5.0,,2.0,1.0,1.0,3.0,3.0,2.0,,,,,,,,2.0,,3.0,3.0,4.0,2.0,4.0,3.0,4.0,2.0,4.0,4.0,2.0,2.0,4.0,4.0,3.0,4.0,4.0,4.0,4.0,4.0,4.0,4.0,4.0,4.0,4.0,4.0,4.0,4.0,4.0,4.0,4.0,4.0,4.0,4.0,4.0,4.0,2.0,4.0,4.0,3.0,4.0,4.0,4.0,4.0,4.0,4.0,4.0,4.0,4.0,4.0,4.0,4.0,4.0,4.0,4.0,4.0,4.0,4.0,4.0,4.0,4.0,4.0,4.0,4.0,4.0,4.0,2.0,2.0,4.0,4.0,4.0,4.0,4.0,4.0,2.0,2.0,4.0,3.0,6.0,8.0,3.0,4.0,5.0,5.0,4.0,2.0,,5.0,,,,,4.0,,,,,,,,2.0,2.0,3.0,2.0,3.0,2.0,2.0,3.0,3.0,3.0,2.0,4.0,3.0,2.0,3.0,3.0,3.0,3.0,1.0,1.0,1.0,1.0,1.0,1.0,1.0,1.0,3.0,4.0,4.0,4.0,2.0,2.0,2.0,2.0,2.0,2.0,2.0,3.0,3.0,2.0,2.0,2.0,1.0,1.0,3.0,1.0,2.0,3.0,,,,,,,,,,2.0,5.0,,2.0,3.0,1.0,3.0,3.0,,,3.0,2.0,1.0,3.0,2.0,3.0,3.0,1.0,3.0,3.0,,,3.5,2.5
